{"type":"FeatureCollection","features":[{"type":"Feature","properties":{"name":""},"geometry":{"type":"GeometryCollection","geometries":[{"type":"LineString","coordinates":[[83.3583333,27.3441667],[83.3591667,27.3491667],[83.3575,27.35],[83.3641667,27.3558333],[83.3675,27.355],[83.37,27.3583333],[83.3733333,27.3566667],[83.3716667,27.3691667],[83.3816667,27.37],[83.3883333,27.3758333],[83.3875,27.3833333],[83.3841667,27.3891667],[83.3925,27.3958333],[83.3966667,27.3958333],[83.4016667,27.4],[83.4058333,27.4058333],[83.4058333,27.4108333],[83.4091667,27.4125],[83.4091667,27.4175],[83.4066667,27.42],[83.4083333,27.4241667],[83.3958333,27.4308333],[83.395,27.4333333],[83.3958333,27.4358333],[83.4,27.4358333],[83.4016667,27.4375],[83.4075,27.4358333],[83.4108333,27.4425],[83.4166667,27.445],[83.4175,27.4483333],[83.4141667,27.4516667],[83.415,27.4575],[83.4116667,27.4591667],[83.4166667,27.4625],[83.4166667,27.4641667]]},{"type":"LineString","coordinates":[[83.1516667,27.22],[83.155,27.2183333],[83.1558333,27.2225],[83.1583333,27.22],[83.1616667,27.2233333],[83.1641667,27.22],[83.1683333,27.2266667],[83.17,27.2258333],[83.1733333,27.2275],[83.175,27.23],[83.175,27.2266667],[83.1791667,27.2241667],[83.1825,27.2266667],[83.1883333,27.2266667],[83.1933333,27.225],[83.1966667,27.2258333],[83.1975,27.2275],[83.2016667,27.2258333]]},{"type":"LineString","coordinates":[[83.5066667,27.75],[83.5091667,27.7541667],[83.5225,27.7641667],[83.5308333,27.7641667],[83.5333333,27.7666667],[83.5375,27.7658333],[83.5433333,27.7733333],[83.5433333,27.7816667],[83.5416667,27.7858333],[83.5491667,27.7925],[83.5466667,27.7966667]]},{"type":"LineString","coordinates":[[83.515,27.8041667],[83.5125,27.8033333],[83.5108333,27.8058333],[83.5,27.8091667],[83.4975,27.8075],[83.4866667,27.81],[83.4783333,27.815],[83.48,27.8216667]]},{"type":"LineString","coordinates":[[83.17,27.2575],[83.1733333,27.2633333],[83.1733333,27.2691667],[83.1666667,27.2716667],[83.165,27.2783333],[83.1625,27.2808333],[83.1625,27.2841667],[83.1675,27.2891667],[83.1708333,27.2891667],[83.1725,27.2875],[83.1708333,27.2816667],[83.1758333,27.28],[83.1766667,27.29],[83.1716667,27.2941667],[83.1675,27.2941667],[83.1641667,27.3],[83.1741667,27.3083333],[83.18,27.3075],[83.1825,27.315],[83.1908333,27.3216667],[83.1908333,27.3233333],[83.1808333,27.3233333],[83.1858333,27.3325],[83.1791667,27.34],[83.185,27.3475],[83.1816667,27.3483333],[83.1766667,27.3466667],[83.175,27.3483333],[83.1733333,27.3541667],[83.1733333,27.3575],[83.175,27.3583333]]},{"type":"LineString","coordinates":[[83.3458333,27.51],[83.35,27.5125],[83.3566667,27.5133333]]},{"type":"LineString","coordinates":[[83.2183333,27.2691667],[83.22,27.2683333],[83.2325,27.2691667],[83.2375,27.2733333],[83.24,27.2791667],[83.2391667,27.2833333],[83.2475,27.2841667],[83.25,27.2833333],[83.2533333,27.2858333],[83.2508333,27.295],[83.2433333,27.2958333],[83.2433333,27.2983333],[83.245,27.3],[83.25,27.2983333],[83.2583333,27.3025],[83.2608333,27.305],[83.2608333,27.3083333],[83.2625,27.31],[83.2675,27.31],[83.27,27.3116667],[83.2716667,27.3158333],[83.27,27.32],[83.2725,27.3225],[83.2691667,27.3241667],[83.27,27.3258333],[83.2775,27.3283333],[83.2841667,27.3341667],[83.2966667,27.3333333],[83.3,27.335]]},{"type":"LineString","coordinates":[[83.4616667,27.745],[83.4633333,27.7466667],[83.47,27.7466667],[83.4708333,27.7483333],[83.4816667,27.7491667],[83.4866667,27.7466667],[83.4991667,27.7491667],[83.5016667,27.7508333],[83.5066667,27.75]]},{"type":"LineString","coordinates":[[83.3308333,27.5775],[83.3325,27.5791667],[83.3308333,27.5825],[83.34,27.5925],[83.3441667,27.5941667],[83.3416667,27.6008333],[83.3491667,27.6],[83.3558333,27.6083333],[83.365,27.6058333],[83.3675,27.6083333],[83.37,27.6075]]},{"type":"LineString","coordinates":[[83.3566667,27.5133333],[83.3616667,27.5058333]]},{"type":"LineString","coordinates":[[83.3308333,27.5775],[83.3258333,27.5816667],[83.3258333,27.5883333],[83.3216667,27.5933333]]},{"type":"LineString","coordinates":[[83.3308333,27.6325],[83.3341667,27.6316667],[83.3366667,27.635],[83.335,27.6383333],[83.3366667,27.64],[83.3366667,27.6441667],[83.335,27.6475],[83.3383333,27.6541667],[83.335,27.6625],[83.33,27.6675],[83.3308333,27.6725],[83.3275,27.675],[83.3291667,27.6833333]]},{"type":"LineString","coordinates":[[83.325,27.3366667],[83.3291667,27.3416667],[83.3366667,27.3425],[83.33,27.3491667],[83.3333333,27.3541667],[83.3375,27.3575],[83.3366667,27.3591667],[83.3408333,27.365],[83.3441667,27.3675],[83.3475,27.3658333],[83.35,27.3683333],[83.3525,27.3641667],[83.3566667,27.3691667]]},{"type":"LineString","coordinates":[[83.1,27.2891667],[83.0975,27.2866667],[83.0958333,27.2791667],[83.0941667,27.2841667],[83.0891667,27.285],[83.09,27.29],[83.0858333,27.2933333],[83.0883333,27.295],[83.0841667,27.2983333],[83.085,27.3033333],[83.0816667,27.3025],[83.0825,27.3075],[83.0775,27.3116667],[83.0741667,27.3125],[83.0691667,27.3108333],[83.0658333,27.3141667]]},{"type":"LineString","coordinates":[[83.4166667,27.4641667],[83.4116667,27.4658333],[83.4066667,27.47],[83.4083333,27.4766667],[83.4041667,27.48],[83.405,27.4825],[83.3983333,27.4891667],[83.3941667,27.4916667],[83.3916667,27.4916667],[83.3916667,27.4941667],[83.395,27.4958333],[83.3958333,27.5008333],[83.3983333,27.505],[83.4058333,27.505],[83.4066667,27.5116667],[83.4108333,27.5166667],[83.4191667,27.5175],[83.4216667,27.5191667],[83.4225,27.5233333],[83.4283333,27.5216667],[83.43,27.52],[83.4333333,27.5225],[83.4341667,27.5266667],[83.44,27.5291667]]},{"type":"LineString","coordinates":[[83.215,27.5491667],[83.2108333,27.5508333],[83.2091667,27.5558333],[83.2058333,27.5566667],[83.2041667,27.5608333],[83.2008333,27.5608333],[83.1975,27.565]]},{"type":"LineString","coordinates":[[83.175,27.42],[83.1758333,27.425],[83.1683333,27.4258333],[83.1675,27.4316667],[83.1658333,27.4333333],[83.1633333,27.4333333],[83.165,27.4358333],[83.165,27.44],[83.1675,27.4425],[83.1741667,27.4433333],[83.175,27.4466667],[83.17,27.4525],[83.1741667,27.4558333],[83.1725,27.4583333],[83.1791667,27.46],[83.1816667,27.4641667],[83.18,27.4658333],[83.1825,27.4666667],[83.18,27.4683333],[83.1816667,27.4733333],[83.1783333,27.475],[83.1808333,27.4783333],[83.1791667,27.4816667]]},{"type":"LineString","coordinates":[[83.175,27.42],[83.1691667,27.4208333],[83.1666667,27.4183333],[83.1633333,27.4191667],[83.16,27.4233333],[83.1566667,27.4216667],[83.1516667,27.4258333],[83.1516667,27.4275],[83.1475,27.4266667],[83.1458333,27.4291667],[83.1433333,27.4358333],[83.1483333,27.4375],[83.1508333,27.4441667],[83.1483333,27.4483333],[83.1416667,27.4466667],[83.1391667,27.4516667],[83.1433333,27.4575],[83.1508333,27.4583333],[83.1516667,27.4625],[83.1475,27.4633333],[83.145,27.4675],[83.14,27.4666667],[83.1408333,27.4691667],[83.1366667,27.4708333],[83.1375,27.4725],[83.1358333,27.4791667],[83.1333333,27.4808333],[83.1341667,27.4841667],[83.13,27.4875],[83.1308333,27.4916667],[83.1341667,27.4941667],[83.1325,27.5008333],[83.135,27.5041667],[83.1366667,27.5033333]]},{"type":"LineString","coordinates":[[83.3391667,27.6158333],[83.3366667,27.6216667],[83.3316667,27.6216667],[83.3266667,27.625],[83.3258333,27.6283333],[83.3308333,27.6325]]},{"type":"LineString","coordinates":[[83.0341667,27.3941667],[83.0291667,27.3891667],[83.025,27.3925],[83.0208333,27.3908333]]},{"type":"LineString","coordinates":[[83.2016667,27.2258333],[83.2025,27.2283333],[83.205,27.2291667],[83.2016667,27.2316667],[83.2066667,27.2358333],[83.21,27.235],[83.2083333,27.24],[83.2116667,27.2408333],[83.2125,27.2441667],[83.2183333,27.2433333],[83.2208333,27.2458333],[83.2183333,27.2475],[83.2191667,27.25],[83.2208333,27.25],[83.2175,27.2525],[83.2191667,27.255],[83.2125,27.2566667],[83.2141667,27.2591667],[83.2133333,27.2641667],[83.2183333,27.265],[83.2166667,27.2675],[83.2183333,27.2691667]]},{"type":"LineString","coordinates":[[83.0208333,27.3908333],[83.0183333,27.3866667],[83.0141667,27.3866667],[83.0116667,27.3891667],[83.01,27.3875],[83.0075,27.3891667],[83.0041667,27.3875],[83.0,27.3875],[82.995,27.3916667],[82.9916667,27.3916667],[82.99,27.3933333],[82.99,27.3966667]]},{"type":"LineString","coordinates":[[83.2016667,27.2258333],[83.2041667,27.2225],[83.21,27.2275],[83.2116667,27.2258333],[83.2191667,27.2291667],[83.2233333,27.2341667],[83.2258333,27.2341667],[83.2266667,27.2358333],[83.2291667,27.2325],[83.2358333,27.23],[83.24,27.2316667],[83.2408333,27.2375],[83.2458333,27.2416667],[83.2475,27.2416667],[83.2491667,27.2466667],[83.2566667,27.2416667],[83.2641667,27.2491667],[83.2658333,27.2483333],[83.2691667,27.25],[83.2708333,27.2533333],[83.2758333,27.255],[83.2775,27.2625]]},{"type":"LineString","coordinates":[[83.3458333,27.51],[83.3433333,27.5191667],[83.3483333,27.5241667],[83.3433333,27.5266667],[83.3425,27.5316667],[83.3483333,27.5375],[83.3433333,27.5425],[83.3391667,27.54],[83.3366667,27.5416667],[83.34,27.5541667],[83.3458333,27.5583333],[83.3408333,27.5608333],[83.3425,27.5658333],[83.335,27.5658333],[83.3333333,27.5716667],[83.3308333,27.57],[83.3291667,27.5716667],[83.3308333,27.5775]]},{"type":"LineString","coordinates":[[83.0208333,27.3908333],[83.0191667,27.3941667],[83.02,27.3983333],[83.0175,27.4008333],[83.0166667,27.4041667],[83.0133333,27.4066667],[83.0175,27.4116667],[83.015,27.4141667],[83.0158333,27.4216667],[83.0191667,27.4216667],[83.0225,27.4283333],[83.02,27.4325],[83.0166667,27.4325],[83.0141667,27.435],[83.0133333,27.4375],[83.015,27.4416667],[83.0133333,27.445],[83.0166667,27.4491667],[83.0166667,27.4483333],[83.0241667,27.4525],[83.0233333,27.4541667],[83.0275,27.4608333],[83.0216667,27.4683333],[83.0166667,27.4708333],[83.0191667,27.4766667],[83.0175,27.4808333]]},{"type":"LineString","coordinates":[[83.1516667,27.22],[83.1508333,27.2308333],[83.1475,27.2341667],[83.1408333,27.235],[83.1375,27.24],[83.1366667,27.245],[83.1416667,27.2475],[83.1516667,27.2416667],[83.1566667,27.2441667],[83.1591667,27.2533333],[83.1583333,27.2625],[83.1616667,27.2666667],[83.1641667,27.2658333],[83.1641667,27.2591667],[83.17,27.2575]]},{"type":"LineString","coordinates":[[83.17,27.2575],[83.1708333,27.2541667],[83.1683333,27.2541667],[83.1675,27.2525],[83.1725,27.2491667],[83.1725,27.2508333],[83.1783333,27.255],[83.1816667,27.255],[83.18,27.2575],[83.1816667,27.2566667],[83.1816667,27.2591667],[83.185,27.2608333],[83.1875,27.2591667],[83.185,27.2575],[83.1875,27.2541667],[83.19,27.2558333],[83.1891667,27.2566667],[83.1916667,27.2566667],[83.1908333,27.255],[83.1933333,27.2558333],[83.1941667,27.2583333],[83.1966667,27.2583333],[83.1983333,27.2566667],[83.2008333,27.2583333],[83.2075,27.27],[83.2041667,27.2708333],[83.2016667,27.275],[83.1941667,27.2758333],[83.1916667,27.2783333],[83.1941667,27.2808333],[83.1908333,27.2833333],[83.1883333,27.2816667],[83.1858333,27.2841667],[83.1808333,27.2833333],[83.18,27.285],[83.1883333,27.295],[83.1933333,27.2975],[83.1925,27.2991667],[83.195,27.3],[83.195,27.3025],[83.2,27.3025],[83.2066667,27.3083333],[83.2116667,27.3083333],[83.21,27.305]]},{"type":"LineString","coordinates":[[83.3216667,27.5933333],[83.3225,27.5958333],[83.325,27.5958333],[83.3291667,27.5991667],[83.3241667,27.6033333],[83.3241667,27.6058333],[83.3266667,27.6075],[83.33,27.605],[83.3333333,27.6125],[83.3391667,27.6158333]]},{"type":"LineString","coordinates":[[83.3566667,27.5133333],[83.3575,27.5166667],[83.3558333,27.5166667],[83.3558333,27.5216667]]},{"type":"LineString","coordinates":[[83.1,27.2891667],[83.1016667,27.2883333],[83.1083333,27.2908333],[83.1083333,27.2933333],[83.11,27.2941667],[83.1091667,27.2966667],[83.1125,27.2958333],[83.115,27.2991667],[83.1141667,27.3033333],[83.1158333,27.305],[83.12,27.305],[83.1158333,27.3108333],[83.12,27.3125],[83.1183333,27.3133333],[83.1191667,27.3191667],[83.1216667,27.3208333],[83.1283333,27.3191667],[83.1308333,27.3241667],[83.1291667,27.3258333],[83.1308333,27.3291667],[83.1266667,27.3333333],[83.1291667,27.335],[83.1275,27.3383333],[83.125,27.3383333],[83.1241667,27.3416667],[83.1216667,27.34],[83.1233333,27.3441667],[83.1225,27.3433333],[83.12,27.3441667],[83.1141667,27.3516667],[83.1125,27.3516667],[83.1125,27.3541667],[83.1158333,27.355],[83.1125,27.3566667],[83.1116667,27.3608333],[83.1075,27.3641667],[83.1066667,27.3683333],[83.105,27.3675],[83.105,27.3691667],[83.1025,27.3716667],[83.1041667,27.375],[83.1016667,27.3775],[83.1041667,27.3783333]]},{"type":"LineString","coordinates":[[83.3216667,27.5933333],[83.3191667,27.5933333],[83.315,27.5975],[83.3116667,27.5925],[83.31,27.595],[83.3108333,27.6058333],[83.3075,27.6066667],[83.3033333,27.605],[83.2991667,27.6075],[83.2975,27.6091667],[83.2991667,27.615],[83.295,27.6166667],[83.2941667,27.6183333],[83.2933333,27.6166667],[83.2908333,27.6208333],[83.2858333,27.6175],[83.2858333,27.6208333],[83.2816667,27.6208333],[83.2808333,27.6241667],[83.2758333,27.6258333],[83.2758333,27.6225],[83.2741667,27.6216667],[83.27,27.625],[83.2675,27.635],[83.2716667,27.6383333],[83.2675,27.645],[83.2641667,27.6466667],[83.2666667,27.6533333],[83.26,27.6533333],[83.26,27.6591667],[83.2658333,27.6633333],[83.2616667,27.6658333],[83.2616667,27.6675],[83.2666667,27.6733333],[83.2641667,27.6791667],[83.2591667,27.685],[83.2583333,27.69],[83.26,27.695],[83.265,27.6975],[83.2575,27.7058333],[83.2416667,27.7191667],[83.2416667,27.7216667]]},{"type":"LineString","coordinates":[[83.5466667,27.7966667],[83.5466667,27.7991667],[83.55,27.7983333],[83.5533333,27.8],[83.5558333,27.7975],[83.5608333,27.7983333],[83.5608333,27.8016667],[83.5683333,27.8066667],[83.5725,27.8041667],[83.5766667,27.8058333],[83.58,27.8116667],[83.5825,27.8133333],[83.5825,27.815],[83.5775,27.8191667],[83.5816667,27.8258333],[83.585,27.8241667],[83.5891667,27.825],[83.59,27.8233333],[83.5941667,27.825],[83.6,27.8216667],[83.6108333,27.8225],[83.6233333,27.82]]},{"type":"LineString","coordinates":[[83.1791667,27.4816667],[83.1783333,27.4841667],[83.1841667,27.4891667],[83.1833333,27.4891667],[83.1841667,27.4933333],[83.1875,27.4966667],[83.185,27.5008333],[83.1875,27.5016667],[83.1891667,27.5083333],[83.1858333,27.5133333],[83.185,27.5216667],[83.1866667,27.525],[83.1833333,27.5283333],[83.1841667,27.5325],[83.1891667,27.535],[83.1875,27.5383333],[83.19,27.5425],[83.1808333,27.5483333],[83.1716667,27.5591667],[83.175,27.5641667],[83.1725,27.5666667],[83.1708333,27.5658333],[83.1666667,27.5683333],[83.1675,27.5708333],[83.1658333,27.5716667],[83.165,27.5791667],[83.1616667,27.5858333],[83.165,27.5941667],[83.1666667,27.61],[83.1783333,27.6183333],[83.1816667,27.6275],[83.1825,27.6266667],[83.185,27.6283333],[83.1858333,27.6275],[83.1866667,27.6308333],[83.1883333,27.6291667],[83.1916667,27.63],[83.19,27.6358333],[83.1875,27.6391667],[83.1891667,27.6441667],[83.1883333,27.6483333],[83.1866667,27.6491667],[83.1883333,27.6508333]]},{"type":"LineString","coordinates":[[83.515,27.8041667],[83.5141667,27.8066667],[83.5166667,27.8091667],[83.525,27.8133333]]},{"type":"LineString","coordinates":[[83.0341667,27.3941667],[83.0325,27.3983333],[83.0375,27.4058333],[83.0325,27.41],[83.0366667,27.4133333],[83.0333333,27.4166667],[83.0341667,27.4191667],[83.0408333,27.4208333],[83.0391667,27.4225],[83.04,27.4308333],[83.0383333,27.4325],[83.0433333,27.4416667],[83.0441667,27.44],[83.0491667,27.4408333],[83.0508333,27.4383333],[83.0533333,27.4416667],[83.0591667,27.4408333],[83.06,27.4433333],[83.0641667,27.4433333],[83.065,27.4416667],[83.0616667,27.4391667],[83.065,27.4366667],[83.0725,27.4425],[83.0725,27.4466667],[83.0758333,27.4508333],[83.0708333,27.4533333],[83.0741667,27.4616667],[83.0658333,27.4625],[83.0633333,27.4608333],[83.0625,27.4625],[83.0591667,27.46],[83.055,27.4616667],[83.05,27.4675],[83.045,27.4708333],[83.05,27.4741667],[83.0541667,27.4841667],[83.0583333,27.4833333],[83.0616667,27.4858333],[83.0658333,27.4866667],[83.0658333,27.4908333],[83.0725,27.5],[83.0741667,27.4991667],[83.0808333,27.5008333],[83.0833333,27.505],[83.0875,27.5058333],[83.0858333,27.5091667],[83.0908333,27.5125],[83.09,27.515],[83.0808333,27.5158333],[83.0791667,27.5191667],[83.0725,27.52],[83.0691667,27.5291667],[83.07,27.5316667],[83.0675,27.5325]]},{"type":"LineString","coordinates":[[83.175,27.3583333],[83.18,27.3575],[83.1791667,27.3641667],[83.1825,27.3683333],[83.1883333,27.3675],[83.1991667,27.3608333],[83.215,27.3616667],[83.2158333,27.3566667],[83.2183333,27.3583333],[83.2225,27.3658333],[83.2316667,27.3666667],[83.2375,27.3633333],[83.2408333,27.3691667],[83.2458333,27.3675],[83.2483333,27.37],[83.25,27.38],[83.2533333,27.3833333],[83.2525,27.39],[83.2566667,27.39],[83.2575,27.395],[83.2675,27.405],[83.27,27.4041667],[83.2758333,27.3958333],[83.2825,27.3958333],[83.2866667,27.3991667],[83.29,27.4075],[83.2866667,27.42],[83.2866667,27.4258333],[83.2891667,27.4283333],[83.2991667,27.4291667],[83.3066667,27.4283333],[83.3091667,27.4266667],[83.315,27.4266667],[83.325,27.4325],[83.3266667,27.4375]]},{"type":"LineString","coordinates":[[83.1302083,27.2166667],[83.1325,27.2191667]]},{"type":"LineString","coordinates":[[83.2316667,27.4316667],[83.23,27.4325],[83.23,27.435],[83.225,27.4383333],[83.2183333,27.44],[83.2175,27.4441667],[83.2175,27.45],[83.2191667,27.4508333],[83.225,27.46],[83.2266667,27.4641667],[83.2258333,27.4666667],[83.2275,27.4683333],[83.2233333,27.4683333],[83.2241667,27.4716667],[83.2208333,27.4758333],[83.2225,27.4775],[83.22,27.4791667],[83.2208333,27.4825],[83.2191667,27.4825],[83.2225,27.4858333],[83.2216667,27.4916667],[83.2291667,27.4983333],[83.2275,27.505],[83.23,27.5108333],[83.2325,27.5133333],[83.2325,27.5158333],[83.2308333,27.5175],[83.2316667,27.5183333],[83.2291667,27.5183333],[83.23,27.5208333]]},{"type":"LineString","coordinates":[[83.3391667,27.6158333],[83.3433333,27.6191667],[83.3416667,27.6216667],[83.3416667,27.6266667],[83.35,27.6291667],[83.3508333,27.635],[83.3483333,27.6391667],[83.35,27.6391667],[83.355,27.6458333],[83.36,27.65],[83.3633333,27.6491667],[83.3633333,27.6516667],[83.3608333,27.655],[83.3641667,27.6566667],[83.3625,27.6616667],[83.3683333,27.6625],[83.3683333,27.6675],[83.3708333,27.67],[83.38,27.6783333],[83.3866667,27.68]]},{"type":"LineString","coordinates":[[83.325,27.3366667],[83.325,27.335],[83.3275,27.3341667],[83.3383333,27.3325],[83.3433333,27.335],[83.345,27.3383333],[83.3525,27.34],[83.3541667,27.3441667],[83.3583333,27.3441667]]},{"type":"LineString","coordinates":[[83.1325,27.2191667],[83.1391667,27.2208333],[83.1425,27.2191667],[83.1483333,27.2208333],[83.1516667,27.22]]},{"type":"LineString","coordinates":[[83.4858333,27.5225],[83.485,27.5266667],[83.4791667,27.5291667],[83.4791667,27.5341667],[83.4808333,27.5366667],[83.48,27.5425],[83.4816667,27.55],[83.49,27.5591667]]},{"type":"LineString","coordinates":[[83.1825,27.4166667],[83.1808333,27.4166667],[83.18,27.4183333],[83.1783333,27.4175],[83.1766667,27.4191667],[83.1758333,27.4183333],[83.175,27.42]]},{"type":"LineString","coordinates":[[83.2316667,27.4316667],[83.2333333,27.4325],[83.2466667,27.4291667],[83.2491667,27.4316667],[83.2566667,27.4308333],[83.2675,27.4341667],[83.2691667,27.4375],[83.2716667,27.4366667],[83.2708333,27.4425],[83.2725,27.4458333],[83.28,27.4491667],[83.2808333,27.4525],[83.2783333,27.4641667],[83.2808333,27.4758333],[83.2866667,27.4783333],[83.2975,27.4883333],[83.2975,27.5008333],[83.3,27.51],[83.3025,27.5108333],[83.3016667,27.515],[83.3066667,27.5175],[83.3058333,27.5216667],[83.3091667,27.5225],[83.3075,27.5266667],[83.31,27.5383333],[83.3075,27.5425],[83.3091667,27.5533333]]},{"type":"LineString","coordinates":[[83.23,27.5208333],[83.2241667,27.5283333],[83.2241667,27.5341667],[83.2225,27.5341667],[83.2208333,27.5383333],[83.2166667,27.5416667],[83.2183333,27.5441667],[83.215,27.5491667]]},{"type":"LineString","coordinates":[[83.0675,27.5325],[83.065,27.53]]},{"type":"LineString","coordinates":[[83.0658333,27.3141667],[83.0683333,27.3216667],[83.0741667,27.3275],[83.0716667,27.3291667],[83.0691667,27.3266667],[83.0666667,27.3291667],[83.0633333,27.3283333],[83.0633333,27.33],[83.06,27.3333333],[83.0625,27.3375],[83.06,27.3375],[83.0583333,27.3391667],[83.0566667,27.3383333],[83.0516667,27.3425],[83.0508333,27.3466667],[83.0516667,27.3491667],[83.05,27.3516667],[83.0516667,27.355],[83.0483333,27.3591667],[83.0508333,27.3625],[83.0483333,27.3658333],[83.0458333,27.365],[83.0408333,27.3708333],[83.0491667,27.3733333],[83.0508333,27.375],[83.0491667,27.3775],[83.0508333,27.38],[83.0475,27.3891667],[83.0466667,27.3883333],[83.0433333,27.3891667],[83.035,27.3925],[83.0341667,27.3941667]]},{"type":"LineString","coordinates":[[83.1791667,27.4816667],[83.175,27.4816667],[83.1716667,27.4866667],[83.165,27.4891667],[83.1616667,27.4975],[83.1616667,27.5016667],[83.1658333,27.5075],[83.1633333,27.51],[83.1608333,27.5183333],[83.1616667,27.52],[83.1591667,27.5225],[83.1575,27.5216667],[83.1541667,27.5225],[83.15,27.5258333],[83.1516667,27.5341667],[83.1491667,27.5366667],[83.1491667,27.5408333],[83.1441667,27.5483333],[83.1466667,27.5508333],[83.1491667,27.55],[83.1516667,27.5541667],[83.1483333,27.56],[83.1458333,27.5608333],[83.1458333,27.5633333]]},{"type":"LineString","coordinates":[[83.4166667,27.4641667],[83.4175,27.465],[83.42,27.4641667],[83.42,27.4658333],[83.425,27.4691667],[83.4325,27.4691667],[83.435,27.4725],[83.44,27.4716667],[83.4416667,27.475],[83.4441667,27.475],[83.45,27.4791667],[83.4508333,27.4816667],[83.4566667,27.4833333],[83.4575,27.4866667],[83.465,27.4875],[83.4658333,27.4933333],[83.4691667,27.4958333],[83.465,27.5008333],[83.4666667,27.5075],[83.47,27.5108333],[83.4733333,27.51],[83.4741667,27.5125],[83.4808333,27.5191667],[83.485,27.52],[83.4858333,27.5225]]},{"type":"LineString","coordinates":[[83.175,27.3583333],[83.1766667,27.3616667],[83.1766667,27.3658333],[83.175,27.3691667],[83.1825,27.37],[83.1858333,27.3733333]]},{"type":"LineString","coordinates":[[83.215,27.5491667],[83.2175,27.5525],[83.2158333,27.5558333],[83.22,27.5575],[83.2183333,27.5633333],[83.2266667,27.5725],[83.2283333,27.5841667],[83.2283333,27.5908333],[83.2258333,27.595],[83.2283333,27.6033333],[83.2266667,27.6058333],[83.2308333,27.61],[83.2275,27.6158333],[83.2358333,27.62],[83.2325,27.6258333]]},{"type":"LineString","coordinates":[[83.4858333,27.5225],[83.4891667,27.5275],[83.4925,27.5291667],[83.4933333,27.5316667],[83.4983333,27.5308333],[83.4991667,27.5325],[83.5025,27.5333333],[83.5033333,27.54]]},{"type":"LineString","coordinates":[[83.4616667,27.745],[83.4608333,27.7466667],[83.4616667,27.7491667],[83.455,27.75],[83.4458333,27.7591667],[83.445,27.7633333],[83.4383333,27.7625],[83.4358333,27.765],[83.4308333,27.7625],[83.4283333,27.765],[83.4225,27.7633333],[83.4166667,27.7658333],[83.4108333,27.7658333],[83.4058333,27.7691667],[83.4041667,27.7658333],[83.4008333,27.7683333],[83.3941667,27.7658333],[83.3825,27.7658333],[83.3816667,27.7691667],[83.3766667,27.7675],[83.3733333,27.77],[83.3683333,27.7775],[83.3658333,27.7766667],[83.3591667,27.7825],[83.3566667,27.7816667],[83.3533333,27.7866667],[83.3525,27.8041667],[83.3558333,27.8083333],[83.3691667,27.8058333],[83.3725,27.81],[83.3766667,27.8125],[83.3775,27.8175],[83.3841667,27.8208333],[83.3858333,27.8275]]},{"type":"LineString","coordinates":[[83.3266667,27.4375],[83.3258333,27.44],[83.3283333,27.445],[83.3166667,27.4491667],[83.3158333,27.4508333],[83.3266667,27.4616667],[83.3291667,27.4608333],[83.3291667,27.4675],[83.3341667,27.4675],[83.3375,27.4725],[83.3325,27.475],[83.335,27.4791667],[83.335,27.4816667],[83.3316667,27.4875],[83.3316667,27.495],[83.335,27.5008333],[83.3341667,27.5058333],[83.3433333,27.5058333],[83.3458333,27.51]]},{"type":"LineString","coordinates":[[83.1858333,27.3733333],[83.1841667,27.3758333],[83.185,27.3766667],[83.1766667,27.3833333],[83.1766667,27.3858333],[83.1816667,27.3891667],[83.1791667,27.3908333],[83.18,27.4008333],[83.1841667,27.4091667],[83.1791667,27.4125],[83.1825,27.415],[83.1825,27.4166667]]},{"type":"LineString","coordinates":[[83.3583333,27.3441667],[83.36,27.3425],[83.3641667,27.3458333],[83.3675,27.3433333],[83.37,27.3375],[83.3733333,27.3366667],[83.3791667,27.3316667],[83.3766667,27.3291667],[83.3833333,27.3258333],[83.3858333,27.3225],[83.3858333,27.3191667],[83.3975,27.32],[83.4016667,27.3233333],[83.4083333,27.3216667],[83.4166667,27.3266667],[83.4141667,27.3325],[83.415,27.3383333],[83.4225,27.3425],[83.4225,27.3466667],[83.42,27.3475],[83.4225,27.3508333],[83.4216667,27.3566667],[83.4241667,27.3566667],[83.4266667,27.3625],[83.4325,27.3675],[83.4316667,27.375],[83.4283333,27.375],[83.4308333,27.3775],[83.4308333,27.3808333],[83.4275,27.3841667],[83.4266667,27.39],[83.435,27.3891667],[83.4366667,27.3908333],[83.4358333,27.3933333],[83.44,27.3933333],[83.4433333,27.4016667],[83.4425,27.405],[83.4458333,27.4075],[83.4466667,27.4133333],[83.445,27.415]]},{"type":"LineString","coordinates":[[83.2183333,27.2691667],[83.2175,27.2708333],[83.2208333,27.2758333]]},{"type":"LineString","coordinates":[[83.3,27.335],[83.3058333,27.3408333],[83.3041667,27.3491667]]},{"type":"LineString","coordinates":[[83.3308333,27.6325],[83.3241667,27.6425],[83.3266667,27.6458333],[83.3266667,27.6516667],[83.3233333,27.6516667],[83.3208333,27.6533333],[83.3175,27.6583333],[83.3183333,27.66],[83.3158333,27.6616667],[83.315,27.6675],[83.3133333,27.6691667],[83.3108333,27.6691667],[83.3125,27.6725],[83.3075,27.6733333],[83.3025,27.6775],[83.3,27.6825],[83.2983333,27.6825],[83.2975,27.6908333],[83.3,27.6933333],[83.2975,27.6966667],[83.2983333,27.7016667]]},{"type":"LineString","coordinates":[[83.0675,27.5325],[83.0683333,27.5366667],[83.07,27.5375],[83.0675,27.5441667],[83.0683333,27.5466667],[83.0808333,27.5483333],[83.0866667,27.5533333],[83.085,27.5616667]]},{"type":"LineString","coordinates":[[83.23,27.5208333],[83.2308333,27.525],[83.2283333,27.5283333],[83.2316667,27.5316667],[83.2341667,27.53]]},{"type":"LineString","coordinates":[[83.3266667,27.4375],[83.3375,27.4441667],[83.3391667,27.4475],[83.3375,27.4516667],[83.3391667,27.4533333],[83.3441667,27.4541667],[83.3408333,27.4591667],[83.335,27.4583333],[83.335,27.4616667],[83.3408333,27.4666667],[83.3433333,27.4725],[83.3483333,27.4716667],[83.35,27.4758333],[83.3541667,27.4758333],[83.3558333,27.4783333],[83.3533333,27.4816667],[83.355,27.4833333],[83.3625,27.4783333],[83.3641667,27.4825],[83.3666667,27.4841667],[83.3641667,27.4883333],[83.3658333,27.4933333],[83.37,27.4958333],[83.3733333,27.4933333],[83.3791667,27.4941667],[83.3791667,27.4966667],[83.3816667,27.5],[83.3783333,27.5016667],[83.3925,27.51],[83.395,27.5125],[83.3933333,27.515],[83.395,27.5166667],[83.4008333,27.5141667],[83.4025,27.5166667],[83.4016667,27.5183333],[83.4025,27.5216667],[83.4075,27.5291667],[83.4116667,27.5316667],[83.4158333,27.53],[83.42,27.5358333],[83.425,27.5375],[83.4233333,27.54],[83.4283333,27.545],[83.4291667,27.5491667],[83.4241667,27.5591667],[83.4166667,27.5633333],[83.4141667,27.5675],[83.4158333,27.5691667],[83.4216667,27.5916667],[83.4225,27.6058333],[83.4316667,27.6125],[83.4308333,27.615],[83.4358333,27.6275],[83.4466667,27.6433333],[83.4508333,27.6541667],[83.4508333,27.6783333],[83.455,27.69],[83.4608333,27.695],[83.4608333,27.7041667],[83.4633333,27.7158333],[83.4691667,27.7233333],[83.4691667,27.7316667],[83.465,27.735],[83.4641667,27.7425],[83.4616667,27.745]]},{"type":"LineString","coordinates":[[83.5066667,27.75],[83.5141667,27.7508333],[83.5191667,27.7483333],[83.525,27.7416667],[83.5283333,27.7416667],[83.535,27.7383333],[83.5425,27.7316667],[83.5491667,27.7308333],[83.5516667,27.7266667],[83.5575,27.7283333],[83.5658333,27.7275],[83.5658333,27.7225],[83.5775,27.71],[83.585,27.715],[83.5925,27.7125],[83.6075,27.7133333],[83.6133333,27.7191667],[83.6125,27.7225],[83.615,27.7241667],[83.6133333,27.7266667],[83.6141667,27.7333333],[83.6175,27.7366667],[83.6275,27.7358333],[83.6391667,27.74],[83.64,27.7566667],[83.6416667,27.7583333]]},{"type":"LineString","coordinates":[[83.5466667,27.7966667],[83.5333333,27.7966667],[83.5275,27.795],[83.5266667,27.7975],[83.525,27.7958333],[83.5225,27.7983333],[83.5158333,27.7983333],[83.515,27.8041667]]},{"type":"LineString","coordinates":[[83.0658333,27.3141667],[83.0625,27.315],[83.0575,27.3116667],[83.0533333,27.3133333],[83.0483333,27.3125]]},{"type":"LineString","coordinates":[[83.3,27.335],[83.3041667,27.3316667],[83.3075,27.3333333],[83.315,27.3316667],[83.3175,27.3366667],[83.325,27.3366667]]},{"type":"LineString","coordinates":[[83.1325,27.2191667],[83.1316667,27.2225],[83.1275,27.2216667],[83.1208333,27.2258333],[83.1233333,27.2325],[83.1208333,27.2383333],[83.1208333,27.2416667],[83.1233333,27.2441667],[83.1233333,27.2491667],[83.12,27.2558333],[83.1175,27.2575],[83.1116667,27.2541667],[83.1066667,27.2625],[83.1033333,27.2641667],[83.1008333,27.27],[83.1025,27.2716667],[83.1083333,27.2708333],[83.1116667,27.2675],[83.1133333,27.27],[83.11,27.2725],[83.1091667,27.2775],[83.0991667,27.2833333],[83.1,27.2891667]]},{"type":"LineString","coordinates":[[83.1858333,27.3733333],[83.1883333,27.3725],[83.19,27.375],[83.1925,27.3716667],[83.1958333,27.3716667],[83.1958333,27.3691667],[83.1991667,27.3691667],[83.2,27.365],[83.2041667,27.3683333],[83.2108333,27.3683333],[83.2116667,27.3716667],[83.2133333,27.3691667],[83.2183333,27.3716667]]},{"type":"LineString","coordinates":[[83.1825,27.4166667],[83.1858333,27.415],[83.1858333,27.4125],[83.1883333,27.4108333],[83.19,27.4116667],[83.195,27.4075],[83.1958333,27.4041667],[83.1983333,27.4025],[83.205,27.4025],[83.2075,27.4058333],[83.2058333,27.4066667],[83.21,27.4075],[83.2133333,27.4116667],[83.2125,27.4141667],[83.2216667,27.4191667],[83.225,27.4283333],[83.2316667,27.4316667]]},{"type":"LineString","coordinates":[[87.7773445,26.2724485],[87.7825,26.2766667],[87.7725,26.2833333],[87.7716667,26.29],[87.7791667,26.2916667],[87.7783333,26.2975],[87.7758333,26.2975],[87.775,26.3],[87.7816667,26.3016667],[87.7858333,26.3083333],[87.7875,26.3175],[87.7841667,26.3308333],[87.7983333,26.3566667],[87.7975,26.3675],[87.8016667,26.3716667],[87.8016667,26.3766667],[87.8075,26.3883333],[87.815,26.385],[87.8191667,26.3875],[87.82,26.3975],[87.825,26.4041667],[87.825,26.4166667],[87.8333333,26.4275],[87.8275,26.4333333],[87.8275,26.4391667],[87.8375,26.4408333],[87.8416667,26.4441667],[87.8425,26.4483333],[87.84,26.4541667],[87.83,26.4641667],[87.8291667,26.4683333],[87.835,26.4691667],[87.8458333,26.4766667],[87.8466667,26.4833333],[87.8425,26.4925],[87.8558333,26.495],[87.85,26.5008333],[87.85,26.5041667],[87.86,26.51],[87.8583333,26.5191667],[87.8616667,26.5216667],[87.86,26.5233333],[87.8616667,26.53],[87.8691667,26.5316667],[87.8733333,26.5383333],[87.8791667,26.5416667],[87.8791667,26.5441667],[87.8841667,26.545],[87.885,26.555],[87.8908333,26.56],[87.8916667,26.5825],[87.8875,26.5908333],[87.8891667,26.5975],[87.895,26.6008333],[87.8975,26.6],[87.8891667,26.6116667],[87.8925,26.6125],[87.895,26.6166667]]},{"type":"LineString","coordinates":[[87.7530699,26.2789476],[87.7483333,26.2825],[87.7483333,26.2875],[87.7575,26.2983333],[87.7616667,26.2991667],[87.7658333,26.3066667],[87.7441667,26.31],[87.7391667,26.3141667],[87.74,26.325],[87.7441667,26.3341667],[87.7366667,26.3558333],[87.7408333,26.3616667],[87.7433333,26.3616667],[87.7483333,26.3558333],[87.7516667,26.3575],[87.7491667,26.3791667],[87.7441667,26.3833333],[87.7483333,26.3916667]]},{"type":"LineString","coordinates":[[86.655,26.305],[86.6675,26.3241667],[86.6766667,26.3316667],[86.6858333,26.3533333],[86.6941667,26.3575],[86.6966667,26.3625],[86.705,26.365],[86.7233333,26.385],[86.7641667,26.4008333],[86.7683333,26.4133333],[86.7966667,26.4408333],[86.7958333,26.4475]]},{"type":"LineString","coordinates":[[87.5783632,26.3138193],[87.5775,26.3158333],[87.585,26.3191667],[87.58,26.3233333],[87.5783333,26.3308333],[87.5725,26.3325],[87.5691667,26.3383333],[87.5775,26.3441667],[87.5766667,26.3508333],[87.5816667,26.35],[87.58,26.3566667],[87.5833333,26.3591667],[87.5833333,26.3658333],[87.58,26.3683333],[87.58,26.3758333],[87.5891667,26.385],[87.5883333,26.3933333],[87.5958333,26.3983333],[87.5975,26.4033333],[87.605,26.4066667],[87.6041667,26.415]]},{"type":"LineString","coordinates":[[87.5018934,26.3261394],[87.5091667,26.3341667],[87.5083333,26.3383333],[87.5125,26.3441667],[87.5066667,26.3466667],[87.5083333,26.3516667],[87.4966667,26.365],[87.4891667,26.365],[87.4866667,26.3683333],[87.4891667,26.3833333],[87.4858333,26.3858333],[87.4916667,26.3908333],[87.4925,26.4],[87.4975,26.4066667],[87.4966667,26.4125],[87.5016667,26.4133333],[87.4975,26.4166667],[87.5025,26.4208333],[87.5033333,26.4275],[87.5,26.435],[87.4958333,26.435],[87.4958333,26.4383333],[87.4925,26.44],[87.4925,26.4458333],[87.5041667,26.4525],[87.5083333,26.445],[87.52,26.455]]},{"type":"LineString","coordinates":[[87.4879866,26.3283799],[87.4916667,26.3308333],[87.49,26.3316667],[87.4908333,26.3358333],[87.4808333,26.3433333],[87.485,26.3441667],[87.4858333,26.3466667],[87.4825,26.3508333],[87.4725,26.3558333],[87.4741667,26.3666667],[87.4683333,26.3641667],[87.4625,26.3666667],[87.47,26.3725],[87.4641667,26.3733333],[87.4566667,26.38],[87.46,26.3833333],[87.4566667,26.3875],[87.46,26.3941667],[87.4516667,26.405],[87.4508333,26.415],[87.4566667,26.4166667],[87.4533333,26.4291667],[87.4616667,26.4341667],[87.4608333,26.4383333],[87.4666667,26.4441667]]},{"type":"LineString","coordinates":[[88.0279167,26.335],[88.0391667,26.34],[88.0391667,26.3466667],[88.0341667,26.3483333],[88.0291667,26.3541667],[88.0283333,26.36],[88.0308333,26.365]]},{"type":"LineString","coordinates":[[87.4097953,26.3409774],[87.4066667,26.345],[87.4108333,26.35],[87.4183333,26.3516667],[87.4191667,26.3558333],[87.4116667,26.3683333],[87.4166667,26.3866667],[87.4133333,26.3916667],[87.4266667,26.41],[87.4241667,26.4116667],[87.4241667,26.4158333],[87.4275,26.4233333],[87.4316667,26.4258333],[87.4308333,26.4291667],[87.4358333,26.4391667]]},{"type":"LineString","coordinates":[[87.3877341,26.3445317],[87.3825,26.3525],[87.3841667,26.3541667],[87.3791667,26.3575],[87.3775,26.3658333],[87.3841667,26.3766667],[87.3808333,26.3866667],[87.3833333,26.3975],[87.385,26.3991667],[87.3883333,26.3975],[87.3916667,26.4008333],[87.3925,26.4091667],[87.39,26.4125],[87.3925,26.4166667],[87.3891667,26.4183333],[87.3891667,26.4208333],[87.3941667,26.4258333]]},{"type":"LineString","coordinates":[[87.675,26.3466667],[87.6766667,26.3341667],[87.6691667,26.3308333],[87.6741667,26.32],[87.67,26.3041667],[87.6783333,26.3033333],[87.6816667,26.3058333],[87.6866667,26.3025],[87.69,26.2958333],[87.6933333,26.2975],[87.6958333,26.2958333],[87.6983333,26.3016667],[87.6958333,26.3025],[87.6983333,26.305],[87.6941667,26.305],[87.6933333,26.3075],[87.6975,26.31],[87.6991667,26.3075],[87.7008333,26.3091667],[87.6941667,26.3166667],[87.7008333,26.325],[87.7058333,26.3258333],[87.705,26.3283333],[87.6991667,26.3308333],[87.7108333,26.3408333],[87.7125,26.345],[87.7233333,26.3466667],[87.72,26.3558333],[87.7216667,26.36],[87.7175,26.3608333],[87.7183333,26.3641667],[87.7125,26.3725],[87.7133333,26.3758333],[87.72,26.3783333],[87.72,26.3808333],[87.7141667,26.3858333],[87.7125,26.3941667]]},{"type":"LineString","coordinates":[[87.3635199,26.3484329],[87.3641667,26.3516667],[87.3708333,26.3508333],[87.3708333,26.3525],[87.3591667,26.3566667],[87.355,26.3641667]]},{"type":"LineString","coordinates":[[87.3582779,26.3492774],[87.3516667,26.3558333],[87.3525,26.3608333],[87.3458333,26.36],[87.3375,26.3625],[87.3333333,26.3666667],[87.3375,26.3741667],[87.3341667,26.3791667],[87.335,26.3816667],[87.345,26.39],[87.3375,26.3958333],[87.3358333,26.4025],[87.3325,26.405],[87.3325,26.41],[87.3291667,26.4116667],[87.3325,26.42],[87.3316667,26.4258333],[87.335,26.4283333],[87.33,26.4366667],[87.325,26.4375],[87.3291667,26.4475]]},{"type":"LineString","coordinates":[[87.314087,26.3563971],[87.3116667,26.3583333],[87.3125,26.3625],[87.3091667,26.3716667],[87.3133333,26.38]]},{"type":"LineString","coordinates":[[88.0308333,26.365],[88.0266667,26.3733333],[88.0316667,26.3775],[88.0266667,26.3825],[88.0316667,26.3841667],[88.0308333,26.3875],[88.0341667,26.3875],[88.0341667,26.3908333]]},{"type":"LineString","coordinates":[[88.0308333,26.365],[88.0433333,26.3691667],[88.045,26.3775],[88.05,26.3808333],[88.0508333,26.3875],[88.0625,26.4016667],[88.0666667,26.415],[88.0708333,26.4191667],[88.0783333,26.42],[88.08,26.4233333],[88.0833333,26.4216667],[88.0908333,26.4258333],[88.0933333,26.4358333],[88.0925,26.4466667],[88.1033333,26.4591667],[88.1025,26.4633333],[88.105,26.4666667],[88.1041667,26.4725],[88.0958333,26.4791667]]},{"type":"LineString","coordinates":[[87.2594864,26.3651939],[87.2583333,26.3675],[87.2555474,26.3658285]]},{"type":"LineString","coordinates":[[87.2495514,26.3667945],[87.2466667,26.37],[87.24,26.3683333],[87.2375,26.37],[87.2366667,26.3766667]]},{"type":"LineString","coordinates":[[86.6275,26.368125],[86.63,26.37]]},{"type":"LineString","coordinates":[[86.63,26.37],[86.635,26.37],[86.6425,26.3758333],[86.6541667,26.3758333],[86.6591667,26.3791667],[86.6666667,26.38],[86.6733333,26.3908333],[86.6741667,26.3991667],[86.6825,26.4033333],[86.69,26.4008333]]},{"type":"LineString","coordinates":[[86.63,26.37],[86.6283333,26.3708333],[86.6291667,26.3783333],[86.635,26.3833333],[86.6308333,26.3883333],[86.6358333,26.3908333],[86.6358333,26.3941667],[86.6383333,26.3941667],[86.6366667,26.4066667],[86.6383333,26.4141667],[86.6341667,26.4158333],[86.6358333,26.4225],[86.6333333,26.4308333],[86.6358333,26.4316667],[86.6341667,26.4425],[86.6391667,26.445],[86.6325,26.4566667],[86.6358333,26.4616667],[86.6335417,26.4639583]]},{"type":"LineString","coordinates":[[87.0720833,26.3729167],[87.0741667,26.3791667],[87.0725,26.3833333],[87.0758333,26.385],[87.075,26.3883333],[87.0808333,26.405],[87.085,26.41],[87.0791667,26.42],[87.0791667,26.4266667],[87.0858333,26.4325],[87.0825,26.4375],[87.0858333,26.4483333],[87.085,26.4541667],[87.0808333,26.4566667]]},{"type":"LineString","coordinates":[[87.2366667,26.3766667],[87.2291667,26.3775],[87.225,26.3816667]]},{"type":"LineString","coordinates":[[87.2366667,26.3766667],[87.2433333,26.3858333]]},{"type":"LineString","coordinates":[[87.9275,26.378125],[87.9275,26.385],[87.9308333,26.3875],[87.9291667,26.3891667],[87.94,26.395],[87.935,26.4],[87.9325,26.4066667],[87.9275,26.4083333],[87.9275,26.4125],[87.93,26.415],[87.9391667,26.4141667],[87.9383333,26.4166667],[87.945,26.4275],[87.9433333,26.4308333],[87.9383333,26.4266667],[87.9341667,26.4308333],[87.935,26.4333333],[87.9391667,26.4316667],[87.9408333,26.4333333],[87.9391667,26.4375],[87.9333333,26.4375],[87.9333333,26.4408333],[87.9383333,26.44],[87.9391667,26.445],[87.9433333,26.4458333],[87.9391667,26.4525],[87.9391667,26.4591667],[87.9466667,26.4625],[87.9441667,26.4666667],[87.9533333,26.4741667],[87.9508333,26.4766667],[87.9566667,26.4808333],[87.9525,26.49],[87.9575,26.4916667],[87.9558333,26.4941667]]},{"type":"LineString","coordinates":[[87.3133333,26.38],[87.2975,26.385],[87.29,26.3983333],[87.2891667,26.4125]]},{"type":"LineString","coordinates":[[87.3133333,26.38],[87.315,26.3791667],[87.3175,26.3825],[87.3175,26.3883333],[87.3133333,26.3925],[87.315,26.3975],[87.295,26.41],[87.3058333,26.425]]},{"type":"LineString","coordinates":[[87.225,26.3816667],[87.2216667,26.3833333],[87.215,26.3941667],[87.2191667,26.4025],[87.2183333,26.405],[87.2216667,26.4066667],[87.2175,26.4125],[87.2175,26.4166667],[87.2233333,26.4258333],[87.2216667,26.4375],[87.2241667,26.4475],[87.2216667,26.45],[87.2233333,26.4558333],[87.2208333,26.4608333],[87.2275,26.4666667],[87.2258333,26.47],[87.2208333,26.4716667],[87.2258333,26.4741667],[87.225,26.48]]},{"type":"LineString","coordinates":[[87.225,26.3816667],[87.2208333,26.3766667],[87.2141667,26.3783333],[87.2108333,26.3891667],[87.2125,26.3925],[87.2083333,26.395],[87.2008333,26.395],[87.2016667,26.4041667],[87.1925,26.4116667],[87.1883333,26.4091667],[87.1858333,26.4108333],[87.1841667,26.4325],[87.17,26.455],[87.17,26.4583333],[87.1741667,26.4616667],[87.175,26.4691667],[87.1716667,26.4691667],[87.1683333,26.475],[87.1633333,26.4766667],[87.165,26.48],[87.1633333,26.4866667]]},{"type":"LineString","coordinates":[[87.2433333,26.3858333],[87.245,26.395],[87.2433333,26.3966667]]},{"type":"LineString","coordinates":[[87.2433333,26.3858333],[87.25,26.3908333],[87.2475,26.4],[87.2525,26.4025],[87.2483333,26.4075]]},{"type":"LineString","coordinates":[[87.9159167,26.3884167],[87.9183333,26.395],[87.9125,26.3983333],[87.9116667,26.4033333],[87.9125,26.41],[87.9191667,26.4133333],[87.9191667,26.4158333],[87.9116667,26.4233333],[87.91,26.4341667],[87.9125,26.4425],[87.9191667,26.4433333],[87.9158333,26.4516667],[87.9241667,26.4558333],[87.9258333,26.4633333],[87.91,26.4675],[87.9141667,26.4708333],[87.9125,26.4733333],[87.9158333,26.4775],[87.9116667,26.4825],[87.9091667,26.4825],[87.9108333,26.485],[87.9075,26.4908333],[87.91,26.4975],[87.9175,26.5025],[87.9158333,26.5075]]},{"type":"LineString","coordinates":[[88.0341667,26.3908333],[88.0433333,26.3958333],[88.0466667,26.4008333],[88.0425,26.4083333]]},{"type":"LineString","coordinates":[[88.0341667,26.3908333],[88.0333333,26.3966667],[88.0366667,26.3983333],[88.0366667,26.4008333],[88.0333333,26.4033333],[88.0366667,26.405],[88.0366667,26.4083333],[88.03,26.4158333],[88.0308333,26.4191667],[88.0266667,26.4241667],[88.0158333,26.4233333],[88.0108333,26.4266667]]},{"type":"LineString","coordinates":[[87.7483333,26.3916667],[87.7508333,26.3933333],[87.7533333,26.3908333],[87.7575,26.3933333],[87.7616667,26.4066667],[87.7575,26.4125],[87.7591667,26.4183333],[87.7641667,26.4208333],[87.7691667,26.42],[87.77,26.4233333],[87.7733333,26.4241667]]},{"type":"LineString","coordinates":[[87.7483333,26.3916667],[87.7458333,26.3925],[87.7466667,26.3958333],[87.7525,26.3991667],[87.7525,26.4025],[87.75,26.4033333],[87.7508333,26.415],[87.7416667,26.4283333],[87.7408333,26.4366667],[87.745,26.4358333],[87.7475,26.4383333],[87.7433333,26.4475],[87.7475,26.45],[87.7433333,26.4516667],[87.7458333,26.4533333],[87.7441667,26.4575],[87.7516667,26.4583333],[87.7516667,26.4616667],[87.7483333,26.4633333],[87.7508333,26.4691667],[87.7558333,26.4725],[87.7558333,26.4775],[87.7591667,26.475],[87.7616667,26.4766667],[87.7566667,26.485],[87.7508333,26.4841667],[87.7483333,26.4933333],[87.7408333,26.4966667],[87.7433333,26.5008333],[87.74,26.5025],[87.74,26.505],[87.7441667,26.5033333],[87.7475,26.5083333],[87.7458333,26.515],[87.74,26.5166667],[87.74,26.5225],[87.7475,26.5291667],[87.7416667,26.5325],[87.7375,26.5408333],[87.7416667,26.5433333],[87.7383333,26.5458333],[87.7425,26.5483333],[87.7408333,26.5525],[87.7433333,26.5533333],[87.745,26.5591667],[87.7383333,26.5633333],[87.7375,26.5666667],[87.7316667,26.5683333]]},{"type":"LineString","coordinates":[[87.7125,26.3941667],[87.715,26.3958333],[87.7141667,26.3991667],[87.7225,26.4058333],[87.7208333,26.4116667],[87.7241667,26.4158333],[87.7208333,26.4208333],[87.7158333,26.4216667],[87.7125,26.4266667],[87.71,26.4266667],[87.71,26.4308333],[87.7158333,26.435],[87.7158333,26.4433333],[87.7091667,26.4491667],[87.7108333,26.4625],[87.705,26.4716667],[87.7058333,26.475],[87.6966667,26.4825],[87.6991667,26.4858333],[87.6925,26.4941667],[87.6925,26.4966667],[87.6991667,26.5025],[87.6975,26.505],[87.7,26.5075],[87.7,26.5158333],[87.695,26.5216667],[87.6991667,26.5291667],[87.6991667,26.5358333],[87.7016667,26.5375],[87.6966667,26.54],[87.6966667,26.5433333],[87.7041667,26.555]]},{"type":"LineString","coordinates":[[87.7125,26.3941667],[87.71,26.395],[87.71,26.3983333],[87.705,26.3975],[87.7033333,26.4],[87.7066667,26.4025],[87.7066667,26.4091667],[87.6966667,26.4041667],[87.6866667,26.4066667],[87.6891667,26.4125],[87.6833333,26.4091667],[87.6791667,26.41],[87.6808333,26.4133333],[87.675,26.4158333],[87.6775,26.4241667],[87.6741667,26.4266667],[87.6758333,26.43],[87.6741667,26.4366667],[87.6775,26.4458333],[87.6683333,26.4508333],[87.6658333,26.4591667],[87.655,26.4641667],[87.6541667,26.47],[87.6475,26.4791667],[87.6475,26.4833333],[87.6491667,26.4816667],[87.6508333,26.4833333],[87.65,26.4875],[87.6458333,26.4883333],[87.6441667,26.4933333],[87.6491667,26.4966667],[87.6408333,26.5091667],[87.6416667,26.515],[87.6516667,26.5216667],[87.65,26.5241667],[87.6516667,26.5283333],[87.6483333,26.5341667],[87.6516667,26.5416667],[87.6483333,26.5425],[87.6391667,26.5608333],[87.6383333,26.5666667],[87.6416667,26.5708333],[87.6408333,26.5733333],[87.6441667,26.575],[87.6408333,26.58]]},{"type":"LineString","coordinates":[[86.69,26.4008333],[86.6916667,26.4041667],[86.6975,26.405],[86.6983333,26.4091667],[86.7016667,26.4108333],[86.6983333,26.4158333],[86.7016667,26.4233333],[86.6983333,26.4275],[86.7041667,26.4341667],[86.7025,26.4366667],[86.7091667,26.4491667],[86.7083333,26.465],[86.7058333,26.4666667],[86.7083333,26.4716667],[86.7058333,26.48],[86.7091667,26.4825],[86.7025,26.5016667]]},{"type":"LineString","coordinates":[[86.69,26.4008333],[86.6908333,26.4016667],[86.6933333,26.4],[86.6991667,26.3933333],[86.705,26.3933333],[86.7066667,26.3983333],[86.7116667,26.3975],[86.7216667,26.4008333],[86.7266667,26.3983333],[86.7316667,26.4008333],[86.735,26.4075],[86.7391667,26.4058333],[86.7416667,26.4108333],[86.7491667,26.4158333],[86.7491667,26.4191667],[86.7441667,26.4225],[86.7483333,26.4333333],[86.7441667,26.435],[86.7483333,26.4366667],[86.7508333,26.4425],[86.7533333,26.4416667],[86.7533333,26.4466667],[86.7608333,26.4433333],[86.7625,26.445],[86.765,26.4508333],[86.7633333,26.4566667],[86.7658333,26.4591667],[86.77,26.4583333],[86.7716667,26.4666667],[86.7775,26.4683333],[86.7775,26.4716667],[86.7841667,26.4758333],[86.7833333,26.4816667],[86.78,26.485],[86.7733333,26.485],[86.7708333,26.4875],[86.7708333,26.4925],[86.7816667,26.505],[86.7825,26.5108333]]},{"type":"LineString","coordinates":[[86.68625,26.4029167],[86.69,26.4008333]]},{"type":"LineString","coordinates":[[87.6041667,26.415],[87.6041667,26.4216667],[87.6091667,26.4241667]]},{"type":"LineString","coordinates":[[87.6041667,26.415],[87.5958333,26.4225],[87.6016667,26.4433333],[87.5975,26.4475],[87.5925,26.4466667],[87.5908333,26.4491667],[87.5875,26.4475],[87.58,26.4516667],[87.5775,26.455],[87.5783333,26.4608333]]},{"type":"LineString","coordinates":[[87.7733333,26.4241667],[87.7741667,26.4225],[87.7783333,26.425],[87.7833333,26.4241667],[87.7841667,26.4366667],[87.7941667,26.45]]},{"type":"LineString","coordinates":[[87.7733333,26.4241667],[87.7766667,26.4308333],[87.7725,26.4341667],[87.7775,26.4483333],[87.7758333,26.4525],[87.78,26.4525],[87.7808333,26.4566667],[87.785,26.4575],[87.7858333,26.46],[87.79,26.4591667],[87.79,26.4616667],[87.7866667,26.4616667],[87.785,26.465],[87.7933333,26.4733333],[87.7891667,26.4758333],[87.7933333,26.48],[87.7875,26.4808333],[87.7925,26.4925],[87.7891667,26.4916667],[87.7866667,26.4958333],[87.7833333,26.4958333],[87.7841667,26.4991667],[87.7891667,26.5],[87.7858333,26.5066667],[87.7816667,26.5075],[87.7791667,26.5125],[87.7816667,26.5158333],[87.7808333,26.5191667],[87.7833333,26.52]]},{"type":"LineString","coordinates":[[87.3058333,26.425],[87.31,26.4566667],[87.3058333,26.4575],[87.3041667,26.4633333],[87.3108333,26.4641667],[87.3125,26.4675],[87.31,26.4683333],[87.3116667,26.4716667],[87.31,26.475]]},{"type":"LineString","coordinates":[[87.3058333,26.425],[87.3041667,26.4275],[87.3016667,26.4266667],[87.2983333,26.4316667],[87.3033333,26.4433333],[87.3033333,26.4508333],[87.3,26.4508333],[87.2983333,26.4541667],[87.2975,26.4625],[87.2908333,26.4666667],[87.29,26.4808333],[87.295,26.4833333],[87.2916667,26.5075],[87.3008333,26.5166667],[87.3016667,26.5266667],[87.3041667,26.5283333],[87.3016667,26.5308333],[87.3083333,26.5366667],[87.3075,26.5391667],[87.3116667,26.545],[87.31,26.5491667],[87.315,26.5541667],[87.3141667,26.5583333],[87.3341667,26.5758333],[87.34,26.5775],[87.3391667,26.5816667],[87.3433333,26.5866667],[87.3416667,26.59],[87.3433333,26.5925]]},{"type":"LineString","coordinates":[[87.4666667,26.4441667],[87.4716667,26.4491667],[87.4783333,26.45],[87.4741667,26.4525],[87.4733333,26.455],[87.4758333,26.4566667],[87.4733333,26.46]]},{"type":"LineString","coordinates":[[87.4666667,26.4441667],[87.4641667,26.4475],[87.4625,26.445],[87.4591667,26.4458333],[87.4583333,26.4508333],[87.4608333,26.4541667],[87.455,26.4575],[87.4558333,26.465],[87.4533333,26.47],[87.4516667,26.4691667],[87.4525,26.4775],[87.4466667,26.4833333],[87.445,26.495],[87.4391667,26.5016667],[87.4408333,26.5091667],[87.4333333,26.5125],[87.4366667,26.5225],[87.4325,26.5233333],[87.4283333,26.5308333],[87.4266667,26.53]]},{"type":"LineString","coordinates":[[86.7958333,26.4475],[86.7933333,26.4491667],[86.7991667,26.4625]]},{"type":"LineString","coordinates":[[86.7958333,26.4475],[86.8216667,26.4575],[86.8416667,26.4833333],[86.8466667,26.485],[86.8566667,26.4808333],[86.8608333,26.485],[86.8608333,26.4975]]},{"type":"LineString","coordinates":[[87.3291667,26.4475],[87.3266667,26.45],[87.3308333,26.455],[87.3358333,26.4566667],[87.3375,26.4658333],[87.3533333,26.4783333]]},{"type":"LineString","coordinates":[[87.3291667,26.4475],[87.3408333,26.4558333],[87.34,26.4591667],[87.3441667,26.4591667],[87.3433333,26.4625],[87.3475,26.4633333],[87.3458333,26.4666667],[87.35,26.4658333],[87.3525,26.4716667],[87.3558333,26.4716667],[87.3583333,26.4675],[87.365,26.4766667],[87.3683333,26.4783333],[87.3716667,26.4766667],[87.3733333,26.4825],[87.3783333,26.4858333],[87.3766667,26.4891667],[87.3783333,26.4933333],[87.3883333,26.5008333],[87.3891667,26.5058333],[87.3925,26.5083333],[87.3933333,26.5108333],[87.3908333,26.5133333],[87.395,26.5175],[87.4025,26.5166667],[87.41,26.5225],[87.4108333,26.5258333],[87.4041667,26.5275],[87.4058333,26.5325],[87.4041667,26.5416667]]},{"type":"LineString","coordinates":[[87.7941667,26.45],[87.7925,26.455],[87.8058333,26.465],[87.8058333,26.4691667],[87.8,26.475],[87.8041667,26.4841667],[87.7975,26.4883333],[87.7983333,26.4933333],[87.8025,26.4941667],[87.7991667,26.5091667],[87.81,26.5183333],[87.805,26.525],[87.7983333,26.5266667],[87.8041667,26.535],[87.8033333,26.5458333],[87.8,26.5458333],[87.7983333,26.5491667],[87.7975,26.5466667],[87.7941667,26.5483333],[87.795,26.5525],[87.7983333,26.555],[87.7941667,26.5566667]]},{"type":"LineString","coordinates":[[87.7941667,26.45],[87.7958333,26.4508333],[87.7991667,26.4483333],[87.8083333,26.4591667],[87.8116667,26.46],[87.8108333,26.4616667],[87.825,26.4841667],[87.8258333,26.4958333],[87.8233333,26.5066667],[87.8275,26.5125],[87.8266667,26.5175],[87.8308333,26.5208333],[87.8325,26.53],[87.8391667,26.5366667],[87.845,26.5475],[87.8458333,26.5525],[87.8433333,26.555],[87.845,26.5625]]},{"type":"LineString","coordinates":[[87.0808333,26.4566667],[87.0766667,26.4616667],[87.0766667,26.4683333],[87.0791667,26.4708333],[87.0891667,26.4666667],[87.0941667,26.47],[87.095,26.4733333],[87.0925,26.4741667],[87.0958333,26.4816667],[87.0941667,26.4841667],[87.0991667,26.4916667],[87.1008333,26.5025],[87.095,26.5041667],[87.095,26.5083333],[87.1,26.5125],[87.0958333,26.5141667],[87.0966667,26.5175],[87.0941667,26.52],[87.0991667,26.5241667],[87.0933333,26.5275],[87.0991667,26.5316667],[87.0966667,26.535],[87.105,26.5433333],[87.1041667,26.5458333],[87.11,26.5475],[87.1166667,26.5608333],[87.1216667,26.5633333],[87.12,26.5666667],[87.13,26.5683333],[87.1325,26.5741667],[87.1308333,26.5783333],[87.1341667,26.5841667],[87.1316667,26.5858333],[87.1316667,26.59],[87.1275,26.5908333],[87.1291667,26.605],[87.1266667,26.6108333]]},{"type":"LineString","coordinates":[[87.0808333,26.4566667],[87.0583333,26.4658333],[87.0625,26.4708333],[87.0583333,26.475],[87.0591667,26.4833333],[87.0566667,26.49],[87.0591667,26.4933333],[87.0558333,26.5016667],[87.0575,26.5025],[87.0566667,26.5083333],[87.0625,26.5133333],[87.0625,26.5166667],[87.0583333,26.5208333],[87.06,26.525],[87.0583333,26.5308333],[87.0541667,26.5341667],[87.0566667,26.5416667],[87.0558333,26.5458333],[87.0516667,26.5491667],[87.0525,26.5608333],[87.05,26.5608333],[87.0491667,26.5666667],[87.0533333,26.5766667],[87.0558333,26.5775],[87.055,26.5833333],[87.0616667,26.5925],[87.0533333,26.605],[87.0516667,26.605],[87.0525,26.6016667],[87.05,26.6016667],[87.0491667,26.6075],[87.0458333,26.61],[87.0458333,26.6175],[87.0516667,26.6166667],[87.0516667,26.625],[87.0683333,26.6416667],[87.085,26.6491667],[87.0966667,26.6575]]},{"type":"LineString","coordinates":[[87.4733333,26.46],[87.4775,26.4608333],[87.4808333,26.4658333],[87.4858333,26.4666667],[87.4883333,26.4691667],[87.485,26.4725],[87.4941667,26.4758333],[87.4941667,26.48],[87.4975,26.48],[87.4983333,26.4825]]},{"type":"LineString","coordinates":[[87.4733333,26.46],[87.4741667,26.4625],[87.4708333,26.4675],[87.4775,26.4716667],[87.4733333,26.4766667],[87.4741667,26.4891667],[87.4775,26.4991667],[87.4816667,26.5016667],[87.4791667,26.5108333],[87.4816667,26.515],[87.4791667,26.5316667],[87.4816667,26.535],[87.4841667,26.5508333],[87.48,26.5575],[87.4833333,26.5741667],[87.4783333,26.5775],[87.4791667,26.58],[87.4766667,26.5816667],[87.4725,26.6016667],[87.4783333,26.6091667],[87.4758333,26.6191667],[87.4791667,26.625],[87.4791667,26.6358333],[87.4883333,26.65],[87.4891667,26.66],[87.4925,26.6675],[87.4925,26.675],[87.4891667,26.6816667],[87.4916667,26.6966667],[87.4883333,26.7033333],[87.49,26.71],[87.4883333,26.7125],[87.4941667,26.7225],[87.4916667,26.7291667],[87.4975,26.7375],[87.4983333,26.7425],[87.4958333,26.7458333],[87.4975,26.7641667],[87.5016667,26.7708333]]},{"type":"LineString","coordinates":[[87.5783333,26.4608333],[87.5816667,26.4575],[87.5841667,26.4616667],[87.5808333,26.4666667],[87.5883333,26.4741667],[87.5866667,26.4791667],[87.59,26.4825],[87.59,26.4883333],[87.5933333,26.4883333],[87.5941667,26.4908333],[87.5925,26.5],[87.5958333,26.5033333],[87.5941667,26.5066667],[87.5991667,26.5091667]]},{"type":"LineString","coordinates":[[87.5783333,26.4608333],[87.5741667,26.495],[87.5783333,26.5],[87.5841667,26.5016667],[87.5908333,26.5166667],[87.5875,26.5291667],[87.5891667,26.545],[87.5916667,26.5491667],[87.5891667,26.5558333],[87.5925,26.5675],[87.595,26.5691667],[87.5966667,26.5675],[87.6008333,26.575],[87.6008333,26.5783333],[87.5941667,26.5833333],[87.5941667,26.5883333],[87.5966667,26.5958333],[87.5966667,26.61],[87.6058333,26.6266667],[87.6041667,26.6358333],[87.6066667,26.6433333]]},{"type":"LineString","coordinates":[[86.6354167,26.46125],[86.6335417,26.4639583]]},{"type":"LineString","coordinates":[[86.6335417,26.4639583],[86.6325,26.465],[86.6323698,26.465651]]},{"type":"LineString","coordinates":[[86.6335417,26.4639583],[86.6323698,26.465651]]},{"type":"LineString","coordinates":[[86.6323698,26.465651],[86.6316667,26.4666667],[86.6316667,26.4691667]]},{"type":"LineString","coordinates":[[86.6323698,26.465651],[86.6316667,26.4691667]]},{"type":"LineString","coordinates":[[86.6266667,26.4675],[86.6258333,26.4691667],[86.6258333,26.4725]]},{"type":"LineString","coordinates":[[86.6266667,26.4675],[86.6258333,26.4725]]},{"type":"LineString","coordinates":[[86.6316667,26.4691667],[86.6266667,26.4675]]},{"type":"LineString","coordinates":[[86.6258333,26.4725],[86.6283333,26.475]]},{"type":"LineString","coordinates":[[86.6283333,26.475],[86.6216667,26.4841667],[86.6166667,26.4841667],[86.6083333,26.4925],[86.6108333,26.5033333]]},{"type":"LineString","coordinates":[[86.6283333,26.475],[86.6341667,26.4758333],[86.6325,26.48],[86.635,26.4866667],[86.6383333,26.4875],[86.6416667,26.4933333],[86.65,26.4925],[86.6516667,26.4991667],[86.6341667,26.5058333],[86.6425,26.51],[86.6441667,26.5308333],[86.6408333,26.5341667],[86.65,26.5458333],[86.6541667,26.5475],[86.6558333,26.5541667],[86.66,26.5566667],[86.6616667,26.5691667],[86.6641667,26.5716667],[86.6608333,26.58]]},{"type":"LineString","coordinates":[[86.4775,26.4760417],[86.4741667,26.4808333],[86.4741667,26.4875],[86.4858333,26.4933333],[86.4875,26.4983333],[86.4866667,26.5008333],[86.4783333,26.5041667],[86.4708333,26.5141667],[86.48,26.5258333],[86.4783333,26.5383333],[86.48,26.545],[86.4925,26.5533333],[86.4966667,26.56],[86.4941667,26.5766667],[86.5016667,26.5891667],[86.5108333,26.5975],[86.5108333,26.6283333],[86.5058333,26.635],[86.4991667,26.6583333],[86.4991667,26.6641667],[86.5075,26.6791667],[86.5066667,26.6866667],[86.5116667,26.7025],[86.5108333,26.7125],[86.505,26.7175]]},{"type":"LineString","coordinates":[[88.0958333,26.4791667],[88.085,26.4883333],[88.0825,26.495],[88.0766667,26.495],[88.0625,26.505],[88.0566667,26.5041667],[88.0466667,26.5125]]},{"type":"LineString","coordinates":[[88.0958333,26.4791667],[88.0966667,26.4875],[88.0883333,26.5016667],[88.0958333,26.5091667],[88.095,26.5108333],[88.1025,26.515],[88.1058333,26.52],[88.1,26.5266667],[88.1033333,26.5391667],[88.1,26.5508333],[88.1083333,26.5666667]]},{"type":"LineString","coordinates":[[87.225,26.48],[87.2275,26.4975],[87.2341667,26.51],[87.235,26.5125],[87.2325,26.5133333],[87.2341667,26.5158333],[87.2358333,26.515],[87.2383333,26.5208333],[87.2425,26.5208333],[87.2475,26.5325],[87.2533333,26.5358333],[87.26,26.5333333],[87.26,26.5408333],[87.265,26.5475],[87.2716667,26.5508333],[87.2783333,26.56],[87.2816667,26.5583333],[87.2833333,26.56],[87.2858333,26.57],[87.2908333,26.5766667],[87.29,26.585],[87.2841667,26.5933333],[87.2883333,26.595],[87.2883333,26.6008333],[87.2925,26.6041667],[87.2925,26.6083333],[87.3025,26.6175],[87.3008333,26.6208333],[87.2991667,26.6191667],[87.3025,26.6275],[87.3008333,26.6316667]]},{"type":"LineString","coordinates":[[87.225,26.48],[87.2191667,26.4841667],[87.2191667,26.4916667],[87.2166667,26.4925],[87.2183333,26.4975],[87.2208333,26.4975],[87.22,26.5008333],[87.2133333,26.5058333],[87.2166667,26.5116667],[87.2191667,26.5116667],[87.2208333,26.5208333],[87.2233333,26.5233333],[87.2208333,26.5266667],[87.2183333,26.5258333],[87.22,26.5375],[87.2225,26.54],[87.2208333,26.5466667],[87.2241667,26.5508333],[87.2291667,26.5516667],[87.2258333,26.5558333],[87.2333333,26.56],[87.2291667,26.5716667],[87.235,26.5816667],[87.2516667,26.5908333],[87.2558333,26.6033333],[87.2608333,26.6041667],[87.2625,26.6216667],[87.2591667,26.6241667],[87.2583333,26.6325]]},{"type":"LineString","coordinates":[[87.4983333,26.4825],[87.495,26.4891667]]},{"type":"LineString","coordinates":[[87.4983333,26.4825],[87.5008333,26.4875],[87.5025,26.4858333],[87.5058333,26.4891667],[87.5083333,26.4983333],[87.5133333,26.4941667],[87.5141667,26.4991667],[87.5241667,26.4991667],[87.5175,26.505],[87.5166667,26.51],[87.5208333,26.51],[87.5283333,26.5216667],[87.5258333,26.5275],[87.5208333,26.525],[87.5183333,26.5275],[87.5283333,26.5333333],[87.5233333,26.5416667],[87.5258333,26.5433333]]},{"type":"LineString","coordinates":[[86.545,26.4860417],[86.5441667,26.4891667],[86.5508333,26.4941667],[86.5475,26.5025],[86.5525,26.5066667],[86.5491667,26.5091667],[86.5525,26.5108333],[86.5558333,26.5175],[86.5508333,26.5258333],[86.5525,26.53],[86.5475,26.5325],[86.5508333,26.535],[86.545,26.535],[86.5466667,26.5408333],[86.5441667,26.5408333],[86.5433333,26.545],[86.5483333,26.55],[86.5475,26.5541667],[86.55,26.5583333],[86.5466667,26.5575],[86.5466667,26.56],[86.5391667,26.5666667],[86.5408333,26.5691667],[86.5383333,26.58],[86.5408333,26.5866667],[86.5383333,26.595]]},{"type":"LineString","coordinates":[[87.1633333,26.4866667],[87.1583333,26.4941667],[87.1458333,26.5041667],[87.1483333,26.5116667],[87.1541667,26.5183333],[87.1533333,26.5225],[87.1483333,26.5233333],[87.1441667,26.5308333],[87.1483333,26.5341667],[87.1491667,26.5383333],[87.1466667,26.5391667]]},{"type":"LineString","coordinates":[[87.1633333,26.4866667],[87.1666667,26.4908333],[87.16,26.4958333],[87.1633333,26.5016667],[87.1625,26.52],[87.1716667,26.53],[87.1708333,26.5358333],[87.1683333,26.5366667],[87.1741667,26.54],[87.1716667,26.5475]]},{"type":"LineString","coordinates":[[87.9558333,26.4941667],[87.9591667,26.4975],[87.9575,26.5],[87.9591667,26.5041667],[87.9775,26.5166667],[87.9758333,26.5233333],[87.9825,26.5283333],[87.9841667,26.5466667]]},{"type":"LineString","coordinates":[[87.9558333,26.4941667],[87.9525,26.4983333],[87.9533333,26.505],[87.95,26.505],[87.9525,26.515],[87.9466667,26.52],[87.9508333,26.5208333],[87.9508333,26.5266667],[87.9491667,26.5291667],[87.9433333,26.5283333],[87.9458333,26.5325],[87.9508333,26.5325],[87.9483333,26.5433333],[87.9433333,26.545],[87.9466667,26.5458333],[87.945,26.55],[87.9466667,26.5533333],[87.9508333,26.555]]},{"type":"LineString","coordinates":[[86.8608333,26.4975],[86.8666667,26.505],[86.8866667,26.51],[86.8983333,26.5091667],[86.905,26.5208333],[86.9258333,26.5258333],[86.93,26.53]]},{"type":"LineString","coordinates":[[86.8608333,26.4975],[86.8575,26.4958333],[86.8566667,26.4991667],[86.8533333,26.4975],[86.85,26.5008333],[86.8566667,26.5325],[86.8525,26.5366667]]},{"type":"LineString","coordinates":[[86.7025,26.5016667],[86.7058333,26.5058333]]},{"type":"LineString","coordinates":[[86.7025,26.5016667],[86.6991667,26.5041667],[86.6925,26.5041667],[86.6883333,26.5108333]]},{"type":"LineString","coordinates":[[86.6108333,26.5033333],[86.6125,26.51],[86.6191667,26.5133333],[86.6166667,26.52],[86.6125,26.5225],[86.6141667,26.5283333],[86.6175,26.5308333],[86.62,26.54],[86.6225,26.5391667],[86.625,26.55],[86.6291667,26.5533333],[86.6366667,26.5683333],[86.635,26.5766667],[86.6433333,26.5833333],[86.6425,26.5875],[86.6383333,26.59],[86.6441667,26.595],[86.6425,26.5975],[86.645,26.5991667],[86.6425,26.6016667],[86.6441667,26.6033333]]},{"type":"LineString","coordinates":[[86.6108333,26.5033333],[86.605,26.5091667],[86.6058333,26.515],[86.6016667,26.5175],[86.6025,26.5241667],[86.5991667,26.5266667],[86.5925,26.5266667],[86.6,26.535],[86.5966667,26.5416667],[86.5975,26.5491667],[86.5941667,26.5583333],[86.5958333,26.5666667],[86.6058333,26.58],[86.6016667,26.5925],[86.6058333,26.6041667],[86.6033333,26.6091667],[86.6058333,26.6233333],[86.6158333,26.6341667],[86.615,26.64],[86.62,26.645],[86.6208333,26.6516667]]},{"type":"LineString","coordinates":[[87.9158333,26.5075],[87.9166667,26.515],[87.9208333,26.5133333],[87.9225,26.5158333],[87.9208333,26.5191667],[87.9241667,26.52],[87.9275,26.525],[87.9258333,26.5325],[87.9283333,26.5358333],[87.9233333,26.54],[87.9291667,26.5441667],[87.9233333,26.5491667],[87.9275,26.55],[87.9266667,26.5541667],[87.9325,26.56],[87.93,26.5616667],[87.9316667,26.5658333],[87.9283333,26.5691667],[87.9291667,26.575],[87.9275,26.575]]},{"type":"LineString","coordinates":[[87.9158333,26.5075],[87.905,26.5141667],[87.905,26.52],[87.9016667,26.525],[87.9016667,26.535],[87.8983333,26.5416667],[87.9008333,26.5441667],[87.8991667,26.5491667],[87.9033333,26.5558333],[87.8983333,26.5716667],[87.905,26.5741667],[87.905,26.5825],[87.91,26.59],[87.9091667,26.5958333],[87.9325,26.6275],[87.9375,26.6425],[87.9366667,26.6466667],[87.9441667,26.6541667],[87.9466667,26.6633333]]},{"type":"LineString","coordinates":[[86.7825,26.5108333],[86.7791667,26.5108333]]},{"type":"LineString","coordinates":[[86.7825,26.5108333],[86.7816667,26.5141667],[86.7858333,26.5216667],[86.7908333,26.525],[86.7916667,26.5316667],[86.7891667,26.535],[86.79,26.54],[86.7866667,26.55],[86.78,26.5575],[86.78,26.57],[86.775,26.5758333],[86.7708333,26.5758333],[86.7666667,26.5808333],[86.7525,26.5866667],[86.75,26.5891667],[86.75,26.5941667],[86.7425,26.6],[86.7366667,26.6008333],[86.7333333,26.605],[86.73,26.6041667],[86.725,26.6083333],[86.7233333,26.6183333],[86.7258333,26.6208333],[86.7275,26.6316667],[86.7241667,26.6366667],[86.7175,26.6358333],[86.7058333,26.6416667],[86.7033333,26.645],[86.7058333,26.6491667],[86.705,26.655]]},{"type":"LineString","coordinates":[[88.0466667,26.5125],[88.045,26.5116667]]},{"type":"LineString","coordinates":[[88.0466667,26.5125],[88.0483333,26.5158333],[88.0458333,26.52],[88.0491667,26.5266667],[88.0525,26.5283333],[88.0533333,26.535],[88.0508333,26.5358333],[88.0525,26.5391667],[88.0491667,26.5425],[88.0491667,26.5491667],[88.0458333,26.55],[88.0483333,26.5541667],[88.0458333,26.5583333],[88.0475,26.5633333],[88.0441667,26.565],[88.045,26.5675],[88.0416667,26.5708333],[88.0425,26.575],[88.0383333,26.575],[88.0383333,26.5783333],[88.0408333,26.5783333],[88.0425,26.5825],[88.0458333,26.5816667],[88.0491667,26.5866667],[88.045,26.5883333],[88.0458333,26.5925],[88.0433333,26.5958333],[88.0483333,26.5983333],[88.0491667,26.6016667],[88.0458333,26.6041667]]},{"type":"LineString","coordinates":[[86.93,26.53],[86.9308333,26.5383333]]},{"type":"LineString","coordinates":[[86.93,26.53],[86.9408333,26.5341667],[86.9466667,26.5308333],[86.9516667,26.54],[86.9733333,26.5525],[86.9925,26.5733333],[87.0,26.5925],[87.0066667,26.5966667],[87.0341667,26.6375],[87.0316667,26.6541667],[87.0391667,26.6675],[87.0533333,26.6833333],[87.0775,26.6916667],[87.0866667,26.715],[87.085,26.7258333],[87.0925,26.735],[87.0966667,26.7466667],[87.1016667,26.7516667],[87.12,26.7525],[87.1241667,26.7566667],[87.1266667,26.7616667],[87.125,26.7875],[87.1491667,26.8041667]]},{"type":"LineString","coordinates":[[86.8525,26.5366667],[86.8375,26.5341667],[86.8266667,26.5233333],[86.8075,26.5175],[86.805,26.5308333],[86.81,26.5333333],[86.8116667,26.5383333]]},{"type":"LineString","coordinates":[[86.8525,26.5366667],[86.855,26.54]]},{"type":"LineString","coordinates":[[86.9308333,26.5383333],[86.9383333,26.55]]},{"type":"LineString","coordinates":[[86.9308333,26.5383333],[86.9291667,26.5458333],[86.9258333,26.5483333],[86.9175,26.5475],[86.9125,26.5533333],[86.915,26.57]]},{"type":"LineString","coordinates":[[85.7291667,26.5408333],[85.7308333,26.5425],[85.7291667,26.5491667],[85.7333333,26.55],[85.7283333,26.5616667],[85.7308333,26.5633333],[85.725,26.5675],[85.73,26.57],[85.7316667,26.5741667],[85.73,26.575],[85.7325,26.5875],[85.7383333,26.5883333],[85.74,26.5925],[85.7433333,26.5916667],[85.7475,26.5975],[85.7466667,26.6025],[85.7433333,26.605],[85.7441667,26.6083333],[85.75,26.6125],[85.7508333,26.6233333],[85.7475,26.6225],[85.7475,26.6241667],[85.75,26.6266667],[85.7508333,26.635]]},{"type":"LineString","coordinates":[[87.4041667,26.5416667],[87.4083333,26.5491667],[87.4166667,26.555],[87.4158333,26.5591667],[87.4183333,26.5641667],[87.4166667,26.5691667],[87.4191667,26.5716667],[87.4158333,26.5758333],[87.4158333,26.5841667],[87.4208333,26.5933333],[87.4191667,26.5941667],[87.42,26.6],[87.4158333,26.6058333],[87.4241667,26.6183333],[87.4225,26.6233333],[87.425,26.6308333],[87.43,26.6333333],[87.4341667,26.6391667]]},{"type":"LineString","coordinates":[[87.4041667,26.5416667],[87.4,26.5458333],[87.405,26.5508333],[87.4,26.5541667],[87.4,26.5625],[87.3908333,26.57],[87.3925,26.5733333],[87.3975,26.5733333],[87.3933333,26.5791667],[87.3941667,26.5825],[87.39,26.5833333],[87.3925,26.5908333],[87.385,26.5975],[87.3833333,26.6025],[87.39,26.6075],[87.3908333,26.6125],[87.4,26.6175],[87.4008333,26.6216667],[87.4041667,26.6208333],[87.4033333,26.6258333],[87.4066667,26.6316667],[87.4033333,26.6333333],[87.4041667,26.6391667],[87.4016667,26.6416667],[87.4033333,26.6458333]]},{"type":"LineString","coordinates":[[87.5258333,26.5433333],[87.53,26.5408333],[87.5333333,26.5416667],[87.5383333,26.5458333],[87.5391667,26.5516667],[87.5525,26.5508333],[87.5541667,26.555],[87.55,26.5558333],[87.5525,26.5708333],[87.5558333,26.5725],[87.5566667,26.5691667],[87.5608333,26.5691667],[87.5616667,26.5758333],[87.5591667,26.58],[87.5675,26.5866667],[87.5708333,26.5833333],[87.5758333,26.5858333]]},{"type":"LineString","coordinates":[[87.5258333,26.5433333],[87.5241667,26.5466667],[87.5308333,26.5525],[87.5258333,26.555],[87.5283333,26.5558333],[87.5291667,26.5658333],[87.5225,26.5708333],[87.5283333,26.575],[87.525,26.5758333],[87.5241667,26.5816667],[87.5275,26.5916667],[87.5216667,26.5941667],[87.5216667,26.6025],[87.5241667,26.6041667],[87.5225,26.6083333],[87.5291667,26.6141667],[87.5283333,26.6175],[87.5325,26.6191667],[87.54,26.6316667],[87.5375,26.6475],[87.5433333,26.6583333],[87.5408333,26.6733333],[87.5375,26.6783333],[87.5383333,26.6883333],[87.5325,26.6975],[87.5316667,26.71]]},{"type":"LineString","coordinates":[[85.765668,26.5433906],[85.7691667,26.5458333],[85.7725,26.5533333]]},{"type":"LineString","coordinates":[[87.1716667,26.5475],[87.1816667,26.5608333],[87.1825,26.5666667],[87.1875,26.5741667],[87.1858333,26.575]]},{"type":"LineString","coordinates":[[87.1716667,26.5475],[87.1675,26.55],[87.1725,26.5575],[87.1716667,26.5608333],[87.1791667,26.575],[87.18,26.5816667],[87.1841667,26.585],[87.1875,26.5925],[87.1883333,26.6033333],[87.2083333,26.6183333],[87.21,26.6216667],[87.2075,26.6233333],[87.2091667,26.625],[87.2075,26.6283333],[87.21,26.6308333]]},{"type":"LineString","coordinates":[[85.8483333,26.5491822],[85.8483333,26.5533333],[85.8433333,26.5558333],[85.8408333,26.5616667],[85.8466667,26.565],[85.8458333,26.5683333],[85.85,26.5716667]]},{"type":"LineString","coordinates":[[85.8596618,26.5499758],[85.8625,26.5641667],[85.8691667,26.57],[85.8716667,26.5691667],[85.8866667,26.5766667],[85.9025,26.5925],[85.9175,26.5975],[85.935,26.6083333],[85.9508333,26.61],[85.9633333,26.6175],[86.0183333,26.6208333],[86.035,26.625],[86.065,26.6225],[86.065,26.6208333],[86.07,26.6241667],[86.0733333,26.6166667],[86.0825,26.6225],[86.0825,26.6266667]]},{"type":"LineString","coordinates":[[85.7239617,26.5503992],[85.7208333,26.5666667],[85.7175,26.57]]},{"type":"LineString","coordinates":[[85.7725,26.5533333],[85.7791667,26.555],[85.7808333,26.5525],[85.7841667,26.5558333],[85.7891667,26.5541667],[85.7925,26.5591667],[85.7958333,26.5575]]},{"type":"LineString","coordinates":[[85.7725,26.5533333],[85.77,26.5575],[85.7716667,26.5616667],[85.7675,26.5691667],[85.7691667,26.5758333],[85.7675,26.5783333],[85.7733333,26.5858333],[85.7791667,26.5858333],[85.7816667,26.5883333],[85.7808333,26.5916667],[85.7858333,26.6016667]]},{"type":"LineString","coordinates":[[87.7941667,26.5566667],[87.7933333,26.5583333],[87.7983333,26.5633333]]},{"type":"LineString","coordinates":[[87.7941667,26.5566667],[87.7825,26.5541667],[87.7791667,26.5666667],[87.7741667,26.57],[87.765,26.585],[87.7708333,26.5958333],[87.7675,26.6033333],[87.7691667,26.6091667],[87.7658333,26.6125],[87.7691667,26.6208333],[87.7675,26.6241667],[87.77,26.6266667],[87.7675,26.635],[87.775,26.6433333]]},{"type":"LineString","coordinates":[[87.845,26.5625],[87.8433333,26.5641667],[87.845,26.57],[87.8408333,26.5766667]]},{"type":"LineString","coordinates":[[87.845,26.5625],[87.8516667,26.5675],[87.8525,26.5783333],[87.8566667,26.5808333],[87.8516667,26.5883333],[87.8525,26.6],[87.8575,26.6133333],[87.8558333,26.6208333],[87.86,26.6266667],[87.8591667,26.6325],[87.8716667,26.6591667],[87.8766667,26.665],[87.8791667,26.6641667],[87.8833333,26.6725],[87.8825,26.6791667],[87.875,26.69],[87.8766667,26.695],[87.8791667,26.6925],[87.8833333,26.6941667],[87.8816667,26.6966667],[87.8841667,26.6991667],[87.88,26.7016667],[87.8825,26.705],[87.8808333,26.7108333],[87.8825,26.7158333],[87.8716667,26.725],[87.8733333,26.73],[87.8775,26.73],[87.8808333,26.735],[87.88,26.7408333],[87.875,26.7475],[87.8758333,26.75]]},{"type":"LineString","coordinates":[[88.1083333,26.5666667],[88.1033333,26.5741667],[88.1058333,26.5783333],[88.105,26.5841667]]},{"type":"LineString","coordinates":[[88.1083333,26.5666667],[88.11,26.5691667],[88.1166667,26.5666667],[88.1183333,26.5783333],[88.1158333,26.5816667],[88.1175,26.5858333],[88.1225,26.5891667],[88.1275,26.6008333]]},{"type":"LineString","coordinates":[[85.7175,26.57],[85.7131384,26.5702908]]},{"type":"LineString","coordinates":[[85.7175,26.57],[85.7183333,26.5725],[85.7141667,26.5741667],[85.715,26.5783333],[85.72,26.5766667],[85.7208333,26.5816667],[85.725,26.585],[85.7216667,26.5891667],[85.7216667,26.5941667],[85.7266667,26.5983333],[85.7266667,26.6033333],[85.7216667,26.605],[85.7216667,26.6075],[85.7258333,26.6166667],[85.7241667,26.6191667],[85.7283333,26.6225],[85.7266667,26.6275],[85.73,26.63],[85.7275,26.6416667],[85.7333333,26.645],[85.7291667,26.6483333],[85.7233333,26.6483333],[85.7233333,26.6525],[85.72,26.655],[85.7275,26.6575],[85.73,26.6625],[85.7325,26.66],[85.7391667,26.6666667],[85.74,26.67],[85.7358333,26.6725],[85.7391667,26.6758333],[85.7375,26.6791667],[85.7425,26.6833333],[85.7416667,26.6858333]]},{"type":"LineString","coordinates":[[86.915,26.57],[86.9133333,26.5783333],[86.925,26.5883333],[86.9233333,26.595],[86.9283333,26.5975]]},{"type":"LineString","coordinates":[[86.915,26.57],[86.8991667,26.5716667],[86.8908333,26.5908333],[86.8925,26.5966667],[86.8875,26.5991667]]},{"type":"LineString","coordinates":[[85.85,26.5716667],[85.8491667,26.5691667],[85.8525,26.5683333],[85.8575,26.5758333],[85.86,26.575],[85.8633333,26.5791667],[85.86,26.5816667],[85.8633333,26.5883333],[85.87,26.5833333],[85.8691667,26.59],[85.8791667,26.5975],[85.8833333,26.5975]]},{"type":"LineString","coordinates":[[85.85,26.5716667],[85.8491667,26.575],[85.855,26.5816667],[85.8533333,26.585],[85.8575,26.5866667],[85.8541667,26.5925],[85.8566667,26.5941667],[85.8541667,26.5975],[85.8558333,26.6016667],[85.8533333,26.6033333],[85.8541667,26.61],[85.8516667,26.61],[85.8525,26.6175]]},{"type":"LineString","coordinates":[[86.2148611,26.5748611],[86.2150833,26.5749167]]},{"type":"LineString","coordinates":[[86.2166667,26.5753125],[86.2175,26.5783333],[86.215,26.5816667],[86.2225,26.585],[86.2208333,26.5883333],[86.2183333,26.5866667],[86.2158333,26.59],[86.2141667,26.5891667],[86.215,26.595],[86.2175,26.5966667],[86.2166667,26.6016667]]},{"type":"LineString","coordinates":[[87.6408333,26.58],[87.65,26.59],[87.6608333,26.5908333],[87.6708333,26.6033333],[87.67,26.6066667],[87.6783333,26.61],[87.6783333,26.62],[87.6758333,26.6241667],[87.68,26.6291667],[87.685,26.6283333],[87.6875,26.6308333],[87.6933333,26.6433333],[87.7033333,26.65],[87.7125,26.6675],[87.7166667,26.6691667],[87.7175,26.6741667]]},{"type":"LineString","coordinates":[[87.6408333,26.58],[87.6375,26.5783333],[87.6375,26.585],[87.6416667,26.5883333],[87.6375,26.595],[87.6466667,26.6],[87.6483333,26.6091667],[87.655,26.6133333],[87.6533333,26.6241667],[87.655,26.6316667],[87.65,26.6358333],[87.6491667,26.64],[87.6441667,26.6416667],[87.6441667,26.6475],[87.64,26.6558333],[87.6508333,26.6816667],[87.65,26.6841667],[87.6533333,26.6875],[87.6508333,26.6908333],[87.6533333,26.6925],[87.6516667,26.6966667],[87.655,26.7075],[87.6541667,26.7116667],[87.67,26.7258333],[87.68,26.73],[87.6833333,26.7458333],[87.6925,26.7575],[87.6958333,26.7583333],[87.6958333,26.7641667],[87.7,26.7708333],[87.7025,26.7816667],[87.6908333,26.7891667]]},{"type":"LineString","coordinates":[[86.3945833,26.58125],[86.3975,26.5933333],[86.3958333,26.5958333],[86.3933333,26.595],[86.3916667,26.5991667],[86.3983333,26.6116667],[86.3983333,26.6166667],[86.405,26.6141667],[86.4066667,26.62],[86.4141667,26.6241667]]},{"type":"LineString","coordinates":[[86.3283333,26.5833333],[86.3316667,26.5966667],[86.3416667,26.6058333],[86.3383333,26.6083333],[86.3566667,26.6333333]]},{"type":"LineString","coordinates":[[88.105,26.5841667],[88.0983333,26.5758333],[88.0958333,26.5758333],[88.0983333,26.585],[88.0925,26.5891667],[88.0925,26.595]]},{"type":"LineString","coordinates":[[88.105,26.5841667],[88.1075,26.5866667],[88.1041667,26.5933333],[88.1108333,26.6016667],[88.1133333,26.6066667],[88.1116667,26.61],[88.1141667,26.6125],[88.1125,26.6191667],[88.1141667,26.6241667],[88.1108333,26.63],[88.1125,26.65],[88.1075,26.6533333],[88.1058333,26.6575],[88.115,26.6725],[88.1158333,26.68]]},{"type":"LineString","coordinates":[[86.1470833,26.5854167],[86.1466667,26.6058333],[86.1508333,26.615],[86.1533333,26.6158333],[86.1566667,26.635],[86.1591667,26.6383333],[86.1583333,26.6425],[86.1641667,26.6525],[86.175,26.6516667],[86.1766667,26.655],[86.175,26.6566667],[86.1783333,26.66],[86.1816667,26.6583333],[86.1833333,26.6616667],[86.1925,26.6633333],[86.1983333,26.6683333],[86.2,26.6741667],[86.195,26.6816667],[86.1958333,26.69]]},{"type":"LineString","coordinates":[[86.5383333,26.595],[86.5416667,26.5966667],[86.5433333,26.6016667]]},{"type":"LineString","coordinates":[[86.5383333,26.595],[86.5325,26.605],[86.535,26.6191667],[86.5308333,26.6308333]]},{"type":"LineString","coordinates":[[88.0925,26.595],[88.0883333,26.5983333],[88.0866667,26.605],[88.0833333,26.6058333],[88.08,26.6108333]]},{"type":"LineString","coordinates":[[88.0925,26.595],[88.0975,26.5975],[88.0925,26.6075],[88.0966667,26.6133333],[88.0958333,26.6166667],[88.0916667,26.6183333],[88.0941667,26.6208333],[88.0916667,26.6233333],[88.0941667,26.63],[88.085,26.6341667],[88.0841667,26.6391667],[88.0783333,26.6425],[88.0758333,26.6583333],[88.0716667,26.6675],[88.0558333,26.6808333],[88.0541667,26.6958333]]},{"type":"LineString","coordinates":[[85.8833333,26.5975],[85.8866667,26.6025],[85.895,26.6041667],[85.8966667,26.61],[85.9,26.6125],[85.8983333,26.6141667],[85.9125,26.6208333]]},{"type":"LineString","coordinates":[[85.8833333,26.5975],[85.8866667,26.5941667],[85.8991667,26.5941667],[85.9033333,26.6016667],[85.9091667,26.605],[85.9133333,26.6041667],[85.9141667,26.6091667],[85.9266667,26.6091667],[85.9266667,26.6133333],[85.9283333,26.6125],[85.93,26.6158333],[85.9325,26.6133333],[85.9383333,26.6166667],[85.9408333,26.6133333],[85.945,26.6133333],[85.9458333,26.6216667],[85.9558333,26.63],[85.9525,26.6366667],[85.9533333,26.6433333],[85.9566667,26.6483333],[85.9633333,26.6516667]]},{"type":"LineString","coordinates":[[86.9283333,26.5975],[86.93,26.6],[86.9258333,26.6125],[86.935,26.6216667],[86.9375,26.6291667],[86.9458333,26.6341667],[86.9475,26.6416667],[86.9591667,26.6466667],[86.9541667,26.6583333],[86.9566667,26.6625]]},{"type":"LineString","coordinates":[[86.9283333,26.5975],[86.9533333,26.595],[86.9558333,26.6025],[86.965,26.6075],[86.9658333,26.6133333],[86.9741667,26.6175],[86.9858333,26.63],[86.9808333,26.6491667],[86.9908333,26.65],[86.9933333,26.6575],[86.9991667,26.655],[87.0141667,26.6716667],[87.0116667,26.6791667],[87.02,26.6908333],[87.0091667,26.7033333],[87.0133333,26.7158333],[87.0116667,26.7216667],[87.0191667,26.7333333],[87.035,26.7458333],[87.0358333,26.7566667],[87.0458333,26.7666667],[87.055,26.7875]]},{"type":"LineString","coordinates":[[86.8875,26.5991667],[86.8858333,26.6091667],[86.8883333,26.6191667]]},{"type":"LineString","coordinates":[[86.8875,26.5991667],[86.8741667,26.5975],[86.8691667,26.6008333],[86.8608333,26.6183333],[86.855,26.6233333],[86.84,26.63],[86.8316667,26.63],[86.8241667,26.6366667],[86.8175,26.6375],[86.8041667,26.655],[86.8041667,26.665]]},{"type":"LineString","coordinates":[[88.1275,26.6008333],[88.1258333,26.6041667],[88.1283333,26.6066667],[88.1241667,26.61],[88.1275,26.6133333],[88.1275,26.6208333],[88.1316667,26.63],[88.1391667,26.6358333],[88.1383333,26.6383333]]},{"type":"LineString","coordinates":[[88.1275,26.6008333],[88.1333333,26.6025],[88.1333333,26.6091667],[88.1441667,26.6216667],[88.1491667,26.6208333],[88.1558333,26.6233333],[88.1591667,26.6291667],[88.1583333,26.6358333],[88.165,26.6416667],[88.165,26.6608333],[88.1616667,26.6725],[88.1675,26.68],[88.1708333,26.6916667],[88.1733333,26.6933333],[88.1741667,26.6908333],[88.1791667,26.6991667],[88.1783333,26.7033333],[88.1816667,26.7066667],[88.1775,26.7116667],[88.1841667,26.7216667],[88.1825,26.7316667],[88.19,26.7383333],[88.1891667,26.7433333],[88.1925,26.7466667],[88.1933333,26.7616667],[88.1858333,26.7675],[88.1816667,26.7841667],[88.1816667,26.81],[88.1725,26.8258333]]},{"type":"LineString","coordinates":[[85.7858333,26.6016667],[85.7875,26.6058333],[85.7891667,26.6041667],[85.795,26.6066667],[85.7966667,26.61],[85.8,26.61],[85.8016667,26.6141667]]},{"type":"LineString","coordinates":[[85.7858333,26.6016667],[85.78,26.6058333],[85.7791667,26.6116667],[85.7741667,26.6141667],[85.7741667,26.6241667],[85.7875,26.6433333],[85.7883333,26.6491667],[85.7858333,26.655],[85.7875,26.6591667],[85.785,26.6625],[85.7908333,26.6675],[85.7891667,26.67],[85.7916667,26.6733333],[85.7866667,26.6808333],[85.7916667,26.69],[85.7975,26.6908333],[85.7983333,26.6966667],[85.795,26.6983333],[85.7958333,26.7033333]]},{"type":"LineString","coordinates":[[86.2166667,26.6016667],[86.2216667,26.6066667],[86.2266667,26.6066667],[86.2283333,26.6041667],[86.2325,26.605],[86.235,26.6083333],[86.2391667,26.6075],[86.2491667,26.6166667],[86.255,26.6183333],[86.2608333,26.6166667]]},{"type":"LineString","coordinates":[[86.2166667,26.6016667],[86.21,26.605],[86.2058333,26.6041667],[86.2108333,26.6125],[86.2075,26.6166667],[86.2091667,26.6191667],[86.2058333,26.6216667],[86.2066667,26.6275],[86.2116667,26.6308333],[86.2083333,26.6358333],[86.2091667,26.6425],[86.2175,26.6525],[86.23,26.655],[86.2316667,26.6608333],[86.2425,26.6708333],[86.2483333,26.67],[86.2491667,26.675],[86.2558333,26.6783333],[86.255,26.6808333],[86.2583333,26.6858333],[86.2566667,26.6875],[86.265,26.6883333],[86.2666667,26.6866667],[86.27,26.6883333],[86.2716667,26.6933333],[86.2775,26.6925],[86.2808333,26.7],[86.2983333,26.7191667],[86.2908333,26.725],[86.2933333,26.7275],[86.2908333,26.7308333],[86.2941667,26.7391667],[86.295,26.7516667],[86.3,26.7541667],[86.2975,26.7575],[86.3016667,26.7616667],[86.3033333,26.76],[86.3058333,26.7633333],[86.31,26.7633333],[86.3116667,26.7675],[86.31,26.7708333],[86.3133333,26.7741667],[86.3116667,26.7916667],[86.3158333,26.7991667],[86.32,26.8016667]]},{"type":"LineString","coordinates":[[87.1266667,26.6108333],[87.1216667,26.6175],[87.1175,26.6191667],[87.1141667,26.6375],[87.1116667,26.6383333]]},{"type":"LineString","coordinates":[[87.1266667,26.6108333],[87.1291667,26.6175],[87.1458333,26.6183333],[87.1491667,26.6158333],[87.1533333,26.6175],[87.1541667,26.6333333],[87.1591667,26.6391667],[87.1683333,26.6425],[87.17,26.6541667],[87.175,26.6616667],[87.1766667,26.6691667],[87.1791667,26.6691667],[87.1833333,26.6741667],[87.1825,26.6783333],[87.185,26.6833333],[87.2066667,26.6958333],[87.2133333,26.7058333],[87.2283333,26.7116667],[87.2383333,26.7125],[87.2491667,26.7241667],[87.2575,26.7275],[87.2808333,26.7525],[87.2891667,26.7583333],[87.2925,26.7658333],[87.2975,26.7675],[87.2991667,26.775],[87.3041667,26.78]]},{"type":"LineString","coordinates":[[86.2608333,26.6166667],[86.2641667,26.6158333],[86.2666667,26.6208333],[86.2683333,26.6191667],[86.2716667,26.6208333],[86.2883333,26.62]]},{"type":"LineString","coordinates":[[86.2608333,26.6166667],[86.2658333,26.63],[86.27,26.6325],[86.2716667,26.6375],[86.2683333,26.64],[86.27,26.6425]]},{"type":"LineString","coordinates":[[85.8525,26.6175],[85.8633333,26.6191667],[85.8633333,26.6283333],[85.8691667,26.6283333],[85.87,26.6308333]]},{"type":"LineString","coordinates":[[85.8525,26.6175],[85.8475,26.6175],[85.8491667,26.6208333],[85.8458333,26.6216667],[85.8458333,26.6241667],[85.8483333,26.6275],[85.8425,26.63],[85.8466667,26.6383333],[85.8416667,26.6383333],[85.8408333,26.6408333],[85.8391667,26.6391667],[85.8366667,26.645],[85.8391667,26.6466667],[85.8366667,26.6525],[85.8416667,26.6558333],[85.8391667,26.6616667],[85.8416667,26.6633333],[85.8391667,26.665],[85.8458333,26.6791667],[85.845,26.6816667],[85.8483333,26.6841667],[85.8475,26.6983333],[85.8525,26.7],[85.8475,26.7025],[85.855,26.7066667],[85.8483333,26.7133333],[85.845,26.7116667],[85.8441667,26.725],[85.8525,26.7416667],[85.8525,26.7516667],[85.8591667,26.755],[85.8625,26.7616667],[85.8675,26.76],[85.8675,26.765],[85.8725,26.7683333],[85.8775,26.7641667],[85.88,26.765],[85.8833333,26.7775],[85.8808333,26.7783333],[85.8791667,26.7833333],[85.8833333,26.7866667]]},{"type":"LineString","coordinates":[[85.6867708,26.61875],[85.6883333,26.6208333],[85.6841667,26.6241667],[85.685,26.6283333],[85.6819499,26.62761]]},{"type":"LineString","coordinates":[[86.2883333,26.62],[86.2883333,26.625],[86.2925,26.6291667],[86.2908333,26.6308333],[86.2933333,26.635],[86.2916667,26.6391667],[86.2958333,26.6416667],[86.2966667,26.6533333],[86.3008333,26.6583333]]},{"type":"LineString","coordinates":[[86.2883333,26.62],[86.2925,26.6208333],[86.295,26.6191667],[86.2975,26.6241667],[86.3008333,26.6225],[86.3041667,26.6283333],[86.3133333,26.6308333],[86.3241667,26.64],[86.3275,26.64],[86.3266667,26.6425],[86.3316667,26.645],[86.3308333,26.6491667],[86.3358333,26.6608333],[86.345,26.6666667],[86.345,26.6791667],[86.3475,26.6808333],[86.3475,26.6858333],[86.3525,26.69],[86.35,26.6933333],[86.3533333,26.6983333],[86.3508333,26.7058333],[86.36,26.7141667],[86.3591667,26.7208333],[86.3533333,26.725],[86.3466667,26.7408333],[86.3425,26.745],[86.3391667,26.745],[86.3433333,26.7525],[86.3391667,26.7608333],[86.3458333,26.7608333],[86.3458333,26.7633333],[86.3416667,26.7658333],[86.345,26.7733333],[86.35,26.7775],[86.3516667,26.7908333],[86.3633333,26.8041667],[86.3666667,26.815],[86.3741667,26.8225]]},{"type":"LineString","coordinates":[[85.9125,26.6208333],[85.9158333,26.6183333],[85.92,26.62],[85.9191667,26.6258333],[85.9216667,26.6283333]]},{"type":"LineString","coordinates":[[85.9125,26.6208333],[85.915,26.6241667],[85.9091667,26.6291667],[85.9125,26.6466667],[85.9091667,26.6475],[85.9108333,26.6525],[85.9083333,26.6575],[85.9141667,26.6641667]]},{"type":"LineString","coordinates":[[86.4141667,26.6241667],[86.4125,26.6275],[86.4166667,26.6333333],[86.415,26.6375]]},{"type":"LineString","coordinates":[[86.4141667,26.6241667],[86.415,26.6233333],[86.4183333,26.6258333],[86.4241667,26.6225],[86.4258333,26.6283333],[86.4358333,26.6375],[86.4441667,26.6375],[86.4491667,26.6475],[86.4458333,26.6525],[86.45,26.6558333],[86.4491667,26.6583333]]},{"type":"LineString","coordinates":[[86.0825,26.6266667],[86.0858333,26.6275],[86.0866667,26.6325],[86.0841667,26.6341667],[86.0875,26.6391667],[86.0866667,26.6425],[86.0925,26.6475],[86.0958333,26.6466667],[86.1,26.6516667],[86.1025,26.6575],[86.1008333,26.6683333],[86.1058333,26.6691667],[86.11,26.6791667],[86.1166667,26.685],[86.1141667,26.6883333],[86.115,26.6966667],[86.1216667,26.7033333]]},{"type":"LineString","coordinates":[[86.0825,26.6266667],[86.0791667,26.63],[86.08,26.6375],[86.0775,26.6391667],[86.0816667,26.6425],[86.07,26.6575],[86.0716667,26.6591667],[86.0691667,26.665],[86.085,26.6816667],[86.0841667,26.6916667],[86.0891667,26.7],[86.0866667,26.7133333],[86.0891667,26.7283333],[86.0875,26.7291667],[86.095,26.7358333],[86.0991667,26.7466667]]},{"type":"LineString","coordinates":[[87.3008333,26.6316667],[87.2966667,26.6325],[87.2866667,26.6525]]},{"type":"LineString","coordinates":[[87.3008333,26.6316667],[87.3025,26.635],[87.3075,26.6366667],[87.3116667,26.6516667],[87.315,26.6533333],[87.3133333,26.655],[87.3266667,26.665],[87.3308333,26.6725],[87.3391667,26.6791667],[87.3441667,26.6891667],[87.3708333,26.715],[87.3708333,26.7183333],[87.3775,26.7216667],[87.3775,26.7308333],[87.39,26.7425],[87.3966667,26.7575],[87.3983333,26.7683333],[87.4108333,26.7891667],[87.4108333,26.8058333],[87.4058333,26.8116667],[87.4116667,26.8191667],[87.4208333,26.8183333],[87.4283333,26.8225],[87.4325,26.8308333]]},{"type":"LineString","coordinates":[[86.3566667,26.6333333],[86.3583333,26.6366667],[86.3558333,26.6425]]},{"type":"LineString","coordinates":[[86.3566667,26.6333333],[86.3658333,26.6333333],[86.3675,26.635],[86.3733333,26.6341667],[86.3758333,26.6375],[86.38,26.6358333],[86.3833333,26.6425],[86.39,26.6483333],[86.3916667,26.6466667],[86.395,26.6541667],[86.4025,26.6608333]]},{"type":"LineString","coordinates":[[85.6761511,26.6382674],[85.6775,26.6441667]]},{"type":"LineString","coordinates":[[87.1116667,26.6383333],[87.1091667,26.6458333],[87.1125,26.65],[87.1125,26.6566667],[87.1191667,26.6633333],[87.1233333,26.6633333],[87.1316667,26.6691667],[87.135,26.6683333],[87.1341667,26.6708333],[87.1433333,26.6783333],[87.1541667,26.6775],[87.16,26.6825],[87.1675,26.6825],[87.1783333,26.6891667],[87.1825,26.695],[87.1841667,26.7075]]},{"type":"LineString","coordinates":[[87.1116667,26.6383333],[87.1075,26.6383333],[87.1058333,26.665],[87.1091667,26.6691667],[87.115,26.6708333],[87.1166667,26.6766667],[87.1291667,26.6916667],[87.1275,26.695],[87.135,26.6958333],[87.1383333,26.7041667],[87.1425,26.7066667],[87.1483333,26.7158333]]},{"type":"LineString","coordinates":[[85.2725,26.6391667],[85.2833333,26.6483333]]},{"type":"LineString","coordinates":[[87.6066667,26.6433333],[87.605,26.6525],[87.6075,26.6575]]},{"type":"LineString","coordinates":[[87.6066667,26.6433333],[87.5975,26.6566667],[87.5883333,26.6583333],[87.5791667,26.6691667],[87.5725,26.6716667],[87.57,26.6775],[87.5716667,26.6891667],[87.5616667,26.7016667],[87.5583333,26.71],[87.5591667,26.7175],[87.5541667,26.7283333]]},{"type":"LineString","coordinates":[[85.6775,26.6441667],[85.6733333,26.6483333],[85.6766667,26.66],[85.6725,26.6616667],[85.6725,26.6641667]]},{"type":"LineString","coordinates":[[85.6775,26.6441667],[85.6833333,26.6491667],[85.6825,26.6516667],[85.6875,26.6566667],[85.6908333,26.6675],[85.6958333,26.6691667],[85.6991667,26.6766667],[85.6983333,26.6866667],[85.6958333,26.6875],[85.6983333,26.6916667],[85.695,26.695],[85.7,26.7016667],[85.695,26.705],[85.695,26.71],[85.6916667,26.7083333],[85.6858333,26.7158333],[85.6866667,26.7175],[85.6825,26.7191667],[85.685,26.7225],[85.6825,26.7258333],[85.6841667,26.7308333],[85.6808333,26.7325],[85.6958333,26.7466667],[85.695,26.7525]]},{"type":"LineString","coordinates":[[85.2650698,26.6452093],[85.2591667,26.6641667],[85.2541667,26.6641667],[85.2473485,26.6596212]]},{"type":"LineString","coordinates":[[87.4033333,26.6458333],[87.4008333,26.6475],[87.4016667,26.655]]},{"type":"LineString","coordinates":[[87.4033333,26.6458333],[87.4066667,26.6458333],[87.4083333,26.6591667],[87.415,26.6675],[87.415,26.675],[87.4208333,26.6858333],[87.4241667,26.6991667],[87.4291667,26.7075],[87.4375,26.7141667],[87.4358333,26.72],[87.4375,26.7258333],[87.435,26.7275],[87.4333333,26.735]]},{"type":"LineString","coordinates":[[85.2833333,26.6483333],[85.2808333,26.6533333],[85.2766667,26.655],[85.2725,26.6533333],[85.2683333,26.6575],[85.2683333,26.6683333],[85.2641667,26.6708333],[85.2691667,26.6791667],[85.265,26.6883333],[85.27,26.69],[85.2733333,26.6941667],[85.27,26.6966667],[85.2633333,26.7133333],[85.2658333,26.7158333],[85.2641667,26.72],[85.2666667,26.7241667],[85.2708333,26.7225],[85.2733333,26.7258333],[85.2758333,26.7233333],[85.2775,26.73],[85.2841667,26.7291667],[85.2833333,26.7358333],[85.29,26.7408333],[85.2875,26.7483333],[85.2908333,26.7516667],[85.285,26.7641667]]},{"type":"LineString","coordinates":[[85.2833333,26.6483333],[85.2875,26.6533333],[85.295,26.6741667],[85.3,26.675],[85.3016667,26.68],[85.3075,26.685],[85.3075,26.6891667],[85.3125,26.6933333],[85.3125,26.6983333],[85.3158333,26.7008333],[85.3141667,26.705],[85.3183333,26.7066667],[85.3233333,26.715],[85.3241667,26.7216667],[85.3333333,26.73],[85.3266667,26.7325],[85.3258333,26.735],[85.3266667,26.745],[85.3316667,26.7491667],[85.3291667,26.7566667],[85.3325,26.7583333],[85.3316667,26.7641667],[85.3275,26.765],[85.3291667,26.7708333],[85.3266667,26.7741667]]},{"type":"LineString","coordinates":[[85.9633333,26.6516667],[85.9625,26.6641667],[85.9666667,26.665],[85.965,26.6708333],[85.9666667,26.675],[85.9691667,26.6758333],[85.9716667,26.6733333],[85.9741667,26.675],[85.9758333,26.6725],[85.98,26.6758333],[85.975,26.6791667],[85.9725,26.6858333],[85.9858333,26.7041667]]},{"type":"LineString","coordinates":[[85.9633333,26.6516667],[85.9725,26.655],[85.975,26.6583333],[86.0108333,26.655],[86.0133333,26.66],[86.0191667,26.6608333],[86.0333333,26.6691667],[86.0333333,26.6741667],[86.0441667,26.6825],[86.0458333,26.6941667],[86.05,26.7025],[86.0516667,26.7183333],[86.0716667,26.7358333],[86.0733333,26.7458333]]},{"type":"LineString","coordinates":[[87.2866667,26.6525],[87.28,26.6525],[87.2808333,26.6558333],[87.2775,26.66],[87.2883333,26.6733333],[87.2891667,26.6791667],[87.2866667,26.6808333],[87.2883333,26.6891667],[87.2925,26.6925],[87.2908333,26.6966667],[87.295,26.7041667],[87.2941667,26.71],[87.2966667,26.7166667],[87.3008333,26.7183333]]},{"type":"LineString","coordinates":[[87.2866667,26.6525],[87.285,26.6575],[87.2891667,26.6675],[87.2941667,26.6691667],[87.3066667,26.6808333],[87.31,26.6891667],[87.3083333,26.6908333],[87.3091667,26.6991667],[87.3133333,26.7008333],[87.3141667,26.705],[87.3208333,26.7108333],[87.3191667,26.7158333],[87.3216667,26.7166667],[87.3241667,26.7141667],[87.325,26.72],[87.3308333,26.725],[87.3291667,26.7283333],[87.3341667,26.7325]]},{"type":"LineString","coordinates":[[87.6075,26.6575],[87.605,26.6616667],[87.6083333,26.6691667],[87.6075,26.6725],[87.6133333,26.6808333],[87.6133333,26.6833333],[87.6083333,26.6858333],[87.6108333,26.69]]},{"type":"LineString","coordinates":[[87.6075,26.6575],[87.6158333,26.6641667],[87.6158333,26.67],[87.6225,26.6741667],[87.6216667,26.6783333],[87.625,26.68],[87.6225,26.6825],[87.62,26.6966667],[87.6241667,26.7041667],[87.625,26.715],[87.6291667,26.7166667],[87.6383333,26.7325],[87.6466667,26.7366667],[87.6525,26.7458333],[87.6516667,26.7491667],[87.6741667,26.7725],[87.6791667,26.7816667],[87.6708333,26.7908333],[87.665,26.7908333],[87.6558333,26.7983333],[87.6458333,26.8],[87.6425,26.8033333],[87.6441667,26.8075],[87.6408333,26.81],[87.6333333,26.8091667]]},{"type":"LineString","coordinates":[[85.2451737,26.6613898],[85.25,26.675],[85.2508333,26.69],[85.2608333,26.6966667],[85.2558333,26.7041667],[85.2575,26.7158333],[85.2533333,26.7158333],[85.2583333,26.725],[85.2575,26.7308333],[85.2516667,26.7325],[85.2558333,26.7433333],[85.2558333,26.7508333],[85.2533333,26.7533333],[85.2575,26.755],[85.2575,26.7583333],[85.2558333,26.7633333],[85.25,26.7675]]},{"type":"LineString","coordinates":[[86.9566667,26.6625],[86.9491667,26.6683333],[86.9516667,26.6841667]]},{"type":"LineString","coordinates":[[86.9566667,26.6625],[86.9633333,26.6625],[86.9633333,26.6716667],[86.97,26.6675],[86.9733333,26.6691667],[86.9591667,26.6791667],[86.9666667,26.6825],[86.9741667,26.6816667],[86.97,26.6891667],[86.9775,26.6891667],[86.9841667,26.6983333],[86.9908333,26.6983333],[86.9933333,26.7025],[86.9866667,26.7091667],[86.9716667,26.7091667],[86.9733333,26.7291667],[86.9683333,26.735],[86.9466667,26.7316667],[86.9333333,26.7383333],[86.9291667,26.7458333]]},{"type":"LineString","coordinates":[[87.9466667,26.6633333],[87.9475,26.6716667],[87.9441667,26.6783333],[87.95,26.6816667],[87.95,26.6858333],[87.96,26.6958333],[87.9641667,26.7075],[87.9741667,26.7116667],[87.9841667,26.7208333],[87.9816667,26.7216667],[87.9858333,26.7266667],[87.98,26.7408333],[87.9775,26.7391667],[87.9641667,26.745],[87.9558333,26.7583333],[87.9591667,26.7841667],[87.9741667,26.8025]]},{"type":"LineString","coordinates":[[87.9466667,26.6633333],[87.955,26.665],[87.9775,26.68],[87.985,26.6933333],[87.9875,26.7075],[87.995,26.7133333],[88.005,26.7283333],[88.015,26.7325],[88.0141667,26.735],[88.0216667,26.7466667],[88.0208333,26.75],[88.0291667,26.7608333],[88.0275,26.7766667],[88.025,26.78],[88.0258333,26.7891667],[88.0308333,26.7991667],[88.0308333,26.8166667],[88.0366667,26.8208333],[88.04,26.8308333],[88.0466667,26.8375],[88.0433333,26.8458333],[88.0441667,26.8491667]]},{"type":"LineString","coordinates":[[85.9141667,26.6641667],[85.9058333,26.67],[85.9058333,26.6825],[85.9041667,26.6816667],[85.9008333,26.6858333],[85.8958333,26.6833333],[85.8925,26.6866667],[85.8941667,26.6908333],[85.89,26.6966667],[85.8916667,26.7008333],[85.8875,26.7033333],[85.8883333,26.7116667],[85.8941667,26.7191667],[85.8908333,26.7241667],[85.895,26.7308333],[85.8916667,26.7333333],[85.8916667,26.7425]]},{"type":"LineString","coordinates":[[85.9141667,26.6641667],[85.9166667,26.6683333],[85.93,26.6733333],[85.9308333,26.6775],[85.9358333,26.6791667],[85.93,26.685],[85.93,26.6891667],[85.9358333,26.6941667],[85.945,26.71],[85.9383333,26.7133333],[85.94,26.72],[85.9383333,26.7275],[85.9408333,26.7358333],[85.9333333,26.7416667],[85.9341667,26.7525]]},{"type":"LineString","coordinates":[[87.7175,26.6741667],[87.7233333,26.68],[87.7308333,26.6808333]]},{"type":"LineString","coordinates":[[87.7175,26.6741667],[87.7083333,26.6916667],[87.7091667,26.7008333],[87.7016667,26.7258333],[87.7075,26.7366667],[87.7125,26.7375],[87.715,26.7433333],[87.7191667,26.745],[87.7158333,26.75],[87.7191667,26.7533333],[87.7216667,26.765],[87.7258333,26.7666667],[87.72,26.7708333],[87.7241667,26.775],[87.7208333,26.7816667],[87.7266667,26.7883333],[87.7266667,26.7983333],[87.7241667,26.8033333]]},{"type":"LineString","coordinates":[[88.1158333,26.68],[88.11,26.685],[88.1058333,26.6933333],[88.1033333,26.71],[88.09,26.7341667],[88.0866667,26.7366667]]},{"type":"LineString","coordinates":[[88.1158333,26.68],[88.1166667,26.6883333],[88.1233333,26.6966667],[88.1266667,26.7191667],[88.1416667,26.7333333],[88.1475,26.7508333]]},{"type":"LineString","coordinates":[[85.7416667,26.6858333],[85.7391667,26.6958333],[85.735,26.6991667],[85.7366667,26.7058333]]},{"type":"LineString","coordinates":[[85.7416667,26.6858333],[85.74,26.6841667],[85.7233333,26.7016667],[85.7216667,26.7091667],[85.7275,26.7175],[85.7275,26.7258333],[85.725,26.7291667],[85.7283333,26.7333333],[85.7258333,26.7383333],[85.7308333,26.7441667],[85.7208333,26.7516667],[85.72,26.7575]]},{"type":"LineString","coordinates":[[86.1958333,26.69],[86.2041667,26.7041667],[86.1983333,26.715],[86.2041667,26.7158333],[86.2058333,26.7191667],[86.2083333,26.7183333],[86.2141667,26.7258333]]},{"type":"LineString","coordinates":[[86.1958333,26.69],[86.1875,26.705],[86.19,26.7075],[86.1916667,26.7191667],[86.1808333,26.73]]},{"type":"LineString","coordinates":[[85.4098755,26.6920562],[85.4091667,26.6975],[85.4116667,26.6991667],[85.41,26.7041667]]},{"type":"LineString","coordinates":[[85.7958333,26.7033333],[85.7933333,26.7025],[85.7933333,26.7066667],[85.79,26.7058333],[85.7883333,26.7083333],[85.7916667,26.7266667],[85.7883333,26.7333333],[85.7891667,26.7383333],[85.7825,26.7466667]]},{"type":"LineString","coordinates":[[85.7958333,26.7033333],[85.7966667,26.7141667],[85.8016667,26.715],[85.805,26.7125],[85.8066667,26.7166667],[85.8116667,26.7191667],[85.8116667,26.7225],[85.82,26.7208333],[85.8233333,26.7275],[85.8325,26.73],[85.8333333,26.7383333],[85.8366667,26.74],[85.835,26.7483333],[85.8375,26.75],[85.835,26.7533333],[85.8366667,26.7575],[85.8316667,26.7633333],[85.8325,26.77],[85.8383333,26.7741667],[85.8383333,26.785],[85.8408333,26.7916667],[85.8433333,26.7925],[85.84,26.7958333],[85.8425,26.7991667],[85.8416667,26.8033333],[85.8383333,26.8058333],[85.8391667,26.82],[85.8433333,26.8216667],[85.8458333,26.8266667],[85.8425,26.8333333],[85.8475,26.8391667],[85.8566667,26.8408333],[85.8633333,26.8458333],[85.865,26.8566667],[85.87,26.8608333],[85.8683333,26.865],[85.8733333,26.8683333]]},{"type":"LineString","coordinates":[[85.41,26.7041667],[85.405,26.7116667]]},{"type":"LineString","coordinates":[[85.41,26.7041667],[85.4133333,26.7066667],[85.4133333,26.71],[85.42,26.7108333],[85.4183333,26.7158333],[85.42,26.72],[85.4166667,26.7225],[85.4183333,26.7283333],[85.4125,26.7283333],[85.415,26.74],[85.4083333,26.7425],[85.4116667,26.7508333],[85.4075,26.7566667],[85.4083333,26.7608333],[85.4233333,26.7741667],[85.42,26.7825],[85.4158333,26.785],[85.4158333,26.7908333],[85.4175,26.7908333]]},{"type":"LineString","coordinates":[[85.9858333,26.7041667],[85.9925,26.7075],[86.0133333,26.7283333]]},{"type":"LineString","coordinates":[[85.9858333,26.7041667],[85.9816667,26.7108333],[85.9841667,26.7133333],[85.9833333,26.7191667],[85.9883333,26.7258333],[85.9858333,26.7333333],[85.9866667,26.7391667],[85.9808333,26.7458333],[85.98,26.755],[85.9733333,26.7591667],[85.9741667,26.7625],[85.97,26.7666667],[85.9708333,26.77],[85.965,26.7775],[85.9666667,26.7841667],[85.9641667,26.7866667],[85.975,26.7933333],[85.9783333,26.8183333],[85.9841667,26.8208333],[85.9883333,26.83],[85.9841667,26.8325],[85.9858333,26.8341667],[85.9841667,26.8458333],[85.9883333,26.8533333],[85.9816667,26.8583333],[85.9875,26.8633333],[85.9841667,26.8708333],[85.9875,26.8766667],[85.9858333,26.8916667],[85.9933333,26.9025],[85.9991667,26.9291667]]},{"type":"LineString","coordinates":[[87.1841667,26.7075],[87.1975,26.7108333]]},{"type":"LineString","coordinates":[[87.1841667,26.7075],[87.1841667,26.715],[87.19,26.7208333]]},{"type":"LineString","coordinates":[[86.505,26.7175],[86.505,26.7275],[86.5108333,26.735]]},{"type":"LineString","coordinates":[[86.505,26.7175],[86.4966667,26.7183333],[86.49,26.7233333],[86.4866667,26.7208333],[86.485,26.7225],[86.48,26.7358333],[86.4766667,26.7383333],[86.4775,26.7441667],[86.4725,26.7466667],[86.4741667,26.7525],[86.4683333,26.7608333]]},{"type":"LineString","coordinates":[[87.19,26.7208333],[87.1941667,26.72],[87.1983333,26.7266667],[87.2066667,26.725],[87.2116667,26.7316667],[87.2233333,26.7341667]]},{"type":"LineString","coordinates":[[87.19,26.7208333],[87.195,26.7291667],[87.2025,26.7308333],[87.2066667,26.7358333],[87.21,26.7458333],[87.2075,26.75],[87.2075,26.7583333],[87.2108333,26.7625],[87.2108333,26.77],[87.2175,26.7783333],[87.2183333,26.7883333],[87.2233333,26.7908333],[87.2333333,26.8041667]]},{"type":"LineString","coordinates":[[85.6292241,26.7245115],[85.6325,26.7283333],[85.6333333,26.74],[85.6391667,26.7425],[85.6458333,26.7391667],[85.6466667,26.7358333],[85.65,26.7383333],[85.6558333,26.7366667],[85.665,26.7433333],[85.6633333,26.7491667],[85.6708333,26.77],[85.6691667,26.7808333],[85.6716667,26.7841667],[85.6775,26.7858333],[85.6766667,26.7891667],[85.69,26.8]]},{"type":"LineString","coordinates":[[86.0133333,26.7283333],[86.0158333,26.7316667],[86.0141667,26.7333333],[86.0183333,26.7341667],[86.0191667,26.7366667],[86.0066667,26.7483333],[86.0075,26.755],[86.0116667,26.7566667],[86.0108333,26.7591667],[86.0133333,26.7608333],[86.0125,26.7683333],[86.0075,26.7733333]]},{"type":"LineString","coordinates":[[86.0133333,26.7283333],[86.0175,26.7258333],[86.0191667,26.7291667],[86.0225,26.7283333],[86.0241667,26.7325],[86.0316667,26.7333333],[86.0441667,26.7475],[86.0491667,26.7475],[86.0525,26.7508333],[86.055,26.7566667],[86.05,26.7616667],[86.0566667,26.7716667],[86.0533333,26.7816667],[86.06,26.7875],[86.0608333,26.7941667],[86.0583333,26.8033333],[86.0616667,26.8075],[86.0633333,26.8175]]},{"type":"LineString","coordinates":[[86.1808333,26.73],[86.1766667,26.7375],[86.1791667,26.7433333],[86.1783333,26.7475],[86.1691667,26.7508333]]},{"type":"LineString","coordinates":[[86.1808333,26.73],[86.1825,26.7316667],[86.1858333,26.73],[86.2091667,26.75],[86.22,26.7716667],[86.2341667,26.7791667],[86.2466667,26.78],[86.2508333,26.7858333],[86.2716667,26.8],[86.2708333,26.8041667],[86.2733333,26.8075],[86.2716667,26.8141667],[86.2841667,26.8241667],[86.2883333,26.825],[86.2916667,26.8308333],[86.3008333,26.8333333],[86.3041667,26.8383333],[86.3116667,26.8425]]},{"type":"LineString","coordinates":[[86.5108333,26.735],[86.5141667,26.7383333],[86.5216667,26.74]]},{"type":"LineString","coordinates":[[86.5108333,26.735],[86.5058333,26.735],[86.5041667,26.7383333],[86.5008333,26.7383333],[86.495,26.7483333]]},{"type":"LineString","coordinates":[[86.5433333,26.7383333],[86.5541667,26.7375],[86.5616667,26.7416667],[86.5725,26.7391667],[86.58,26.7425],[86.5841667,26.7383333],[86.5883333,26.74],[86.5916667,26.7366667],[86.6008333,26.7408333],[86.5991667,26.7366667],[86.605,26.7358333],[86.6083333,26.7408333]]},{"type":"LineString","coordinates":[[86.5433333,26.7383333],[86.5583333,26.7525],[86.5591667,26.7608333],[86.5641667,26.7716667]]},{"type":"LineString","coordinates":[[86.5216667,26.74],[86.5308333,26.7366667],[86.5433333,26.7383333]]},{"type":"LineString","coordinates":[[86.5216667,26.74],[86.5275,26.745],[86.5275,26.7516667],[86.5208333,26.7666667],[86.5241667,26.7808333]]},{"type":"LineString","coordinates":[[85.5433333,26.7434375],[85.5433333,26.7475],[85.5283333,26.7525],[85.52,26.7516667],[85.5175,26.7541667],[85.5166667,26.7575],[85.5208333,26.7641667],[85.5183333,26.7716667],[85.5208333,26.7758333],[85.5091667,26.7833333],[85.5083333,26.7941667],[85.51,26.7958333],[85.5075,26.8025],[85.51,26.8033333],[85.5108333,26.81],[85.515,26.8133333],[85.5133333,26.815],[85.515,26.8275]]},{"type":"LineString","coordinates":[[86.9291667,26.7458333],[86.9275,26.7616667],[86.9208333,26.7658333]]},{"type":"LineString","coordinates":[[86.9291667,26.7458333],[86.925,26.7475],[86.9225,26.7541667],[86.9075,26.7641667],[86.8883333,26.7658333],[86.88,26.77]]},{"type":"LineString","coordinates":[[85.7825,26.7466667],[85.7825,26.7533333],[85.7866667,26.755],[85.7841667,26.7583333],[85.7875,26.7591667],[85.7875,26.7625],[85.7916667,26.765],[85.7891667,26.7708333],[85.7858333,26.7708333],[85.7866667,26.7741667],[85.7908333,26.7758333],[85.795,26.7833333],[85.7991667,26.7808333],[85.8066667,26.7875],[85.805,26.7925],[85.8116667,26.7941667],[85.8116667,26.8041667],[85.8216667,26.8083333],[85.8241667,26.8125],[85.8233333,26.8208333],[85.8458333,26.8416667],[85.8375,26.85],[85.8458333,26.8491667],[85.8391667,26.8583333],[85.8458333,26.8608333],[85.8433333,26.8666667],[85.8475,26.8691667],[85.8458333,26.8733333],[85.8508333,26.875]]},{"type":"LineString","coordinates":[[85.7825,26.7466667],[85.7791667,26.745],[85.7783333,26.7783333],[85.7741667,26.7808333],[85.7733333,26.7875],[85.7691667,26.79],[85.7725,26.795],[85.7725,26.8008333],[85.77,26.8025],[85.7741667,26.8033333],[85.7775,26.81],[85.7758333,26.8116667],[85.7791667,26.8125],[85.7841667,26.8225],[85.7833333,26.8275],[85.7791667,26.8291667],[85.7791667,26.835],[85.775,26.8366667],[85.7758333,26.8408333],[85.77,26.845],[85.7733333,26.8483333],[85.7708333,26.8525],[85.7741667,26.8541667],[85.7766667,26.8608333],[85.7741667,26.8658333],[85.7816667,26.87],[85.78,26.8725],[85.7833333,26.8783333],[85.7925,26.8816667],[85.795,26.88],[85.7975,26.8825],[85.795,26.8883333],[85.8,26.8933333],[85.8008333,26.8975],[85.8058333,26.8941667],[85.8091667,26.8975],[85.8183333,26.8975],[85.8341667,26.9058333]]},{"type":"LineString","coordinates":[[85.6163291,26.7482106],[85.6125,26.76],[85.6092877,26.7611515]]},{"type":"LineString","coordinates":[[87.8758333,26.75],[87.8733333,26.7525],[87.87,26.7508333],[87.8658333,26.7591667]]},{"type":"LineString","coordinates":[[87.8758333,26.75],[87.8833333,26.755],[87.8833333,26.7583333],[87.8875,26.7616667],[87.8925,26.7625]]},{"type":"LineString","coordinates":[[86.1691667,26.7508333],[86.17,26.7558333],[86.1675,26.7583333],[86.1691667,26.7633333],[86.1666667,26.765],[86.1691667,26.7783333]]},{"type":"LineString","coordinates":[[86.1691667,26.7508333],[86.1675,26.7491667],[86.1658333,26.7525],[86.1591667,26.7525],[86.1558333,26.7566667],[86.155,26.765],[86.1516667,26.7658333],[86.1475,26.7758333],[86.1525,26.7891667],[86.1475,26.7866667],[86.145,26.79],[86.1508333,26.795],[86.1508333,26.7983333],[86.1483333,26.7983333],[86.1541667,26.8075],[86.1516667,26.8133333],[86.155,26.8175],[86.15,26.8266667],[86.1525,26.8308333],[86.1508333,26.8366667],[86.1441667,26.84],[86.1425,26.8433333],[86.1458333,26.8483333],[86.1416667,26.8491667]]},{"type":"LineString","coordinates":[[87.8658333,26.7591667],[87.875,26.775],[87.8783333,26.7775],[87.8833333,26.775],[87.8841667,26.7783333],[87.8908333,26.7816667]]},{"type":"LineString","coordinates":[[87.8658333,26.7591667],[87.8608333,26.7616667],[87.8475,26.7766667],[87.82,26.7808333],[87.8183333,26.7858333],[87.8133333,26.7875],[87.8133333,26.7925],[87.81,26.7975],[87.8025,26.8008333],[87.8033333,26.8033333],[87.7991667,26.805],[87.8008333,26.8066667],[87.7983333,26.8091667],[87.7908333,26.81],[87.7816667,26.8183333],[87.77,26.8183333],[87.7708333,26.8241667],[87.7758333,26.8241667],[87.78,26.8283333]]},{"type":"LineString","coordinates":[[86.4683333,26.7608333],[86.4691667,26.7658333],[86.4616667,26.7841667],[86.4525,26.7966667],[86.4433333,26.8008333],[86.44,26.8058333]]},{"type":"LineString","coordinates":[[86.4683333,26.7608333],[86.465,26.7633333],[86.4525,26.7641667],[86.4466667,26.77],[86.4458333,26.7741667],[86.4375,26.7825],[86.4341667,26.7825],[86.4175,26.8],[86.415,26.8083333],[86.4225,26.8183333],[86.4183333,26.8225]]},{"type":"LineString","coordinates":[[86.9208333,26.7658333],[86.925,26.7741667],[86.9208333,26.7766667],[86.9241667,26.7775],[86.9241667,26.7825],[86.93,26.7891667]]},{"type":"LineString","coordinates":[[86.9208333,26.7658333],[86.9041667,26.7716667],[86.9091667,26.7741667],[86.9058333,26.7791667],[86.9133333,26.7841667],[86.9158333,26.7933333],[86.9183333,26.7933333]]},{"type":"LineString","coordinates":[[85.25,26.7675],[85.2641667,26.7775],[85.25,26.7833333],[85.25,26.7866667],[85.2541667,26.7925],[85.2616667,26.7941667],[85.2625,26.8041667],[85.2708333,26.83]]},{"type":"LineString","coordinates":[[85.25,26.7675],[85.2475,26.7791667],[85.245,26.78],[85.2433333,26.7766667],[85.2358333,26.7741667],[85.2291667,26.7825],[85.2283333,26.7908333],[85.2325,26.8],[85.2333333,26.81],[85.2233333,26.8258333],[85.2175,26.8275],[85.2191667,26.8333333],[85.2158333,26.8325],[85.2116667,26.84],[85.2075,26.8425],[85.2108333,26.8466667],[85.2116667,26.8583333],[85.21,26.86],[85.2125,26.8683333],[85.2108333,26.8716667],[85.205,26.8733333],[85.2016667,26.8716667],[85.1975,26.8758333]]},{"type":"LineString","coordinates":[[86.715,26.7675],[86.7091667,26.7491667]]},{"type":"LineString","coordinates":[[86.715,26.7675],[86.69,26.785],[86.6766667,26.7983333],[86.675,26.8041667],[86.6675,26.8058333]]},{"type":"LineString","coordinates":[[86.7241667,26.77],[86.715,26.7675]]},{"type":"LineString","coordinates":[[86.7241667,26.77],[86.7116667,26.7925],[86.7116667,26.8116667]]},{"type":"LineString","coordinates":[[86.88,26.77],[86.8725,26.7675],[86.8633333,26.7691667],[86.8558333,26.7841667],[86.8491667,26.7858333],[86.8441667,26.7941667],[86.8283333,26.795],[86.8266667,26.7916667]]},{"type":"LineString","coordinates":[[86.88,26.77],[86.875,26.7866667],[86.8775,26.7966667],[86.8733333,26.81],[86.875,26.8175]]},{"type":"LineString","coordinates":[[87.5016667,26.7708333],[87.5016667,26.7733333],[87.5091667,26.7775],[87.5191667,26.7791667]]},{"type":"LineString","coordinates":[[87.5016667,26.7708333],[87.5,26.7725],[87.5058333,26.7825],[87.5033333,26.7908333],[87.5066667,26.7975],[87.5033333,26.8025],[87.4883333,26.8133333],[87.4875,26.82],[87.49,26.8216667],[87.49,26.8283333],[87.4966667,26.8358333],[87.5025,26.8366667],[87.51,26.8433333]]},{"type":"LineString","coordinates":[[85.3266667,26.7741667],[85.3208333,26.78],[85.325,26.7833333],[85.3208333,26.7916667],[85.3258333,26.7983333],[85.3283333,26.7966667],[85.3275,26.8008333],[85.33,26.8066667]]},{"type":"LineString","coordinates":[[85.3266667,26.7741667],[85.33,26.78],[85.3366667,26.7833333],[85.3366667,26.7908333],[85.3441667,26.7941667],[85.3491667,26.8008333],[85.3516667,26.8],[85.3575,26.8191667],[85.3758333,26.8183333],[85.3866667,26.8266667],[85.3958333,26.8266667],[85.3983333,26.8241667],[85.4008333,26.8275]]},{"type":"LineString","coordinates":[[86.78,26.7758333],[86.7758333,26.7641667],[86.775,26.7466667]]},{"type":"LineString","coordinates":[[86.78,26.7758333],[86.7675,26.7791667],[86.7625,26.7758333],[86.7416667,26.7733333],[86.7308333,26.7675],[86.7241667,26.77]]},{"type":"LineString","coordinates":[[86.1691667,26.7783333],[86.17,26.7883333],[86.1733333,26.7916667],[86.1733333,26.7958333],[86.1816667,26.8033333],[86.1816667,26.8125]]},{"type":"LineString","coordinates":[[86.1691667,26.7783333],[86.1725,26.7783333],[86.1783333,26.7816667],[86.1825,26.7875],[86.1916667,26.7866667],[86.1933333,26.7908333],[86.1983333,26.7941667],[86.2008333,26.8033333],[86.2075,26.8025],[86.2133333,26.8058333],[86.2158333,26.805],[86.2258333,26.8133333],[86.2308333,26.8133333],[86.2383333,26.8175],[86.2433333,26.8166667],[86.2491667,26.8216667],[86.2658333,26.8241667]]},{"type":"LineString","coordinates":[[86.5241667,26.7808333],[86.535,26.7958333],[86.5325,26.7983333],[86.5333333,26.805],[86.53,26.8083333],[86.5308333,26.8116667],[86.5375,26.8125],[86.5408333,26.8166667],[86.5441667,26.8166667],[86.5433333,26.8191667]]},{"type":"LineString","coordinates":[[86.5241667,26.7808333],[86.5225,26.7866667],[86.5133333,26.7925],[86.5133333,26.795],[86.5208333,26.8],[86.5225,26.8058333],[86.5183333,26.8166667],[86.5116667,26.8183333],[86.5125,26.825]]},{"type":"LineString","coordinates":[[85.5925,26.7825],[85.5891667,26.7825],[85.59,26.7875],[85.5858333,26.795]]},{"type":"LineString","coordinates":[[85.5925,26.7825],[85.5991667,26.795],[85.5958333,26.7983333],[85.5983333,26.8016667],[85.5941667,26.8058333],[85.5933333,26.8158333],[85.5858333,26.8225],[85.5841667,26.8283333],[85.5833333,26.8383333],[85.59,26.8491667],[85.5866667,26.8516667],[85.5858333,26.8558333],[85.5816667,26.8575],[85.5833333,26.8641667],[85.5791667,26.8625],[85.5766667,26.8666667],[85.5766667,26.885],[85.5733333,26.8875],[85.5733333,26.8908333],[85.58,26.8916667],[85.58,26.8941667],[85.5733333,26.8975],[85.5691667,26.905],[85.5641667,26.9016667],[85.5641667,26.9083333],[85.56,26.9133333],[85.5691667,26.9233333],[85.5616667,26.9316667],[85.5616667,26.9341667],[85.565,26.9358333],[85.5608333,26.9433333],[85.5641667,26.9566667],[85.5625,26.9616667],[85.5741667,26.965],[85.5758333,26.9708333],[85.5816667,26.97],[85.5858333,26.9733333],[85.5916667,26.9891667],[85.5958333,26.9941667],[85.595,26.9983333],[85.6033333,27.0091667],[85.6116667,27.0116667],[85.6133333,27.0158333],[85.6241667,27.0166667]]},{"type":"LineString","coordinates":[[85.5925,26.7825],[85.595,26.78],[85.595,26.775],[85.6033333,26.7725],[85.6025,26.77],[85.6058333,26.7675],[85.6075,26.7708333],[85.6125,26.7725],[85.6116667,26.7775],[85.6141667,26.78],[85.6266667,26.785],[85.6275,26.7891667],[85.625,26.7908333]]},{"type":"LineString","coordinates":[[85.8833333,26.7866667],[85.88,26.7925],[85.8816667,26.8041667]]},{"type":"LineString","coordinates":[[85.8833333,26.7866667],[85.8875,26.7908333],[85.8933333,26.7891667],[85.8983333,26.7966667],[85.9025,26.7975],[85.9025,26.8025],[85.9058333,26.8058333],[85.9133333,26.8075],[85.9108333,26.8108333],[85.9116667,26.8141667],[85.9175,26.8183333],[85.9141667,26.8208333],[85.9158333,26.8325],[85.9225,26.8341667],[85.9258333,26.8325],[85.9325,26.8425],[85.9383333,26.8433333],[85.9391667,26.8516667],[85.9433333,26.8558333],[85.9416667,26.8616667],[85.9441667,26.8641667]]},{"type":"LineString","coordinates":[[87.055,26.7875],[87.0833333,26.7916667]]},{"type":"LineString","coordinates":[[87.055,26.7875],[87.045,26.7925],[87.0466667,26.7983333],[87.0391667,26.8041667],[87.0291667,26.8025],[87.0258333,26.805]]},{"type":"LineString","coordinates":[[85.625,26.7908333],[85.6266667,26.7925]]},{"type":"LineString","coordinates":[[85.625,26.7908333],[85.6191667,26.7933333],[85.615,26.8025],[85.6116667,26.8041667],[85.6125,26.8091667]]},{"type":"LineString","coordinates":[[86.8266667,26.7916667],[86.815,26.7916667],[86.7891667,26.7775],[86.78,26.7758333]]},{"type":"LineString","coordinates":[[86.8266667,26.7916667],[86.825,26.795],[86.82,26.7941667],[86.8166667,26.7975],[86.8183333,26.8008333],[86.8141667,26.805],[86.8175,26.8058333],[86.8183333,26.8116667],[86.8125,26.8125],[86.8083333,26.8191667]]},{"type":"LineString","coordinates":[[85.69,26.8],[85.6875,26.8],[85.685,26.805],[85.6783333,26.8033333],[85.6783333,26.8125],[85.6816667,26.815],[85.6766667,26.8175],[85.6766667,26.8241667]]},{"type":"LineString","coordinates":[[85.69,26.8],[85.6925,26.805],[85.6958333,26.8058333],[85.6975,26.8166667],[85.7016667,26.8166667],[85.705,26.8208333],[85.7083333,26.82],[85.715,26.8308333],[85.7316667,26.8458333],[85.7425,26.8475],[85.74,26.8516667],[85.745,26.8566667],[85.7466667,26.8558333],[85.7458333,26.8591667],[85.7566667,26.8675],[85.7508333,26.8725],[85.7641667,26.8833333],[85.765,26.89],[85.7616667,26.89],[85.7608333,26.8941667],[85.765,26.8983333],[85.7666667,26.895],[85.77,26.8975],[85.7658333,26.9091667],[85.7725,26.9141667],[85.7716667,26.9166667],[85.7775,26.9225],[85.7791667,26.93],[85.7775,26.935]]},{"type":"LineString","coordinates":[[87.1491667,26.8041667],[87.1575,26.7991667],[87.1625,26.8016667]]},{"type":"LineString","coordinates":[[87.1491667,26.8041667],[87.1533333,26.815],[87.1408333,26.8333333],[87.15,26.8475],[87.1525,26.87],[87.1658333,26.8791667]]},{"type":"LineString","coordinates":[[87.0258333,26.805],[87.0275,26.8091667]]},{"type":"LineString","coordinates":[[87.0258333,26.805],[86.9966667,26.8083333],[86.9933333,26.8133333],[86.985,26.8125]]},{"type":"LineString","coordinates":[[86.6675,26.8058333],[86.6583333,26.8125],[86.655,26.8191667]]},{"type":"LineString","coordinates":[[86.6675,26.8058333],[86.6558333,26.8008333],[86.6458333,26.805],[86.6233333,26.8066667],[86.6116667,26.8183333],[86.6058333,26.83],[86.6091667,26.8383333],[86.5991667,26.8541667],[86.6033333,26.8583333],[86.6058333,26.8716667],[86.6133333,26.8783333],[86.6133333,26.8841667],[86.635,26.9008333],[86.64,26.9]]},{"type":"LineString","coordinates":[[85.33,26.8066667],[85.3233333,26.8158333],[85.3225,26.8225],[85.3166667,26.8208333],[85.315,26.8291667],[85.3116667,26.83]]},{"type":"LineString","coordinates":[[85.33,26.8066667],[85.3333333,26.8083333],[85.3325,26.8141667],[85.3358333,26.8191667],[85.3333333,26.8225],[85.3341667,26.8266667],[85.3416667,26.8325],[85.3425,26.8383333],[85.34,26.8416667],[85.3433333,26.8408333],[85.3483333,26.8458333],[85.3541667,26.8475],[85.3566667,26.8516667],[85.3575,26.8575],[85.3558333,26.8583333],[85.3508333,26.8541667],[85.3525,26.8658333],[85.3558333,26.8675],[85.3541667,26.87],[85.355,26.8866667],[85.3616667,26.8908333],[85.3683333,26.9016667],[85.3841667,26.9075],[85.39,26.9175],[85.3908333,26.9241667],[85.3875,26.9266667],[85.3858333,26.9325],[85.3908333,26.9391667],[85.3891667,26.9475],[85.3925,26.9508333],[85.3916667,26.9558333],[85.3941667,26.9608333],[85.3983333,26.9641667],[85.3983333,26.9708333],[85.3908333,26.9841667],[85.3908333,26.9941667],[85.3875,27.0041667]]},{"type":"LineString","coordinates":[[85.6125,26.8091667],[85.6066667,26.8141667],[85.61,26.8266667]]},{"type":"LineString","coordinates":[[85.6125,26.8091667],[85.6141667,26.81],[85.6116667,26.815],[85.6125,26.82],[85.6158333,26.8225],[85.6141667,26.8258333],[85.6233333,26.8283333],[85.6258333,26.835],[85.6325,26.8325],[85.6375,26.8358333],[85.6491667,26.8508333],[85.6541667,26.8525],[85.6525,26.8566667],[85.66,26.8608333],[85.6608333,26.8691667],[85.665,26.8725],[85.6575,26.8766667],[85.6641667,26.8875],[85.6633333,26.9033333],[85.6766667,26.9208333],[85.6758333,26.925],[85.6783333,26.9241667],[85.6833333,26.9275],[85.6841667,26.9325],[85.6883333,26.9366667],[85.6841667,26.9433333],[85.6875,26.9516667],[85.6858333,26.9533333],[85.6891667,26.96],[85.6891667,26.9666667],[85.6975,26.9775],[85.7033333,26.9991667]]},{"type":"LineString","coordinates":[[86.7116667,26.8116667],[86.7125,26.8158333],[86.7158333,26.8158333]]},{"type":"LineString","coordinates":[[86.7116667,26.8116667],[86.6941667,26.8308333],[86.6958333,26.8566667],[86.6991667,26.8641667]]},{"type":"LineString","coordinates":[[86.0633333,26.8175],[86.0583333,26.825],[86.0591667,26.8275]]},{"type":"LineString","coordinates":[[86.0633333,26.8175],[86.065,26.8233333],[86.075,26.83],[86.08,26.8391667],[86.0775,26.8425],[86.0791667,26.8475],[86.0758333,26.8475],[86.0708333,26.8525],[86.0691667,26.8616667]]},{"type":"LineString","coordinates":[[85.6766667,26.8241667],[85.6883333,26.8358333],[85.6958333,26.8516667],[85.7041667,26.8583333],[85.7066667,26.8575],[85.7125,26.8641667],[85.7191667,26.8633333],[85.7225,26.8683333],[85.7258333,26.8691667]]},{"type":"LineString","coordinates":[[85.6766667,26.8241667],[85.6716667,26.8266667],[85.6758333,26.8341667],[85.6733333,26.8366667],[85.6808333,26.8433333],[85.6808333,26.8458333],[85.6766667,26.8475],[85.6791667,26.86],[85.675,26.8625],[85.6825,26.8708333],[85.6891667,26.8741667],[85.6908333,26.8775],[85.6866667,26.8816667],[85.6908333,26.8816667],[85.6966667,26.8866667],[85.695,26.8908333],[85.6983333,26.8933333],[85.6966667,26.8958333],[85.7041667,26.8983333],[85.7083333,26.9066667],[85.7066667,26.9091667],[85.7108333,26.9116667],[85.7058333,26.9166667],[85.7141667,26.9333333],[85.7183333,26.9358333],[85.7183333,26.9433333],[85.7266667,26.9541667],[85.7266667,26.9591667],[85.7333333,26.9708333],[85.7383333,26.9941667],[85.7391667,27.01],[85.7508333,27.04],[85.7566667,27.0483333],[85.7675,27.0533333],[85.7816667,27.0716667],[85.78,27.0741667],[85.7816667,27.0816667],[85.7883333,27.0891667],[85.7866667,27.0916667],[85.7916667,27.095]]},{"type":"LineString","coordinates":[[88.1725,26.8258333],[88.1716667,26.83],[88.1741667,26.8333333],[88.1675,26.8375],[88.1708333,26.8441667],[88.1675,26.8491667],[88.175,26.8533333],[88.1716667,26.8608333],[88.1733333,26.8641667]]},{"type":"LineString","coordinates":[[88.1725,26.8258333],[88.1675,26.8291667],[88.1625,26.8283333],[88.1583333,26.8325],[88.1575,26.8433333],[88.1533333,26.8433333],[88.1483333,26.8366667],[88.1433333,26.8416667],[88.1375,26.8408333],[88.135,26.8433333],[88.1291667,26.84],[88.1283333,26.8441667],[88.1233333,26.8441667],[88.125,26.8466667],[88.1225,26.8508333],[88.1158333,26.8533333],[88.1175,26.8558333],[88.105,26.8666667],[88.1033333,26.875],[88.1058333,26.8816667],[88.1008333,26.8875],[88.1016667,26.8916667]]},{"type":"LineString","coordinates":[[85.0420088,26.8266143],[85.0475,26.8333333]]},{"type":"LineString","coordinates":[[85.61,26.8266667],[85.61,26.8333333],[85.605,26.8366667],[85.6041667,26.84],[85.6075,26.8416667],[85.6066667,26.8608333],[85.61,26.8625],[85.6083333,26.8666667],[85.6141667,26.8741667],[85.6183333,26.8741667],[85.6258333,26.8833333]]},{"type":"LineString","coordinates":[[85.61,26.8266667],[85.6041667,26.8283333],[85.6016667,26.8316667],[85.6016667,26.8433333],[85.6,26.8441667],[85.6016667,26.8475],[85.5975,26.8483333],[85.5933333,26.8558333],[85.5941667,26.8616667],[85.5916667,26.8675],[85.5933333,26.87],[85.5908333,26.8725],[85.5925,26.8808333],[85.6066667,26.8975]]},{"type":"LineString","coordinates":[[85.4008333,26.8275],[85.415,26.8408333]]},{"type":"LineString","coordinates":[[85.4008333,26.8275],[85.3991667,26.8283333],[85.4008333,26.8341667],[85.3916667,26.8383333],[85.3933333,26.845],[85.4033333,26.8466667],[85.4116667,26.8583333],[85.4058333,26.865],[85.4083333,26.8708333],[85.4041667,26.875],[85.4066667,26.8766667],[85.405,26.8816667],[85.4075,26.8908333]]},{"type":"LineString","coordinates":[[85.515,26.8275],[85.5133333,26.8383333],[85.5033333,26.8441667],[85.5,26.8541667],[85.5008333,26.8591667],[85.4958333,26.8658333]]},{"type":"LineString","coordinates":[[85.515,26.8275],[85.5183333,26.835],[85.52,26.8316667],[85.5275,26.8333333],[85.5391667,26.845],[85.5566667,26.8741667],[85.5391667,26.89],[85.5441667,26.9091667],[85.5425,26.9175],[85.5491667,26.9366667],[85.5458333,26.9416667],[85.5475,26.9483333],[85.5433333,26.9483333],[85.5466667,26.9525],[85.54,26.9641667],[85.5433333,26.97],[85.5416667,26.9716667],[85.5433333,26.9741667],[85.5458333,26.9716667],[85.55,26.9758333],[85.5591667,26.9775],[85.5616667,26.9916667],[85.5558333,26.9983333],[85.56,27.0016667],[85.565,27.0133333],[85.5708333,27.0141667],[85.5891667,27.0341667]]},{"type":"LineString","coordinates":[[87.78,26.8283333],[87.7833333,26.83],[87.7883333,26.8241667],[87.7941667,26.83],[87.7966667,26.8258333],[87.7958333,26.8166667],[87.8016667,26.8216667],[87.8066667,26.8183333],[87.8058333,26.8233333],[87.8125,26.8225],[87.8141667,26.8283333],[87.8191667,26.8275],[87.8233333,26.8233333],[87.8308333,26.8258333],[87.8425,26.8191667],[87.8458333,26.8216667],[87.8508333,26.8191667],[87.8541667,26.8241667],[87.8575,26.825],[87.8666667,26.8241667],[87.8841667,26.8166667],[87.8983333,26.825],[87.8966667,26.83],[87.9008333,26.835],[87.9066667,26.835],[87.9075,26.8366667],[87.9033333,26.8408333],[87.9075,26.8425],[87.9058333,26.8466667],[87.9116667,26.8491667],[87.9091667,26.8533333],[87.9125,26.8591667]]},{"type":"LineString","coordinates":[[87.78,26.8283333],[87.7741667,26.8341667],[87.7691667,26.85],[87.775,26.8533333],[87.7716667,26.86],[87.78,26.8675],[87.7808333,26.8716667],[87.7783333,26.8775],[87.7825,26.88],[87.78,26.8833333],[87.7825,26.8875]]},{"type":"LineString","coordinates":[[85.2708333,26.83],[85.275,26.835],[85.275,26.8391667],[85.2825,26.8475],[85.2816667,26.8508333]]},{"type":"LineString","coordinates":[[85.2708333,26.83],[85.2708333,26.8325],[85.2675,26.8325],[85.2625,26.8275],[85.2608333,26.8283333],[85.2616667,26.8366667],[85.2683333,26.8358333],[85.2725,26.8416667],[85.2708333,26.8441667],[85.2725,26.8491667],[85.2658333,26.8533333],[85.2691667,26.8616667],[85.2666667,26.8641667],[85.2566667,26.8633333],[85.2575,26.8666667],[85.2658333,26.8741667]]},{"type":"LineString","coordinates":[[85.3116667,26.83],[85.3066667,26.8283333],[85.3025,26.8308333],[85.3041667,26.8358333],[85.2958333,26.8325],[85.3,26.8383333],[85.3,26.8433333],[85.2925,26.8491667],[85.3033333,26.8566667],[85.3091667,26.8533333],[85.3133333,26.855],[85.3158333,26.8533333],[85.3183333,26.8583333],[85.3175,26.865],[85.3208333,26.8716667],[85.3166667,26.8733333],[85.3175,26.8808333],[85.3125,26.8891667],[85.315,26.8941667],[85.3091667,26.8975],[85.3116667,26.9033333],[85.3066667,26.9075],[85.3125,26.9166667],[85.3125,26.9233333]]},{"type":"LineString","coordinates":[[85.3116667,26.83],[85.3133333,26.8475],[85.3208333,26.8583333],[85.3366667,26.8725],[85.3391667,26.8816667],[85.3475,26.89],[85.3475,26.9108333],[85.3533333,26.9216667],[85.3558333,26.9341667],[85.3483333,26.9658333],[85.3441667,26.9725]]},{"type":"LineString","coordinates":[[85.0475,26.8333333],[85.0508333,26.8316667]]},{"type":"LineString","coordinates":[[85.0475,26.8333333],[85.0491667,26.8358333],[85.0558333,26.835],[85.0566667,26.8391667],[85.0516667,26.8391667],[85.0575,26.8475],[85.0583333,26.855],[85.0625,26.8541667],[85.0641667,26.8491667],[85.0666667,26.8541667],[85.0775,26.8566667],[85.085,26.855],[85.0883333,26.8591667],[85.0916667,26.8558333],[85.1008333,26.8575]]},{"type":"LineString","coordinates":[[85.0187088,26.8455632],[85.02,26.8475],[85.0241667,26.8458333],[85.0266667,26.85],[85.0233333,26.8575],[85.0258333,26.8583333],[85.0283333,26.8558333],[85.0325,26.8591667],[85.0275,26.8608333],[85.0325,26.8666667],[85.0283333,26.87],[85.0308333,26.875],[85.0366667,26.8725],[85.0375,26.8783333],[85.0433333,26.8775],[85.0558333,26.8833333],[85.0558333,26.8858333],[85.0508333,26.8883333],[85.0616667,26.9033333],[85.0616667,26.9058333],[85.0566667,26.9066667],[85.0558333,26.9091667],[85.065,26.9108333]]},{"type":"LineString","coordinates":[[86.1416667,26.8491667],[86.1433333,26.8533333],[86.1416667,26.8575],[86.1458333,26.8583333],[86.145,26.865]]},{"type":"LineString","coordinates":[[86.1416667,26.8491667],[86.1325,26.8491667],[86.1333333,26.8508333],[86.1266667,26.8591667],[86.12,26.86],[86.1125,26.8675],[86.1133333,26.875],[86.1025,26.88],[86.0975,26.885],[86.0966667,26.8941667],[86.0933333,26.9008333],[86.0783333,26.9175],[86.0808333,26.9216667],[86.085,26.9216667],[86.0833333,26.9266667],[86.0866667,26.9291667],[86.085,26.9325],[86.0866667,26.9341667],[86.0841667,26.9366667],[86.0858333,26.94],[86.0733333,26.9441667],[86.0708333,26.9491667]]},{"type":"LineString","coordinates":[[87.9125,26.8591667],[87.9133333,26.8658333]]},{"type":"LineString","coordinates":[[87.9125,26.8591667],[87.9075,26.8583333],[87.905,26.8625],[87.9016667,26.8633333],[87.9,26.8683333],[87.8916667,26.8708333],[87.8908333,26.8766667],[87.895,26.8825],[87.9016667,26.8825],[87.9125,26.8916667],[87.9125,26.8966667],[87.9091667,26.8991667],[87.91,26.9075],[87.9075,26.9108333],[87.9116667,26.9141667],[87.9083333,26.9158333],[87.9091667,26.9183333],[87.9066667,26.92],[87.9083333,26.925],[87.9058333,26.9266667],[87.9083333,26.9291667],[87.9066667,26.9308333],[87.9083333,26.9375],[87.9025,26.9408333],[87.905,26.9458333],[87.9008333,26.9491667],[87.905,26.9583333],[87.9,26.9683333],[87.9025,26.9741667],[87.8966667,26.9791667],[87.8983333,26.9816667],[87.8966667,26.9866667],[87.8991667,26.9891667],[87.8975,26.9925],[87.9008333,26.9975],[87.9,27.0025],[87.9033333,27.005],[87.8991667,27.0083333],[87.9,27.0141667],[87.8933333,27.0183333],[87.8925,27.0275]]},{"type":"LineString","coordinates":[[85.9441667,26.8641667],[85.9425,26.8733333],[85.9458333,26.8758333]]},{"type":"LineString","coordinates":[[85.9441667,26.8641667],[85.9466667,26.8633333],[85.95,26.8691667],[85.9575,26.8683333],[85.9633333,26.8725],[85.9708333,26.9],[85.9758333,26.9075],[85.98,26.9241667],[85.9833333,26.9283333]]},{"type":"LineString","coordinates":[[86.145,26.865],[86.1575,26.8616667],[86.1641667,26.8658333]]},{"type":"LineString","coordinates":[[86.145,26.865],[86.1425,26.8708333],[86.1391667,26.8725],[86.1341667,26.8866667],[86.1391667,26.8891667],[86.1383333,26.8991667],[86.1358333,26.9025],[86.1375,26.915],[86.1341667,26.9191667],[86.1475,26.9283333],[86.15,26.9325]]},{"type":"LineString","coordinates":[[85.4958333,26.8658333],[85.5016667,26.8791667],[85.4975,26.8833333],[85.4983333,26.8875],[85.5008333,26.8916667],[85.5058333,26.8916667],[85.5091667,26.8991667]]},{"type":"LineString","coordinates":[[85.4958333,26.8658333],[85.4941667,26.8666667],[85.4941667,26.8766667],[85.4975,26.8783333],[85.4908333,26.8825],[85.4908333,26.8883333],[85.4941667,26.8925],[85.4908333,26.9033333],[85.495,26.9066667],[85.495,26.9166667],[85.5008333,26.9291667],[85.5008333,26.94],[85.4966667,26.9533333],[85.4991667,26.9591667],[85.5108333,26.97],[85.5133333,26.9808333],[85.5258333,26.9941667],[85.54,26.9991667],[85.5466667,27.0075],[85.5483333,27.0133333],[85.5566667,27.015],[85.5625,27.0258333],[85.5758333,27.0325],[85.5775,27.045],[85.565,27.0533333],[85.5666667,27.0683333],[85.5708333,27.07]]},{"type":"LineString","coordinates":[[87.9133333,26.8658333],[87.9183333,26.8641667],[87.9183333,26.8591667]]},{"type":"LineString","coordinates":[[87.9133333,26.8658333],[87.9133333,26.8683333],[87.9175,26.87],[87.9183333,26.875],[87.925,26.88],[87.9291667,26.88],[87.9283333,26.8858333],[87.9316667,26.89],[87.935,26.8866667],[87.955,26.8891667]]},{"type":"LineString","coordinates":[[85.8733333,26.8683333],[85.8741667,26.8658333],[85.8775,26.8666667],[85.8808333,26.8725],[85.885,26.8708333],[85.8966667,26.8783333],[85.9,26.885],[85.8983333,26.8958333],[85.9025,26.9016667],[85.9058333,26.9191667],[85.9125,26.9233333],[85.9125,26.9283333],[85.915,26.9308333]]},{"type":"LineString","coordinates":[[85.8733333,26.8683333],[85.8741667,26.875],[85.8691667,26.8825],[85.8783333,26.8941667],[85.8791667,26.9191667],[85.8875,26.9275],[85.8925,26.9416667],[85.8991667,26.9491667],[85.9075,26.9708333],[85.9075,26.9783333],[85.9141667,26.9908333],[85.9125,27.0108333],[85.9258333,27.0258333],[85.9275,27.0308333],[85.9216667,27.0366667],[85.915,27.035],[85.9141667,27.0391667],[85.9166667,27.0425],[85.9333333,27.0433333],[85.9458333,27.0616667],[85.9458333,27.0641667],[85.9366667,27.0733333],[85.9391667,27.0916667]]},{"type":"LineString","coordinates":[[85.2658333,26.8741667],[85.2583333,26.8775],[85.2575,26.8841667],[85.2583333,26.8883333],[85.2641667,26.8908333],[85.2658333,26.895],[85.2616667,26.8975],[85.2491667,26.895],[85.2458333,26.9091667],[85.2425,26.9025],[85.2383333,26.905],[85.2391667,26.9183333],[85.2375,26.9216667],[85.2325,26.9233333],[85.2308333,26.9283333],[85.2333333,26.935],[85.2316667,26.9391667],[85.2358333,26.9441667],[85.2291667,26.9491667],[85.2291667,26.9541667],[85.2191667,26.9591667],[85.2208333,26.9616667],[85.2183333,26.9675],[85.2208333,26.9708333],[85.2183333,26.975],[85.2241667,26.9758333],[85.2275,26.9841667],[85.235,26.9891667],[85.2316667,26.9933333],[85.22,26.9958333],[85.2183333,26.9991667],[85.2166667,26.9975],[85.2141667,27.0],[85.215,27.015],[85.2216667,27.0191667],[85.2283333,27.0158333],[85.2258333,27.0116667],[85.23,27.0158333],[85.2383333,27.0158333],[85.2408333,27.0191667],[85.2408333,27.025],[85.2383333,27.0275],[85.2283333,27.03],[85.2216667,27.0366667],[85.2208333,27.0433333],[85.2291667,27.0508333],[85.2325,27.065],[85.225,27.0775],[85.225,27.085],[85.2216667,27.0925]]},{"type":"LineString","coordinates":[[85.2658333,26.8741667],[85.2675,26.8725],[85.2683333,26.875],[85.2758333,26.8766667],[85.2758333,26.8833333],[85.2725,26.8858333],[85.27,26.8966667],[85.2575,26.9075],[85.2558333,26.9125],[85.2591667,26.9291667],[85.2683333,26.9375],[85.27,26.9458333],[85.2725,26.9466667],[85.2575,26.9683333],[85.2466667,26.9941667],[85.2533333,27.0133333],[85.2483333,27.0358333],[85.2508333,27.0425],[85.2516667,27.0633333],[85.2583333,27.0783333],[85.2566667,27.0833333],[85.2591667,27.1008333]]},{"type":"LineString","coordinates":[[84.9824915,26.8750169],[84.9766667,26.9016667],[84.9825,26.905],[84.9916667,26.9016667],[84.9933333,26.905],[85.0025,26.91],[85.015,26.9108333],[85.0166667,26.9125],[85.0133333,26.9175],[85.0208333,26.9183333],[85.0225,26.9266667]]},{"type":"LineString","coordinates":[[85.1666667,26.8758333],[85.1625,26.8758333],[85.1433333,26.8875]]},{"type":"LineString","coordinates":[[85.1666667,26.8758333],[85.1725,26.88],[85.1666667,26.89],[85.1633333,26.8916667],[85.1716667,26.8908333],[85.1758333,26.8933333],[85.17,26.9025],[85.1741667,26.9083333],[85.1708333,26.9175],[85.1733333,26.9216667],[85.1783333,26.9233333],[85.1791667,26.9308333],[85.1725,26.9316667],[85.1633333,26.94],[85.1675,26.9441667],[85.1741667,26.9433333],[85.1758333,26.9475],[85.1683333,26.9533333],[85.1725,26.975],[85.17,26.9783333],[85.165,26.9791667],[85.1641667,26.9833333],[85.1675,26.9841667],[85.1683333,26.9908333],[85.1775,27.0025],[85.1866667,27.0075],[85.1866667,27.0116667],[85.1816667,27.015],[85.1816667,27.0175],[85.1866667,27.0208333],[85.1941667,27.0216667],[85.1975,27.0275]]},{"type":"LineString","coordinates":[[85.1975,26.8758333],[85.1666667,26.8758333]]},{"type":"LineString","coordinates":[[85.1975,26.8758333],[85.1991667,26.8783333],[85.1925,26.8825],[85.1925,26.89],[85.19,26.8908333],[85.1916667,26.895],[85.1866667,26.8975],[85.1866667,26.9025],[85.1933333,26.9083333],[85.1925,26.9125],[85.1958333,26.9158333],[85.195,26.9208333],[85.1983333,26.93]]},{"type":"LineString","coordinates":[[87.1658333,26.8791667],[87.1791667,26.8766667],[87.1858333,26.87],[87.2016667,26.8658333]]},{"type":"LineString","coordinates":[[87.1658333,26.8791667],[87.1683333,26.9],[87.1616667,26.91]]},{"type":"LineString","coordinates":[[87.7825,26.8875],[87.795,26.9025],[87.8,26.9066667],[87.8025,26.9058333]]},{"type":"LineString","coordinates":[[87.7825,26.8875],[87.7791667,26.8958333],[87.7708333,26.9],[87.7675,26.915]]},{"type":"LineString","coordinates":[[84.966277,26.8882034],[84.9683333,26.8908333],[84.9666667,26.8975],[84.9691667,26.9016667],[84.9666667,26.9058333],[84.9675,26.9191667],[84.9733333,26.9225],[84.9691667,26.9275],[84.9725,26.93],[84.9766667,26.9283333],[84.9758333,26.9358333],[84.9816667,26.9416667],[84.9825,26.9383333],[84.9883333,26.945],[84.99,26.945],[84.99,26.9408333],[84.9933333,26.9433333],[84.9991667,26.9591667]]},{"type":"LineString","coordinates":[[87.955,26.8891667],[87.9608333,26.89],[87.9641667,26.8875],[87.9716667,26.8933333],[87.9775,26.8933333],[87.9866667,26.8975],[87.995,26.8966667],[88.0041667,26.905],[88.0083333,26.905],[88.0233333,26.9158333],[88.0425,26.9158333],[88.0483333,26.92],[88.0508333,26.9191667],[88.0566667,26.925]]},{"type":"LineString","coordinates":[[87.955,26.8891667],[87.95,26.8975],[87.9508333,26.9016667],[87.9475,26.9091667],[87.9516667,26.9191667],[87.9483333,26.9208333],[87.9483333,26.9283333],[87.945,26.9341667],[87.9458333,26.9475],[87.9491667,26.9491667],[87.9475,26.9541667],[87.9666667,26.9741667],[87.9625,26.9816667],[87.9683333,26.9891667],[87.9675,26.9991667]]},{"type":"LineString","coordinates":[[85.4075,26.8908333],[85.4025,26.9016667]]},{"type":"LineString","coordinates":[[85.4075,26.8908333],[85.415,26.8975],[85.4133333,26.9158333],[85.4225,26.9166667],[85.4216667,26.9191667],[85.4283333,26.925],[85.43,26.9241667],[85.4308333,26.9283333]]},{"type":"LineString","coordinates":[[85.6066667,26.8975],[85.6133333,26.8983333],[85.6216667,26.9041667],[85.6258333,26.9116667],[85.6266667,26.9275]]},{"type":"LineString","coordinates":[[85.6066667,26.8975],[85.605,26.8991667],[85.6083333,26.9083333],[85.6041667,26.9191667],[85.6133333,26.9341667]]},{"type":"LineString","coordinates":[[86.9183333,26.8991667],[86.9158333,26.8966667],[86.885,26.8991667],[86.8691667,26.8941667],[86.8616667,26.895],[86.8525,26.8883333],[86.8383333,26.885],[86.8341667,26.875],[86.8275,26.8758333],[86.8233333,26.8725],[86.815,26.875],[86.8066667,26.8725],[86.7983333,26.8783333],[86.7858333,26.8808333],[86.78,26.8883333],[86.7725,26.885],[86.7741667,26.8966667],[86.7675,26.9033333],[86.7675,26.91],[86.7608333,26.9233333],[86.7641667,26.9333333],[86.7616667,26.9416667],[86.7641667,26.9583333],[86.7608333,26.9708333],[86.755,26.975]]},{"type":"LineString","coordinates":[[86.9183333,26.8991667],[86.9125,26.9041667],[86.91,26.9175],[86.9025,26.92],[86.9058333,26.9475],[86.9108333,26.95],[86.9141667,26.9558333],[86.9125,26.9608333],[86.9233333,26.9725],[86.9391667,26.9791667],[86.9416667,26.9833333],[86.9541667,26.9833333],[86.9658333,26.9916667],[86.9658333,26.995]]},{"type":"LineString","coordinates":[[85.8341667,26.9058333],[85.84,26.9083333],[85.8375,26.9125],[85.84,26.9183333],[85.8458333,26.9208333],[85.8466667,26.925],[85.8441667,26.9258333],[85.8433333,26.9308333],[85.8441667,26.9441667],[85.8508333,26.9508333]]},{"type":"LineString","coordinates":[[85.8341667,26.9058333],[85.8316667,26.9216667],[85.8341667,26.9275],[85.8333333,26.9341667],[85.8391667,26.9475],[85.8408333,26.9691667],[85.8508333,26.9833333],[85.8525,26.9933333],[85.8575,26.9983333],[85.8608333,27.0066667]]},{"type":"LineString","coordinates":[[86.2425,26.9066667],[86.2491667,26.9025],[86.2508333,26.8983333],[86.2575,26.9016667],[86.2641667,26.9008333],[86.265,26.9033333],[86.2791667,26.9058333],[86.285,26.9091667]]},{"type":"LineString","coordinates":[[86.2425,26.9066667],[86.2458333,26.9141667],[86.2525,26.91],[86.2583333,26.9125],[86.2616667,26.9266667],[86.2775,26.9316667],[86.28,26.9341667],[86.2783333,26.9358333]]},{"type":"LineString","coordinates":[[87.1616667,26.91],[87.155,26.9166667]]},{"type":"LineString","coordinates":[[87.1616667,26.91],[87.165,26.9241667],[87.1858333,26.9166667],[87.185,26.9133333],[87.19,26.91],[87.1975,26.9116667],[87.2091667,26.9058333],[87.2266667,26.9108333],[87.2283333,26.9141667],[87.2241667,26.9166667],[87.2325,26.92],[87.235,26.925],[87.2483333,26.9183333],[87.2558333,26.9208333],[87.255,26.9241667],[87.2583333,26.9266667],[87.265,26.9208333],[87.2858333,26.9175],[87.2916667,26.9275],[87.305,26.9191667],[87.31,26.9233333],[87.3066667,26.9275],[87.3141667,26.9308333]]},{"type":"LineString","coordinates":[[85.065,26.9108333],[85.0741667,26.9108333],[85.0775,26.9175],[85.0808333,26.9166667]]},{"type":"LineString","coordinates":[[85.065,26.9108333],[85.0625,26.9166667],[85.0666667,26.9208333],[85.0633333,26.92],[85.0616667,26.9233333],[85.065,26.9316667],[85.0625,26.9375],[85.0583333,26.9375],[85.0633333,26.945],[85.0616667,26.9541667],[85.0641667,26.9566667],[85.0633333,26.9625],[85.07,26.9608333],[85.0741667,26.9558333],[85.0766667,26.9616667],[85.0725,26.9666667],[85.0733333,26.9716667],[85.0758333,26.9741667],[85.0808333,26.9716667],[85.0875,26.9766667],[85.09,26.9891667],[85.0858333,26.9975],[85.0816667,26.9958333],[85.0775,26.9991667],[85.0791667,27.0008333],[85.0775,27.0075],[85.0866667,27.0158333],[85.0858333,27.0208333],[85.075,27.025],[85.0691667,27.0308333],[85.0725,27.0341667],[85.0725,27.0441667],[85.0808333,27.0458333],[85.0908333,27.0533333],[85.0966667,27.0616667],[85.0966667,27.0658333],[85.1041667,27.0716667],[85.1016667,27.0791667],[85.1033333,27.0858333],[85.1066667,27.0841667],[85.11,27.0908333],[85.1083333,27.1075],[85.1175,27.1183333],[85.1175,27.1233333]]},{"type":"LineString","coordinates":[[84.93577,26.9130133],[84.9375,26.9141667]]},{"type":"LineString","coordinates":[[87.7675,26.915],[87.7641667,26.9191667],[87.7641667,26.93],[87.7583333,26.9316667],[87.765,26.9391667],[87.7633333,26.9416667],[87.765,26.9441667],[87.7608333,26.945],[87.7583333,26.9583333],[87.7516667,26.9708333],[87.7533333,26.9725]]},{"type":"LineString","coordinates":[[87.7675,26.915],[87.7766667,26.9266667],[87.7791667,26.9266667],[87.7816667,26.9333333],[87.7883333,26.9375],[87.7908333,26.9441667],[87.7975,26.9483333],[87.8008333,26.955],[87.8125,26.96],[87.8166667,26.9641667],[87.815,26.9783333]]},{"type":"LineString","coordinates":[[85.0808333,26.9166667],[85.0816667,26.9133333],[85.0858333,26.9125],[85.0875,26.9166667],[85.09,26.9166667],[85.0891667,26.9191667],[85.0958333,26.9225],[85.1025,26.9316667],[85.1066667,26.9291667],[85.1091667,26.9308333],[85.1058333,26.9333333],[85.11,26.9341667],[85.1125,26.9408333],[85.11,26.9466667],[85.1191667,26.9475],[85.12,26.9533333],[85.125,26.9525],[85.1275,26.955],[85.1325,26.9541667],[85.1333333,26.9575],[85.1391667,26.9575],[85.1408333,26.9608333],[85.1383333,26.965],[85.1291667,26.9675],[85.1316667,26.9725],[85.1258333,26.9791667],[85.1291667,26.9783333],[85.1333333,26.9825],[85.135,26.9908333],[85.1416667,26.995],[85.1416667,26.9975]]},{"type":"LineString","coordinates":[[85.0808333,26.9166667],[85.0808333,26.9191667],[85.0866667,26.9241667],[85.085,26.9308333],[85.0958333,26.9375],[85.0991667,26.945],[85.1008333,26.9575],[85.095,26.9675],[85.09,26.9683333],[85.0908333,26.9766667],[85.0975,26.985],[85.0966667,26.9883333],[85.0991667,26.9908333],[85.1058333,26.9916667],[85.105,26.9966667],[85.1075,27.0008333]]},{"type":"LineString","coordinates":[[87.155,26.9166667],[87.1458333,26.9275],[87.1158333,26.9233333]]},{"type":"LineString","coordinates":[[87.155,26.9166667],[87.1533333,26.9258333],[87.1583333,26.93],[87.1558333,26.9333333],[87.1516667,26.9325],[87.1483333,26.9383333],[87.1616667,26.9458333],[87.1575,26.9558333],[87.1641667,26.9608333],[87.16,26.9666667],[87.17,26.9725],[87.1708333,26.9808333],[87.175,26.9841667]]},{"type":"LineString","coordinates":[[85.3125,26.9233333],[85.3183333,26.9241667]]},{"type":"LineString","coordinates":[[85.3125,26.9233333],[85.3133333,26.9283333],[85.3083333,26.9325],[85.3116667,26.935],[85.3091667,26.9433333],[85.31,26.9525],[85.3141667,26.9558333],[85.3141667,26.9633333],[85.3116667,26.965]]},{"type":"LineString","coordinates":[[87.1158333,26.9233333],[87.1108333,26.9183333],[87.0941667,26.9175],[87.0933333,26.91],[87.0816667,26.9125],[87.0758333,26.9083333],[87.0658333,26.9075],[87.0591667,26.9108333],[87.0508333,26.9025],[87.0441667,26.9075],[87.0375,26.9016667],[87.0325,26.9041667],[87.015,26.8925],[87.0058333,26.8925],[87.0025,26.8866667],[86.98,26.8958333],[86.9783333,26.9066667],[86.9658333,26.9],[86.9575,26.905],[86.9408333,26.9033333],[86.9316667,26.9083333],[86.9216667,26.905],[86.9183333,26.8991667]]},{"type":"LineString","coordinates":[[87.1158333,26.9233333],[87.1091667,26.9308333],[87.0966667,26.9341667],[87.095,26.9441667],[87.0908333,26.9441667]]},{"type":"LineString","coordinates":[[88.0566667,26.925],[88.0625,26.9283333],[88.0666667,26.935],[88.065,26.9366667],[88.0716667,26.9425],[88.0725,26.9441667],[88.0683333,26.9483333],[88.0783333,26.9541667]]},{"type":"LineString","coordinates":[[88.0566667,26.925],[88.0583333,26.9266667],[88.0566667,26.9308333],[88.0591667,26.9333333],[88.055,26.9433333],[88.0516667,26.945],[88.0508333,26.95],[88.0533333,26.955],[88.0508333,26.9566667],[88.05,26.9625],[88.0541667,26.9666667],[88.0516667,26.9766667],[88.0541667,26.985]]},{"type":"LineString","coordinates":[[85.4308333,26.9283333],[85.4475,26.9366667],[85.4583333,26.9533333],[85.4641667,26.9541667],[85.47,26.9591667],[85.4683333,26.9608333],[85.4733333,26.9658333],[85.4725,26.97]]},{"type":"LineString","coordinates":[[85.4308333,26.9283333],[85.4283333,26.9333333],[85.4291667,26.94],[85.4341667,26.9458333],[85.4333333,26.9566667],[85.4383333,26.9616667],[85.4391667,26.9666667],[85.4375,26.9783333],[85.4341667,26.9825],[85.4366667,26.9866667],[85.435,26.9908333],[85.44,26.9933333],[85.4383333,26.9975],[85.4416667,27.0008333],[85.4466667,27.0041667],[85.4525,27.0033333],[85.4566667,27.0075],[85.4558333,27.0108333],[85.4583333,27.0133333],[85.4566667,27.0183333],[85.4625,27.0216667],[85.4691667,27.0483333],[85.4766667,27.055],[85.4875,27.08]]},{"type":"LineString","coordinates":[[87.3141667,26.9308333],[87.3158333,26.9225],[87.31,26.9133333],[87.3091667,26.9058333],[87.3358333,26.8816667]]},{"type":"LineString","coordinates":[[87.3141667,26.9308333],[87.3241667,26.9283333],[87.3316667,26.9308333],[87.3333333,26.9358333]]},{"type":"LineString","coordinates":[[86.15,26.9325],[86.1533333,26.935],[86.1566667,26.9333333],[86.1608333,26.9258333],[86.1708333,26.92],[86.1716667,26.9158333],[86.1808333,26.9125],[86.19,26.905],[86.2,26.905],[86.205,26.9],[86.2158333,26.8958333],[86.22,26.8891667],[86.2241667,26.8933333],[86.2225,26.8991667],[86.2258333,26.9041667],[86.2383333,26.9041667],[86.2425,26.9066667]]},{"type":"LineString","coordinates":[[86.15,26.9325],[86.1466667,26.9408333],[86.1383333,26.9425],[86.135,26.9458333],[86.1275,26.945],[86.1275,26.9475],[86.1241667,26.9491667]]},{"type":"LineString","coordinates":[[85.7775,26.935],[85.7816667,26.935],[85.7833333,26.9391667],[85.7875,26.9408333],[85.7883333,26.945],[85.7983333,26.9466667],[85.8158333,26.9583333]]},{"type":"LineString","coordinates":[[85.7775,26.935],[85.7783333,26.9491667],[85.7858333,26.9583333],[85.7908333,26.9708333],[85.7925,26.9958333],[85.7958333,27.0008333],[85.7941667,27.0158333],[85.8041667,27.0258333],[85.8016667,27.0383333],[85.8075,27.0558333]]},{"type":"LineString","coordinates":[[86.2783333,26.9358333],[86.28,26.9441667],[86.2833333,26.9483333]]},{"type":"LineString","coordinates":[[86.2783333,26.9358333],[86.2758333,26.935],[86.2733333,26.9391667],[86.275,26.9483333],[86.2716667,26.9508333],[86.2716667,26.9541667],[86.2541667,26.9725],[86.2525,26.9758333],[86.2558333,26.9816667],[86.25,26.9875]]},{"type":"LineString","coordinates":[[87.3333333,26.9358333],[87.3525,26.935],[87.3558333,26.94],[87.3641667,26.94],[87.3683333,26.945],[87.38,26.945]]},{"type":"LineString","coordinates":[[87.3333333,26.9358333],[87.3341667,26.9533333],[87.3216667,26.9666667]]},{"type":"LineString","coordinates":[[86.415,26.9375],[86.425,26.9391667],[86.4308333,26.9358333],[86.4316667,26.9308333],[86.4408333,26.9283333],[86.4458333,26.9216667],[86.4525,26.9225],[86.455,26.9191667],[86.4591667,26.9183333],[86.4608333,26.9116667],[86.4583333,26.9066667],[86.4625,26.9075],[86.47,26.8991667],[86.4741667,26.9],[86.4758333,26.8975],[86.48,26.9008333],[86.4833333,26.8983333],[86.4858333,26.9016667],[86.4891667,26.8975],[86.4941667,26.8983333],[86.4941667,26.9016667],[86.4983333,26.9008333],[86.5033333,26.9083333],[86.5075,26.905],[86.5183333,26.9091667],[86.525,26.9066667],[86.5325,26.9075],[86.5458333,26.9191667],[86.5508333,26.93]]},{"type":"LineString","coordinates":[[86.415,26.9375],[86.4325,26.9558333],[86.44,26.9683333],[86.44,26.9741667],[86.4458333,26.975],[86.4466667,26.9791667],[86.45,26.9783333],[86.4566667,26.9883333],[86.465,26.9866667],[86.4708333,26.9925],[86.4766667,26.9933333],[86.4858333,26.9883333],[86.4941667,26.9883333],[86.4975,26.9825],[86.5016667,26.9841667],[86.5058333,26.9791667],[86.5125,26.9775],[86.5175,26.9783333],[86.5183333,26.9816667],[86.5258333,26.9858333],[86.5308333,26.9858333],[86.5366667,26.9925],[86.5458333,26.995],[86.5508333,27.0]]},{"type":"LineString","coordinates":[[87.0908333,26.9441667],[87.065,26.9475],[87.0391667,26.9408333],[87.0366667,26.9458333],[87.0258333,26.9441667],[87.02,26.9491667],[87.0175,26.9616667]]},{"type":"LineString","coordinates":[[87.0908333,26.9441667],[87.0925,26.9658333],[87.0966667,26.9708333]]},{"type":"LineString","coordinates":[[87.38,26.945],[87.3833333,26.9441667],[87.4016667,26.9558333]]},{"type":"LineString","coordinates":[[87.38,26.945],[87.3816667,26.9558333],[87.375,26.9666667],[87.3691667,26.97],[87.3725,26.9783333],[87.3691667,26.9875],[87.3741667,26.9975]]},{"type":"LineString","coordinates":[[86.2833333,26.9483333],[86.2925,26.9483333],[86.315,26.9641667],[86.3333333,26.9658333],[86.3425,26.96],[86.3491667,26.9625],[86.3566667,26.9616667]]},{"type":"LineString","coordinates":[[86.2833333,26.9483333],[86.2841667,26.9533333],[86.2883333,26.9566667],[86.2875,26.96],[86.2916667,26.9625],[86.2933333,26.96],[86.2958333,26.9608333],[86.295,26.9691667]]},{"type":"LineString","coordinates":[[87.4016667,26.9558333],[87.4091667,26.9408333],[87.4091667,26.9333333],[87.4033333,26.9258333]]},{"type":"LineString","coordinates":[[87.4016667,26.9558333],[87.4258333,26.9558333],[87.4333333,26.9616667],[87.4333333,26.9675],[87.4383333,26.9708333]]},{"type":"LineString","coordinates":[[84.9991667,26.9591667],[84.9991667,26.9691667],[85.0058333,26.9716667],[85.0025,26.9808333],[85.005,26.9825]]},{"type":"LineString","coordinates":[[84.9991667,26.9591667],[84.9775,26.965],[84.9708333,26.9833333]]},{"type":"LineString","coordinates":[[84.8766667,26.9610793],[84.8791667,26.965],[84.875,26.9675],[84.8891667,26.9666667],[84.8933333,26.9725],[84.8983333,26.97],[84.8975,26.9741667],[84.9008333,26.9741667],[84.9033333,26.98],[84.9083333,26.9825],[84.91,26.9883333],[84.9133333,26.99],[84.9141667,27.0],[84.9108333,27.0008333],[84.9191667,27.0116667],[84.9208333,27.01],[84.9241667,27.0116667],[84.9225,27.015],[84.9241667,27.0208333],[84.9291667,27.0183333],[84.9341667,27.0225]]},{"type":"LineString","coordinates":[[86.3566667,26.9616667],[86.3666667,26.9583333],[86.3775,26.9616667],[86.385,26.9608333],[86.3983333,26.95],[86.4041667,26.9341667],[86.4108333,26.9325],[86.415,26.9375]]},{"type":"LineString","coordinates":[[86.3566667,26.9616667],[86.3691667,26.9766667]]},{"type":"LineString","coordinates":[[85.3116667,26.965],[85.31,26.9675],[85.3116667,26.9783333]]},{"type":"LineString","coordinates":[[85.3116667,26.965],[85.305,26.9683333],[85.3033333,26.9758333],[85.2916667,26.9816667],[85.2908333,26.9875],[85.2858333,26.9883333],[85.2783333,26.995],[85.2791667,26.9983333],[85.2775,26.9975],[85.2766667,27.0008333],[85.2733333,27.0],[85.2716667,27.0066667],[85.265,27.0075],[85.2666667,27.0183333]]},{"type":"LineString","coordinates":[[85.4725,26.97],[85.4741667,26.9758333],[85.4708333,26.9808333],[85.4733333,26.9858333],[85.4716667,26.9891667],[85.4783333,26.9966667],[85.4775,27.0058333]]},{"type":"LineString","coordinates":[[85.4725,26.97],[85.475,26.9708333],[85.4775,26.9691667],[85.4816667,26.9716667],[85.4841667,26.9666667],[85.4883333,26.9691667],[85.4875,26.9758333],[85.4916667,26.9783333],[85.49,26.9983333],[85.4958333,27.01],[85.495,27.0175],[85.5058333,27.0333333],[85.5158333,27.0425]]},{"type":"LineString","coordinates":[[87.4383333,26.9708333],[87.4516667,26.9583333],[87.4616667,26.9341667],[87.4675,26.9291667],[87.4658333,26.9133333]]},{"type":"LineString","coordinates":[[87.4383333,26.9708333],[87.4391667,26.9716667]]},{"type":"LineString","coordinates":[[87.4391667,26.9716667],[87.4483333,26.9741667],[87.4633333,26.9683333],[87.4691667,26.9775],[87.4816667,26.975],[87.4858333,26.9775],[87.4825,26.9808333],[87.485,26.9841667],[87.4933333,26.9841667]]},{"type":"LineString","coordinates":[[87.4391667,26.9716667],[87.4366667,26.9841667],[87.4408333,26.9908333],[87.4416667,27.0041667],[87.4308333,27.0141667],[87.43,27.0358333]]},{"type":"LineString","coordinates":[[86.755,26.975],[86.7583333,26.9783333],[86.7625,26.9766667],[86.7791667,26.9941667],[86.7875,26.9891667],[86.7925,26.9975],[86.8041667,27.0016667]]},{"type":"LineString","coordinates":[[86.755,26.975],[86.7566667,26.9858333],[86.7525,26.9883333],[86.7533333,27.0075],[86.7491667,27.01]]},{"type":"LineString","coordinates":[[86.3691667,26.9766667],[86.3725,26.9783333]]},{"type":"LineString","coordinates":[[86.3691667,26.9766667],[86.365,26.98],[86.3658333,26.9933333],[86.375,27.0033333],[86.3725,27.0175],[86.375,27.025],[86.3825,27.0316667],[86.3783333,27.035],[86.3683333,27.0366667],[86.3641667,27.0425],[86.3633333,27.0533333],[86.35,27.0633333]]},{"type":"LineString","coordinates":[[85.3116667,26.9783333],[85.315,26.985],[85.3133333,26.9883333],[85.3166667,26.9916667],[85.3133333,26.9941667]]},{"type":"LineString","coordinates":[[85.3116667,26.9783333],[85.3091667,26.9816667],[85.3058333,26.9816667],[85.3083333,26.9866667],[85.2991667,26.9916667],[85.3016667,27.0],[85.2983333,27.005],[85.2983333,27.0116667],[85.3016667,27.0133333],[85.3025,27.0175],[85.2991667,27.0183333],[85.3,27.0208333],[85.2975,27.0233333],[85.2975,27.0425],[85.2941667,27.045],[85.2975,27.0475],[85.3,27.055],[85.2975,27.0591667]]},{"type":"LineString","coordinates":[[85.005,26.9825],[85.0041667,26.9841667],[85.0091667,26.9891667]]},{"type":"LineString","coordinates":[[85.005,26.9825],[85.0125,26.9816667],[85.0183333,26.9841667],[85.0241667,26.9833333],[85.0283333,26.9891667],[85.0275,26.9916667],[85.0308333,26.9941667],[85.03,27.0025],[85.0341667,27.0058333],[85.0266667,27.0083333],[85.0258333,27.0133333],[85.0358333,27.0183333],[85.04,27.0166667],[85.04,27.0233333],[85.0441667,27.025],[85.0441667,27.0308333],[85.0491667,27.0358333],[85.0541667,27.0383333],[85.0633333,27.0383333],[85.0666667,27.0441667],[85.0691667,27.0441667],[85.0683333,27.0491667],[85.0641667,27.0508333],[85.0658333,27.0533333],[85.0641667,27.0575],[85.07,27.0625],[85.0691667,27.07],[85.0758333,27.0733333],[85.0725,27.0766667],[85.0633333,27.0758333],[85.0641667,27.085],[85.0608333,27.09],[85.0708333,27.0941667],[85.0658333,27.0966667],[85.0741667,27.1041667],[85.0733333,27.1075],[85.0666667,27.1083333],[85.0675,27.1133333],[85.0741667,27.1191667],[85.0666667,27.1391667],[85.0716667,27.15],[85.07,27.1641667],[85.0741667,27.1733333]]},{"type":"LineString","coordinates":[[87.175,26.9841667],[87.1691667,26.9916667]]},{"type":"LineString","coordinates":[[87.175,26.9841667],[87.1783333,26.9833333],[87.1791667,26.9883333],[87.1966667,26.9991667],[87.1983333,27.0083333]]},{"type":"LineString","coordinates":[[87.4933333,26.9841667],[87.5116667,26.9658333],[87.535,26.9591667],[87.54,26.9516667],[87.5525,26.9458333],[87.5591667,26.94],[87.5625,26.93],[87.5683333,26.9283333],[87.5775,26.9316667],[87.5883333,26.9275],[87.6058333,26.9083333],[87.6133333,26.9108333],[87.6166667,26.9033333],[87.6258333,26.9016667],[87.6633333,26.905]]},{"type":"LineString","coordinates":[[87.4933333,26.9841667],[87.5008333,26.9841667],[87.5125,26.9916667],[87.52,27.0033333],[87.5341667,27.0125],[87.5366667,27.0183333]]},{"type":"LineString","coordinates":[[86.25,26.9875],[86.2458333,26.99],[86.2425,26.9891667],[86.2241667,27.0025],[86.2091667,27.0041667],[86.1983333,27.0116667],[86.19,27.0091667],[86.1758333,27.0091667],[86.1666667,27.0116667],[86.1625,27.0091667],[86.1583333,27.0108333],[86.1541667,27.0166667],[86.1525,27.015],[86.1483333,27.0183333],[86.1391667,27.0291667]]},{"type":"LineString","coordinates":[[86.25,26.9875],[86.2475,27.0008333],[86.2366667,27.0016667],[86.2308333,27.0066667],[86.2175,27.0066667],[86.2041667,27.0125],[86.2033333,27.0216667],[86.2083333,27.0266667],[86.2116667,27.0366667],[86.2066667,27.045],[86.2116667,27.0475],[86.2075,27.0508333],[86.2025,27.05],[86.2066667,27.055],[86.2116667,27.055],[86.2133333,27.0575],[86.2208333,27.0591667],[86.2233333,27.0566667],[86.2283333,27.0566667]]},{"type":"LineString","coordinates":[[84.8016667,26.9887253],[84.8016667,26.9916667],[84.8075,26.9975],[84.8116667,27.0133333],[84.8108333,27.015],[84.8066667,27.0141667],[84.81,27.0175],[84.8233333,27.0216667],[84.8225,27.0308333],[84.825,27.0408333],[84.835,27.0483333],[84.8383333,27.0466667],[84.8391667,27.0508333],[84.8458333,27.0558333]]},{"type":"LineString","coordinates":[[84.7773999,26.9939664],[84.7783333,27.0],[84.7808333,27.0016667],[84.78,27.005],[84.7883333,27.0058333],[84.7891667,27.0083333],[84.7866667,27.01],[84.7841667,27.0075],[84.7825,27.0116667],[84.7833333,27.025],[84.7883333,27.0366667]]},{"type":"LineString","coordinates":[[85.1416667,26.9975],[85.1491667,26.9983333],[85.1541667,27.0033333],[85.1533333,27.0116667],[85.1666667,27.0233333],[85.17,27.0291667],[85.1708333,27.035],[85.1666667,27.0408333],[85.1716667,27.0533333],[85.175,27.055],[85.1716667,27.06]]},{"type":"LineString","coordinates":[[85.1416667,26.9975],[85.1383333,26.9983333],[85.1375,27.0025],[85.1391667,27.0066667],[85.1375,27.0191667],[85.1291667,27.0283333],[85.1325,27.0316667],[85.13,27.035],[85.1316667,27.0358333],[85.1241667,27.0408333],[85.1258333,27.0433333],[85.1225,27.0508333],[85.1258333,27.0583333],[85.1308333,27.06],[85.1308333,27.0641667],[85.1266667,27.0658333],[85.125,27.0708333],[85.13,27.0775],[85.13,27.0833333],[85.1266667,27.0866667],[85.1333333,27.0991667],[85.1325,27.1083333],[85.1383333,27.1108333],[85.1408333,27.1083333],[85.145,27.1125]]},{"type":"LineString","coordinates":[[84.7579855,26.9981594],[84.76,26.9991667],[84.7583333,27.0033333],[84.7641667,27.0125],[84.7725,27.0175],[84.7775,27.0241667],[84.78,27.0308333],[84.7791667,27.0366667]]},{"type":"LineString","coordinates":[[87.9675,26.9991667],[87.9725,27.0008333]]},{"type":"LineString","coordinates":[[87.9675,26.9991667],[87.9641667,27.005],[87.9675,27.0116667],[87.9658333,27.0166667],[87.9558333,27.0266667],[87.9525,27.0266667],[87.9508333,27.03],[87.9525,27.0341667],[87.9466667,27.0391667],[87.9466667,27.0533333],[87.9491667,27.0558333],[87.9466667,27.0591667],[87.9591667,27.0675]]},{"type":"LineString","coordinates":[[86.8041667,27.0016667],[86.8075,27.0058333],[86.8058333,27.0116667],[86.8083333,27.0125]]},{"type":"LineString","coordinates":[[86.8041667,27.0016667],[86.8141667,27.0016667],[86.8316667,27.0091667],[86.8416667,27.0058333],[86.8516667,27.0116667],[86.8691667,27.0141667],[86.8975,27.0283333]]},{"type":"LineString","coordinates":[[85.3875,27.0041667],[85.3908333,27.0041667],[85.3958333,27.0091667],[85.3983333,27.0216667],[85.4058333,27.0258333]]},{"type":"LineString","coordinates":[[85.3875,27.0041667],[85.3866667,27.0075],[85.39,27.0125],[85.3833333,27.0166667],[85.3808333,27.0233333],[85.3833333,27.0266667],[85.3775,27.0291667],[85.3733333,27.0383333],[85.3783333,27.045],[85.3833333,27.045],[85.3816667,27.05],[85.375,27.0566667],[85.3816667,27.0608333],[85.3816667,27.0633333],[85.3725,27.0641667],[85.3683333,27.0725],[85.3716667,27.0783333],[85.3783333,27.0808333],[85.375,27.0841667],[85.37,27.0816667],[85.3641667,27.0841667],[85.3641667,27.0883333],[85.3683333,27.0908333],[85.3675,27.0966667],[85.37,27.0983333],[85.3733333,27.12],[85.3658333,27.1241667],[85.3625,27.1441667],[85.3416667,27.1608333],[85.3333333,27.1766667],[85.3333333,27.1833333],[85.3416667,27.1925],[85.3416667,27.2058333],[85.345,27.2125],[85.3483333,27.2141667],[85.3483333,27.2225],[85.345,27.23]]},{"type":"LineString","coordinates":[[84.895,27.005],[84.8866667,26.9933333],[84.8808333,26.9925],[84.8808333,26.9891667],[84.8741667,26.9866667],[84.8691667,26.9891667],[84.8625,26.98],[84.8566667,26.9775],[84.8558333,26.9816667],[84.8583333,26.9841667],[84.8566667,26.9858333],[84.8591667,26.9891667],[84.8566667,26.9908333],[84.8608333,26.9958333],[84.8583333,26.9991667],[84.8508333,26.9983333],[84.8525,27.0016667],[84.8508333,27.0033333],[84.8583333,27.0133333],[84.8633333,27.0141667],[84.8641667,27.0175],[84.8741667,27.0183333],[84.8741667,27.025],[84.8766667,27.0283333],[84.8783333,27.0275],[84.8775,27.0325],[84.885,27.0375],[84.8833333,27.04],[84.8866667,27.0433333],[84.8858333,27.0466667],[84.8883333,27.0491667],[84.8866667,27.0508333],[84.8933333,27.055],[84.8908333,27.0583333],[84.8933333,27.0591667],[84.8925,27.0633333],[84.8958333,27.0658333],[84.8933333,27.07],[84.9008333,27.0791667],[84.9075,27.0791667]]},{"type":"LineString","coordinates":[[87.6316667,27.005],[87.635,27.0008333],[87.6341667,26.99]]},{"type":"LineString","coordinates":[[87.6316667,27.005],[87.6441667,27.0066667]]},{"type":"LineString","coordinates":[[87.1983333,27.0083333],[87.2208333,27.0116667],[87.2491667,27.0216667],[87.2616667,27.0216667]]},{"type":"LineString","coordinates":[[87.1983333,27.0083333],[87.1916667,27.0283333],[87.1816667,27.045]]},{"type":"LineString","coordinates":[[86.6908333,27.01],[86.6833333,27.0058333],[86.68,27.0066667],[86.6808333,27.0091667],[86.6716667,27.0058333],[86.6616667,26.9908333],[86.6541667,26.9866667],[86.6491667,26.9733333]]},{"type":"LineString","coordinates":[[86.6908333,27.01],[86.6933333,27.0108333],[86.6941667,27.02],[86.6866667,27.0258333]]},{"type":"LineString","coordinates":[[86.7491667,27.01],[86.7391667,26.9983333],[86.7341667,26.9966667],[86.7241667,27.0033333],[86.7183333,26.9991667],[86.7183333,27.0041667],[86.7075,27.0041667],[86.7066667,27.0016667],[86.6933333,27.0033333],[86.6908333,27.01]]},{"type":"LineString","coordinates":[[86.7491667,27.01],[86.7475,27.0241667],[86.7391667,27.0333333],[86.7283333,27.0383333]]},{"type":"LineString","coordinates":[[84.6968284,27.0113679],[84.7025,27.0158333]]},{"type":"LineString","coordinates":[[84.7025,27.0158333],[84.6775,27.0191667]]},{"type":"LineString","coordinates":[[84.7025,27.0158333],[84.7033333,27.0225]]},{"type":"LineString","coordinates":[[85.6241667,27.0166667],[85.65,27.0191667],[85.6558333,27.0266667],[85.6766667,27.0366667],[85.6866667,27.045],[85.6966667,27.045],[85.7125,27.055],[85.7208333,27.0541667],[85.73,27.0633333],[85.7375,27.06]]},{"type":"LineString","coordinates":[[85.6241667,27.0166667],[85.6283333,27.0241667],[85.6275,27.0275],[85.635,27.0308333],[85.64,27.0416667],[85.6525,27.045],[85.655,27.0491667],[85.6625,27.0525],[85.665,27.0575],[85.6716667,27.0575],[85.6791667,27.0625],[85.6908333,27.065],[85.7108333,27.0825],[85.7141667,27.0891667],[85.7233333,27.0941667],[85.7208333,27.0983333],[85.725,27.1],[85.7316667,27.0975],[85.7366667,27.1],[85.7366667,27.1041667]]},{"type":"LineString","coordinates":[[87.5366667,27.0183333],[87.5325,27.0208333],[87.5258333,27.0341667],[87.5158333,27.0333333]]},{"type":"LineString","coordinates":[[87.5366667,27.0183333],[87.5425,27.0241667],[87.54,27.0333333],[87.5325,27.0358333],[87.535,27.0408333]]},{"type":"LineString","coordinates":[[84.6775,27.0191667],[84.6575,27.0233333],[84.6408333,27.03],[84.6375,27.0341667],[84.6425,27.0558333],[84.6441667,27.0783333],[84.6533333,27.0858333],[84.6575,27.0866667]]},{"type":"LineString","coordinates":[[84.6775,27.0191667],[84.675,27.0225],[84.6766667,27.0258333],[84.6716667,27.0325],[84.6725,27.035],[84.6758333,27.0341667],[84.6733333,27.0383333],[84.6783333,27.0441667],[84.6775,27.0508333],[84.6683333,27.0525],[84.6725,27.06],[84.6666667,27.0658333],[84.6708333,27.0716667],[84.675,27.0708333],[84.68,27.0766667],[84.6783333,27.0808333],[84.6816667,27.0833333],[84.6825,27.0883333],[84.6783333,27.0908333],[84.6808333,27.0966667],[84.6775,27.1008333],[84.6733333,27.1008333],[84.6733333,27.105],[84.6908333,27.1266667],[84.6825,27.1341667],[84.685,27.1416667],[84.6825,27.1425],[84.6816667,27.1475],[84.685,27.1541667]]},{"type":"LineString","coordinates":[[84.7033333,27.0225],[84.7116667,27.0183333]]},{"type":"LineString","coordinates":[[84.7033333,27.0225],[84.7041667,27.025],[84.6983333,27.03],[84.6991667,27.04],[84.695,27.0416667],[84.7016667,27.0458333],[84.7,27.0541667],[84.695,27.0616667],[84.7041667,27.0633333],[84.705,27.0766667],[84.7141667,27.0825],[84.7116667,27.0875],[84.7141667,27.0916667],[84.7083333,27.0925],[84.7075,27.095],[84.7175,27.1025],[84.7225,27.1033333],[84.7175,27.1075],[84.7191667,27.115],[84.7175,27.12],[84.72,27.1225],[84.7275,27.12],[84.7316667,27.1266667]]},{"type":"LineString","coordinates":[[84.9341667,27.0225],[84.9408333,27.0225],[84.9483333,27.0275],[84.9541667,27.0333333],[84.9516667,27.035],[84.9525,27.0383333],[84.96,27.0358333],[84.9675,27.0425],[84.9716667,27.0391667],[84.9741667,27.0416667],[84.9725,27.0433333],[84.9791667,27.0458333],[84.98,27.0491667],[84.985,27.0483333],[84.9908333,27.0541667],[84.9925,27.0525],[84.9983333,27.0558333],[84.9975,27.0591667],[85.0008333,27.06],[85.005,27.0658333],[85.0033333,27.0683333],[85.0091667,27.07],[85.0083333,27.0725],[85.0141667,27.0758333],[85.0133333,27.08],[85.0191667,27.0858333],[85.0175,27.0883333],[85.0225,27.0916667],[85.0183333,27.095],[85.0225,27.0975],[85.0208333,27.1],[85.0233333,27.1025]]},{"type":"LineString","coordinates":[[84.9341667,27.0225],[84.9308333,27.025],[84.9366667,27.0283333],[84.9425,27.04],[84.95,27.0408333],[84.9491667,27.0466667],[84.9608333,27.0625],[84.9616667,27.0683333],[84.9591667,27.0733333],[84.9641667,27.0758333],[84.9625,27.0808333],[84.9658333,27.0833333],[84.9666667,27.0883333],[84.97,27.0875],[84.9733333,27.0908333],[84.9733333,27.1],[84.9716667,27.1008333],[84.975,27.1033333],[84.9741667,27.105],[84.9816667,27.1083333],[84.98,27.1116667],[84.9775,27.1116667],[84.9816667,27.1158333],[84.9783333,27.1233333],[84.9808333,27.1266667],[84.98,27.1316667],[84.9833333,27.1383333],[84.9908333,27.1416667],[84.9916667,27.1458333],[85.0008333,27.1525],[84.9991667,27.1558333],[85.0066667,27.1641667],[85.01,27.1758333],[85.0066667,27.1783333],[85.0125,27.1866667],[85.0125,27.2008333],[85.0091667,27.2033333],[85.0125,27.2216667],[85.0091667,27.2308333],[85.01,27.2466667],[84.9925,27.29]]},{"type":"LineString","coordinates":[[85.4058333,27.0258333],[85.4041667,27.03],[85.4058333,27.0316667],[85.4025,27.0341667],[85.4008333,27.0425],[85.4025,27.0441667]]},{"type":"LineString","coordinates":[[85.4058333,27.0258333],[85.4125,27.0325],[85.4175,27.045],[85.435,27.065],[85.4475,27.0875],[85.4491667,27.0958333]]},{"type":"LineString","coordinates":[[86.8975,27.0283333],[86.9,27.03]]},{"type":"LineString","coordinates":[[86.8975,27.0283333],[86.9075,27.0441667],[86.9116667,27.0616667]]},{"type":"LineString","coordinates":[[86.1391667,27.0291667],[86.1333333,27.0325]]},{"type":"LineString","coordinates":[[86.1391667,27.0291667],[86.1175,27.0266667],[86.1125,27.03],[86.1083333,27.0283333],[86.1041667,27.0325],[86.0966667,27.0316667],[86.0891667,27.0375],[86.0866667,27.0341667],[86.08,27.0341667],[86.075,27.04],[86.0691667,27.0425],[86.0658333,27.0483333],[86.055,27.0508333],[86.0383333,27.0666667],[86.0333333,27.0666667],[86.03,27.07],[86.0283333,27.0783333],[86.0241667,27.0825],[86.0166667,27.085],[86.0075,27.08],[86.005,27.0833333]]},{"type":"LineString","coordinates":[[87.6033333,27.0333333],[87.6083333,27.0316667],[87.6058333,27.0233333],[87.6116667,27.0091667],[87.6175,27.0058333],[87.6316667,27.005]]},{"type":"LineString","coordinates":[[87.6033333,27.0333333],[87.6141667,27.0391667],[87.6283333,27.0408333]]},{"type":"LineString","coordinates":[[84.7883333,27.0366667],[84.7875,27.0408333],[84.7908333,27.0433333],[84.7891667,27.0458333],[84.7925,27.0458333],[84.795,27.0508333],[84.7925,27.055],[84.7875,27.0558333],[84.7958333,27.0658333],[84.7933333,27.0658333],[84.7925,27.0825],[84.7858333,27.0858333],[84.7816667,27.0958333],[84.7791667,27.095],[84.7725,27.1008333],[84.7758333,27.1091667],[84.7725,27.1133333],[84.7733333,27.12],[84.7783333,27.1241667]]},{"type":"LineString","coordinates":[[84.7883333,27.0366667],[84.7891667,27.035],[84.795,27.0391667],[84.7983333,27.0375],[84.7983333,27.0475],[84.8058333,27.0558333],[84.8075,27.0541667],[84.8091667,27.0566667],[84.8091667,27.06],[84.805,27.0616667],[84.8108333,27.0708333],[84.8108333,27.0825],[84.8133333,27.0858333],[84.8191667,27.0875],[84.8225,27.0925],[84.8158333,27.0933333],[84.815,27.1091667],[84.8166667,27.1108333],[84.8141667,27.1166667],[84.8233333,27.13],[84.8225,27.1366667],[84.8116667,27.1433333],[84.8125,27.1516667],[84.81,27.155],[84.8116667,27.1675],[84.8091667,27.1741667],[84.8116667,27.1766667],[84.8041667,27.1825],[84.7983333,27.1958333],[84.795,27.1975],[84.7933333,27.2041667],[84.795,27.2083333],[84.7916667,27.2133333],[84.795,27.2125],[84.7966667,27.2175],[84.7941667,27.2191667],[84.7991667,27.2241667],[84.7991667,27.2308333],[84.8041667,27.2408333],[84.8083333,27.2441667],[84.8066667,27.2533333],[84.8166667,27.2683333],[84.8175,27.28],[84.83,27.295],[84.8391667,27.3016667]]},{"type":"LineString","coordinates":[[84.5769058,27.0372684],[84.5775,27.045],[84.5833333,27.0491667]]},{"type":"LineString","coordinates":[[86.7283333,27.0383333],[86.7458333,27.045],[86.7658333,27.0466667],[86.77,27.0525],[86.7741667,27.05],[86.7758333,27.0558333],[86.7841667,27.0558333],[86.8108333,27.0716667]]},{"type":"LineString","coordinates":[[86.7283333,27.0383333],[86.7266667,27.0466667],[86.72,27.0558333],[86.72,27.0625],[86.71,27.0683333],[86.7108333,27.0733333],[86.7016667,27.0816667],[86.6983333,27.0866667],[86.7,27.0891667]]},{"type":"LineString","coordinates":[[87.535,27.0408333],[87.5366667,27.0366667],[87.5408333,27.0383333],[87.5491667,27.0341667],[87.5616667,27.0366667],[87.5841667,27.0325],[87.5933333,27.035],[87.6033333,27.0333333]]},{"type":"LineString","coordinates":[[87.535,27.0408333],[87.5383333,27.0475],[87.5625,27.0625]]},{"type":"LineString","coordinates":[[87.1816667,27.045],[87.1625,27.0491667],[87.1575,27.0558333],[87.1583333,27.0591667],[87.1433333,27.0708333],[87.1308333,27.075],[87.1233333,27.0733333]]},{"type":"LineString","coordinates":[[87.1816667,27.045],[87.1783333,27.0541667],[87.1825,27.0625],[87.1833333,27.0741667],[87.1908333,27.0775],[87.1908333,27.085],[87.2016667,27.0875],[87.2175,27.1075]]},{"type":"LineString","coordinates":[[84.5833333,27.0491667],[84.5908333,27.0508333]]},{"type":"LineString","coordinates":[[84.5833333,27.0491667],[84.5858333,27.0525],[84.5833333,27.055],[84.585,27.0591667],[84.5783333,27.0675],[84.58,27.07],[84.5758333,27.0716667],[84.5758333,27.0791667],[84.5733333,27.0791667],[84.5775,27.0833333],[84.5758333,27.0858333],[84.5791667,27.0925]]},{"type":"LineString","coordinates":[[84.8458333,27.0558333],[84.8466667,27.0583333],[84.8433333,27.0625],[84.8508333,27.0683333],[84.8466667,27.0725],[84.85,27.0733333],[84.85,27.0775],[84.8541667,27.0791667],[84.8533333,27.0808333]]},{"type":"LineString","coordinates":[[84.8458333,27.0558333],[84.8491667,27.0558333],[84.855,27.0633333],[84.8666667,27.0633333],[84.8675,27.07],[84.8733333,27.0766667],[84.8691667,27.0883333],[84.8816667,27.08],[84.8833333,27.0833333],[84.8891667,27.0825],[84.8941667,27.0866667],[84.9,27.0875],[84.9033333,27.1066667],[84.9175,27.125],[84.9191667,27.1325],[84.925,27.1366667],[84.925,27.1433333],[84.9316667,27.1491667],[84.9325,27.1575],[84.9358333,27.1616667],[84.9341667,27.1641667],[84.9466667,27.1733333],[84.9475,27.1791667],[84.9525,27.1858333],[84.9516667,27.1908333],[84.9583333,27.1925],[84.9608333,27.1958333],[84.9583333,27.2075],[84.9641667,27.2216667],[84.9633333,27.2341667],[84.975,27.27]]},{"type":"LineString","coordinates":[[86.2283333,27.0566667],[86.24,27.0583333],[86.2441667,27.0641667],[86.2475,27.0641667],[86.2491667,27.0683333],[86.255,27.0716667],[86.2591667,27.0691667],[86.2658333,27.0691667],[86.2691667,27.0716667]]},{"type":"LineString","coordinates":[[86.2283333,27.0566667],[86.235,27.0633333],[86.2333333,27.0741667],[86.2358333,27.0766667]]},{"type":"LineString","coordinates":[[85.2975,27.0591667],[85.3083333,27.0633333],[85.3075,27.0725],[85.31,27.0733333],[85.3108333,27.08],[85.3133333,27.0808333]]},{"type":"LineString","coordinates":[[85.2975,27.0591667],[85.2983333,27.0683333],[85.2883333,27.0775],[85.2916667,27.0841667],[85.2966667,27.0866667],[85.295,27.0883333],[85.2966667,27.0925],[85.2925,27.0966667],[85.2925,27.1025],[85.29,27.1008333],[85.2858333,27.1033333],[85.29,27.1058333],[85.2858333,27.1108333],[85.2866667,27.1158333],[85.2916667,27.1158333],[85.2958333,27.1225],[85.29,27.1258333],[85.2858333,27.135],[85.2883333,27.1466667],[85.2908333,27.1483333],[85.2933333,27.1466667],[85.2983333,27.1516667],[85.2958333,27.1533333],[85.2983333,27.1541667],[85.3,27.1625],[85.2975,27.175],[85.3008333,27.1758333]]},{"type":"LineString","coordinates":[[87.5625,27.0625],[87.55,27.0725],[87.53,27.0791667],[87.5133333,27.09]]},{"type":"LineString","coordinates":[[87.5625,27.0625],[87.5708333,27.0708333],[87.5708333,27.075],[87.5883333,27.0991667],[87.61,27.11]]},{"type":"LineString","coordinates":[[87.085,27.065],[87.075,27.0525],[87.075,27.0383333]]},{"type":"LineString","coordinates":[[87.085,27.065],[87.0791667,27.065],[87.0625,27.0775],[87.0558333,27.0758333]]},{"type":"LineString","coordinates":[[85.5708333,27.07],[85.5716667,27.0741667],[85.5691667,27.08],[85.5741667,27.0816667],[85.575,27.0875],[85.5791667,27.09],[85.5791667,27.0941667]]},{"type":"LineString","coordinates":[[85.5708333,27.07],[85.5741667,27.07],[85.5775,27.0733333],[85.5875,27.0758333],[85.5966667,27.0816667],[85.6166667,27.0791667],[85.6441667,27.09],[85.6566667,27.1033333],[85.6575,27.1083333],[85.6525,27.1141667],[85.6591667,27.12],[85.6583333,27.1266667],[85.6641667,27.1291667],[85.6616667,27.1333333],[85.6658333,27.1366667]]},{"type":"LineString","coordinates":[[87.1233333,27.0733333],[87.1166667,27.0683333],[87.105,27.0683333],[87.1041667,27.0641667],[87.085,27.065]]},{"type":"LineString","coordinates":[[87.1233333,27.0733333],[87.1125,27.0825],[87.1158333,27.0866667],[87.1,27.0966667]]},{"type":"LineString","coordinates":[[84.9075,27.0791667],[84.9091667,27.0858333]]},{"type":"LineString","coordinates":[[84.9075,27.0791667],[84.91,27.0766667],[84.9133333,27.0783333],[84.9141667,27.0758333],[84.9208333,27.0783333],[84.9266667,27.0775],[84.9275,27.0833333],[84.9341667,27.0833333],[84.9358333,27.08],[84.9383333,27.08],[84.9416667,27.0858333],[84.9508333,27.0883333],[84.9541667,27.0975],[84.9566667,27.0975],[84.9641667,27.1058333],[84.9658333,27.1116667],[84.9633333,27.1158333]]},{"type":"LineString","coordinates":[[84.8533333,27.0808333],[84.8525,27.085],[84.8566667,27.0891667],[84.85,27.0908333],[84.8525,27.1158333]]},{"type":"LineString","coordinates":[[84.8533333,27.0808333],[84.8591667,27.085],[84.8616667,27.0833333],[84.8641667,27.0858333],[84.8625,27.0866667],[84.8683333,27.09],[84.8683333,27.0933333],[84.8758333,27.0991667],[84.8766667,27.1041667],[84.8816667,27.1066667],[84.8866667,27.1133333],[84.8875,27.1158333],[84.885,27.1183333],[84.8891667,27.1216667],[84.8883333,27.1258333],[84.8908333,27.1275],[84.8858333,27.1325],[84.8908333,27.1408333],[84.89,27.1483333],[84.895,27.1541667],[84.9075,27.1558333],[84.91,27.1675],[84.92,27.1758333],[84.9275,27.1775],[84.9291667,27.1816667]]},{"type":"LineString","coordinates":[[86.005,27.0833333],[86.0108333,27.0983333],[86.0158333,27.0975],[86.02,27.105],[86.0266667,27.1033333],[86.0308333,27.1066667],[86.025,27.1175],[86.02,27.12],[86.0208333,27.1275],[86.0241667,27.1316667],[86.0225,27.1366667],[86.0258333,27.1416667]]},{"type":"LineString","coordinates":[[86.005,27.0833333],[86.0025,27.0825],[85.9866667,27.0891667],[85.9691667,27.1091667],[85.96,27.13],[85.9266667,27.15],[85.9125,27.1525],[85.9116667,27.1608333],[85.9008333,27.1658333]]},{"type":"LineString","coordinates":[[86.7,27.0891667],[86.6908333,27.1025],[86.6825,27.1033333],[86.6708333,27.115]]},{"type":"LineString","coordinates":[[86.7,27.0891667],[86.7033333,27.0933333],[86.7108333,27.0925],[86.735,27.1125],[86.7391667,27.1116667],[86.7375,27.1175],[86.7458333,27.1216667],[86.745,27.13],[86.7533333,27.1475]]},{"type":"LineString","coordinates":[[87.5133333,27.09],[87.4916667,27.09],[87.48,27.0975],[87.4558333,27.1058333],[87.4441667,27.1166667],[87.4466667,27.125],[87.4433333,27.1308333]]},{"type":"LineString","coordinates":[[87.5133333,27.09],[87.5058333,27.1108333],[87.5066667,27.1208333],[87.5008333,27.1316667],[87.4925,27.1383333]]},{"type":"LineString","coordinates":[[84.5791667,27.0925],[84.5766667,27.095]]},{"type":"LineString","coordinates":[[84.5791667,27.0925],[84.5833333,27.0933333],[84.5866667,27.0925],[84.585,27.1033333],[84.5925,27.1116667],[84.5925,27.1183333],[84.595,27.1208333],[84.5941667,27.1258333],[84.5908333,27.1266667],[84.6008333,27.1325],[84.6075,27.1433333],[84.6133333,27.1425],[84.615,27.1491667],[84.6208333,27.15],[84.6166667,27.1566667]]},{"type":"LineString","coordinates":[[85.2216667,27.0925],[85.2025,27.1216667],[85.1975,27.1391667],[85.1875,27.15]]},{"type":"LineString","coordinates":[[85.2216667,27.0925],[85.23,27.0991667],[85.23,27.1025],[85.2225,27.1066667],[85.2225,27.1091667],[85.2333333,27.1191667],[85.23,27.1316667],[85.2325,27.1458333],[85.2458333,27.1575],[85.2441667,27.1641667],[85.2491667,27.17],[85.2483333,27.1775],[85.2633333,27.2116667],[85.2616667,27.22],[85.2708333,27.225],[85.2641667,27.2308333],[85.2725,27.24],[85.2708333,27.2525],[85.2758333,27.2641667]]},{"type":"LineString","coordinates":[[85.4491667,27.0958333],[85.4475,27.0991667],[85.45,27.1041667],[85.45,27.1133333],[85.4466667,27.1166667]]},{"type":"LineString","coordinates":[[85.4491667,27.0958333],[85.4591667,27.1008333],[85.4641667,27.1066667],[85.4783333,27.1316667],[85.4891667,27.1433333],[85.4891667,27.155],[85.4925,27.1616667],[85.5041667,27.1641667],[85.5,27.1675],[85.5025,27.1733333]]},{"type":"LineString","coordinates":[[87.1,27.0966667],[87.095,27.0991667],[87.0875,27.1125],[87.075,27.1175],[87.0766667,27.1216667],[87.0616667,27.1183333]]},{"type":"LineString","coordinates":[[87.1,27.0966667],[87.0991667,27.1083333],[87.0958333,27.1133333],[87.0958333,27.1225],[87.0991667,27.1258333]]},{"type":"LineString","coordinates":[[85.0233333,27.1025],[85.02,27.1116667],[85.0266667,27.115],[85.0275,27.1191667],[85.0241667,27.1233333],[85.0175,27.1258333],[85.0191667,27.1308333],[85.0158333,27.1333333],[85.0158333,27.1375],[85.0216667,27.1433333]]},{"type":"LineString","coordinates":[[85.0233333,27.1025],[85.03,27.1141667],[85.0358333,27.115],[85.0358333,27.1283333],[85.0408333,27.1325],[85.0375,27.1425],[85.04,27.1541667],[85.0358333,27.1616667],[85.0366667,27.1758333]]},{"type":"LineString","coordinates":[[86.49,27.105],[86.4841667,27.09],[86.4766667,27.0908333],[86.4733333,27.0858333],[86.47,27.0875],[86.4625,27.0841667]]},{"type":"LineString","coordinates":[[86.49,27.105],[86.4825,27.11],[86.475,27.1025],[86.4675,27.1041667],[86.4683333,27.1083333],[86.46,27.1191667],[86.4516667,27.1208333],[86.4458333,27.1333333],[86.4291667,27.1308333],[86.4266667,27.1366667],[86.4383333,27.1466667],[86.4341667,27.1491667]]},{"type":"LineString","coordinates":[[87.2175,27.1075],[87.2275,27.1083333],[87.2366667,27.1166667],[87.245,27.1183333],[87.2466667,27.1225],[87.2441667,27.1266667],[87.2466667,27.1283333]]},{"type":"LineString","coordinates":[[87.2175,27.1075],[87.2133333,27.1133333],[87.195,27.1225],[87.1925,27.1283333],[87.17,27.1425],[87.165,27.1525]]},{"type":"LineString","coordinates":[[87.61,27.11],[87.6341667,27.1191667],[87.645,27.13]]},{"type":"LineString","coordinates":[[87.61,27.11],[87.5916667,27.1191667],[87.5816667,27.1183333],[87.5541667,27.1341667],[87.5466667,27.1475],[87.5441667,27.16],[87.5366667,27.1691667],[87.5391667,27.1716667],[87.5333333,27.185],[87.5358333,27.1958333],[87.5258333,27.2125],[87.53,27.225],[87.5275,27.2333333],[87.5333333,27.2458333]]},{"type":"LineString","coordinates":[[86.6708333,27.115],[86.6675,27.1208333],[86.655,27.125],[86.6508333,27.13],[86.6291667,27.1341667],[86.6141667,27.1408333],[86.605,27.14],[86.5858333,27.1525],[86.575,27.1516667],[86.5716667,27.1483333]]},{"type":"LineString","coordinates":[[86.6708333,27.115],[86.6775,27.1191667],[86.6775,27.1416667],[86.6925,27.1883333]]},{"type":"LineString","coordinates":[[84.8525,27.1158333],[84.8458333,27.1175],[84.8491667,27.1233333],[84.8466667,27.125],[84.8483333,27.1291667],[84.845,27.1325],[84.8483333,27.1358333],[84.8508333,27.135],[84.8516667,27.1383333],[84.8491667,27.1425],[84.845,27.1425],[84.8508333,27.1475],[84.8458333,27.1516667],[84.8483333,27.1608333],[84.8416667,27.165],[84.8425,27.1666667],[84.8375,27.1666667]]},{"type":"LineString","coordinates":[[84.8525,27.1158333],[84.8541667,27.1208333],[84.8591667,27.1225],[84.8533333,27.1275],[84.8525,27.1316667],[84.8591667,27.1358333],[84.8566667,27.14],[84.8591667,27.1483333],[84.8575,27.1533333],[84.86,27.1541667],[84.8533333,27.1583333],[84.86,27.1658333],[84.865,27.1675],[84.8683333,27.1766667],[84.8725,27.1783333],[84.8708333,27.1808333],[84.8733333,27.1833333],[84.8708333,27.19],[84.8741667,27.1958333],[84.8725,27.1983333],[84.8741667,27.2075],[84.8808333,27.2183333]]},{"type":"LineString","coordinates":[[84.9633333,27.1158333],[84.9716667,27.1291667],[84.9708333,27.1325],[84.975,27.1358333],[84.9716667,27.1391667],[84.975,27.1433333],[84.9733333,27.145]]},{"type":"LineString","coordinates":[[84.9633333,27.1158333],[84.9566667,27.1208333],[84.9575,27.1275],[84.9633333,27.1275],[84.9658333,27.135],[84.965,27.1391667],[84.9608333,27.1416667],[84.9633333,27.1458333],[84.9591667,27.1466667],[84.9583333,27.1491667]]},{"type":"LineString","coordinates":[[86.0833333,27.1158333],[86.0858333,27.11],[86.09,27.1083333],[86.09,27.105],[86.0941667,27.105],[86.1,27.1008333]]},{"type":"LineString","coordinates":[[86.0833333,27.1158333],[86.0875,27.115],[86.0933333,27.1225],[86.0991667,27.12],[86.1016667,27.1233333],[86.1041667,27.1225],[86.1041667,27.1191667],[86.1075,27.1208333],[86.1108333,27.1158333],[86.1141667,27.1166667]]},{"type":"LineString","coordinates":[[86.5166667,27.1158333],[86.51,27.1125],[86.5025,27.115],[86.49,27.105]]},{"type":"LineString","coordinates":[[86.5166667,27.1158333],[86.5233333,27.1066667],[86.5216667,27.0925],[86.5158333,27.0883333],[86.5133333,27.0725],[86.5266667,27.0675],[86.5275,27.0625],[86.5333333,27.0583333],[86.54,27.0591667],[86.5466667,27.0541667],[86.5466667,27.0491667]]},{"type":"LineString","coordinates":[[86.1141667,27.1166667],[86.1191667,27.1175],[86.1191667,27.1116667],[86.1225,27.1091667],[86.135,27.11],[86.1408333,27.1158333],[86.1541667,27.1033333],[86.1708333,27.1125]]},{"type":"LineString","coordinates":[[86.1141667,27.1166667],[86.1158333,27.1225],[86.1208333,27.1258333],[86.1208333,27.1283333],[86.1158333,27.13],[86.1133333,27.1341667],[86.1166667,27.1416667]]},{"type":"LineString","coordinates":[[87.0616667,27.1183333],[87.0525,27.1125],[87.0433333,27.1008333],[87.035,27.1],[87.0041667,27.0866667]]},{"type":"LineString","coordinates":[[87.0616667,27.1183333],[87.0558333,27.1183333],[87.0483333,27.1308333],[87.0441667,27.1316667],[87.0408333,27.1383333],[87.0275,27.1483333]]},{"type":"LineString","coordinates":[[87.0991667,27.1258333],[87.1083333,27.1366667]]},{"type":"LineString","coordinates":[[87.0991667,27.1258333],[87.0933333,27.1316667],[87.08,27.1341667],[87.07,27.145],[87.065,27.1591667],[87.0658333,27.1733333]]},{"type":"LineString","coordinates":[[84.7316667,27.1266667],[84.7341667,27.1325],[84.7275,27.1425],[84.74,27.15],[84.7408333,27.1566667]]},{"type":"LineString","coordinates":[[84.7316667,27.1266667],[84.7391667,27.1241667],[84.7383333,27.1258333],[84.7433333,27.1291667],[84.7391667,27.1316667],[84.7408333,27.135],[84.7475,27.1391667],[84.7491667,27.1433333],[84.755,27.1433333],[84.7566667,27.1491667],[84.7508333,27.1541667],[84.7558333,27.1566667],[84.7541667,27.1591667],[84.7575,27.1658333],[84.7516667,27.1725],[84.7641667,27.1791667],[84.7658333,27.1858333],[84.76,27.1875],[84.76,27.1975],[84.7658333,27.2025],[84.7666667,27.2083333],[84.7725,27.21],[84.7775,27.2166667],[84.775,27.2341667],[84.7791667,27.245],[84.7758333,27.2475],[84.7775,27.2575],[84.7741667,27.2608333],[84.7758333,27.2841667],[84.7691667,27.2975],[84.7691667,27.3041667],[84.7841667,27.3283333],[84.7858333,27.3383333],[84.7841667,27.355],[84.7975,27.365]]},{"type":"LineString","coordinates":[[87.2466667,27.1283333],[87.2641667,27.1075],[87.2816667,27.0983333],[87.3016667,27.0991667],[87.3183333,27.0933333],[87.3283333,27.0941667],[87.3433333,27.0833333]]},{"type":"LineString","coordinates":[[87.2466667,27.1283333],[87.2575,27.1308333],[87.2716667,27.1441667],[87.27,27.1483333]]},{"type":"LineString","coordinates":[[87.8275,27.1283333],[87.8241667,27.12],[87.83,27.1166667],[87.8341667,27.1033333]]},{"type":"LineString","coordinates":[[87.8275,27.1283333],[87.8375,27.1283333]]},{"type":"LineString","coordinates":[[87.645,27.13],[87.645,27.1325],[87.6633333,27.1333333],[87.6758333,27.1425],[87.6916667,27.1433333]]},{"type":"LineString","coordinates":[[87.645,27.13],[87.6408333,27.1308333],[87.6416667,27.1391667],[87.6375,27.1508333],[87.6208333,27.1708333],[87.6183333,27.1983333],[87.6125,27.2066667],[87.6125,27.2125],[87.6025,27.2241667],[87.5925,27.2441667]]},{"type":"LineString","coordinates":[[87.695,27.1316667],[87.6891667,27.1158333],[87.6916667,27.1075],[87.6825,27.1],[87.6875,27.085],[87.7008333,27.0758333],[87.7016667,27.0691667],[87.7091667,27.065],[87.7116667,27.0591667],[87.7291667,27.0525],[87.7325,27.0483333],[87.7425,27.05],[87.7483333,27.0425],[87.7583333,27.0408333],[87.7658333,27.0341667]]},{"type":"LineString","coordinates":[[87.695,27.1316667],[87.71,27.1341667],[87.7166667,27.1283333],[87.7258333,27.1258333],[87.7275,27.1233333],[87.7241667,27.1183333]]},{"type":"LineString","coordinates":[[86.0258333,27.1416667],[86.0291667,27.1391667],[86.0308333,27.1433333],[86.0441667,27.145],[86.0658333,27.1366667],[86.0808333,27.1216667],[86.0833333,27.1158333]]},{"type":"LineString","coordinates":[[86.0258333,27.1416667],[86.0166667,27.145],[86.0141667,27.1516667],[86.0066667,27.1525],[86.0041667,27.1558333]]},{"type":"LineString","coordinates":[[87.3175,27.1416667],[87.33,27.1358333]]},{"type":"LineString","coordinates":[[87.3175,27.1416667],[87.33,27.16],[87.345,27.1658333]]},{"type":"LineString","coordinates":[[87.6916667,27.1433333],[87.6883333,27.1383333],[87.695,27.1316667]]},{"type":"LineString","coordinates":[[87.6916667,27.1433333],[87.7066667,27.1508333],[87.7116667,27.1575]]},{"type":"LineString","coordinates":[[86.7533333,27.1475],[86.7691667,27.1583333],[86.7758333,27.1566667],[86.7875,27.16],[86.7933333,27.1566667],[86.8008333,27.16]]},{"type":"LineString","coordinates":[[86.7533333,27.1475],[86.7516667,27.1625],[86.7541667,27.1791667],[86.7575,27.1825],[86.7558333,27.1966667],[86.7583333,27.2008333],[86.7541667,27.21]]},{"type":"LineString","coordinates":[[86.5716667,27.1483333],[86.5466667,27.1375],[86.5333333,27.1358333],[86.5166667,27.1158333]]},{"type":"LineString","coordinates":[[86.5716667,27.1483333],[86.58,27.1408333],[86.5758333,27.1216667],[86.5816667,27.1175],[86.5833333,27.1116667],[86.5808333,27.1075],[86.5866667,27.1058333]]},{"type":"LineString","coordinates":[[87.0275,27.1483333],[87.0183333,27.1483333],[86.9941667,27.1408333],[86.9575,27.1216667]]},{"type":"LineString","coordinates":[[87.0275,27.1483333],[87.0266667,27.1516667],[87.0183333,27.1558333],[87.0183333,27.1666667],[87.01,27.1775]]},{"type":"LineString","coordinates":[[87.27,27.1483333],[87.28,27.1508333],[87.2891667,27.1483333],[87.2908333,27.145],[87.3175,27.1416667]]},{"type":"LineString","coordinates":[[87.27,27.1483333],[87.2758333,27.1608333],[87.2716667,27.1766667],[87.2633333,27.1775]]},{"type":"LineString","coordinates":[[86.4341667,27.1491667],[86.4283333,27.1466667],[86.4216667,27.1491667],[86.4166667,27.1666667],[86.4033333,27.17],[86.4,27.1775],[86.39,27.18]]},{"type":"LineString","coordinates":[[86.4341667,27.1491667],[86.4433333,27.1616667],[86.4658333,27.1666667],[86.4741667,27.1775],[86.4841667,27.1808333]]},{"type":"LineString","coordinates":[[85.1875,27.15],[85.19,27.1525]]},{"type":"LineString","coordinates":[[85.1875,27.15],[85.185,27.1575],[85.1725,27.1683333],[85.1708333,27.1791667],[85.1641667,27.19],[85.1616667,27.1991667]]},{"type":"LineString","coordinates":[[84.685,27.1541667],[84.6891667,27.1583333],[84.6866667,27.1608333],[84.6891667,27.1658333],[84.7,27.1716667],[84.6966667,27.1766667],[84.6991667,27.1833333]]},{"type":"LineString","coordinates":[[84.685,27.1541667],[84.6791667,27.1616667],[84.6758333,27.1616667],[84.6783333,27.1691667],[84.675,27.1716667],[84.6783333,27.175],[84.6825,27.175],[84.6816667,27.1833333],[84.6908333,27.1875],[84.6941667,27.1941667],[84.6908333,27.1966667],[84.6916667,27.2],[84.6866667,27.2033333],[84.6925,27.2083333],[84.6916667,27.2175],[84.6966667,27.2266667],[84.6958333,27.2316667],[84.69,27.2358333],[84.6891667,27.2416667],[84.7,27.2541667],[84.7033333,27.2675]]},{"type":"LineString","coordinates":[[86.0041667,27.1558333],[85.9991667,27.1583333],[85.9908333,27.1683333]]},{"type":"LineString","coordinates":[[86.0041667,27.1558333],[86.015,27.1683333],[86.02,27.17],[86.0266667,27.18],[86.0391667,27.1791667]]},{"type":"LineString","coordinates":[[84.6166667,27.1566667],[84.6116667,27.1558333],[84.6075,27.1583333],[84.5866667,27.1758333],[84.5858333,27.1791667]]},{"type":"LineString","coordinates":[[84.6166667,27.1566667],[84.6225,27.1675],[84.6216667,27.1708333],[84.6183333,27.1716667],[84.6191667,27.175],[84.6166667,27.1758333],[84.6216667,27.18],[84.6183333,27.1866667],[84.62,27.1908333],[84.6175,27.1975],[84.625,27.2058333]]},{"type":"LineString","coordinates":[[87.7116667,27.1575],[87.7233333,27.1508333],[87.74,27.1541667],[87.7525,27.165],[87.7566667,27.1625],[87.7633333,27.1658333],[87.7666667,27.1641667]]},{"type":"LineString","coordinates":[[87.7116667,27.1575],[87.7108333,27.1725],[87.7183333,27.1883333],[87.7441667,27.1991667],[87.7516667,27.2083333],[87.7508333,27.2158333]]},{"type":"LineString","coordinates":[[86.8008333,27.16],[86.8175,27.1516667],[86.8275,27.1425],[86.85,27.1433333],[86.8583333,27.1383333],[86.8641667,27.1408333]]},{"type":"LineString","coordinates":[[86.8008333,27.16],[86.8066667,27.16],[86.8241667,27.1741667]]},{"type":"LineString","coordinates":[[87.7666667,27.1641667],[87.7658333,27.16],[87.7758333,27.1541667],[87.7783333,27.1458333],[87.79,27.1408333],[87.7925,27.1425],[87.7933333,27.14],[87.7983333,27.1416667],[87.805,27.1375],[87.81,27.1383333],[87.8275,27.1283333]]},{"type":"LineString","coordinates":[[87.7666667,27.1641667],[87.78,27.1633333],[87.7883333,27.1666667],[87.79,27.1716667],[87.8025,27.1816667],[87.83,27.1833333],[87.8316667,27.1875],[87.8358333,27.1883333],[87.8758333,27.1891667],[87.88,27.1841667],[87.8833333,27.1866667],[87.885,27.1833333],[87.8941667,27.1816667]]},{"type":"LineString","coordinates":[[85.9008333,27.1658333],[85.8916667,27.1641667],[85.8883333,27.1708333]]},{"type":"LineString","coordinates":[[85.9008333,27.1658333],[85.9016667,27.1716667],[85.905,27.1716667],[85.9066667,27.1733333],[85.905,27.1758333],[85.9091667,27.1766667],[85.9091667,27.1825],[85.9116667,27.1808333],[85.9166667,27.1841667],[85.9191667,27.1825],[85.9216667,27.1866667],[85.925,27.1866667],[85.9191667,27.19],[85.9183333,27.1941667]]},{"type":"LineString","coordinates":[[84.8375,27.1666667],[84.845,27.1858333],[84.8433333,27.1908333],[84.8516667,27.1983333],[84.85,27.205],[84.8516667,27.2066667],[84.8541667,27.205],[84.86,27.2141667],[84.8575,27.225]]},{"type":"LineString","coordinates":[[84.8375,27.1666667],[84.8341667,27.1658333],[84.8358333,27.1741667],[84.8275,27.1816667],[84.825,27.1925],[84.8358333,27.2083333],[84.8383333,27.2541667],[84.8475,27.2608333],[84.8491667,27.2666667],[84.8591667,27.2733333],[84.8616667,27.2808333],[84.8675,27.2866667]]},{"type":"LineString","coordinates":[[85.0741667,27.1733333],[85.0741667,27.1883333],[85.0666667,27.2041667],[85.0675,27.2083333],[85.0608333,27.2183333],[85.0616667,27.2225],[85.0491667,27.2325]]},{"type":"LineString","coordinates":[[85.0741667,27.1733333],[85.0791667,27.1841667],[85.0933333,27.1941667],[85.0925,27.1975],[85.0975,27.205],[85.0958333,27.215],[85.0975,27.2208333],[85.0933333,27.2283333],[85.0925,27.2383333],[85.0858333,27.2516667],[85.0791667,27.2566667],[85.0758333,27.2675],[85.065,27.2791667],[85.0608333,27.2875],[85.0608333,27.2925],[85.0691667,27.3],[85.0666667,27.3033333],[85.0691667,27.3083333]]},{"type":"LineString","coordinates":[[85.5025,27.1733333],[85.505,27.1775],[85.5075,27.1766667],[85.5125,27.1808333],[85.515,27.1858333],[85.5208333,27.1825],[85.5233333,27.185],[85.5266667,27.1833333],[85.5291667,27.1875],[85.5316667,27.1841667],[85.535,27.1875],[85.5391667,27.185],[85.5441667,27.1883333],[85.5458333,27.1866667],[85.5433333,27.1858333],[85.5433333,27.1808333],[85.5458333,27.1808333],[85.5491667,27.1833333],[85.5541667,27.1825],[85.5575,27.1891667],[85.5633333,27.1883333],[85.5625,27.1841667],[85.565,27.1816667],[85.57,27.185],[85.5733333,27.1841667],[85.5741667,27.175],[85.5708333,27.1716667],[85.5741667,27.165],[85.5791667,27.1658333],[85.5816667,27.17],[85.5875,27.1666667],[85.59,27.1725],[85.6008333,27.1708333],[85.6083333,27.1775],[85.6108333,27.1741667],[85.6216667,27.175]]},{"type":"LineString","coordinates":[[85.5025,27.1733333],[85.4991667,27.175],[85.49,27.1716667],[85.4808333,27.18],[85.4825,27.1841667],[85.4875,27.1833333],[85.4925,27.1875],[85.4866667,27.195],[85.4891667,27.1983333],[85.5058333,27.195],[85.5083333,27.2],[85.5058333,27.205],[85.5033333,27.205],[85.5025,27.2116667]]},{"type":"LineString","coordinates":[[86.8241667,27.1741667],[86.8316667,27.1816667],[86.8383333,27.1808333],[86.8441667,27.1891667],[86.8541667,27.1941667],[86.8625,27.1925],[86.8683333,27.2],[86.8866667,27.2058333]]},{"type":"LineString","coordinates":[[86.8241667,27.1741667],[86.8258333,27.185],[86.8166667,27.2108333],[86.8175,27.2158333]]},{"type":"LineString","coordinates":[[85.6216667,27.175],[85.6283333,27.17],[85.64,27.1733333],[85.6433333,27.1708333]]},{"type":"LineString","coordinates":[[85.6216667,27.175],[85.6191667,27.1808333],[85.625,27.1891667],[85.6233333,27.1958333],[85.6266667,27.1975]]},{"type":"LineString","coordinates":[[87.01,27.1775],[87.01,27.1825],[87.02,27.1941667]]},{"type":"LineString","coordinates":[[87.01,27.1775],[87.0016667,27.1866667],[86.9975,27.1975],[86.9933333,27.1991667]]},{"type":"LineString","coordinates":[[87.2633333,27.1775],[87.2658333,27.1833333],[87.285,27.19]]},{"type":"LineString","coordinates":[[87.2633333,27.1775],[87.2591667,27.1783333],[87.2583333,27.1841667],[87.2466667,27.1925],[87.2466667,27.1991667],[87.2383333,27.2116667]]},{"type":"LineString","coordinates":[[84.5343877,27.1798778],[84.5416667,27.1858333],[84.5466667,27.1841667],[84.5533333,27.19],[84.5541667,27.195],[84.5625,27.205],[84.5625,27.2091667],[84.5583333,27.2108333],[84.5641667,27.2133333],[84.5658333,27.225],[84.56,27.2275],[84.5633333,27.2308333],[84.5708333,27.23],[84.575,27.24],[84.58,27.2383333],[84.5775,27.2466667],[84.5833333,27.25],[84.5891667,27.2466667],[84.5983333,27.2541667],[84.5975,27.2591667],[84.6,27.2616667],[84.6058333,27.2625],[84.6091667,27.27],[84.6191667,27.27],[84.6266667,27.2816667],[84.6433333,27.2891667]]},{"type":"LineString","coordinates":[[86.39,27.18],[86.3733333,27.1583333],[86.3708333,27.1516667],[86.3733333,27.1483333],[86.3675,27.1408333]]},{"type":"LineString","coordinates":[[86.39,27.18],[86.3825,27.1833333],[86.3825,27.1883333],[86.3775,27.1933333]]},{"type":"LineString","coordinates":[[86.4841667,27.1808333],[86.4741667,27.1933333]]},{"type":"LineString","coordinates":[[86.4841667,27.1808333],[86.4908333,27.1866667],[86.5075,27.1858333],[86.525,27.1925],[86.5375,27.2075]]},{"type":"LineString","coordinates":[[87.8941667,27.1816667],[87.9058333,27.165],[87.9083333,27.1533333],[87.9233333,27.1458333]]},{"type":"LineString","coordinates":[[87.8941667,27.1816667],[87.8983333,27.185],[87.9225,27.1875],[87.9416667,27.185],[87.9525,27.1758333],[87.97,27.17]]},{"type":"LineString","coordinates":[[86.3716667,27.1916667],[86.3741667,27.1833333],[86.365,27.175],[86.3583333,27.1783333],[86.3583333,27.185],[86.35,27.1725],[86.3491667,27.1766667],[86.3466667,27.175],[86.34,27.1633333],[86.3375,27.1683333],[86.33,27.1658333],[86.3208333,27.1675],[86.3141667,27.1633333]]},{"type":"LineString","coordinates":[[86.3716667,27.1916667],[86.3583333,27.2016667],[86.3425,27.2033333],[86.34,27.21],[86.3433333,27.22],[86.3408333,27.2291667],[86.31,27.2325],[86.3066667,27.2375],[86.295,27.2383333],[86.2883333,27.2458333],[86.2816667,27.2458333],[86.2766667,27.2508333],[86.2675,27.2533333],[86.2658333,27.2616667],[86.2308333,27.2375],[86.2208333,27.24],[86.2041667,27.2508333]]},{"type":"LineString","coordinates":[[86.3775,27.1933333],[86.3716667,27.1916667]]},{"type":"LineString","coordinates":[[86.3775,27.1933333],[86.3825,27.2008333],[86.3891667,27.2008333],[86.3891667,27.2208333],[86.4016667,27.225],[86.4016667,27.2316667],[86.4075,27.2316667],[86.4108333,27.2391667],[86.4283333,27.2458333],[86.43,27.2583333],[86.4483333,27.2833333],[86.4508333,27.2916667],[86.4408333,27.3008333],[86.435,27.3183333]]},{"type":"LineString","coordinates":[[85.9183333,27.1941667],[85.9133333,27.195],[85.9175,27.2],[85.9141667,27.2033333],[85.91,27.2033333],[85.9108333,27.2108333]]},{"type":"LineString","coordinates":[[85.9183333,27.1941667],[85.9291667,27.2033333],[85.9283333,27.2066667],[85.9333333,27.21],[85.9308333,27.2133333],[85.9375,27.2166667],[85.9358333,27.2183333],[85.9375,27.22],[85.9475,27.225]]},{"type":"LineString","coordinates":[[85.1616667,27.1991667],[85.1566667,27.2016667],[85.1583333,27.2091667],[85.1558333,27.2108333],[85.1566667,27.2141667],[85.1533333,27.215],[85.1525,27.2216667],[85.1441667,27.2266667],[85.1416667,27.2341667],[85.1358333,27.2383333],[85.1325,27.2458333],[85.1225,27.2533333],[85.1125,27.2541667],[85.11,27.2583333]]},{"type":"LineString","coordinates":[[85.1616667,27.1991667],[85.1683333,27.21],[85.1691667,27.2425],[85.1841667,27.2558333],[85.1816667,27.2633333],[85.1875,27.265],[85.1908333,27.2716667],[85.1833333,27.2783333],[85.19,27.2808333],[85.1833333,27.2833333],[85.1808333,27.2875],[85.1916667,27.2941667],[85.1983333,27.2916667],[85.2058333,27.2933333],[85.2075,27.2958333],[85.205,27.3008333]]},{"type":"LineString","coordinates":[[86.9933333,27.1991667],[86.98,27.195]]},{"type":"LineString","coordinates":[[86.9933333,27.1991667],[86.9908333,27.2158333],[86.9841667,27.225]]},{"type":"LineString","coordinates":[[86.5375,27.2075],[86.5341667,27.2108333]]},{"type":"LineString","coordinates":[[86.5375,27.2075],[86.5425,27.2091667],[86.5491667,27.22],[86.555,27.2183333],[86.5525,27.2233333],[86.5575,27.2275],[86.5625,27.2225],[86.5683333,27.2275],[86.5766667,27.2241667],[86.5825,27.2266667],[86.5875,27.2233333],[86.5966667,27.2341667],[86.6058333,27.2325],[86.6091667,27.2366667],[86.6183333,27.235],[86.6216667,27.2466667],[86.63,27.2483333],[86.635,27.2566667],[86.645,27.2591667],[86.65,27.2641667],[86.6575,27.2625],[86.6583333,27.2666667]]},{"type":"LineString","coordinates":[[85.5025,27.2116667],[85.4958333,27.2225],[85.4908333,27.2225]]},{"type":"LineString","coordinates":[[85.5025,27.2116667],[85.5058333,27.2233333],[85.5108333,27.2275],[85.5133333,27.2366667],[85.5175,27.2408333],[85.5308333,27.2391667],[85.5341667,27.2408333],[85.54,27.2475],[85.5408333,27.2575],[85.5475,27.2633333],[85.5558333,27.2666667],[85.575,27.2633333],[85.5933333,27.2716667],[85.5975,27.2708333],[85.6,27.2675],[85.6075,27.2666667],[85.62,27.2691667],[85.6266667,27.275],[85.63,27.2733333],[85.6391667,27.275],[85.64,27.2733333],[85.645,27.2758333],[85.6508333,27.2716667],[85.6533333,27.2741667],[85.6633333,27.275],[85.6708333,27.2691667],[85.6716667,27.2658333],[85.6783333,27.2641667],[85.6908333,27.27],[85.6966667,27.27],[85.7058333,27.2666667],[85.7125,27.26]]},{"type":"LineString","coordinates":[[87.2383333,27.2116667],[87.2375,27.2175],[87.23,27.2216667],[87.2258333,27.2308333],[87.2166667,27.2333333],[87.2116667,27.2408333],[87.2025,27.2466667],[87.205,27.2558333]]},{"type":"LineString","coordinates":[[87.2383333,27.2116667],[87.2441667,27.22],[87.2491667,27.2183333],[87.2508333,27.2258333],[87.2616667,27.2325],[87.2666667,27.24],[87.2758333,27.2416667],[87.2825,27.2466667],[87.2883333,27.2458333],[87.2925,27.2516667],[87.295,27.25],[87.3041667,27.2533333],[87.3066667,27.2583333],[87.3258333,27.2666667]]},{"type":"LineString","coordinates":[[87.7508333,27.2158333],[87.7716667,27.2208333]]},{"type":"LineString","coordinates":[[87.7508333,27.2158333],[87.7458333,27.225],[87.7233333,27.2416667],[87.7075,27.2491667],[87.7041667,27.2541667],[87.6866667,27.2616667],[87.68,27.2691667],[87.6825,27.2808333],[87.6958333,27.2916667]]},{"type":"LineString","coordinates":[[83.1302083,27.2166667],[83.1325,27.2191667]]},{"type":"LineString","coordinates":[[83.1325,27.2191667],[83.1391667,27.2208333],[83.1425,27.2191667],[83.1516667,27.22]]},{"type":"LineString","coordinates":[[83.1325,27.2191667],[83.1333333,27.2208333],[83.1316667,27.2225],[83.1275,27.2216667],[83.1233333,27.2258333],[83.1208333,27.2258333],[83.1233333,27.2325],[83.1225,27.2366667],[83.1208333,27.2383333],[83.1233333,27.2441667],[83.1225,27.2458333],[83.1233333,27.2491667],[83.12,27.2558333],[83.1175,27.2575],[83.1116667,27.2541667],[83.1033333,27.2641667],[83.1033333,27.2675],[83.1008333,27.27],[83.1025,27.2716667],[83.1075,27.27],[83.1083333,27.2708333],[83.1116667,27.2675],[83.1133333,27.27],[83.11,27.2725],[83.1108333,27.2741667],[83.1091667,27.2775],[83.1066667,27.2775],[83.0991667,27.2833333],[83.1,27.2891667]]},{"type":"LineString","coordinates":[[83.1516667,27.22],[83.155,27.2183333],[83.1541667,27.2191667],[83.1558333,27.2225],[83.1583333,27.22],[83.1616667,27.2233333],[83.1625,27.2208333],[83.1641667,27.22],[83.1683333,27.2266667],[83.175,27.23],[83.1758333,27.2291667],[83.175,27.2266667],[83.1791667,27.2241667],[83.1825,27.2266667],[83.1933333,27.225],[83.1975,27.2275],[83.1991667,27.2258333],[83.2016667,27.2258333]]},{"type":"LineString","coordinates":[[83.1516667,27.22],[83.1508333,27.2308333],[83.1475,27.2341667],[83.1408333,27.235],[83.1366667,27.245],[83.1391667,27.2475],[83.1416667,27.2475],[83.1516667,27.2416667],[83.1566667,27.2441667],[83.1591667,27.2533333],[83.1583333,27.2625],[83.1616667,27.2666667],[83.1641667,27.2658333],[83.1641667,27.2591667],[83.1675,27.2566667],[83.17,27.2575]]},{"type":"LineString","coordinates":[[85.4908333,27.2225],[85.49,27.22],[85.4883333,27.2216667],[85.4775,27.2158333],[85.4775,27.2216667],[85.4683333,27.2241667],[85.4666667,27.22],[85.4625,27.2208333],[85.465,27.2158333],[85.4616667,27.2158333],[85.4575,27.2183333],[85.4591667,27.2216667],[85.4516667,27.2191667],[85.4483333,27.2233333],[85.445,27.2233333],[85.4458333,27.2266667],[85.4416667,27.2291667],[85.4391667,27.2275],[85.44,27.225],[85.4275,27.2241667],[85.4258333,27.2275],[85.4241667,27.2241667],[85.42,27.2241667],[85.4166667,27.2291667],[85.4141667,27.2275],[85.4141667,27.2341667],[85.41,27.24]]},{"type":"LineString","coordinates":[[85.4908333,27.2225],[85.485,27.2308333],[85.4883333,27.235],[85.4866667,27.2383333],[85.4908333,27.24],[85.4908333,27.2441667],[85.4875,27.2475],[85.4891667,27.2508333],[85.4841667,27.2566667],[85.485,27.2616667],[85.4816667,27.2641667],[85.4816667,27.2716667],[85.4791667,27.2733333],[85.4766667,27.2716667],[85.4741667,27.2766667],[85.4658333,27.2758333],[85.4625,27.285],[85.4608333,27.2816667],[85.4558333,27.2825],[85.4458333,27.2783333],[85.44,27.2816667],[85.435,27.29],[85.4316667,27.2891667],[85.4291667,27.2916667],[85.4283333,27.3],[85.4316667,27.3058333],[85.4291667,27.3116667],[85.4241667,27.315],[85.4258333,27.3158333],[85.4191667,27.3275]]},{"type":"LineString","coordinates":[[86.9841667,27.225],[86.97,27.235]]},{"type":"LineString","coordinates":[[86.9841667,27.225],[86.9916667,27.245],[87.0,27.2533333]]},{"type":"LineString","coordinates":[[87.3966667,27.225],[87.4025,27.2258333],[87.4075,27.2216667]]},{"type":"LineString","coordinates":[[87.3966667,27.225],[87.4,27.2283333],[87.41,27.2266667]]},{"type":"LineString","coordinates":[[83.2016667,27.2258333],[83.2041667,27.2225],[83.2066667,27.2258333],[83.21,27.2275],[83.2116667,27.2258333],[83.2183333,27.23],[83.2191667,27.2291667],[83.2233333,27.2341667],[83.2266667,27.2358333],[83.2358333,27.23],[83.2375,27.2316667],[83.24,27.2316667],[83.2416667,27.2341667],[83.2408333,27.2375],[83.2475,27.2416667],[83.2491667,27.2466667],[83.2525,27.2458333],[83.2566667,27.2416667],[83.2641667,27.2491667],[83.2658333,27.2483333],[83.2708333,27.2533333],[83.2758333,27.255],[83.2783333,27.2616667],[83.2775,27.2625]]},{"type":"LineString","coordinates":[[83.2016667,27.2258333],[83.205,27.2291667],[83.2025,27.23],[83.2016667,27.2316667],[83.2041667,27.2325],[83.2066667,27.2358333],[83.21,27.235],[83.2083333,27.24],[83.2116667,27.2408333],[83.2125,27.2441667],[83.2183333,27.2433333],[83.2208333,27.2458333],[83.2183333,27.2475],[83.2208333,27.25],[83.22,27.2516667],[83.2175,27.2525],[83.2191667,27.255],[83.2125,27.2566667],[83.2133333,27.2641667],[83.2183333,27.265],[83.2166667,27.2675],[83.2183333,27.2691667]]},{"type":"LineString","coordinates":[[86.2041667,27.2508333],[86.1883333,27.2541667],[86.1833333,27.2525]]},{"type":"LineString","coordinates":[[86.2041667,27.2508333],[86.2116667,27.265],[86.2408333,27.2891667],[86.235,27.2966667],[86.2383333,27.3033333]]},{"type":"LineString","coordinates":[[85.7958333,27.2516667],[85.7933333,27.2408333],[85.785,27.2258333],[85.7975,27.2183333],[85.81,27.2158333],[85.8133333,27.2108333]]},{"type":"LineString","coordinates":[[85.7958333,27.2516667],[85.7991667,27.2508333],[85.8116667,27.255],[85.8191667,27.255],[85.8233333,27.2516667],[85.8316667,27.2516667],[85.84,27.255],[85.8475,27.2525],[85.8575,27.2558333],[85.8658333,27.2516667],[85.87,27.2525],[85.875,27.26],[85.8691667,27.2666667],[85.8716667,27.27],[85.875,27.2675],[85.8766667,27.2691667],[85.8741667,27.2716667],[85.8758333,27.2733333],[85.8708333,27.2775],[85.875,27.2783333],[85.8725,27.2833333]]},{"type":"LineString","coordinates":[[86.1833333,27.2525],[86.195,27.2341667],[86.2008333,27.24],[86.2025,27.2375],[86.2041667,27.2291667],[86.2008333,27.225],[86.2041667,27.225],[86.2,27.2183333],[86.2016667,27.215],[86.205,27.2158333],[86.2016667,27.21],[86.2066667,27.2058333],[86.2008333,27.2041667],[86.2083333,27.1983333],[86.2125,27.19],[86.2158333,27.19],[86.215,27.1866667]]},{"type":"LineString","coordinates":[[86.1833333,27.2525],[86.1575,27.2533333],[86.1525,27.2433333],[86.1483333,27.2425],[86.135,27.2508333],[86.1275,27.265],[86.1125,27.2733333],[86.1066667,27.2683333]]},{"type":"LineString","coordinates":[[84.5127543,27.254195],[84.5141667,27.2566667],[84.5183333,27.2566667],[84.52,27.2625],[84.5183333,27.2641667],[84.525,27.2675],[84.53,27.2758333],[84.5291667,27.2783333],[84.5333333,27.2841667],[84.5316667,27.2983333],[84.5333333,27.3041667],[84.5358333,27.3041667],[84.5358333,27.31]]},{"type":"LineString","coordinates":[[87.205,27.2558333],[87.1875,27.2583333],[87.1775,27.2641667],[87.1591667,27.2658333]]},{"type":"LineString","coordinates":[[87.205,27.2558333],[87.1975,27.2658333],[87.2025,27.2675],[87.2075,27.265],[87.21,27.2683333],[87.2066667,27.2708333]]},{"type":"LineString","coordinates":[[83.17,27.2575],[83.1708333,27.2541667],[83.1675,27.2525],[83.1725,27.2491667],[83.1783333,27.255],[83.1791667,27.2541667],[83.1816667,27.255],[83.18,27.2575],[83.1816667,27.2566667],[83.1816667,27.2591667],[83.185,27.2608333],[83.1875,27.2591667],[83.185,27.2575],[83.1883333,27.255],[83.1875,27.2541667],[83.19,27.2558333],[83.1891667,27.2566667],[83.1908333,27.2558333],[83.1916667,27.2566667],[83.1908333,27.255],[83.1933333,27.2558333],[83.195,27.2575],[83.1941667,27.2583333],[83.1983333,27.2566667],[83.2008333,27.2583333],[83.205,27.2675],[83.2075,27.27],[83.2041667,27.2708333],[83.2016667,27.275],[83.1966667,27.2741667],[83.1941667,27.2758333],[83.1916667,27.2783333],[83.1941667,27.2808333],[83.1908333,27.2833333],[83.1883333,27.2816667],[83.1858333,27.2841667],[83.1808333,27.2833333],[83.18,27.285],[83.185,27.2891667],[83.1883333,27.295],[83.1933333,27.2975],[83.1925,27.2991667],[83.195,27.3],[83.1941667,27.3016667],[83.195,27.3025],[83.1975,27.3016667],[83.2,27.3025],[83.2041667,27.3075],[83.2066667,27.3083333],[83.2075,27.3075],[83.2116667,27.3083333],[83.21,27.305]]},{"type":"LineString","coordinates":[[83.17,27.2575],[83.1733333,27.2633333],[83.1725,27.2683333],[83.1733333,27.2691667],[83.1666667,27.2716667],[83.1625,27.2808333],[83.1625,27.2841667],[83.1675,27.2891667],[83.1683333,27.2883333],[83.1708333,27.2891667],[83.1725,27.2875],[83.1708333,27.2816667],[83.1725,27.28],[83.1758333,27.28],[83.1766667,27.29],[83.175,27.2925],[83.1716667,27.2941667],[83.1675,27.2941667],[83.165,27.2966667],[83.1641667,27.3],[83.1708333,27.3066667],[83.1741667,27.3083333],[83.18,27.3075],[83.1816667,27.3091667],[83.1825,27.315],[83.1908333,27.3216667],[83.1908333,27.3233333],[83.1866667,27.3225],[83.1808333,27.3233333],[83.1825,27.3283333],[83.1858333,27.3325],[83.18,27.3375],[83.1791667,27.34],[83.185,27.3458333],[83.185,27.3475],[83.1766667,27.3466667],[83.175,27.3483333],[83.1733333,27.3541667],[83.175,27.3583333]]},{"type":"LineString","coordinates":[[85.7125,27.26],[85.715,27.2558333],[85.7125,27.25],[85.7158333,27.245]]},{"type":"LineString","coordinates":[[85.7125,27.26],[85.7233333,27.2583333],[85.7391667,27.25],[85.745,27.25],[85.7575,27.2558333],[85.7783333,27.2508333],[85.785,27.2533333],[85.7958333,27.2516667]]},{"type":"LineString","coordinates":[[87.1591667,27.2658333],[87.1458333,27.2641667],[87.1333333,27.2583333],[87.115,27.2608333],[87.1041667,27.2541667],[87.0983333,27.2541667]]},{"type":"LineString","coordinates":[[87.1591667,27.2658333],[87.135,27.2858333]]},{"type":"LineString","coordinates":[[86.6583333,27.2666667],[86.6608333,27.2691667],[86.6675,27.2683333],[86.67,27.2716667]]},{"type":"LineString","coordinates":[[86.6583333,27.2666667],[86.6466667,27.2733333],[86.6341667,27.2741667],[86.6158333,27.2841667]]},{"type":"LineString","coordinates":[[87.3258333,27.2666667],[87.3475,27.2458333],[87.3766667,27.23],[87.3966667,27.225]]},{"type":"LineString","coordinates":[[87.3258333,27.2666667],[87.3341667,27.2708333],[87.3441667,27.2833333],[87.3625,27.2925],[87.3825,27.2941667],[87.3966667,27.3],[87.4083333,27.2983333],[87.4325,27.3025]]},{"type":"LineString","coordinates":[[84.7033333,27.2675],[84.7125,27.2775],[84.7116667,27.28],[84.715,27.2816667],[84.7141667,27.285],[84.7175,27.2891667],[84.7275,27.2933333],[84.7333333,27.3008333],[84.7325,27.3033333],[84.7375,27.3058333],[84.7391667,27.3091667],[84.7375,27.3125],[84.75,27.3216667],[84.7508333,27.3258333]]},{"type":"LineString","coordinates":[[84.7033333,27.2675],[84.7033333,27.2783333],[84.7158333,27.2975],[84.7191667,27.3158333],[84.7258333,27.3225],[84.7316667,27.3508333]]},{"type":"LineString","coordinates":[[86.1066667,27.2683333],[86.1066667,27.2583333],[86.1033333,27.2541667],[86.0991667,27.2541667],[86.0983333,27.2475],[86.0916667,27.2425],[86.09,27.2325],[86.0841667,27.2275],[86.0883333,27.2225]]},{"type":"LineString","coordinates":[[86.1066667,27.2683333],[86.0925,27.2683333],[86.0816667,27.2758333],[86.0783333,27.275],[86.075,27.2791667],[86.0766667,27.285],[86.0741667,27.2916667],[86.0625,27.2916667],[86.0575,27.2875],[86.0475,27.2975],[86.0391667,27.2983333],[86.0308333,27.31],[86.0216667,27.3091667],[86.0233333,27.3141667],[86.0183333,27.3208333],[85.9975,27.3375],[85.9825,27.3366667],[85.9825,27.3516667]]},{"type":"LineString","coordinates":[[83.2183333,27.2691667],[83.2208333,27.2758333]]},{"type":"LineString","coordinates":[[83.2183333,27.2691667],[83.2325,27.2691667],[83.2375,27.2733333],[83.2375,27.2766667],[83.24,27.2791667],[83.2391667,27.2833333],[83.25,27.2833333],[83.2528951,27.2855046],[83.2533333,27.2858333],[83.2508333,27.295],[83.2491667,27.2966667],[83.2433333,27.2958333],[83.2433333,27.2983333],[83.245,27.3],[83.25,27.2983333],[83.2583333,27.3025],[83.2608333,27.305],[83.2625,27.31],[83.27,27.3116667],[83.2716667,27.3158333],[83.27,27.32],[83.2725,27.3225],[83.2716667,27.3241667],[83.2691667,27.3241667],[83.27,27.3258333],[83.2775,27.3283333],[83.2841667,27.3341667],[83.3,27.335]]},{"type":"LineString","coordinates":[[87.2066667,27.2708333],[87.2125,27.2758333],[87.21,27.2858333],[87.2141667,27.2908333],[87.2108333,27.2941667]]},{"type":"LineString","coordinates":[[87.2066667,27.2708333],[87.2041667,27.2741667],[87.2066667,27.2816667],[87.2,27.2933333],[87.2016667,27.3016667],[87.1833333,27.315],[87.1841667,27.3216667]]},{"type":"LineString","coordinates":[[86.67,27.2716667],[86.6783333,27.275],[86.695,27.2741667],[86.6933333,27.28],[86.7033333,27.2916667],[86.7108333,27.29],[86.7175,27.2966667],[86.7358333,27.3033333],[86.74,27.3091667],[86.7441667,27.3075],[86.7516667,27.315],[86.7575,27.315],[86.7641667,27.3225]]},{"type":"LineString","coordinates":[[86.67,27.2716667],[86.6666667,27.2775],[86.6725,27.2908333],[86.6666667,27.2966667],[86.6758333,27.2983333],[86.6866667,27.3116667],[86.6825,27.315],[86.6808333,27.3258333],[86.6833333,27.3308333],[86.6775,27.3425],[86.68,27.3458333],[86.6791667,27.3658333]]},{"type":"LineString","coordinates":[[87.7583333,27.28],[87.7825,27.2725],[87.7966667,27.2766667],[87.8091667,27.2758333],[87.8325,27.285]]},{"type":"LineString","coordinates":[[87.7583333,27.28],[87.7591667,27.2925],[87.7658333,27.3033333],[87.7625,27.3158333],[87.7741667,27.3233333],[87.7766667,27.3325],[87.775,27.3408333],[87.7808333,27.3491667],[87.7841667,27.3641667],[87.78,27.3866667],[87.7825,27.3958333],[87.7858333,27.3966667]]},{"type":"LineString","coordinates":[[83.5075,27.2823958],[83.5125,27.2858333]]},{"type":"LineString","coordinates":[[83.8408333,27.2825],[83.8366667,27.2925],[83.8391667,27.2975],[83.8358333,27.3016667],[83.8366667,27.3116667],[83.84,27.3141667],[83.8383333,27.3183333],[83.8425,27.3216667],[83.8466667,27.3425]]},{"type":"LineString","coordinates":[[86.5816667,27.2825],[86.5766667,27.2766667],[86.5575,27.2758333],[86.5433333,27.2883333]]},{"type":"LineString","coordinates":[[86.5816667,27.2825],[86.5591667,27.2841667],[86.5566667,27.2866667],[86.5583333,27.3041667]]},{"type":"LineString","coordinates":[[87.9341667,27.2825],[87.9441667,27.27],[87.9483333,27.2691667],[87.9533333,27.2583333],[87.9575,27.26]]},{"type":"LineString","coordinates":[[87.9341667,27.2825],[87.9508333,27.2825],[87.9733333,27.3008333],[87.9908333,27.3233333],[88.0041667,27.3291667],[88.0041667,27.3358333],[88.0191667,27.3591667]]},{"type":"LineString","coordinates":[[85.8725,27.2833333],[85.8758333,27.2875]]},{"type":"LineString","coordinates":[[85.8725,27.2833333],[85.8658333,27.285],[85.8641667,27.2825],[85.8566667,27.2825],[85.855,27.2791667],[85.8525,27.2808333],[85.8483333,27.2783333],[85.8458333,27.28],[85.8391667,27.2783333],[85.8375,27.2883333],[85.825,27.2975],[85.8275,27.3016667],[85.82,27.3091667],[85.8183333,27.315],[85.8158333,27.3175],[85.8125,27.3166667],[85.81,27.3225],[85.7975,27.3233333]]},{"type":"LineString","coordinates":[[86.6158333,27.2841667],[86.5816667,27.2825]]},{"type":"LineString","coordinates":[[86.6158333,27.2841667],[86.6091667,27.29]]},{"type":"LineString","coordinates":[[87.8325,27.285],[87.8525,27.2858333],[87.8641667,27.2791667],[87.8733333,27.28],[87.8808333,27.285],[87.8841667,27.2808333],[87.8875,27.2833333],[87.8908333,27.2816667],[87.895,27.2866667],[87.9058333,27.2841667],[87.9166667,27.2858333],[87.925,27.2808333],[87.9341667,27.2825]]},{"type":"LineString","coordinates":[[87.8325,27.285],[87.8333333,27.2933333],[87.8383333,27.2958333],[87.8416667,27.3066667],[87.8475,27.3116667],[87.8458333,27.3166667],[87.8566667,27.3275]]},{"type":"LineString","coordinates":[[83.5125,27.2858333],[83.515,27.2841667],[83.5241667,27.2933333]]},{"type":"LineString","coordinates":[[83.5125,27.2858333],[83.5083333,27.2941667],[83.5133333,27.2983333],[83.5075,27.2975],[83.505,27.3008333],[83.5083333,27.3108333],[83.5033333,27.3108333],[83.4991667,27.3141667],[83.4983333,27.3183333],[83.4958333,27.3191667],[83.4975,27.3225],[83.4908333,27.3258333],[83.495,27.3316667],[83.5008333,27.3316667],[83.5016667,27.3375]]},{"type":"LineString","coordinates":[[84.4621911,27.2868533],[84.4616667,27.29],[84.4558333,27.2908333],[84.46,27.2941667],[84.4591667,27.2966667]]},{"type":"LineString","coordinates":[[85.8758333,27.2875],[85.89,27.2916667],[85.8925,27.2883333],[85.9,27.2883333]]},{"type":"LineString","coordinates":[[85.8758333,27.2875],[85.8783333,27.2916667],[85.875,27.295],[85.87,27.295]]},{"type":"LineString","coordinates":[[83.1,27.2891667],[83.0958333,27.2791667],[83.0941667,27.2841667],[83.0925,27.2833333],[83.0891667,27.285],[83.09,27.29],[83.0858333,27.2933333],[83.0883333,27.295],[83.0841667,27.2983333],[83.085,27.3033333],[83.0833333,27.3016667],[83.0816667,27.3025],[83.0833333,27.3058333],[83.0825,27.3075],[83.0775,27.3116667],[83.0691667,27.3108333],[83.0658333,27.3141667]]},{"type":"LineString","coordinates":[[83.1,27.2891667],[83.1016667,27.2883333],[83.1058333,27.2908333],[83.1083333,27.2908333],[83.11,27.2941667],[83.1091667,27.2966667],[83.11,27.2975],[83.1125,27.2958333],[83.1133333,27.2983333],[83.115,27.2991667],[83.1141667,27.3033333],[83.12,27.305],[83.12,27.3075],[83.1158333,27.3108333],[83.12,27.3125],[83.1183333,27.3133333],[83.1191667,27.3191667],[83.1216667,27.3208333],[83.1266667,27.3208333],[83.1283333,27.3191667],[83.1291667,27.3233333],[83.1308333,27.3241667],[83.1291667,27.3258333],[83.1308333,27.3291667],[83.1266667,27.3333333],[83.1291667,27.335],[83.1275,27.3383333],[83.1266667,27.3391667],[83.125,27.3383333],[83.1241667,27.3416667],[83.1216667,27.34],[83.1233333,27.3441667],[83.12,27.3441667],[83.1125,27.3516667],[83.1125,27.3541667],[83.115,27.3533333],[83.1158333,27.355],[83.1125,27.3566667],[83.1116667,27.3608333],[83.1075,27.3641667],[83.1083333,27.365],[83.1066667,27.3683333],[83.105,27.3675],[83.1025,27.3716667],[83.1041667,27.375],[83.1016667,27.3775],[83.1041667,27.3783333]]},{"type":"LineString","coordinates":[[83.5916667,27.2891667],[83.5933333,27.29],[83.5975,27.285],[83.6041667,27.285],[83.6075,27.2875],[83.6066667,27.2916667],[83.6158333,27.2958333],[83.6166667,27.2983333],[83.6225,27.2958333],[83.6241667,27.2975],[83.6316667,27.2958333],[83.6433333,27.3016667]]},{"type":"LineString","coordinates":[[83.5916667,27.2891667],[83.5916667,27.2916667],[83.5941667,27.2908333],[83.5983333,27.295],[83.5966667,27.2958333],[83.6025,27.3033333],[83.6175,27.3033333],[83.62,27.3083333],[83.6275,27.3133333],[83.6283333,27.3166667],[83.6325,27.3166667],[83.6383333,27.325],[83.6433333,27.3225],[83.6466667,27.3408333],[83.6591667,27.3408333],[83.6708333,27.345]]},{"type":"LineString","coordinates":[[84.6433333,27.2891667],[84.6466667,27.3083333]]},{"type":"LineString","coordinates":[[84.6433333,27.2891667],[84.6491667,27.285],[84.665,27.2833333],[84.6733333,27.2875],[84.6733333,27.2916667],[84.6841667,27.2991667],[84.6858333,27.305],[84.6891667,27.3033333],[84.6958333,27.3066667],[84.7058333,27.3258333],[84.7075,27.3533333]]},{"type":"LineString","coordinates":[[87.6958333,27.2916667],[87.7091667,27.2866667],[87.7241667,27.2858333],[87.7316667,27.2783333],[87.7583333,27.28]]},{"type":"LineString","coordinates":[[87.6958333,27.2916667],[87.6858333,27.3075],[87.68,27.3083333],[87.6716667,27.3191667],[87.6541667,27.3291667],[87.6491667,27.3358333],[87.6358333,27.3341667],[87.6325,27.3425],[87.6233333,27.3516667]]},{"type":"LineString","coordinates":[[83.9291667,27.2917236],[83.9308333,27.2983333],[83.9283333,27.3166667],[83.9333333,27.3191667],[83.9341667,27.3158333],[83.9391667,27.3141667],[83.9408333,27.3158333],[83.9391667,27.3183333]]},{"type":"LineString","coordinates":[[83.5241667,27.2933333],[83.5291667,27.2808333],[83.5375,27.2833333],[83.5441667,27.275],[83.5516667,27.2808333],[83.5508333,27.2833333],[83.5558333,27.2816667],[83.56,27.2866667],[83.5641667,27.285],[83.5666667,27.2875],[83.5725,27.2866667],[83.5766667,27.2891667],[83.5916667,27.2891667]]},{"type":"LineString","coordinates":[[83.5241667,27.2933333],[83.5275,27.2991667],[83.53,27.2991667],[83.5291667,27.305],[83.5233333,27.3116667],[83.52,27.31],[83.515,27.3133333],[83.5183333,27.315],[83.5108333,27.3208333],[83.5133333,27.3241667],[83.51,27.3325],[83.5258333,27.3333333],[83.5308333,27.3416667],[83.5375,27.3408333],[83.5408333,27.345],[83.5458333,27.3466667],[83.5475,27.345],[83.5466667,27.3466667],[83.5508333,27.35],[83.5566667,27.3433333],[83.5591667,27.3441667],[83.5683333,27.3391667],[83.5741667,27.3416667],[83.5791667,27.335],[83.585,27.3358333],[83.5883333,27.3333333],[83.5925,27.3416667],[83.5908333,27.3441667],[83.5933333,27.3516667],[83.5991667,27.3508333],[83.5983333,27.3458333],[83.6016667,27.3441667],[83.6058333,27.3516667],[83.6133333,27.3491667],[83.6141667,27.3516667],[83.6175,27.3508333],[83.6208333,27.3541667],[83.6191667,27.3575],[83.6208333,27.36],[83.63,27.3583333],[83.6366667,27.365],[83.6358333,27.3725],[83.6316667,27.3775],[83.64,27.39],[83.645,27.3933333],[83.6433333,27.3958333],[83.645,27.4],[83.6391667,27.4091667],[83.6408333,27.4158333],[83.6483333,27.425],[83.6516667,27.4233333],[83.6566667,27.4258333],[83.6558333,27.435],[83.6591667,27.4366667],[83.66,27.4341667],[83.6658333,27.4408333]]},{"type":"LineString","coordinates":[[87.2108333,27.2941667],[87.2075,27.3033333],[87.2125,27.3125],[87.2025,27.325],[87.2016667,27.3325],[87.2083333,27.34],[87.225,27.3466667],[87.2308333,27.3516667],[87.23,27.355],[87.2375,27.3575],[87.2416667,27.3641667]]},{"type":"LineString","coordinates":[[87.2108333,27.2941667],[87.2166667,27.2958333],[87.2183333,27.3008333],[87.225,27.3041667],[87.2425,27.3],[87.2516667,27.3041667],[87.2816667,27.3041667],[87.29,27.3066667],[87.2925,27.3125],[87.3041667,27.3116667],[87.31,27.3175],[87.3275,27.3191667],[87.3475,27.3266667],[87.3575,27.3308333],[87.3675,27.3408333],[87.3725,27.355],[87.3825,27.3633333],[87.4008333,27.3683333]]},{"type":"LineString","coordinates":[[83.9774061,27.2967606],[83.9758333,27.2983333],[83.9808333,27.3],[83.9808333,27.3075],[83.9833333,27.3108333]]},{"type":"LineString","coordinates":[[86.8641667,27.3],[86.865,27.2933333]]},{"type":"LineString","coordinates":[[86.8641667,27.3],[86.88,27.3058333],[86.89,27.3041667],[86.8916667,27.3083333],[86.9058333,27.3058333]]},{"type":"LineString","coordinates":[[85.205,27.3008333],[85.2041667,27.31],[85.2083333,27.3175]]},{"type":"LineString","coordinates":[[85.205,27.3008333],[85.1891667,27.3066667],[85.1833333,27.3133333],[85.1733333,27.3191667],[85.1508333,27.325],[85.1491667,27.33]]},{"type":"LineString","coordinates":[[84.023761,27.3016009],[84.0233333,27.3041667],[84.0275,27.3075],[84.0258333,27.3116667],[84.0283333,27.315],[84.0383333,27.32],[84.0366667,27.3208333],[84.04,27.3241667],[84.0391667,27.3308333],[84.0425,27.335],[84.0408333,27.3375],[84.0433333,27.3416667],[84.0541667,27.3458333],[84.0558333,27.3516667],[84.0591667,27.3525],[84.0558333,27.3558333],[84.0625,27.3583333]]},{"type":"LineString","coordinates":[[87.4325,27.3025],[87.4433333,27.2958333]]},{"type":"LineString","coordinates":[[87.4325,27.3025],[87.4483333,27.31]]},{"type":"LineString","coordinates":[[86.2383333,27.3033333],[86.245,27.3041667],[86.265,27.32],[86.2775,27.3175],[86.2791667,27.3116667],[86.2833333,27.3141667],[86.3016667,27.3125]]},{"type":"LineString","coordinates":[[86.2383333,27.3033333],[86.2291667,27.3191667],[86.2183333,27.3233333],[86.2225,27.3275],[86.2191667,27.3275],[86.2158333,27.3333333]]},{"type":"LineString","coordinates":[[86.9058333,27.3058333],[86.9191667,27.2983333]]},{"type":"LineString","coordinates":[[86.9058333,27.3058333],[86.9116667,27.3108333]]},{"type":"LineString","coordinates":[[84.5358333,27.31],[84.54,27.32]]},{"type":"LineString","coordinates":[[84.5358333,27.31],[84.5416667,27.3116667],[84.545,27.31],[84.5491667,27.315],[84.555,27.3158333],[84.5558333,27.3141667],[84.56,27.3183333],[84.5666667,27.3175],[84.5808333,27.3216667],[84.5808333,27.3258333],[84.5916667,27.3225],[84.6108333,27.335]]},{"type":"LineString","coordinates":[[83.0658333,27.3141667],[83.0625,27.315],[83.0575,27.3116667],[83.0483333,27.3125]]},{"type":"LineString","coordinates":[[83.0658333,27.3141667],[83.0683333,27.3216667],[83.0741667,27.3275],[83.0716667,27.3291667],[83.0691667,27.3266667],[83.0666667,27.3291667],[83.0633333,27.3283333],[83.06,27.3333333],[83.0625,27.3375],[83.0583333,27.3391667],[83.0566667,27.3383333],[83.0516667,27.3425],[83.0516667,27.3491667],[83.05,27.3516667],[83.0516667,27.355],[83.0483333,27.3591667],[83.0508333,27.3625],[83.0475,27.365],[83.0483333,27.3658333],[83.0458333,27.365],[83.045,27.3675],[83.0408333,27.3708333],[83.0458333,27.3733333],[83.0491667,27.3733333],[83.0508333,27.375],[83.0491667,27.3775],[83.0508333,27.38],[83.0483333,27.3825],[83.0475,27.3891667],[83.0341667,27.3941667]]},{"type":"LineString","coordinates":[[85.2083333,27.3175],[85.2116667,27.32],[85.2116667,27.3258333],[85.215,27.3283333],[85.2158333,27.335],[85.225,27.3416667],[85.2258333,27.345],[85.2366667,27.3458333],[85.24,27.3541667],[85.2458333,27.3575]]},{"type":"LineString","coordinates":[[85.2083333,27.3175],[85.1941667,27.3366667],[85.1941667,27.3508333],[85.2008333,27.3558333],[85.1983333,27.3591667],[85.2008333,27.3625],[85.2116667,27.3641667],[85.2116667,27.3666667],[85.2083333,27.3683333],[85.2091667,27.3766667],[85.2166667,27.385],[85.2141667,27.3883333],[85.2158333,27.395],[85.2116667,27.3975],[85.2141667,27.3991667],[85.21,27.405],[85.2083333,27.4241667],[85.2108333,27.4291667]]},{"type":"LineString","coordinates":[[83.9391667,27.3183333],[83.9225,27.3416667],[83.9183333,27.3441667],[83.9258333,27.3483333],[83.92,27.3666667]]},{"type":"LineString","coordinates":[[83.9391667,27.3183333],[83.9416667,27.3225],[83.95,27.3116667],[83.9566667,27.315],[83.96,27.3141667],[83.97,27.3308333],[83.9783333,27.3341667],[83.9808333,27.3416667],[83.9916667,27.3483333],[83.9908333,27.3575],[83.9983333,27.3641667],[84.0025,27.365],[83.9991667,27.3691667],[84.0,27.3716667]]},{"type":"LineString","coordinates":[[86.435,27.3183333],[86.4183333,27.33]]},{"type":"LineString","coordinates":[[86.435,27.3183333],[86.4366667,27.3225],[86.4325,27.33],[86.4358333,27.3458333],[86.4316667,27.3575],[86.4383333,27.3633333],[86.4383333,27.3775]]},{"type":"LineString","coordinates":[[84.2251286,27.3201902],[84.2191667,27.3233333],[84.2090293,27.3224542]]},{"type":"LineString","coordinates":[[87.1841667,27.3216667],[87.1783333,27.3258333],[87.15,27.33]]},{"type":"LineString","coordinates":[[87.1841667,27.3216667],[87.1916667,27.3283333],[87.185,27.3366667],[87.1925,27.3475],[87.1916667,27.3533333],[87.1758333,27.3666667],[87.17,27.3758333],[87.1541667,27.3816667],[87.1433333,27.3933333],[87.1341667,27.3941667]]},{"type":"LineString","coordinates":[[86.7641667,27.3225],[86.8016667,27.31],[86.8141667,27.3116667],[86.8375,27.3025],[86.8541667,27.3033333],[86.8641667,27.3]]},{"type":"LineString","coordinates":[[86.7641667,27.3225],[86.7775,27.335]]},{"type":"LineString","coordinates":[[84.2035507,27.3232246],[84.1999333,27.3237333]]},{"type":"LineString","coordinates":[[84.1971452,27.3241254],[84.1926611,27.324756]]},{"type":"LineString","coordinates":[[84.1790462,27.3248894],[84.1741667,27.335],[84.1708333,27.3325],[84.1583333,27.3308333],[84.1541667,27.3366667],[84.1483333,27.3383333],[84.1458333,27.3416667],[84.1483333,27.3541667],[84.1441667,27.3608333]]},{"type":"LineString","coordinates":[[84.185,27.3258333],[84.1825,27.3291667],[84.1875,27.3333333],[84.1783333,27.3383333],[84.1775,27.3483333],[84.1733333,27.3508333],[84.1766667,27.3575],[84.1725,27.3616667],[84.1791667,27.3675],[84.1783333,27.37],[84.185,27.385],[84.1941667,27.39],[84.2016667,27.3908333],[84.2066667,27.3966667],[84.2108333,27.3958333],[84.2125,27.3991667],[84.2158333,27.3975],[84.2208333,27.3991667]]},{"type":"LineString","coordinates":[[85.4191667,27.3275],[85.4166667,27.325],[85.4075,27.3275],[85.3908333,27.3433333],[85.37,27.3491667]]},{"type":"LineString","coordinates":[[85.4191667,27.3275],[85.4191667,27.3316667],[85.4225,27.335],[85.4225,27.3333333],[85.4266667,27.3333333],[85.4383333,27.3375],[85.4416667,27.3366667],[85.4491667,27.3491667],[85.4475,27.3508333],[85.455,27.355],[85.4658333,27.3566667],[85.4725,27.37],[85.4775,27.3725]]},{"type":"LineString","coordinates":[[87.8566667,27.3275],[87.8625,27.33]]},{"type":"LineString","coordinates":[[87.8566667,27.3275],[87.8516667,27.3466667],[87.8591667,27.3525],[87.8625,27.3616667]]},{"type":"LineString","coordinates":[[86.2158333,27.3333333],[86.21,27.3391667],[86.2016667,27.34],[86.1966667,27.3483333],[86.1925,27.345]]},{"type":"LineString","coordinates":[[86.2158333,27.3333333],[86.2175,27.3541667],[86.2216667,27.3591667],[86.2191667,27.3616667],[86.225,27.3708333],[86.2225,27.3816667],[86.2275,27.3883333],[86.2275,27.3983333],[86.2366667,27.405],[86.235,27.4083333],[86.2375,27.4125],[86.2433333,27.42],[86.2483333,27.4208333],[86.25,27.4266667]]},{"type":"LineString","coordinates":[[83.3,27.335],[83.3041667,27.3316667],[83.3075,27.3333333],[83.315,27.3316667],[83.3175,27.3366667],[83.3191667,27.3375],[83.325,27.3366667]]},{"type":"LineString","coordinates":[[83.3,27.335],[83.3058333,27.3408333],[83.3041667,27.3491667]]},{"type":"LineString","coordinates":[[84.6108333,27.335],[84.61,27.34],[84.5991667,27.3408333],[84.5666667,27.3508333],[84.5633333,27.36]]},{"type":"LineString","coordinates":[[84.6108333,27.335],[84.6158333,27.3366667],[84.6208333,27.3425],[84.6141667,27.3508333],[84.6125,27.3608333],[84.6158333,27.365],[84.6133333,27.3708333]]},{"type":"LineString","coordinates":[[86.7775,27.335],[86.7775,27.3441667],[86.7891667,27.3525],[86.7941667,27.3733333],[86.805,27.38]]},{"type":"LineString","coordinates":[[86.7775,27.335],[86.7916667,27.3441667],[86.8308333,27.345],[86.8441667,27.3491667],[86.8491667,27.3558333],[86.865,27.3641667],[86.8791667,27.3875]]},{"type":"LineString","coordinates":[[83.325,27.3366667],[83.3275,27.3341667],[83.3383333,27.3325],[83.345,27.3383333],[83.3525,27.34],[83.3516667,27.3416667],[83.3541667,27.3441667],[83.3583333,27.3441667]]},{"type":"LineString","coordinates":[[83.325,27.3366667],[83.3275,27.3383333],[83.3291667,27.3416667],[83.3341667,27.3408333],[83.3366667,27.3425],[83.33,27.3491667],[83.3375,27.3575],[83.3408333,27.365],[83.3441667,27.3675],[83.3475,27.3658333],[83.35,27.3683333],[83.3508333,27.365],[83.3525,27.3641667],[83.355,27.3658333],[83.3566667,27.3691667]]},{"type":"LineString","coordinates":[[83.5016667,27.3375],[83.4908333,27.3458333],[83.49,27.35],[83.495,27.3516667],[83.49,27.355],[83.4866667,27.3541667],[83.4883333,27.3583333],[83.4858333,27.3608333],[83.49,27.3625],[83.485,27.3641667],[83.4841667,27.37],[83.4883333,27.3775],[83.4875,27.38],[83.4916667,27.3816667],[83.4891667,27.3883333],[83.4908333,27.3933333],[83.4875,27.3958333],[83.4833333,27.3941667],[83.4775,27.4008333],[83.4841667,27.4125],[83.4858333,27.41],[83.4875,27.4116667],[83.4908333,27.4083333],[83.4958333,27.4083333],[83.5008333,27.4108333],[83.505,27.4175],[83.505,27.4233333],[83.4991667,27.425],[83.4925,27.4308333],[83.4916667,27.4341667],[83.4941667,27.4383333],[83.4925,27.4416667],[83.495,27.4416667],[83.4975,27.4466667],[83.4875,27.4575],[83.49,27.4583333],[83.4925,27.455],[83.4966667,27.4575],[83.4966667,27.4633333],[83.4916667,27.4666667],[83.4966667,27.4725],[83.4891667,27.4758333],[83.5,27.4825],[83.5008333,27.4866667],[83.5125,27.4991667],[83.5116667,27.5008333],[83.505,27.5],[83.5083333,27.5033333],[83.5025,27.505],[83.5083333,27.5175],[83.5075,27.5325],[83.5158333,27.5366667],[83.51,27.5416667],[83.5125,27.5433333],[83.5216667,27.5416667],[83.525,27.5458333],[83.5316667,27.5433333],[83.5266667,27.55],[83.5291667,27.5516667],[83.5341667,27.55],[83.535,27.5525],[83.5258333,27.5583333],[83.5258333,27.5608333],[83.5375,27.56],[83.5341667,27.5641667],[83.5341667,27.5708333],[83.5358333,27.5725],[83.545,27.5716667],[83.5441667,27.5766667],[83.5475,27.5816667],[83.5416667,27.5833333],[83.5466667,27.5866667],[83.5516667,27.595],[83.5491667,27.6008333],[83.5508333,27.6108333],[83.545,27.6133333],[83.55,27.6166667],[83.5425,27.6191667],[83.5416667,27.6233333]]},{"type":"LineString","coordinates":[[83.5016667,27.3375],[83.505,27.3391667],[83.5016667,27.3425],[83.5025,27.3458333],[83.5075,27.3491667],[83.505,27.3516667],[83.5075,27.3541667],[83.5033333,27.3558333],[83.5066667,27.36],[83.5016667,27.3616667],[83.4991667,27.3658333],[83.5058333,27.3708333],[83.5025,27.375],[83.5041667,27.3783333],[83.5083333,27.3825],[83.51,27.3808333],[83.5183333,27.3816667],[83.5233333,27.3891667],[83.5308333,27.3933333],[83.5333333,27.3908333],[83.5391667,27.3908333],[83.5433333,27.3983333]]},{"type":"LineString","coordinates":[[85.7241667,27.3375],[85.7275,27.3391667],[85.7341667,27.3341667]]},{"type":"LineString","coordinates":[[85.7241667,27.3375],[85.7283333,27.3516667]]},{"type":"LineString","coordinates":[[83.8466667,27.3425],[83.83,27.3458333],[83.82,27.3608333],[83.8091667,27.3608333]]},{"type":"LineString","coordinates":[[83.8466667,27.3425],[83.8508333,27.345],[83.8575,27.3625],[83.8566667,27.3741667],[83.8508333,27.3908333],[83.8558333,27.3958333],[83.8566667,27.4025],[83.8591667,27.4041667],[83.8616667,27.4233333],[83.8683333,27.4283333],[83.9133333,27.4408333],[83.9341667,27.4508333]]},{"type":"LineString","coordinates":[[83.3583333,27.3441667],[83.36,27.3425],[83.3625,27.3458333],[83.3641667,27.3458333],[83.3675,27.3433333],[83.3691667,27.3416667],[83.37,27.3375],[83.3791667,27.3316667],[83.3791667,27.33],[83.3766667,27.3291667],[83.3833333,27.3258333],[83.3858333,27.3191667],[83.3958333,27.3208333],[83.3975,27.32],[83.4016667,27.3233333],[83.4083333,27.3216667],[83.4166667,27.3266667],[83.4166667,27.33],[83.4141667,27.3325],[83.4158333,27.3341667],[83.415,27.3383333],[83.4225,27.3425],[83.4216667,27.345],[83.4225,27.3466667],[83.42,27.3475],[83.42,27.3491667],[83.4225,27.3508333],[83.4216667,27.3566667],[83.4225,27.3575],[83.4241667,27.3566667],[83.4258333,27.3583333],[83.4266667,27.3625],[83.4283333,27.3625],[83.4325,27.3675],[83.4316667,27.375],[83.43,27.3741667],[83.4283333,27.375],[83.4308333,27.3808333],[83.4275,27.3841667],[83.4266667,27.39],[83.4325,27.3908333],[83.435,27.3891667],[83.4358333,27.3933333],[83.4383333,27.3925],[83.44,27.3933333],[83.4416667,27.4008333],[83.4433333,27.4016667],[83.4425,27.405],[83.4441667,27.4075],[83.4458333,27.4075],[83.445,27.415]]},{"type":"LineString","coordinates":[[83.3583333,27.3441667],[83.3591667,27.3491667],[83.3575,27.35],[83.3608333,27.3516667],[83.3641667,27.3558333],[83.3675,27.355],[83.37,27.3583333],[83.3733333,27.3566667],[83.3741667,27.3616667],[83.3716667,27.3691667],[83.3816667,27.37],[83.3883333,27.3758333],[83.3841667,27.3891667],[83.3891667,27.3916667],[83.3925,27.3958333],[83.3966667,27.3958333],[83.3983333,27.3983333],[83.4016667,27.4],[83.4058333,27.4058333],[83.4066667,27.4083333],[83.4058333,27.4108333],[83.4091667,27.4125],[83.4083333,27.415],[83.4091667,27.4175],[83.4066667,27.42],[83.4066667,27.4225],[83.4083333,27.4241667],[83.3958333,27.4308333],[83.395,27.4333333],[83.3958333,27.4358333],[83.4016667,27.4375],[83.4041667,27.4358333],[83.4075,27.4358333],[83.4116667,27.4416667],[83.4108333,27.4425],[83.4125,27.4441667],[83.4166667,27.445],[83.4175,27.4483333],[83.4141667,27.4516667],[83.415,27.4575],[83.4116667,27.4591667],[83.4166667,27.4641667]]},{"type":"LineString","coordinates":[[83.6708333,27.345],[83.6733333,27.3416667],[83.6783333,27.3425],[83.685,27.3383333]]},{"type":"LineString","coordinates":[[83.6708333,27.345],[83.6725,27.3483333]]},{"type":"LineString","coordinates":[[85.6291667,27.3475],[85.6341667,27.3491667],[85.6333333,27.3525],[85.6366667,27.3533333],[85.6391667,27.3458333],[85.6433333,27.345],[85.6416667,27.3425],[85.6508333,27.3333333],[85.66,27.3341667],[85.6625,27.3375],[85.6791667,27.345],[85.6875,27.3375],[85.6833333,27.3333333],[85.6883333,27.3275],[85.6875,27.3208333],[85.6908333,27.3166667],[85.695,27.3158333],[85.7075,27.3208333],[85.7166667,27.3325],[85.7241667,27.3375]]},{"type":"LineString","coordinates":[[85.6291667,27.3475],[85.625,27.3541667],[85.6225,27.3533333],[85.62,27.3558333],[85.6258333,27.3633333],[85.6225,27.3633333],[85.62,27.3675],[85.6375,27.3716667],[85.6358333,27.3791667],[85.6383333,27.3816667],[85.64,27.3908333],[85.6425,27.3941667],[85.6475,27.3933333],[85.6475,27.4],[85.6508333,27.4058333],[85.6466667,27.4116667]]},{"type":"LineString","coordinates":[[83.6725,27.3483333],[83.6691667,27.3483333],[83.6625,27.355],[83.6716667,27.3666667],[83.6716667,27.3708333],[83.6675,27.3733333],[83.6691667,27.3775],[83.6666667,27.3808333],[83.6683333,27.3858333],[83.6725,27.3883333],[83.6716667,27.3916667]]},{"type":"LineString","coordinates":[[83.6725,27.3483333],[83.6733333,27.3516667],[83.6783333,27.3541667],[83.6775,27.3641667],[83.68,27.37]]},{"type":"LineString","coordinates":[[85.37,27.3491667],[85.3666667,27.3433333]]},{"type":"LineString","coordinates":[[85.37,27.3491667],[85.3633333,27.3516667],[85.3558333,27.3508333]]},{"type":"LineString","coordinates":[[85.9825,27.3516667],[85.9966667,27.3741667],[86.0041667,27.3733333],[86.0083333,27.3791667],[86.0258333,27.3733333],[86.0308333,27.3766667]]},{"type":"LineString","coordinates":[[85.9825,27.3516667],[85.9783333,27.355],[85.9766667,27.3716667],[85.9691667,27.3758333],[85.9683333,27.3816667],[85.9616667,27.3875],[85.9533333,27.3891667],[85.9525,27.3825],[85.945,27.38],[85.9333333,27.39],[85.9333333,27.395],[85.9266667,27.3983333],[85.925,27.405],[85.9183333,27.4091667],[85.91,27.4091667],[85.8991667,27.4158333],[85.8908333,27.4141667],[85.8858333,27.42],[85.8783333,27.4166667]]},{"type":"LineString","coordinates":[[87.6233333,27.3516667],[87.6075,27.33],[87.6008333,27.3266667],[87.5983333,27.32]]},{"type":"LineString","coordinates":[[87.6233333,27.3516667],[87.6225,27.3633333]]},{"type":"LineString","coordinates":[[85.2458333,27.3575],[85.25,27.3608333]]},{"type":"LineString","coordinates":[[85.2458333,27.3575],[85.2508333,27.3583333],[85.2541667,27.3558333],[85.2625,27.3558333],[85.2633333,27.36],[85.2683333,27.3633333],[85.28,27.3566667],[85.2825,27.3591667],[85.2866667,27.3575],[85.2908333,27.36]]},{"type":"LineString","coordinates":[[83.175,27.3583333],[83.1766667,27.3616667],[83.175,27.3691667],[83.1775,27.3708333],[83.1825,27.37],[83.1858333,27.3733333]]},{"type":"LineString","coordinates":[[83.175,27.3583333],[83.18,27.3575],[83.1791667,27.3641667],[83.18,27.3666667],[83.1825,27.3683333],[83.1883333,27.3675],[83.1991667,27.3608333],[83.2083333,27.3625],[83.215,27.3616667],[83.2158333,27.3566667],[83.2225,27.3658333],[83.2316667,27.3666667],[83.235,27.3633333],[83.2375,27.3633333],[83.2408333,27.3691667],[83.2441667,27.3666667],[83.2458333,27.3675],[83.2483333,27.37],[83.25,27.38],[83.2533333,27.3833333],[83.2525,27.39],[83.2533333,27.3908333],[83.2566667,27.39],[83.2583333,27.3925],[83.2575,27.395],[83.2675,27.405],[83.2758333,27.3958333],[83.2825,27.3958333],[83.2866667,27.3991667],[83.29,27.4075],[83.2891667,27.4158333],[83.2866667,27.42],[83.2866667,27.4258333],[83.2891667,27.4283333],[83.2991667,27.4291667],[83.3091667,27.4266667],[83.31,27.4275],[83.315,27.4266667],[83.3241667,27.4333333],[83.325,27.4325],[83.3266667,27.4341667],[83.3266667,27.4375]]},{"type":"LineString","coordinates":[[83.8091667,27.3608333],[83.8116667,27.3833333],[83.8175,27.3891667]]},{"type":"LineString","coordinates":[[83.8091667,27.3608333],[83.8025,27.3608333],[83.7991667,27.3666667],[83.795,27.3966667],[83.7883333,27.4183333],[83.8116667,27.4491667]]},{"type":"LineString","coordinates":[[84.1441667,27.3608333],[84.1433333,27.3666667],[84.1483333,27.3691667],[84.1466667,27.3716667],[84.15,27.3741667],[84.1475,27.3816667],[84.1491667,27.3841667],[84.15,27.3816667],[84.1516667,27.3825],[84.155,27.3891667],[84.1508333,27.395],[84.1566667,27.4008333]]},{"type":"LineString","coordinates":[[84.1441667,27.3608333],[84.1366667,27.3608333],[84.1291667,27.375],[84.1216667,27.3791667],[84.115,27.3791667],[84.1141667,27.3825],[84.1091667,27.3833333],[84.1066667,27.39],[84.1,27.3916667],[84.09,27.4041667],[84.0908333,27.4066667],[84.095,27.4075],[84.0925,27.4125],[84.0866667,27.4125],[84.0833333,27.4158333],[84.0841667,27.4233333],[84.0958333,27.4375],[84.0941667,27.4425],[84.0891667,27.4416667],[84.0916667,27.4475],[84.0858333,27.4475],[84.09,27.4575],[84.0875,27.4633333]]},{"type":"LineString","coordinates":[[87.8625,27.3616667],[87.9108333,27.3816667]]},{"type":"LineString","coordinates":[[87.8625,27.3616667],[87.855,27.37],[87.8725,27.4108333]]},{"type":"LineString","coordinates":[[87.6225,27.3633333],[87.6158333,27.3691667],[87.6083333,27.3691667],[87.5983333,27.3741667],[87.5883333,27.375],[87.5708333,27.37],[87.5566667,27.3741667]]},{"type":"LineString","coordinates":[[87.6225,27.3633333],[87.6275,27.3766667]]},{"type":"LineString","coordinates":[[87.2416667,27.3641667],[87.2533333,27.3733333],[87.2616667,27.3733333],[87.2616667,27.3766667],[87.2683333,27.38],[87.2816667,27.395],[87.2825,27.4008333]]},{"type":"LineString","coordinates":[[87.2416667,27.3641667],[87.2358333,27.37],[87.2375,27.3783333],[87.2308333,27.385],[87.2316667,27.3908333],[87.2225,27.3975],[87.2183333,27.4058333]]},{"type":"LineString","coordinates":[[86.6791667,27.3658333],[86.6741667,27.365],[86.6683333,27.3666667],[86.6666667,27.3708333],[86.6583333,27.3733333],[86.6541667,27.3708333],[86.6516667,27.3733333]]},{"type":"LineString","coordinates":[[86.6791667,27.3658333],[86.6833333,27.38],[86.6808333,27.4033333],[86.6858333,27.4158333],[86.7033333,27.4375],[86.7166667,27.4408333],[86.7266667,27.4525]]},{"type":"LineString","coordinates":[[85.5058333,27.3691667],[85.5066667,27.3641667],[85.51,27.3658333],[85.5041667,27.3575],[85.5058333,27.355],[85.515,27.35],[85.5233333,27.35],[85.5333333,27.3566667],[85.5391667,27.3541667],[85.5408333,27.3491667],[85.5483333,27.3475],[85.55,27.3433333],[85.5541667,27.3466667],[85.5591667,27.3391667],[85.5641667,27.3416667],[85.5775,27.3416667],[85.5783333,27.345],[85.6125,27.3425],[85.615,27.345],[85.6241667,27.345],[85.6291667,27.3475]]},{"type":"LineString","coordinates":[[85.5058333,27.3691667],[85.5091667,27.37],[85.5116667,27.3683333],[85.5133333,27.37],[85.5208333,27.3691667],[85.5233333,27.3766667],[85.5266667,27.3791667],[85.5325,27.3791667],[85.5341667,27.3833333],[85.5391667,27.3866667],[85.5425,27.3916667],[85.5416667,27.3958333],[85.5458333,27.3983333],[85.5441667,27.3991667],[85.545,27.4033333],[85.5491667,27.4041667]]},{"type":"LineString","coordinates":[[87.0066667,27.3716667],[86.9816667,27.37]]},{"type":"LineString","coordinates":[[87.0066667,27.3716667],[87.005,27.3658333],[87.0083333,27.3625],[87.0058333,27.3591667]]},{"type":"LineString","coordinates":[[85.4775,27.3725],[85.4791667,27.3766667]]},{"type":"LineString","coordinates":[[85.4775,27.3725],[85.48,27.3716667],[85.4875,27.3783333],[85.49,27.375],[85.495,27.3758333],[85.4966667,27.3725],[85.5058333,27.3691667]]},{"type":"LineString","coordinates":[[83.1858333,27.3733333],[83.1883333,27.3725],[83.19,27.375],[83.1925,27.3716667],[83.1933333,27.3725],[83.1958333,27.3716667],[83.1966667,27.3708333],[83.1958333,27.3691667],[83.1983333,27.37],[83.1991667,27.3691667],[83.2,27.365],[83.2041667,27.3683333],[83.2058333,27.3675],[83.2108333,27.3683333],[83.21,27.3691667],[83.2116667,27.3716667],[83.2133333,27.3691667],[83.2175,27.37],[83.2183333,27.3716667]]},{"type":"LineString","coordinates":[[83.1858333,27.3733333],[83.185,27.3766667],[83.1791667,27.38],[83.1766667,27.3833333],[83.1775,27.3841667],[83.1766667,27.3858333],[83.1816667,27.3891667],[83.1791667,27.3908333],[83.1808333,27.3975],[83.18,27.4008333],[83.1841667,27.4091667],[83.1833333,27.4083333],[83.1791667,27.4125],[83.1825,27.4166667]]},{"type":"LineString","coordinates":[[86.6516667,27.3733333],[86.6441667,27.3733333]]},{"type":"LineString","coordinates":[[86.6516667,27.3733333],[86.6433333,27.3891667],[86.6358333,27.3891667],[86.635,27.3925],[86.63,27.3933333]]},{"type":"LineString","coordinates":[[87.5566667,27.3741667],[87.5425,27.365],[87.5316667,27.3616667],[87.5225,27.3633333]]},{"type":"LineString","coordinates":[[87.5566667,27.3741667],[87.5408333,27.3958333],[87.52,27.4108333],[87.515,27.4225],[87.5108333,27.4208333],[87.5066667,27.4283333],[87.4925,27.4333333]]},{"type":"LineString","coordinates":[[85.4791667,27.3766667],[85.4725,27.3783333],[85.4708333,27.3875],[85.4625,27.3866667],[85.4583333,27.395],[85.4483333,27.3875],[85.445,27.4008333],[85.4408333,27.4033333],[85.4333333,27.4033333],[85.4341667,27.4066667],[85.4316667,27.41],[85.43,27.4108333],[85.4266667,27.405],[85.42,27.4025],[85.4183333,27.4075]]},{"type":"LineString","coordinates":[[85.4791667,27.3766667],[85.475,27.3816667],[85.4866667,27.3991667],[85.4883333,27.405],[85.4841667,27.4075],[85.4858333,27.4108333],[85.4933333,27.4108333],[85.4975,27.4141667],[85.4941667,27.4166667],[85.4966667,27.425],[85.505,27.4183333],[85.5066667,27.425],[85.5108333,27.4275]]},{"type":"LineString","coordinates":[[86.0308333,27.3766667],[86.045,27.3816667]]},{"type":"LineString","coordinates":[[86.0308333,27.3766667],[86.0083333,27.4058333],[85.9941667,27.4108333],[85.9833333,27.4208333],[85.975,27.435],[85.975,27.4425],[85.965,27.4516667],[85.9666667,27.4658333],[85.9566667,27.4716667]]},{"type":"LineString","coordinates":[[87.6275,27.3766667],[87.6625,27.3875],[87.6741667,27.4008333],[87.685,27.4066667],[87.7,27.4266667]]},{"type":"LineString","coordinates":[[87.6275,27.3766667],[87.6158333,27.415],[87.6133333,27.4291667],[87.615,27.4458333],[87.6075,27.4583333]]},{"type":"LineString","coordinates":[[86.4383333,27.3775],[86.43,27.3841667],[86.4133333,27.3866667],[86.4116667,27.3916667],[86.4091667,27.39],[86.4041667,27.3933333],[86.4058333,27.3958333],[86.4016667,27.4]]},{"type":"LineString","coordinates":[[86.4383333,27.3775],[86.4383333,27.38],[86.4533333,27.3808333],[86.46,27.3991667],[86.4708333,27.4016667],[86.4733333,27.405]]},{"type":"LineString","coordinates":[[86.045,27.3816667],[86.0533333,27.375],[86.0766667,27.3658333]]},{"type":"LineString","coordinates":[[86.045,27.3816667],[86.0475,27.3858333],[86.0508333,27.385]]},{"type":"LineString","coordinates":[[87.9108333,27.3816667],[87.92,27.3833333],[87.9216667,27.3808333],[87.945,27.3791667],[87.9666667,27.3833333]]},{"type":"LineString","coordinates":[[87.9108333,27.3816667],[87.9216667,27.3991667],[87.935,27.4066667]]},{"type":"LineString","coordinates":[[86.0508333,27.385],[86.0516667,27.3808333],[86.0658333,27.375],[86.105,27.3708333]]},{"type":"LineString","coordinates":[[86.0508333,27.385],[86.0716667,27.41],[86.0783333,27.4108333],[86.0825,27.415]]},{"type":"LineString","coordinates":[[87.0266667,27.3866667],[87.0066667,27.3716667]]},{"type":"LineString","coordinates":[[87.0266667,27.3866667],[87.0108333,27.4008333],[86.9966667,27.3958333],[86.985,27.3991667],[86.985,27.4066667],[86.9758333,27.4033333],[86.9666667,27.405]]},{"type":"LineString","coordinates":[[83.0208333,27.3908333],[83.0183333,27.3866667],[83.0116667,27.3891667],[83.01,27.3875],[83.0083333,27.3875],[83.0075,27.3891667],[83.0,27.3875],[82.9916667,27.3916667],[82.99,27.3966667]]},{"type":"LineString","coordinates":[[83.0208333,27.3908333],[83.02,27.3983333],[83.0166667,27.4041667],[83.0133333,27.4066667],[83.0163231,27.4102543],[83.0175,27.4116667],[83.0175,27.4133333],[83.015,27.4141667],[83.0158333,27.4216667],[83.0166667,27.4225],[83.0191667,27.4216667],[83.0225,27.4283333],[83.02,27.4325],[83.0141667,27.435],[83.015,27.4416667],[83.0133333,27.445],[83.0166667,27.4491667],[83.0241667,27.4525],[83.0275,27.4608333],[83.0216667,27.4683333],[83.0166667,27.4708333],[83.0191667,27.4766667],[83.0175,27.4808333]]},{"type":"LineString","coordinates":[[83.6716667,27.3916667],[83.6608333,27.3933333],[83.6625,27.4008333],[83.6566667,27.4133333],[83.6591667,27.4175],[83.6616667,27.4175],[83.6658333,27.4225],[83.6683333,27.4208333],[83.6683333,27.4233333],[83.6741667,27.4275],[83.6783333,27.4266667],[83.68,27.43],[83.6808333,27.4266667],[83.6875,27.4266667],[83.6933333,27.4325],[83.6916667,27.4366667],[83.6941667,27.4458333],[83.7058333,27.455],[83.7091667,27.4616667],[83.7091667,27.465],[83.705,27.4666667],[83.7016667,27.4716667]]},{"type":"LineString","coordinates":[[83.6716667,27.3916667],[83.6825,27.3958333],[83.69,27.4033333],[83.6891667,27.4083333],[83.6925,27.41],[83.6941667,27.4175],[83.7025,27.4183333],[83.7116667,27.4133333],[83.7108333,27.4166667],[83.7041667,27.4208333],[83.705,27.425],[83.715,27.4283333],[83.7225,27.4266667],[83.7275,27.4325],[83.7433333,27.43],[83.7491667,27.4358333],[83.755,27.4366667],[83.7533333,27.4408333],[83.7575,27.4441667],[83.7591667,27.4491667],[83.7575,27.4516667],[83.7508333,27.4525],[83.7525,27.4558333],[83.7475,27.4608333],[83.75,27.4741667]]},{"type":"LineString","coordinates":[[86.63,27.3933333],[86.6241667,27.39]]},{"type":"LineString","coordinates":[[86.63,27.3933333],[86.6266667,27.4008333],[86.6308333,27.4041667],[86.63,27.41],[86.6175,27.4208333],[86.6183333,27.4291667],[86.6116667,27.4275],[86.6033333,27.4366667],[86.5925,27.4416667],[86.5691667,27.4458333]]},{"type":"LineString","coordinates":[[83.0341667,27.3941667],[83.0291667,27.3891667],[83.025,27.3908333],[83.025,27.3925],[83.0208333,27.3908333]]},{"type":"LineString","coordinates":[[83.0341667,27.3941667],[83.035,27.3958333],[83.0325,27.3983333],[83.0366667,27.4025],[83.0375,27.4058333],[83.0325,27.41],[83.0366667,27.4133333],[83.0333333,27.4166667],[83.035,27.4183333],[83.0341667,27.4191667],[83.0391667,27.4191667],[83.0408333,27.4208333],[83.0391667,27.4225],[83.04,27.4308333],[83.0383333,27.4325],[83.0433333,27.4416667],[83.0441667,27.44],[83.0491667,27.4408333],[83.0508333,27.4383333],[83.0533333,27.4416667],[83.0566667,27.4425],[83.0591667,27.4408333],[83.06,27.4433333],[83.0608333,27.4425],[83.0641667,27.4433333],[83.065,27.4416667],[83.0616667,27.4391667],[83.065,27.4366667],[83.0725,27.4425],[83.0733333,27.4441667],[83.0725,27.4466667],[83.0758333,27.4508333],[83.0708333,27.4533333],[83.075,27.4608333],[83.0741667,27.4616667],[83.0633333,27.4608333],[83.0625,27.4625],[83.0591667,27.46],[83.0558333,27.4625],[83.055,27.4616667],[83.045,27.4708333],[83.05,27.4741667],[83.0516667,27.4816667],[83.0541667,27.4841667],[83.0583333,27.4833333],[83.0658333,27.4866667],[83.0666667,27.4875],[83.0658333,27.4908333],[83.0708333,27.4958333],[83.0725,27.5],[83.0808333,27.5008333],[83.0808333,27.5025],[83.0833333,27.505],[83.0875,27.5058333],[83.0858333,27.5066667],[83.0858333,27.5091667],[83.0908333,27.5125],[83.09,27.515],[83.0875,27.5141667],[83.0808333,27.5158333],[83.0791667,27.5191667],[83.0725,27.52],[83.07,27.5316667],[83.0675,27.5325]]},{"type":"LineString","coordinates":[[83.5558333,27.3941667],[83.5591667,27.3908333],[83.5641667,27.395],[83.5741667,27.3933333],[83.585,27.3966667],[83.5925,27.4025],[83.6025,27.405],[83.6016667,27.41],[83.6041667,27.4116667],[83.6025,27.4133333],[83.6058333,27.4191667],[83.615,27.4183333],[83.615,27.4225],[83.6191667,27.4275],[83.615,27.4341667],[83.6283333,27.4391667],[83.6266667,27.4475],[83.6325,27.4491667],[83.6283333,27.4541667],[83.63,27.4566667],[83.6233333,27.4625],[83.6175,27.4641667],[83.6125,27.4741667],[83.6125,27.4791667]]},{"type":"LineString","coordinates":[[83.5558333,27.3941667],[83.555,27.3975],[83.5583333,27.4016667],[83.5608333,27.4008333],[83.565,27.4066667],[83.5725,27.4108333],[83.5733333,27.415],[83.5833333,27.4208333]]},{"type":"LineString","coordinates":[[87.1341667,27.3941667],[87.1325,27.3891667],[87.1233333,27.3916667],[87.1125,27.39],[87.1091667,27.3725],[87.0925,27.3591667],[87.07,27.35]]},{"type":"LineString","coordinates":[[87.1341667,27.3941667],[87.125,27.4025],[87.13,27.4083333],[87.1258333,27.4175]]},{"type":"LineString","coordinates":[[83.5433333,27.3983333],[83.5483333,27.4],[83.5558333,27.3941667]]},{"type":"LineString","coordinates":[[83.5433333,27.3983333],[83.5391667,27.4041667],[83.54,27.4075],[83.5341667,27.4083333],[83.5366667,27.4158333],[83.5425,27.4183333],[83.5408333,27.4225],[83.5441667,27.4266667],[83.54,27.4291667],[83.5391667,27.4275],[83.5366667,27.4325],[83.5475,27.4425],[83.5525,27.4441667],[83.55,27.4466667],[83.5516667,27.4591667],[83.5491667,27.4633333],[83.5533333,27.4691667],[83.5516667,27.4725],[83.5583333,27.4816667],[83.5566667,27.49],[83.5608333,27.4916667],[83.565,27.5033333],[83.5733333,27.5016667],[83.575,27.5033333]]},{"type":"LineString","coordinates":[[86.4016667,27.4],[86.3975,27.3983333]]},{"type":"LineString","coordinates":[[86.4016667,27.4],[86.3916667,27.41],[86.3925,27.4166667],[86.3875,27.4275],[86.4016667,27.4408333]]},{"type":"LineString","coordinates":[[87.2825,27.4008333],[87.2958333,27.3916667]]},{"type":"LineString","coordinates":[[87.2825,27.4008333],[87.2941667,27.4091667],[87.3066667,27.4258333]]},{"type":"LineString","coordinates":[[85.4183333,27.4075],[85.415,27.4141667],[85.4091667,27.4166667],[85.4133333,27.425],[85.4108333,27.4333333],[85.415,27.435],[85.4116667,27.4383333],[85.4183333,27.4441667],[85.4091667,27.4441667],[85.4066667,27.4483333],[85.4183333,27.4591667],[85.4216667,27.4583333],[85.425,27.4633333],[85.4283333,27.4641667]]},{"type":"LineString","coordinates":[[85.4183333,27.4075],[85.4158333,27.4083333],[85.4133333,27.4041667],[85.41,27.4066667],[85.4066667,27.4033333],[85.405,27.4058333],[85.3983333,27.4041667],[85.3958333,27.4116667],[85.3866667,27.4075],[85.3833333,27.41],[85.3833333,27.4141667],[85.3716667,27.4191667],[85.3675,27.425],[85.35,27.4308333],[85.3466667,27.4291667],[85.3408333,27.4325],[85.3341667,27.4325],[85.3291667,27.4383333],[85.3158333,27.4358333],[85.3141667,27.4375],[85.3158333,27.4416667],[85.3116667,27.4458333],[85.3083333,27.445],[85.3008333,27.4508333],[85.2658333,27.4533333],[85.2583333,27.4591667],[85.2583333,27.4625],[85.255,27.465],[85.2575,27.4683333],[85.2541667,27.4708333]]},{"type":"LineString","coordinates":[[87.8725,27.4108333],[87.8683333,27.4141667],[87.8575,27.4125],[87.85,27.4166667]]},{"type":"LineString","coordinates":[[87.8725,27.4108333],[87.8733333,27.4158333],[87.8808333,27.4183333],[87.8808333,27.4275],[87.89,27.4341667],[87.8975,27.435],[87.9116667,27.4525]]},{"type":"LineString","coordinates":[[86.0825,27.415],[86.0625,27.425]]},{"type":"LineString","coordinates":[[86.0825,27.415],[86.085,27.4166667],[86.085,27.4258333],[86.0916667,27.4291667],[86.0933333,27.4358333],[86.1016667,27.44],[86.1058333,27.4466667]]},{"type":"LineString","coordinates":[[83.1825,27.4166667],[83.18,27.4183333],[83.1783333,27.4175],[83.1766667,27.4191667],[83.1758333,27.4183333],[83.175,27.42]]},{"type":"LineString","coordinates":[[83.1825,27.4166667],[83.1858333,27.415],[83.185,27.4141667],[83.1858333,27.4125],[83.19,27.4116667],[83.195,27.4075],[83.1983333,27.4025],[83.2,27.4033333],[83.205,27.4025],[83.2075,27.4058333],[83.2058333,27.4066667],[83.2083333,27.4083333],[83.21,27.4075],[83.2133333,27.4116667],[83.2125,27.4141667],[83.2175,27.4183333],[83.2216667,27.4191667],[83.225,27.4258333],[83.225,27.4283333],[83.2291667,27.4291667],[83.2316667,27.4316667]]},{"type":"LineString","coordinates":[[85.8783333,27.4166667],[85.8833333,27.4083333],[85.8816667,27.4041667],[85.8675,27.4066667]]},{"type":"LineString","coordinates":[[85.8783333,27.4166667],[85.845,27.4275],[85.8391667,27.4341667],[85.83,27.4375],[85.8275,27.4416667],[85.8291667,27.4475],[85.8166667,27.4525]]},{"type":"LineString","coordinates":[[87.1258333,27.4175],[87.1041667,27.4208333],[87.1,27.4158333],[87.085,27.4075],[87.0766667,27.4066667],[87.0708333,27.4008333],[87.0633333,27.4016667],[87.05,27.3958333],[87.045,27.39],[87.035,27.3908333],[87.0266667,27.3866667]]},{"type":"LineString","coordinates":[[87.1258333,27.4175],[87.1241667,27.4291667],[87.1341667,27.4375],[87.14,27.4483333]]},{"type":"LineString","coordinates":[[83.175,27.42],[83.1766667,27.4216667],[83.1758333,27.425],[83.1725,27.4266667],[83.1683333,27.4258333],[83.1666667,27.43],[83.1675,27.4316667],[83.1633333,27.4333333],[83.165,27.44],[83.1675,27.4425],[83.1725,27.4416667],[83.1741667,27.4433333],[83.1733333,27.4441667],[83.175,27.4466667],[83.1725,27.4475],[83.17,27.4525],[83.1741667,27.4558333],[83.1725,27.4583333],[83.1791667,27.46],[83.1816667,27.4641667],[83.18,27.4658333],[83.1825,27.4666667],[83.18,27.4683333],[83.1825,27.4716667],[83.1816667,27.4733333],[83.1783333,27.475],[83.1808333,27.4783333],[83.1791667,27.4816667]]},{"type":"LineString","coordinates":[[83.175,27.42],[83.1691667,27.4208333],[83.1666667,27.4183333],[83.1641667,27.42],[83.1633333,27.4191667],[83.16,27.4233333],[83.1566667,27.4216667],[83.1516667,27.4275],[83.1475,27.4266667],[83.1475,27.4283333],[83.1458333,27.4291667],[83.1433333,27.4358333],[83.1483333,27.4375],[83.1508333,27.4416667],[83.1508333,27.4441667],[83.1483333,27.4483333],[83.1416667,27.4466667],[83.1416667,27.4491667],[83.1391667,27.4516667],[83.1433333,27.4575],[83.1483333,27.4591667],[83.1508333,27.4583333],[83.1516667,27.4625],[83.1475,27.4633333],[83.145,27.4675],[83.1433333,27.4658333],[83.14,27.4666667],[83.1408333,27.4691667],[83.1383333,27.4691667],[83.1366667,27.4708333],[83.1358333,27.4791667],[83.1333333,27.4808333],[83.1341667,27.4841667],[83.13,27.4875],[83.1308333,27.4916667],[83.1341667,27.4941667],[83.1325,27.5008333],[83.135,27.5041667],[83.1366667,27.5033333]]},{"type":"LineString","coordinates":[[85.0108333,27.4216667],[85.01,27.4175]]},{"type":"LineString","coordinates":[[85.0108333,27.4216667],[85.0125,27.4216667]]},{"type":"LineString","coordinates":[[85.0125,27.4216667],[85.0158333,27.415],[85.0291667,27.415],[85.0341667,27.4116667],[85.0383333,27.4125],[85.0416667,27.4091667],[85.0516667,27.4091667],[85.0658333,27.4025],[85.075,27.4016667],[85.0783333,27.3983333],[85.0941667,27.3975],[85.1016667,27.3925],[85.11,27.395],[85.115,27.3908333],[85.1183333,27.3916667],[85.1241667,27.3866667],[85.1333333,27.3841667],[85.1341667,27.3808333],[85.1408333,27.38]]},{"type":"LineString","coordinates":[[85.0125,27.4216667],[85.0158333,27.4258333],[85.0208333,27.4275],[85.02,27.43],[85.025,27.435],[85.0308333,27.4375],[85.0391667,27.4541667]]},{"type":"LineString","coordinates":[[87.3066667,27.4258333],[87.3175,27.435],[87.3233333,27.4358333]]},{"type":"LineString","coordinates":[[87.3066667,27.4258333],[87.3058333,27.4291667],[87.2941667,27.4283333],[87.2866667,27.4325],[87.2825,27.4475]]},{"type":"LineString","coordinates":[[86.25,27.4266667],[86.2566667,27.4216667]]},{"type":"LineString","coordinates":[[86.25,27.4266667],[86.2525,27.4291667],[86.2508333,27.4325],[86.2566667,27.4366667],[86.2541667,27.4408333],[86.2625,27.455],[86.2775,27.465],[86.2908333,27.4691667],[86.2941667,27.4775]]},{"type":"LineString","coordinates":[[87.7,27.4266667],[87.705,27.4275]]},{"type":"LineString","coordinates":[[87.7,27.4266667],[87.7025,27.4483333],[87.7116667,27.4566667],[87.7191667,27.4575],[87.7391667,27.4775],[87.7383333,27.485],[87.7416667,27.4891667]]},{"type":"LineString","coordinates":[[83.2316667,27.4316667],[83.23,27.435],[83.2266667,27.4358333],[83.225,27.4383333],[83.2233333,27.4375],[83.2183333,27.44],[83.2191667,27.4416667],[83.2175,27.4441667],[83.2183333,27.445],[83.2175,27.45],[83.225,27.46],[83.2258333,27.4666667],[83.2275,27.4683333],[83.2275,27.4691667],[83.2233333,27.4683333],[83.2241667,27.4716667],[83.2208333,27.4758333],[83.2225,27.4775],[83.2216667,27.4791667],[83.22,27.4791667],[83.2208333,27.4825],[83.2191667,27.4825],[83.2225,27.4858333],[83.2216667,27.4916667],[83.2291667,27.4983333],[83.2275,27.505],[83.2325,27.5133333],[83.2308333,27.5175],[83.2316667,27.5183333],[83.2291667,27.5183333],[83.23,27.5208333]]},{"type":"LineString","coordinates":[[83.2316667,27.4316667],[83.2333333,27.4325],[83.2466667,27.4291667],[83.2491667,27.4316667],[83.2566667,27.4308333],[83.2658333,27.435],[83.2675,27.4341667],[83.2691667,27.4375],[83.2716667,27.4366667],[83.2725,27.4458333],[83.2766667,27.4466667],[83.28,27.4491667],[83.2783333,27.4641667],[83.2808333,27.47],[83.2808333,27.4758333],[83.2841667,27.4783333],[83.2866667,27.4783333],[83.2975,27.4883333],[83.2983333,27.49],[83.2975,27.5008333],[83.3,27.505],[83.3,27.51],[83.3025,27.5108333],[83.3016667,27.515],[83.3066667,27.5175],[83.305,27.5208333],[83.3058333,27.5216667],[83.3075,27.5208333],[83.3091667,27.5225],[83.3091667,27.525],[83.3075,27.5266667],[83.31,27.5383333],[83.3075,27.5425],[83.3091667,27.5533333]]},{"type":"LineString","coordinates":[[87.3233333,27.4358333],[87.3441667,27.4275],[87.3616667,27.4283333],[87.3941667,27.4416667]]},{"type":"LineString","coordinates":[[87.3233333,27.4358333],[87.3325,27.4483333],[87.3416667,27.4541667]]},{"type":"LineString","coordinates":[[82.9362462,27.4364564],[82.94,27.44],[82.9466667,27.44],[82.9525,27.4483333],[82.9541667,27.4591667],[82.9508333,27.4616667],[82.9516667,27.4641667],[82.9608333,27.4675],[82.9608333,27.4833333],[82.9641667,27.4875],[82.97,27.4891667],[82.975,27.4958333],[82.9758333,27.5016667],[82.9708333,27.5066667],[82.9716667,27.5083333],[82.9825,27.5083333],[82.9975,27.5233333],[82.9841667,27.5358333],[82.9916667,27.5516667]]},{"type":"LineString","coordinates":[[83.3266667,27.4375],[83.3283333,27.445],[83.3158333,27.4508333],[83.3266667,27.4616667],[83.3291667,27.4608333],[83.3283333,27.4658333],[83.3291667,27.4675],[83.3341667,27.4675],[83.3341667,27.47],[83.3375,27.4725],[83.335,27.475],[83.3325,27.475],[83.335,27.4816667],[83.3316667,27.4875],[83.3325,27.4891667],[83.3316667,27.495],[83.3325,27.4983333],[83.335,27.5008333],[83.3341667,27.5058333],[83.335,27.5066667],[83.3433333,27.5058333],[83.3458333,27.51]]},{"type":"LineString","coordinates":[[83.3266667,27.4375],[83.3375,27.4441667],[83.3391667,27.4475],[83.3375,27.4516667],[83.3391667,27.4533333],[83.3425,27.4525],[83.3441667,27.4541667],[83.3441667,27.4558333],[83.3408333,27.4591667],[83.335,27.4583333],[83.335,27.4616667],[83.3375,27.465],[83.3408333,27.4666667],[83.3408333,27.4691667],[83.3433333,27.4725],[83.345,27.4733333],[83.3483333,27.4716667],[83.35,27.4758333],[83.3541667,27.4758333],[83.3558333,27.4783333],[83.3533333,27.48],[83.3533333,27.4816667],[83.355,27.4833333],[83.36,27.4783333],[83.3625,27.4783333],[83.3666667,27.4841667],[83.3641667,27.4883333],[83.3658333,27.4933333],[83.37,27.4958333],[83.3716667,27.4958333],[83.3733333,27.4933333],[83.3791667,27.4941667],[83.3816667,27.5],[83.3783333,27.5016667],[83.3908333,27.51],[83.3925,27.51],[83.395,27.5125],[83.3933333,27.515],[83.395,27.5166667],[83.4008333,27.5141667],[83.4025,27.5166667],[83.4025,27.5216667],[83.4058333,27.5241667],[83.4075,27.5291667],[83.4116667,27.5316667],[83.4158333,27.53],[83.42,27.5358333],[83.4233333,27.5358333],[83.425,27.5375],[83.4233333,27.54],[83.4283333,27.545],[83.4291667,27.5491667],[83.425,27.555],[83.4241667,27.5591667],[83.42,27.5625],[83.4166667,27.5633333],[83.4141667,27.5658333],[83.4141667,27.5675],[83.4216667,27.5916667],[83.4225,27.6058333],[83.4316667,27.6125],[83.4358333,27.6275],[83.4391667,27.6308333],[83.4466667,27.6433333],[83.4508333,27.6541667],[83.4516667,27.6666667],[83.4508333,27.6783333],[83.4525,27.68],[83.455,27.69],[83.4608333,27.695],[83.4633333,27.7158333],[83.4691667,27.7233333],[83.4683333,27.725],[83.4691667,27.7316667],[83.4666667,27.7325],[83.465,27.735],[83.4633333,27.74],[83.4641667,27.7425],[83.4616667,27.745]]},{"type":"LineString","coordinates":[[87.3941667,27.4416667],[87.4033333,27.4358333],[87.4091667,27.4358333]]},{"type":"LineString","coordinates":[[87.3941667,27.4416667],[87.3966667,27.455],[87.4075,27.465],[87.4075,27.47],[87.415,27.4783333]]},{"type":"LineString","coordinates":[[84.4008333,27.4425],[84.4108333,27.4316667],[84.41,27.4225],[84.4133333,27.4183333]]},{"type":"LineString","coordinates":[[84.4008333,27.4425],[84.4016667,27.4441667],[84.4091667,27.4433333],[84.4141667,27.44],[84.4325,27.4391667],[84.4391667,27.4308333],[84.45,27.4266667],[84.4525,27.4191667],[84.4591667,27.4108333],[84.4641667,27.41],[84.4691667,27.4141667],[84.485,27.4141667],[84.5033333,27.405]]},{"type":"LineString","coordinates":[[82.9086178,27.4454968],[82.915,27.4483333],[82.9141667,27.455],[82.9183333,27.4558333],[82.9191667,27.4583333],[82.9241667,27.4575],[82.9216667,27.4616667],[82.93,27.4633333],[82.9466667,27.475],[82.9458333,27.4833333],[82.9491667,27.4858333],[82.9508333,27.4908333],[82.9491667,27.495],[82.9525,27.5],[82.9491667,27.5041667]]},{"type":"LineString","coordinates":[[86.5691667,27.4458333],[86.5575,27.4475],[86.55,27.4441667],[86.5458333,27.4483333],[86.5191667,27.4408333],[86.5133333,27.4483333],[86.4975,27.4575],[86.49,27.4683333],[86.4783333,27.475]]},{"type":"LineString","coordinates":[[86.5691667,27.4458333],[86.5666667,27.47],[86.58,27.5033333],[86.5791667,27.5116667],[86.5741667,27.5183333],[86.5758333,27.5225]]},{"type":"LineString","coordinates":[[86.1058333,27.4466667],[86.12,27.4433333]]},{"type":"LineString","coordinates":[[86.1058333,27.4466667],[86.1125,27.4616667],[86.1108333,27.4716667],[86.1133333,27.475]]},{"type":"LineString","coordinates":[[87.2825,27.4475],[87.2675,27.4533333]]},{"type":"LineString","coordinates":[[87.2825,27.4475],[87.2891667,27.46]]},{"type":"LineString","coordinates":[[87.14,27.4483333],[87.1375,27.4525],[87.125,27.4575],[87.1225,27.455],[87.1108333,27.4583333],[87.11,27.4625],[87.105,27.4625],[87.1041667,27.4658333],[87.0991667,27.4633333],[87.095,27.4708333],[87.0866667,27.4741667]]},{"type":"LineString","coordinates":[[87.14,27.4483333],[87.1416667,27.4525],[87.15,27.4558333],[87.1441667,27.4658333],[87.165,27.4841667],[87.1875,27.49],[87.1941667,27.4966667],[87.1925,27.5116667],[87.1966667,27.5175],[87.21,27.5191667],[87.2183333,27.525],[87.2275,27.5241667],[87.2325,27.5375],[87.2308333,27.54]]},{"type":"LineString","coordinates":[[83.8116667,27.4491667],[83.8075,27.4491667],[83.8083333,27.4525],[83.8041667,27.4533333],[83.8041667,27.4575]]},{"type":"LineString","coordinates":[[83.8116667,27.4491667],[83.8208333,27.4575]]},{"type":"LineString","coordinates":[[83.9341667,27.4508333],[83.9425,27.445],[83.9566667,27.4416667],[83.96,27.445],[83.9658333,27.445],[83.9766667,27.4408333],[83.9966667,27.4466667]]},{"type":"LineString","coordinates":[[83.9341667,27.4508333],[83.9441667,27.4633333],[83.9441667,27.4725],[83.94,27.4833333]]},{"type":"LineString","coordinates":[[84.9366667,27.4516667],[84.9425,27.4466667],[84.945,27.4366667],[84.9508333,27.43]]},{"type":"LineString","coordinates":[[84.9366667,27.4516667],[84.9525,27.455],[84.9608333,27.45],[84.9675,27.4508333],[84.9758333,27.4408333],[84.9775,27.4425],[84.9808333,27.4391667],[84.9808333,27.435],[84.9841667,27.4316667],[84.9866667,27.4333333],[84.9908333,27.4283333],[84.9991667,27.4275],[85.0008333,27.4233333],[85.0083333,27.4241667],[85.0108333,27.4216667]]},{"type":"LineString","coordinates":[[85.8166667,27.4525],[85.8091667,27.4558333],[85.8091667,27.4608333],[85.8141667,27.4633333],[85.8133333,27.4741667],[85.8066667,27.4791667],[85.8083333,27.4841667],[85.7983333,27.5008333]]},{"type":"LineString","coordinates":[[85.8166667,27.4525],[85.8133333,27.4458333],[85.8091667,27.4458333],[85.8083333,27.4416667],[85.8016667,27.4383333],[85.785,27.4433333],[85.7816667,27.4516667],[85.775,27.4491667],[85.765,27.4541667],[85.765,27.4591667],[85.7583333,27.46],[85.7583333,27.4666667],[85.755,27.47],[85.7441667,27.4783333],[85.7375,27.4791667],[85.7358333,27.4891667],[85.73,27.495],[85.7241667,27.4983333],[85.7175,27.4958333],[85.7116667,27.515],[85.7,27.515],[85.6933333,27.5233333],[85.6833333,27.5225],[85.6816667,27.5166667],[85.6766667,27.5133333],[85.6725,27.515]]},{"type":"LineString","coordinates":[[86.7266667,27.4525],[86.7233333,27.4741667]]},{"type":"LineString","coordinates":[[86.7266667,27.4525],[86.7308333,27.4566667],[86.7608333,27.4625],[86.7591667,27.47],[86.7641667,27.4775],[86.7983333,27.485],[86.81,27.4925],[86.8133333,27.4916667],[86.8233333,27.5008333],[86.8291667,27.5008333]]},{"type":"LineString","coordinates":[[87.9116667,27.4525],[87.9158333,27.4583333],[87.9275,27.4608333],[87.9416667,27.4591667],[87.9566667,27.4675],[87.9683333,27.4666667]]},{"type":"LineString","coordinates":[[87.9116667,27.4525],[87.91,27.4575],[87.9041667,27.4566667],[87.9008333,27.4608333],[87.9025,27.4758333]]},{"type":"LineString","coordinates":[[85.0391667,27.4541667],[85.0425,27.4566667],[85.0658333,27.4516667],[85.0691667,27.44],[85.0841667,27.4383333],[85.0975,27.43],[85.105,27.4183333],[85.1175,27.4125],[85.1333333,27.4175],[85.1316667,27.4241667],[85.1366667,27.4391667],[85.1341667,27.4433333],[85.1358333,27.4483333],[85.1466667,27.4541667]]},{"type":"LineString","coordinates":[[85.0391667,27.4541667],[85.0375,27.4591667],[85.0416667,27.4633333],[85.0408333,27.4666667]]},{"type":"LineString","coordinates":[[87.6075,27.4583333],[87.5991667,27.4608333]]},{"type":"LineString","coordinates":[[87.6075,27.4583333],[87.6125,27.4841667]]},{"type":"LineString","coordinates":[[82.8684816,27.4586298],[82.8708333,27.4633333],[82.8658333,27.4641667],[82.8641667,27.4691667],[82.8608333,27.47],[82.8625,27.4741667],[82.8591667,27.475],[82.86,27.4766667],[82.855,27.4816667],[82.8566667,27.485],[82.8516667,27.4891667],[82.8541667,27.4958333],[82.8508333,27.5008333]]},{"type":"LineString","coordinates":[[83.4166667,27.4641667],[83.4175,27.465],[83.42,27.4641667],[83.425,27.4691667],[83.4325,27.4691667],[83.435,27.4725],[83.44,27.4716667],[83.4416667,27.475],[83.45,27.4791667],[83.4508333,27.4816667],[83.4566667,27.4833333],[83.4575,27.4866667],[83.4633333,27.4883333],[83.465,27.4875],[83.4658333,27.4933333],[83.4691667,27.4958333],[83.4675,27.4991667],[83.465,27.5008333],[83.4666667,27.5075],[83.47,27.5108333],[83.4733333,27.51],[83.4808333,27.5191667],[83.485,27.52],[83.4858333,27.5225]]},{"type":"LineString","coordinates":[[83.4166667,27.4641667],[83.4066667,27.47],[83.4083333,27.4766667],[83.4058333,27.48],[83.4041667,27.48],[83.405,27.4825],[83.3991667,27.4866667],[83.3983333,27.4891667],[83.3916667,27.4916667],[83.3916667,27.4941667],[83.395,27.4958333],[83.3983333,27.505],[83.4008333,27.5041667],[83.4058333,27.505],[83.4066667,27.5116667],[83.4108333,27.5166667],[83.4158333,27.5158333],[83.4191667,27.5175],[83.4225,27.5233333],[83.43,27.52],[83.4333333,27.5225],[83.4325,27.525],[83.4341667,27.5266667],[83.4366667,27.5266667],[83.44,27.5291667]]},{"type":"LineString","coordinates":[[85.0408333,27.4666667],[85.0216667,27.4775],[85.0158333,27.4741667],[85.005,27.4766667]]},{"type":"LineString","coordinates":[[85.0408333,27.4666667],[85.0433333,27.4866667],[85.0475,27.4891667],[85.0425,27.4933333],[85.045,27.4966667],[85.0425,27.5016667],[85.0483333,27.505],[85.0483333,27.5083333],[85.0508333,27.5091667],[85.0583333,27.5041667],[85.0633333,27.5066667],[85.07,27.5033333],[85.0741667,27.5108333],[85.0841667,27.5175],[85.0891667,27.5266667],[85.1016667,27.53],[85.105,27.5341667],[85.115,27.5391667]]},{"type":"LineString","coordinates":[[87.9683333,27.4666667],[87.9783333,27.4633333]]},{"type":"LineString","coordinates":[[87.9683333,27.4666667],[87.9783333,27.4791667],[87.9866667,27.4825],[87.9925,27.4933333]]},{"type":"LineString","coordinates":[[85.2541667,27.4708333],[85.2658333,27.4833333],[85.2725,27.4866667],[85.2791667,27.4841667],[85.2833333,27.4891667],[85.2908333,27.4925],[85.3,27.4941667],[85.3016667,27.49],[85.3058333,27.49],[85.3108333,27.4933333]]},{"type":"LineString","coordinates":[[85.2541667,27.4708333],[85.2475,27.4775],[85.2483333,27.4825],[85.245,27.4858333],[85.2475,27.4958333],[85.2408333,27.5008333],[85.2375,27.5],[85.2358333,27.5033333]]},{"type":"LineString","coordinates":[[83.7016667,27.4716667],[83.6966667,27.4708333],[83.6966667,27.4741667],[83.6933333,27.475],[83.6975,27.4841667],[83.6966667,27.4875],[83.6925,27.4891667]]},{"type":"LineString","coordinates":[[83.7016667,27.4716667],[83.7083333,27.4758333],[83.7108333,27.4858333],[83.7158333,27.4891667],[83.7141667,27.4933333],[83.7166667,27.5025],[83.7141667,27.5075],[83.715,27.5133333],[83.7275,27.5175],[83.7341667,27.5166667],[83.7358333,27.52],[83.7416667,27.5225],[83.7441667,27.5316667]]},{"type":"LineString","coordinates":[[82.8257072,27.4726261],[82.8225,27.4758333],[82.8266667,27.4775],[82.8266667,27.4816667],[82.8208333,27.4858333],[82.8141667,27.4858333],[82.815,27.4908333],[82.8208333,27.4933333],[82.82,27.4966667]]},{"type":"LineString","coordinates":[[83.75,27.4741667],[83.745,27.4733333],[83.7458333,27.4783333],[83.7383333,27.4808333],[83.7391667,27.4908333],[83.7425,27.495],[83.7358333,27.5008333],[83.7375,27.5025]]},{"type":"LineString","coordinates":[[83.75,27.4741667],[83.76,27.4941667],[83.7558333,27.5025],[83.7616667,27.5125],[83.7616667,27.5183333],[83.7716667,27.5241667],[83.79,27.5425]]},{"type":"LineString","coordinates":[[86.7233333,27.4741667],[86.71,27.485],[86.6916667,27.49],[86.6916667,27.4933333]]},{"type":"LineString","coordinates":[[86.7233333,27.4741667],[86.7291667,27.48],[86.7341667,27.4975],[86.7508333,27.5108333],[86.7583333,27.5216667],[86.7583333,27.54],[86.7741667,27.5725],[86.7833333,27.5791667],[86.7891667,27.6083333],[86.8075,27.6241667],[86.8108333,27.6325],[86.8116667,27.6525],[86.8191667,27.6716667]]},{"type":"LineString","coordinates":[[87.0866667,27.4741667],[87.0683333,27.4725],[87.0591667,27.4775],[87.0483333,27.4783333],[87.0466667,27.4816667],[87.0375,27.4825]]},{"type":"LineString","coordinates":[[87.0866667,27.4741667],[87.0825,27.485],[87.0933333,27.5091667],[87.0941667,27.5175],[87.0908333,27.5183333],[87.0833333,27.5316667],[87.0716667,27.5391667]]},{"type":"LineString","coordinates":[[86.1133333,27.475],[86.115,27.48],[86.11,27.4825],[86.0983333,27.4983333],[86.0925,27.5008333]]},{"type":"LineString","coordinates":[[86.1133333,27.475],[86.1216667,27.4775],[86.13,27.49],[86.1416667,27.4966667],[86.1416667,27.5091667],[86.15,27.5158333],[86.1525,27.5316667],[86.1591667,27.5416667],[86.1833333,27.5583333],[86.1916667,27.5716667],[86.2033333,27.5808333],[86.2266667,27.585]]},{"type":"LineString","coordinates":[[86.2941667,27.4775],[86.3,27.4758333]]},{"type":"LineString","coordinates":[[86.2941667,27.4775],[86.2958333,27.48]]},{"type":"LineString","coordinates":[[83.6125,27.4791667],[83.6158333,27.475],[83.62,27.4758333],[83.62,27.4733333],[83.6258333,27.4741667],[83.6258333,27.4708333],[83.6308333,27.4691667],[83.6316667,27.465],[83.635,27.4716667],[83.6416667,27.4775]]},{"type":"LineString","coordinates":[[83.6125,27.4791667],[83.6091667,27.49],[83.6041667,27.4966667],[83.6008333,27.4966667],[83.5991667,27.5],[83.6016667,27.5025],[83.5991667,27.505],[83.6033333,27.5116667],[83.6033333,27.5141667],[83.6008333,27.515],[83.6041667,27.5191667],[83.6016667,27.5208333],[83.6033333,27.525],[83.6108333,27.53],[83.6125,27.5266667],[83.6166667,27.53],[83.615,27.5333333],[83.625,27.5408333],[83.62,27.5491667],[83.6283333,27.5516667],[83.6283333,27.5541667],[83.6325,27.5533333],[83.6341667,27.5566667],[83.635,27.5708333],[83.6308333,27.5691667],[83.6325,27.5775],[83.6258333,27.58],[83.6333333,27.5858333],[83.635,27.585],[83.635,27.5883333],[83.6391667,27.5916667],[83.6366667,27.5941667],[83.6391667,27.6008333],[83.6316667,27.6025],[83.6358333,27.6125],[83.6358333,27.6316667],[83.6333333,27.6408333]]},{"type":"LineString","coordinates":[[86.2958333,27.48],[86.2808333,27.4941667],[86.2783333,27.5083333],[86.27,27.5183333]]},{"type":"LineString","coordinates":[[86.2958333,27.48],[86.3041667,27.4825],[86.3191667,27.4991667],[86.3241667,27.5],[86.3383333,27.52],[86.3566667,27.5258333]]},{"type":"LineString","coordinates":[[83.1791667,27.4816667],[83.1783333,27.4825],[83.175,27.4816667],[83.1716667,27.4866667],[83.1675,27.4866667],[83.165,27.4891667],[83.1616667,27.5016667],[83.1658333,27.5075],[83.165,27.51],[83.1633333,27.51],[83.1616667,27.52],[83.1591667,27.5225],[83.1541667,27.5225],[83.15,27.5258333],[83.1516667,27.5341667],[83.1491667,27.5366667],[83.1483333,27.5383333],[83.1491667,27.5408333],[83.145,27.545],[83.1441667,27.5483333],[83.1466667,27.5508333],[83.1491667,27.55],[83.1516667,27.5541667],[83.1458333,27.5608333],[83.1458333,27.5633333]]},{"type":"LineString","coordinates":[[83.1791667,27.4816667],[83.1783333,27.4841667],[83.1841667,27.4891667],[83.1841667,27.4933333],[83.1875,27.4966667],[83.185,27.5008333],[83.1875,27.5016667],[83.1891667,27.5083333],[83.1858333,27.5133333],[83.1866667,27.525],[83.1833333,27.5283333],[83.1841667,27.5325],[83.1891667,27.535],[83.1875,27.5383333],[83.19,27.54],[83.19,27.5425],[83.1833333,27.5483333],[83.1808333,27.5483333],[83.1716667,27.5591667],[83.1741667,27.5608333],[83.175,27.5641667],[83.1741667,27.5658333],[83.1725,27.5666667],[83.1666667,27.5683333],[83.1616667,27.5858333],[83.165,27.5941667],[83.1666667,27.61],[83.1783333,27.6183333],[83.1783333,27.6216667],[83.1816667,27.6275],[83.1825,27.6266667],[83.1858333,27.6275],[83.1866667,27.6308333],[83.1916667,27.63],[83.1875,27.6391667],[83.1891667,27.6441667],[83.1866667,27.6491667],[83.1883333,27.6508333]]},{"type":"LineString","coordinates":[[87.0375,27.4825],[87.0258333,27.4683333],[87.0175,27.4633333]]},{"type":"LineString","coordinates":[[87.0375,27.4825],[87.0225,27.4958333],[87.0183333,27.5066667],[86.9966667,27.505]]},{"type":"LineString","coordinates":[[83.94,27.4833333],[83.9566667,27.4891667],[83.9591667,27.4866667],[83.9633333,27.4891667],[83.9666667,27.4875],[83.9666667,27.485],[83.9725,27.485],[83.9741667,27.49],[83.9791667,27.49],[83.9816667,27.4925],[83.9833333,27.49],[83.9883333,27.4933333],[83.9883333,27.4975],[83.9933333,27.4975],[83.9975,27.5008333],[84.0075,27.4991667],[84.01,27.5025],[84.0141667,27.5025],[84.015,27.4991667],[84.0208333,27.4966667],[84.0275,27.5],[84.0325,27.4958333]]},{"type":"LineString","coordinates":[[83.94,27.4833333],[83.9391667,27.4916667],[83.9633333,27.5033333],[83.9691667,27.51],[83.9691667,27.5175],[83.96,27.5258333],[83.9525,27.5275],[83.945,27.5175],[83.9391667,27.5141667],[83.9283333,27.5133333],[83.9233333,27.5158333],[83.9225,27.5241667],[83.9191667,27.5275],[83.9191667,27.5441667],[83.9225,27.5483333]]},{"type":"LineString","coordinates":[[87.6125,27.4841667],[87.5866667,27.4958333],[87.58,27.5058333]]},{"type":"LineString","coordinates":[[87.6125,27.4841667],[87.6266667,27.5016667],[87.6258333,27.5125],[87.62,27.5233333],[87.6216667,27.5308333],[87.6175,27.535],[87.6183333,27.5433333]]},{"type":"LineString","coordinates":[[84.3033333,27.4866667],[84.3041667,27.4825],[84.3108333,27.48],[84.31,27.475],[84.305,27.4733333],[84.3016667,27.46],[84.3083333,27.4441667],[84.3033333,27.4275]]},{"type":"LineString","coordinates":[[84.3033333,27.4866667],[84.3216667,27.4858333],[84.3258333,27.4875],[84.3283333,27.4841667],[84.3266667,27.4833333],[84.33,27.4808333],[84.3291667,27.4733333],[84.3325,27.4675],[84.3416667,27.4708333],[84.3425,27.4666667],[84.3475,27.465],[84.3516667,27.4658333],[84.3583333,27.4616667],[84.3683333,27.4625],[84.3725,27.4608333],[84.3741667,27.4566667],[84.3791667,27.4558333],[84.3808333,27.45],[84.3841667,27.4483333],[84.3875,27.45],[84.4008333,27.4425]]},{"type":"LineString","coordinates":[[83.6925,27.4891667],[83.695,27.4925],[83.6908333,27.4958333],[83.6891667,27.5008333],[83.6925,27.5075],[83.69,27.51],[83.6966667,27.5158333],[83.6966667,27.5216667],[83.7008333,27.5233333],[83.7041667,27.5291667],[83.7033333,27.5333333],[83.6991667,27.5358333],[83.7016667,27.5391667],[83.7,27.5433333],[83.7025,27.545],[83.7008333,27.5475],[83.7091667,27.5516667],[83.7091667,27.5558333],[83.7125,27.5575],[83.7116667,27.56],[83.7166667,27.5641667],[83.7158333,27.5691667],[83.72,27.5733333],[83.7166667,27.5766667],[83.7183333,27.5783333]]},{"type":"LineString","coordinates":[[83.6925,27.4891667],[83.6883333,27.4925],[83.6841667,27.4908333],[83.6816667,27.4933333],[83.6833333,27.495],[83.6816667,27.5033333],[83.685,27.5091667],[83.68,27.51],[83.6708333,27.5183333],[83.675,27.5266667],[83.6708333,27.5291667],[83.6725,27.5316667],[83.6708333,27.535],[83.6766667,27.5408333],[83.675,27.545],[83.6808333,27.5483333],[83.6825,27.5525],[83.6791667,27.5525],[83.6775,27.5558333],[83.6725,27.555],[83.675,27.5583333],[83.67,27.56],[83.665,27.5683333],[83.67,27.57],[83.6658333,27.5716667],[83.6575,27.5866667],[83.6541667,27.5858333],[83.65,27.59],[83.65,27.5941667],[83.6583333,27.6066667]]},{"type":"LineString","coordinates":[[87.7416667,27.4891667],[87.7633333,27.4941667],[87.7691667,27.4916667]]},{"type":"LineString","coordinates":[[87.7416667,27.4891667],[87.72,27.4991667]]},{"type":"LineString","coordinates":[[87.7691667,27.4916667],[87.77,27.4875]]},{"type":"LineString","coordinates":[[87.7691667,27.4916667],[87.7808333,27.4941667],[87.7941667,27.5058333],[87.7975,27.5191667],[87.8033333,27.5258333]]},{"type":"LineString","coordinates":[[85.3108333,27.4933333],[85.3183333,27.4966667],[85.3241667,27.495],[85.3341667,27.5],[85.34,27.4991667],[85.3416667,27.4966667],[85.3441667,27.4966667],[85.3483333,27.5016667],[85.35,27.4983333],[85.36,27.4991667]]},{"type":"LineString","coordinates":[[85.3108333,27.4933333],[85.3058333,27.5008333],[85.3091667,27.5033333],[85.3075,27.5058333],[85.3091667,27.5116667],[85.3166667,27.52],[85.3216667,27.5208333],[85.3241667,27.5183333],[85.3333333,27.525],[85.3408333,27.525],[85.3525,27.53]]},{"type":"LineString","coordinates":[[86.6916667,27.4933333],[86.6575,27.4875],[86.6475,27.4925]]},{"type":"LineString","coordinates":[[86.6916667,27.4933333],[86.6941667,27.5083333],[86.7125,27.5358333],[86.7125,27.545],[86.7,27.5591667],[86.6766667,27.5675],[86.6741667,27.5841667],[86.6783333,27.595]]},{"type":"LineString","coordinates":[[82.7610205,27.4937924],[82.7583333,27.4966667],[82.7566667,27.5091667],[82.7608333,27.5116667],[82.7533333,27.5283333],[82.755,27.5341667],[82.7491667,27.5358333],[82.7433333,27.5425],[82.745,27.5475],[82.7533333,27.5483333],[82.7541667,27.5541667],[82.7466667,27.5558333],[82.7425,27.5533333],[82.7425,27.5558333],[82.7491667,27.56],[82.7475,27.5733333],[82.7566667,27.5916667],[82.755,27.5941667],[82.7475,27.5933333],[82.7441667,27.5975],[82.7483333,27.6016667],[82.74,27.6033333],[82.7383333,27.6058333]]},{"type":"LineString","coordinates":[[82.82,27.4966667],[82.8225,27.5041667],[82.8266667,27.5075],[82.825,27.5125],[82.83,27.5216667],[82.8266667,27.5275]]},{"type":"LineString","coordinates":[[82.82,27.4966667],[82.8175,27.4966667],[82.8191667,27.51],[82.8166667,27.5116667],[82.8166667,27.5175],[82.8116667,27.5225],[82.8125,27.5316667],[82.8091667,27.5366667],[82.805,27.5383333],[82.81,27.5483333],[82.8091667,27.5508333],[82.8008333,27.5566667],[82.8016667,27.5633333],[82.7975,27.5641667],[82.8008333,27.5783333],[82.7983333,27.5791667],[82.7975,27.5866667],[82.795,27.5891667]]},{"type":"LineString","coordinates":[[85.7983333,27.5008333],[85.8058333,27.5108333],[85.8116667,27.5116667]]},{"type":"LineString","coordinates":[[85.7983333,27.5008333],[85.7941667,27.5083333],[85.7941667,27.5175],[85.7825,27.5283333],[85.7816667,27.5375],[85.7766667,27.545],[85.7716667,27.5416667],[85.765,27.5425],[85.75,27.5541667],[85.7383333,27.5583333],[85.7333333,27.5741667]]},{"type":"LineString","coordinates":[[86.0925,27.5008333],[86.085,27.4966667],[86.0775,27.4966667],[86.0733333,27.5016667],[86.065,27.5016667],[86.0608333,27.4966667],[86.0566667,27.5008333],[86.0433333,27.4983333],[86.0308333,27.5033333],[86.0091667,27.5008333],[86.0075,27.5033333],[86.0008333,27.5025],[85.9991667,27.5066667],[85.995,27.5033333],[85.9916667,27.5075]]},{"type":"LineString","coordinates":[[86.0925,27.5008333],[86.0933333,27.5058333],[86.0858333,27.5108333],[86.0858333,27.5308333],[86.0808333,27.5425],[86.0841667,27.5483333],[86.0833333,27.5616667]]},{"type":"LineString","coordinates":[[86.8291667,27.5008333],[86.8525,27.485],[86.865,27.4658333],[86.8758333,27.4616667]]},{"type":"LineString","coordinates":[[86.8291667,27.5008333],[86.8358333,27.5025],[86.8425,27.5116667],[86.8725,27.5183333]]},{"type":"LineString","coordinates":[[83.575,27.5033333],[83.575,27.5091667]]},{"type":"LineString","coordinates":[[83.575,27.5033333],[83.5875,27.505],[83.5925,27.5016667],[83.5958333,27.5033333],[83.5941667,27.5083333],[83.5983333,27.5116667],[83.5966667,27.5125],[83.5983333,27.5191667],[83.5941667,27.5216667],[83.5908333,27.5208333],[83.5916667,27.5283333],[83.5875,27.5308333],[83.5891667,27.5341667],[83.5916667,27.5341667],[83.59,27.5358333],[83.5908333,27.5433333],[83.5966667,27.5475],[83.5916667,27.55],[83.5933333,27.56]]},{"type":"LineString","coordinates":[[84.2691667,27.5033333],[84.265,27.4908333],[84.2591667,27.4841667],[84.2566667,27.4841667],[84.2516667,27.4908333]]},{"type":"LineString","coordinates":[[84.2691667,27.5033333],[84.2733333,27.5025],[84.2833333,27.505],[84.285,27.5033333],[84.2833333,27.4958333],[84.29,27.4933333],[84.29,27.4866667],[84.2933333,27.4883333],[84.2991667,27.4858333],[84.3033333,27.4866667]]},{"type":"LineString","coordinates":[[85.2358333,27.5033333],[85.2266667,27.505]]},{"type":"LineString","coordinates":[[85.2358333,27.5033333],[85.2341667,27.5066667],[85.2416667,27.5133333],[85.2408333,27.5166667],[85.2508333,27.5216667],[85.2508333,27.5283333],[85.2466667,27.5283333],[85.2441667,27.5333333],[85.2383333,27.5333333],[85.2325,27.5366667]]},{"type":"LineString","coordinates":[[82.9491667,27.5041667],[82.9483333,27.5133333],[82.9416667,27.5208333],[82.9491667,27.53],[82.9458333,27.5383333],[82.9466667,27.5475]]},{"type":"LineString","coordinates":[[82.9491667,27.5041667],[82.9458333,27.5058333],[82.945,27.5108333],[82.9408333,27.5108333],[82.9383333,27.5066667],[82.9266667,27.5075],[82.9275,27.51],[82.9208333,27.5166667],[82.9158333,27.5183333],[82.9166667,27.525],[82.9116667,27.5308333],[82.9125,27.535],[82.9091667,27.5366667],[82.9141667,27.54],[82.9091667,27.5458333],[82.9033333,27.5475],[82.9033333,27.5541667],[82.9066667,27.5575],[82.905,27.5741667],[82.91,27.5791667],[82.9058333,27.585],[82.8975,27.585],[82.8941667,27.5891667],[82.8875,27.5916667],[82.8858333,27.5983333]]},{"type":"LineString","coordinates":[[87.58,27.5058333],[87.5641667,27.4966667],[87.5366667,27.4925]]},{"type":"LineString","coordinates":[[87.58,27.5058333],[87.5775,27.5183333],[87.555,27.5216667],[87.55,27.5283333]]},{"type":"LineString","coordinates":[[82.7201972,27.5071503],[82.7183333,27.5108333],[82.7108333,27.5141667],[82.7075,27.5208333]]},{"type":"LineString","coordinates":[[83.3458333,27.51],[83.3566667,27.5133333]]},{"type":"LineString","coordinates":[[83.3458333,27.51],[83.3458333,27.515],[83.3433333,27.5191667],[83.3483333,27.5225],[83.3483333,27.5241667],[83.3433333,27.5266667],[83.3425,27.5316667],[83.3475,27.535],[83.3483333,27.5375],[83.3433333,27.5425],[83.3416667,27.5425],[83.3391667,27.54],[83.3366667,27.5416667],[83.34,27.5508333],[83.34,27.5541667],[83.3441667,27.5558333],[83.3458333,27.5583333],[83.3408333,27.5608333],[83.3433333,27.565],[83.3425,27.5658333],[83.3408333,27.5666667],[83.335,27.5658333],[83.3333333,27.5716667],[83.3316667,27.5716667],[83.3308333,27.57],[83.3291667,27.5716667],[83.3308333,27.5775]]},{"type":"LineString","coordinates":[[85.8116667,27.5116667],[85.8258333,27.515],[85.8383333,27.5091667],[85.8541667,27.52],[85.8625,27.5175],[85.8716667,27.5233333],[85.885,27.5258333],[85.8925,27.5216667],[85.8975,27.5225]]},{"type":"LineString","coordinates":[[85.8116667,27.5116667],[85.8191667,27.5183333],[85.8158333,27.5241667],[85.825,27.5358333],[85.8283333,27.5458333],[85.8233333,27.5641667],[85.8266667,27.575],[85.845,27.5783333],[85.8458333,27.5841667],[85.8533333,27.5916667],[85.8616667,27.5933333],[85.8658333,27.5975],[85.8741667,27.6125]]},{"type":"LineString","coordinates":[[83.3566667,27.5133333],[83.3616667,27.5058333]]},{"type":"LineString","coordinates":[[83.3566667,27.5133333],[83.3575,27.5166667],[83.3558333,27.5166667],[83.3558333,27.5216667]]},{"type":"LineString","coordinates":[[85.6725,27.515],[85.6616667,27.5275],[85.6566667,27.5291667],[85.6508333,27.5491667]]},{"type":"LineString","coordinates":[[85.6725,27.515],[85.6691667,27.5108333],[85.6583333,27.5108333],[85.6558333,27.5141667],[85.6491667,27.5116667],[85.6341667,27.5141667],[85.6291667,27.5116667],[85.6241667,27.5158333],[85.6116667,27.5091667],[85.6025,27.5141667],[85.5908333,27.53],[85.5841667,27.5308333],[85.58,27.5383333],[85.5783333,27.5358333],[85.5758333,27.5391667],[85.57,27.5375],[85.5658333,27.5433333],[85.5566667,27.5466667],[85.5583333,27.5508333]]},{"type":"LineString","coordinates":[[86.8725,27.5183333],[86.8791667,27.5116667],[86.8908333,27.5083333],[86.9066667,27.4983333]]},{"type":"LineString","coordinates":[[86.8725,27.5183333],[86.8941667,27.5366667],[86.8925,27.5458333],[86.8983333,27.5641667],[86.8966667,27.5708333],[86.9025,27.5808333],[86.9025,27.5866667],[86.9125,27.6066667],[86.9266667,27.6208333],[86.9316667,27.6325],[86.94,27.6408333],[86.9525,27.6733333],[86.9508333,27.685],[86.9466667,27.69],[86.945,27.71],[86.935,27.7275],[86.9383333,27.7366667],[86.9358333,27.7508333],[86.94,27.7725],[86.9366667,27.7808333],[86.9441667,27.8],[86.94,27.8041667],[86.9358333,27.8225],[86.9325,27.825],[86.9366667,27.8391667]]},{"type":"LineString","coordinates":[[82.7075,27.5208333],[82.7066667,27.5233333],[82.7025,27.5158333],[82.7,27.5191667],[82.6966667,27.5183333],[82.695,27.5225],[82.6916667,27.5175],[82.6839375,27.5190149]]},{"type":"LineString","coordinates":[[82.7075,27.5208333],[82.7108333,27.5225],[82.7108333,27.5308333],[82.7025,27.5375],[82.705,27.5383333],[82.705,27.5408333],[82.7016667,27.5458333],[82.705,27.55]]},{"type":"LineString","coordinates":[[83.23,27.5208333],[83.2308333,27.525],[83.2291667,27.5258333],[83.2283333,27.5283333],[83.2316667,27.5316667],[83.2333333,27.5316667],[83.2341667,27.53]]},{"type":"LineString","coordinates":[[83.23,27.5208333],[83.2241667,27.5283333],[83.2233333,27.5308333],[83.2241667,27.5341667],[83.2225,27.5341667],[83.2166667,27.5416667],[83.2183333,27.5441667],[83.215,27.5491667]]},{"type":"LineString","coordinates":[[82.677826,27.5210146],[82.6758333,27.5216667]]},{"type":"LineString","coordinates":[[83.4858333,27.5225],[83.4925,27.5291667],[83.4916667,27.53],[83.4933333,27.5316667],[83.4983333,27.5308333],[83.5025,27.5333333],[83.5041667,27.5383333],[83.5033333,27.54]]},{"type":"LineString","coordinates":[[83.4858333,27.5225],[83.485,27.5266667],[83.4833333,27.5283333],[83.4791667,27.5291667],[83.4808333,27.5366667],[83.48,27.5425],[83.4816667,27.5458333],[83.4816667,27.55],[83.49,27.5591667]]},{"type":"LineString","coordinates":[[86.5758333,27.5225],[86.5641667,27.53],[86.5483333,27.535]]},{"type":"LineString","coordinates":[[86.5758333,27.5225],[86.5883333,27.5316667],[86.5883333,27.5375],[86.58,27.5491667]]},{"type":"LineString","coordinates":[[84.7791667,27.5233333],[84.7791667,27.5116667]]},{"type":"LineString","coordinates":[[84.7791667,27.5233333],[84.7825,27.525],[84.7975,27.5241667],[84.8175,27.5075],[84.82,27.5083333],[84.8241667,27.5016667],[84.8441667,27.4983333],[84.8558333,27.4875],[84.8633333,27.4866667],[84.875,27.48],[84.8775,27.4716667],[84.8741667,27.4658333],[84.8766667,27.4633333],[84.885,27.4666667],[84.8975,27.4666667],[84.9058333,27.4616667],[84.9083333,27.4566667],[84.9191667,27.4575],[84.925,27.4533333],[84.9366667,27.4516667]]},{"type":"LineString","coordinates":[[84.7783333,27.525],[84.7791667,27.5233333]]},{"type":"LineString","coordinates":[[84.7783333,27.525],[84.7883333,27.5283333],[84.7933333,27.5341667],[84.8058333,27.535],[84.8183333,27.5483333],[84.8258333,27.5466667],[84.83,27.5533333],[84.8333333,27.5508333],[84.8308333,27.545],[84.8458333,27.5458333]]},{"type":"LineString","coordinates":[[86.3566667,27.5258333],[86.3741667,27.5158333],[86.4,27.5183333],[86.4066667,27.5258333]]},{"type":"LineString","coordinates":[[86.3566667,27.5258333],[86.3575,27.5383333],[86.37,27.5491667],[86.3691667,27.5575],[86.3758333,27.5675],[86.3875,27.5725],[86.3983333,27.5833333],[86.4091667,27.585]]},{"type":"LineString","coordinates":[[87.8033333,27.5258333],[87.8025,27.5316667]]},{"type":"LineString","coordinates":[[87.8033333,27.5258333],[87.82,27.5291667],[87.8416667,27.5283333],[87.8458333,27.5258333],[87.85,27.5133333],[87.8833333,27.5116667],[87.8991667,27.5166667],[87.9133333,27.5266667],[87.9225,27.5383333],[87.9425,27.5483333],[87.9508333,27.5558333],[87.9716667,27.5616667]]},{"type":"LineString","coordinates":[[82.8266667,27.5275],[82.8291667,27.5375]]},{"type":"LineString","coordinates":[[82.8266667,27.5275],[82.8258333,27.5291667],[82.8241667,27.5266667],[82.8216667,27.5275],[82.8175,27.5375],[82.8258333,27.5625],[82.8216667,27.5716667],[82.8216667,27.5858333],[82.825,27.5908333],[82.8291667,27.5908333],[82.8308333,27.5991667],[82.8275,27.6008333],[82.835,27.6058333],[82.825,27.6158333],[82.8283333,27.6183333],[82.8258333,27.6308333],[82.8316667,27.6358333],[82.83,27.6375],[82.8216667,27.6358333],[82.8208333,27.6383333],[82.8241667,27.6433333],[82.8133333,27.6516667],[82.8175,27.655],[82.8133333,27.6575],[82.8133333,27.6658333],[82.8175,27.6716667],[82.8225,27.6733333],[82.8191667,27.68],[82.8266667,27.685],[82.8266667,27.6883333],[82.8166667,27.7],[82.8258333,27.7075],[82.8275,27.7116667],[82.825,27.715],[82.8333333,27.7233333],[82.8358333,27.7316667]]},{"type":"LineString","coordinates":[[87.55,27.5283333],[87.5541667,27.535]]},{"type":"LineString","coordinates":[[87.55,27.5283333],[87.5425,27.5341667],[87.5308333,27.5375]]},{"type":"LineString","coordinates":[[87.8025,27.5316667],[87.7975,27.545]]},{"type":"LineString","coordinates":[[87.8025,27.5316667],[87.825,27.5475],[87.845,27.555],[87.8525,27.5616667],[87.8725,27.5666667],[87.8691667,27.6016667],[87.8733333,27.6116667],[87.9141667,27.6275],[87.9208333,27.6383333],[87.9191667,27.6541667],[87.9266667,27.6591667]]},{"type":"LineString","coordinates":[[83.0675,27.5325],[83.065,27.53]]},{"type":"LineString","coordinates":[[83.0675,27.5325],[83.07,27.5375],[83.0683333,27.5466667],[83.0766667,27.5491667],[83.0808333,27.5483333],[83.085,27.5533333],[83.0866667,27.5533333],[83.0875,27.5558333],[83.085,27.5616667]]},{"type":"LineString","coordinates":[[85.2325,27.5366667],[85.2266667,27.5391667],[85.2308333,27.5441667],[85.2291667,27.5491667],[85.2258333,27.5525],[85.2183333,27.5533333],[85.2141667,27.5583333],[85.21,27.5566667],[85.2066667,27.5591667],[85.2,27.5658333],[85.2025,27.57],[85.1991667,27.5725],[85.195,27.5716667],[85.1908333,27.5766667],[85.1858333,27.575],[85.1816667,27.5783333],[85.1775,27.575],[85.1733333,27.5758333]]},{"type":"LineString","coordinates":[[85.2325,27.5366667],[85.2408333,27.5483333],[85.245,27.5483333],[85.2466667,27.5508333],[85.2458333,27.5533333],[85.2508333,27.5608333],[85.2516667,27.5666667],[85.2583333,27.5716667],[85.2658333,27.5708333],[85.2758333,27.5816667],[85.2833333,27.585],[85.2841667,27.5866667],[85.28,27.5891667],[85.28,27.595],[85.2866667,27.5941667],[85.2866667,27.5966667],[85.2908333,27.5975],[85.2916667,27.6025],[85.295,27.605],[85.2908333,27.6116667],[85.2933333,27.6125],[85.2916667,27.6191667],[85.295,27.6275],[85.2925,27.6341667],[85.2866667,27.6366667],[85.2825,27.6441667],[85.2875,27.6441667],[85.2883333,27.6516667],[85.2933333,27.6591667],[85.2975,27.6608333],[85.2983333,27.665]]},{"type":"LineString","coordinates":[[87.0716667,27.5391667],[87.0708333,27.5608333]]},{"type":"LineString","coordinates":[[87.0716667,27.5391667],[87.0583333,27.5391667],[87.0491667,27.5333333],[87.0366667,27.5383333],[87.0341667,27.5416667],[87.0358333,27.5466667],[87.0225,27.5516667],[87.0158333,27.5641667],[87.0158333,27.5708333],[87.0116667,27.5741667]]},{"type":"LineString","coordinates":[[87.2308333,27.54],[87.2475,27.5425],[87.2558333,27.5591667]]},{"type":"LineString","coordinates":[[87.2308333,27.54],[87.23,27.5441667],[87.2233333,27.5483333],[87.1791667,27.555],[87.1725,27.5716667],[87.1575,27.5791667],[87.1558333,27.5916667],[87.1383333,27.605],[87.13,27.6058333],[87.1066667,27.6316667],[87.0933333,27.6666667],[87.0816667,27.6783333],[87.0725,27.6816667],[87.0691667,27.6883333],[87.0641667,27.6908333],[87.0608333,27.7008333]]},{"type":"LineString","coordinates":[[87.6183333,27.5433333],[87.6241667,27.555],[87.6383333,27.5641667]]},{"type":"LineString","coordinates":[[87.6183333,27.5433333],[87.6108333,27.5516667],[87.5983333,27.555],[87.5933333,27.56],[87.6041667,27.5816667],[87.605,27.5891667],[87.5941667,27.5958333],[87.5941667,27.6091667],[87.585,27.635]]},{"type":"LineString","coordinates":[[87.7975,27.545],[87.79,27.5433333],[87.7816667,27.5458333]]},{"type":"LineString","coordinates":[[87.7975,27.545],[87.795,27.5541667],[87.8,27.5641667],[87.7958333,27.575],[87.8008333,27.5891667],[87.8,27.605],[87.8041667,27.6241667],[87.7983333,27.6425],[87.7983333,27.6616667]]},{"type":"LineString","coordinates":[[84.8458333,27.5458333],[84.8516667,27.5483333],[84.8583333,27.5466667],[84.8658333,27.5358333],[84.8783333,27.5325],[84.8858333,27.5216667],[84.8941667,27.52],[84.895,27.515],[84.905,27.5158333],[84.9108333,27.5075]]},{"type":"LineString","coordinates":[[84.8458333,27.5458333],[84.8458333,27.5483333],[84.8516667,27.5525],[84.8625,27.5558333],[84.8691667,27.565],[84.8775,27.5691667],[84.88,27.5683333],[84.8808333,27.5725]]},{"type":"LineString","coordinates":[[83.9225,27.5483333],[83.9283333,27.5491667],[83.9391667,27.5416667],[83.95,27.54],[83.9508333,27.545],[83.9675,27.5525]]},{"type":"LineString","coordinates":[[83.9225,27.5483333],[83.9208333,27.5525],[83.9258333,27.5566667],[83.9258333,27.56],[83.9208333,27.5641667],[83.9166667,27.5633333]]},{"type":"LineString","coordinates":[[83.215,27.5491667],[83.2108333,27.5508333],[83.2091667,27.5558333],[83.2058333,27.5566667],[83.2041667,27.5608333],[83.2025,27.5616667],[83.2008333,27.5608333],[83.1975,27.5633333],[83.1975,27.565]]},{"type":"LineString","coordinates":[[83.215,27.5491667],[83.2175,27.5525],[83.215,27.5541667],[83.2158333,27.5558333],[83.22,27.5575],[83.2183333,27.5591667],[83.2183333,27.5633333],[83.2258333,27.57],[83.2266667,27.5725],[83.2258333,27.5766667],[83.2283333,27.5841667],[83.2258333,27.595],[83.2283333,27.6033333],[83.2266667,27.6058333],[83.2308333,27.61],[83.2275,27.6158333],[83.2358333,27.62],[83.235,27.6233333],[83.2325,27.6258333]]},{"type":"LineString","coordinates":[[86.58,27.5491667],[86.5591667,27.5591667],[86.5491667,27.5733333],[86.5508333,27.595],[86.54,27.6083333],[86.5508333,27.6275]]},{"type":"LineString","coordinates":[[86.58,27.5491667],[86.5825,27.5575],[86.59,27.5641667],[86.5975,27.5775],[86.5991667,27.5825],[86.5966667,27.5858333],[86.6033333,27.5908333],[86.6025,27.5941667],[86.6083333,27.6008333],[86.6008333,27.6183333],[86.6041667,27.63],[86.6008333,27.635],[86.6033333,27.6425],[86.59,27.6683333],[86.5891667,27.6891667],[86.5941667,27.7058333]]},{"type":"LineString","coordinates":[[82.705,27.55],[82.705,27.5525],[82.7,27.5516667],[82.6983333,27.5566667],[82.6941667,27.5591667],[82.6966667,27.5666667],[82.695,27.5691667],[82.6925,27.5683333],[82.6941667,27.5716667],[82.6908333,27.5716667],[82.69,27.5741667],[82.695,27.5783333],[82.6891667,27.5808333],[82.6891667,27.5875],[82.685,27.59],[82.68,27.5883333],[82.6775,27.5941667],[82.6733333,27.5916667]]},{"type":"LineString","coordinates":[[82.705,27.55],[82.7108333,27.5566667],[82.715,27.5575],[82.7125,27.5583333],[82.7108333,27.5641667],[82.7125,27.5733333],[82.7083333,27.58],[82.71,27.5833333],[82.7075,27.585],[82.7108333,27.5875],[82.7066667,27.5958333],[82.6975,27.6016667],[82.6975,27.6058333],[82.7016667,27.6066667],[82.7,27.61],[82.705,27.6141667],[82.7041667,27.6233333],[82.7066667,27.63],[82.7125,27.635],[82.71,27.6375],[82.7116667,27.6416667]]},{"type":"LineString","coordinates":[[84.555,27.55],[84.5533333,27.5475],[84.5616667,27.5425],[84.5733333,27.545],[84.5775,27.55],[84.585,27.5491667],[84.5925,27.5391667],[84.5975,27.5383333]]},{"type":"LineString","coordinates":[[84.555,27.55],[84.5608333,27.55],[84.5783333,27.5625],[84.5958333,27.5608333],[84.6075,27.555],[84.6141667,27.5566667],[84.6216667,27.5525],[84.625,27.5583333],[84.63,27.56],[84.6358333,27.5608333],[84.6366667,27.5575],[84.6466667,27.5566667],[84.6516667,27.5616667],[84.6558333,27.5616667],[84.6591667,27.5675],[84.6716667,27.5691667],[84.6733333,27.5725]]},{"type":"LineString","coordinates":[[84.7233333,27.55],[84.7375,27.5383333],[84.7441667,27.5383333],[84.7466667,27.535],[84.7491667,27.5358333],[84.7491667,27.5383333],[84.7541667,27.5333333],[84.7591667,27.5316667],[84.7625,27.5333333],[84.7666667,27.5283333],[84.7783333,27.525]]},{"type":"LineString","coordinates":[[84.7233333,27.55],[84.7241667,27.5516667],[84.7275,27.5491667],[84.7325,27.5508333],[84.7366667,27.5483333]]},{"type":"LineString","coordinates":[[85.5583333,27.5508333],[85.5541667,27.555],[85.5475,27.5558333],[85.5475,27.5458333],[85.5366667,27.535],[85.5258333,27.5275],[85.5241667,27.5308333],[85.51,27.52]]},{"type":"LineString","coordinates":[[85.5583333,27.5508333],[85.5583333,27.5633333],[85.55,27.5633333],[85.5458333,27.5583333],[85.5383333,27.5591667],[85.5383333,27.5716667],[85.5325,27.5733333],[85.5233333,27.585],[85.5175,27.585]]},{"type":"LineString","coordinates":[[82.9916667,27.5516667],[82.9916667,27.5558333]]},{"type":"LineString","coordinates":[[82.9916667,27.5516667],[82.9983333,27.5491667],[83.0033333,27.5508333],[83.0108333,27.5466667],[83.0125,27.5483333],[83.0116667,27.5558333],[83.02,27.57]]},{"type":"LineString","coordinates":[[83.9675,27.5525],[83.9708333,27.555]]},{"type":"LineString","coordinates":[[83.9675,27.5525],[83.9741667,27.55],[83.98,27.5441667],[83.99,27.5425],[84.0008333,27.5466667],[84.0225,27.5375],[84.0316667,27.5366667],[84.04,27.545],[84.0391667,27.5475],[84.0458333,27.5566667],[84.0575,27.5558333],[84.0608333,27.5641667],[84.0666667,27.5625],[84.0691667,27.5641667],[84.0883333,27.555],[84.1033333,27.5541667]]},{"type":"LineString","coordinates":[[84.1033333,27.5541667],[84.1083333,27.5516667],[84.1175,27.5541667]]},{"type":"LineString","coordinates":[[84.1033333,27.5541667],[84.1075,27.5583333],[84.1058333,27.5658333],[84.11,27.5683333],[84.1133333,27.5675],[84.1158333,27.5716667],[84.1175,27.5775],[84.1158333,27.5825]]},{"type":"LineString","coordinates":[[84.1175,27.5541667],[84.1208333,27.5508333],[84.1333333,27.5475],[84.1416667,27.5533333],[84.1458333,27.5608333],[84.1541667,27.5658333]]},{"type":"LineString","coordinates":[[84.1175,27.5541667],[84.1266667,27.5666667],[84.1375,27.5741667],[84.1375,27.59],[84.135,27.595],[84.1558333,27.6041667],[84.1725,27.6208333],[84.1733333,27.625],[84.1783333,27.6275],[84.1791667,27.6308333],[84.1833333,27.6316667],[84.1825,27.6358333],[84.1858333,27.6375]]},{"type":"LineString","coordinates":[[83.9708333,27.555],[83.975,27.5583333],[83.9775,27.5566667],[83.9875,27.5583333],[83.9908333,27.5625],[83.9958333,27.56]]},{"type":"LineString","coordinates":[[83.9708333,27.555],[83.965,27.5666667],[83.9658333,27.5716667],[83.9641667,27.5725],[83.9666667,27.575],[83.9666667,27.5808333],[83.9608333,27.5866667],[83.9608333,27.5966667],[83.9533333,27.6133333],[83.9591667,27.63],[83.9558333,27.6358333],[83.9583333,27.6433333],[83.9575,27.6625],[83.9466667,27.675],[83.9541667,27.6975],[83.9458333,27.7058333],[83.945,27.7158333]]},{"type":"LineString","coordinates":[[84.4375,27.555],[84.44,27.5475],[84.4475,27.5483333],[84.455,27.5458333]]},{"type":"LineString","coordinates":[[84.4375,27.555],[84.4416667,27.5575],[84.445,27.5666667]]},{"type":"LineString","coordinates":[[82.9916667,27.5558333],[82.9875,27.555],[82.985,27.5583333],[82.9816667,27.5575],[82.98,27.5608333],[82.975,27.5625],[82.9733333,27.5666667],[82.9683333,27.565],[82.97,27.5675],[82.9625,27.5733333]]},{"type":"LineString","coordinates":[[82.9916667,27.5558333],[82.9933333,27.5608333],[82.9875,27.5625],[82.99,27.5666667],[82.9891667,27.5741667],[82.9841667,27.5791667],[82.9783333,27.58],[82.9733333,27.5775],[82.97,27.5808333],[82.9683333,27.5841667],[82.975,27.585],[82.9758333,27.5875],[82.9725,27.5941667],[82.9683333,27.5958333]]},{"type":"LineString","coordinates":[[84.1741667,27.5558333],[84.1791667,27.5483333],[84.1916667,27.5475],[84.195,27.5408333],[84.2058333,27.5441667],[84.2108333,27.5391667],[84.2083333,27.5333333],[84.2041667,27.5341667],[84.2033333,27.5325],[84.21,27.5266667],[84.21,27.5241667],[84.205,27.5241667],[84.1983333,27.5175]]},{"type":"LineString","coordinates":[[84.1741667,27.5558333],[84.1916667,27.5616667]]},{"type":"LineString","coordinates":[[84.3925,27.5566667],[84.4016667,27.5583333],[84.405,27.555]]},{"type":"LineString","coordinates":[[84.3925,27.5566667],[84.3916667,27.5641667],[84.3966667,27.57],[84.4091667,27.5658333],[84.4275,27.5691667],[84.4283333,27.5641667],[84.4341667,27.5633333],[84.4341667,27.555],[84.4375,27.555]]},{"type":"LineString","coordinates":[[87.3125,27.5575],[87.3225,27.5533333],[87.3341667,27.54],[87.3616667,27.5266667],[87.3891667,27.5291667],[87.3983333,27.5258333]]},{"type":"LineString","coordinates":[[87.3125,27.5575],[87.3158333,27.565],[87.3266667,27.5741667],[87.335,27.5891667],[87.3508333,27.6058333]]},{"type":"LineString","coordinates":[[84.7025,27.5591667],[84.7058333,27.5566667],[84.7066667,27.5525],[84.7133333,27.5508333],[84.7208333,27.5525],[84.7233333,27.55]]},{"type":"LineString","coordinates":[[84.7025,27.5591667],[84.7108333,27.5608333],[84.7141667,27.5691667],[84.725,27.5741667],[84.7283333,27.5816667],[84.7325,27.5841667],[84.7333333,27.5958333],[84.7383333,27.6033333],[84.7358333,27.61]]},{"type":"LineString","coordinates":[[87.2558333,27.5591667],[87.2725,27.5641667],[87.2825,27.575],[87.2925,27.5775]]},{"type":"LineString","coordinates":[[87.2558333,27.5591667],[87.2533333,27.565],[87.2283333,27.575],[87.2033333,27.595],[87.1983333,27.6091667],[87.1908333,27.6175],[87.1866667,27.6316667],[87.1925,27.6491667],[87.1741667,27.685],[87.16,27.7008333],[87.1441667,27.7091667],[87.135,27.7191667],[87.1175,27.725],[87.1083333,27.7233333],[87.095,27.7266667],[87.0783333,27.7433333],[87.0608333,27.7516667],[87.0491667,27.7516667],[87.0441667,27.755]]},{"type":"LineString","coordinates":[[83.9958333,27.56],[84.0008333,27.5541667],[84.005,27.5533333],[84.005,27.5591667],[84.0016667,27.5625],[84.0116667,27.5641667],[84.0166667,27.5608333],[84.0158333,27.5641667],[84.0183333,27.5666667],[84.0283333,27.5708333],[84.0275,27.5766667],[84.03,27.58],[84.0275,27.5825],[84.0291667,27.585],[84.0316667,27.5841667],[84.0375,27.5891667],[84.0425,27.5916667],[84.0475,27.5908333],[84.0491667,27.5933333],[84.0533333,27.5908333],[84.0575,27.5975],[84.06,27.595],[84.0666667,27.5975],[84.0716667,27.6091667],[84.0858333,27.6083333],[84.0833333,27.6316667]]},{"type":"LineString","coordinates":[[83.9958333,27.56],[84.0033333,27.5833333],[84.0108333,27.5908333],[84.0116667,27.6016667],[84.0158333,27.6108333],[84.0125,27.6191667],[84.0041667,27.6225],[84.0066667,27.6283333],[84.0008333,27.6366667],[84.0025,27.6491667],[84.005,27.6533333],[84.0083333,27.6533333],[84.0358333,27.6716667],[84.0416667,27.68],[84.0591667,27.6925],[84.0616667,27.7041667],[84.0575,27.7091667],[84.0583333,27.715],[84.0508333,27.725],[84.0483333,27.7341667]]},{"type":"LineString","coordinates":[[84.1916667,27.5616667],[84.1966667,27.555],[84.2041667,27.5541667],[84.2075,27.5591667],[84.21,27.5583333],[84.2125,27.5533333],[84.21,27.5516667],[84.2125,27.5475],[84.2108333,27.5433333],[84.2166667,27.5408333],[84.2208333,27.5433333],[84.2266667,27.5416667],[84.2241667,27.5375],[84.2375,27.5308333],[84.2408333,27.5241667],[84.2491667,27.5233333],[84.2541667,27.5166667],[84.2691667,27.5125],[84.2666667,27.51],[84.2666667,27.505],[84.2691667,27.5033333]]},{"type":"LineString","coordinates":[[84.1916667,27.5616667],[84.1958333,27.5658333],[84.2066667,27.5683333],[84.2116667,27.5741667]]},{"type":"LineString","coordinates":[[86.0833333,27.5616667],[86.0666667,27.5625],[86.0566667,27.5675],[86.045,27.5666667]]},{"type":"LineString","coordinates":[[86.0833333,27.5616667],[86.0841667,27.5791667],[86.0758333,27.6133333]]},{"type":"LineString","coordinates":[[87.9716667,27.5616667],[87.9825,27.5583333],[87.9908333,27.5433333]]},{"type":"LineString","coordinates":[[87.9716667,27.5616667],[88.0083333,27.5891667],[88.02,27.5891667],[88.025,27.5841667],[88.0316667,27.5841667],[88.0358333,27.5883333],[88.04,27.5858333],[88.0541667,27.6008333],[88.0591667,27.6],[88.0633333,27.6041667],[88.0641667,27.6166667],[88.0691667,27.6216667],[88.0691667,27.6283333],[88.0741667,27.6341667],[88.0725,27.6433333],[88.0775,27.6508333],[88.0775,27.6575],[88.0908333,27.6741667]]},{"type":"LineString","coordinates":[[84.2816667,27.5625],[84.2933333,27.5575],[84.3,27.5641667],[84.3066667,27.5641667],[84.315,27.5508333],[84.3216667,27.55],[84.3266667,27.55],[84.3416667,27.5608333],[84.35,27.5625]]},{"type":"LineString","coordinates":[[84.2816667,27.5625],[84.2858333,27.5683333],[84.2916667,27.5658333],[84.2941667,27.5683333],[84.2975,27.5675],[84.3016667,27.5733333],[84.3083333,27.5733333],[84.3166667,27.5775],[84.3241667,27.5766667],[84.335,27.57],[84.3408333,27.5766667],[84.345,27.5883333],[84.3533333,27.5891667],[84.36,27.6008333],[84.3633333,27.6008333],[84.3641667,27.6041667],[84.3708333,27.6091667],[84.3825,27.6116667],[84.3841667,27.6175],[84.3933333,27.6241667]]},{"type":"LineString","coordinates":[[84.35,27.5625],[84.3583333,27.5558333],[84.3608333,27.5591667],[84.3666667,27.5591667],[84.37,27.5541667],[84.3816667,27.5575],[84.3875,27.555],[84.3925,27.5566667]]},{"type":"LineString","coordinates":[[84.35,27.5625],[84.3583333,27.5691667],[84.3633333,27.5658333],[84.3783333,27.565],[84.39,27.5716667],[84.395,27.5783333],[84.4016667,27.5766667],[84.4075,27.5808333],[84.4066667,27.59],[84.4091667,27.5966667],[84.415,27.595],[84.4183333,27.5908333],[84.4166667,27.5866667],[84.4191667,27.5866667],[84.4225,27.5908333],[84.4191667,27.6],[84.4241667,27.6016667],[84.4216667,27.6091667]]},{"type":"LineString","coordinates":[[83.9166667,27.5633333],[83.915,27.5716667],[83.9175,27.5775]]},{"type":"LineString","coordinates":[[83.9166667,27.5633333],[83.9025,27.5583333],[83.8883333,27.5641667],[83.8816667,27.5766667],[83.875,27.5808333],[83.875,27.585],[83.8783333,27.5891667],[83.8725,27.595],[83.8733333,27.6025],[83.8708333,27.605],[83.8608333,27.6033333],[83.8525,27.605],[83.8566667,27.6208333],[83.8633333,27.6258333],[83.8625,27.6358333],[83.865,27.6383333],[83.8633333,27.6483333]]},{"type":"LineString","coordinates":[[87.6383333,27.5641667],[87.655,27.5616667],[87.6683333,27.5666667],[87.6816667,27.5766667]]},{"type":"LineString","coordinates":[[87.6383333,27.5641667],[87.6425,27.5733333],[87.6433333,27.59],[87.6583333,27.6083333],[87.6658333,27.625],[87.6758333,27.635],[87.6758333,27.6475],[87.6825,27.66],[87.6825,27.6683333],[87.6716667,27.68]]},{"type":"LineString","coordinates":[[84.1541667,27.5658333],[84.16,27.565],[84.165,27.5591667],[84.1741667,27.5558333]]},{"type":"LineString","coordinates":[[84.1541667,27.5658333],[84.1566667,27.5675],[84.155,27.5766667],[84.1608333,27.58],[84.1608333,27.5883333],[84.1633333,27.5916667],[84.1783333,27.5975],[84.1816667,27.61],[84.1933333,27.61],[84.1983333,27.6175],[84.2116667,27.625]]},{"type":"LineString","coordinates":[[84.445,27.5666667],[84.4483333,27.56],[84.4558333,27.5583333]]},{"type":"LineString","coordinates":[[84.445,27.5666667],[84.4491667,27.5716667],[84.4583333,27.5741667],[84.4616667,27.5783333],[84.4616667,27.575],[84.4641667,27.5741667],[84.4658333,27.58]]},{"type":"LineString","coordinates":[[84.4941667,27.5691667],[84.4983333,27.5541667],[84.5158333,27.5458333],[84.52,27.5508333],[84.5258333,27.5491667]]},{"type":"LineString","coordinates":[[84.4941667,27.5691667],[84.4975,27.57],[84.5,27.5683333],[84.5016667,27.5708333],[84.5058333,27.5708333],[84.5075,27.5675],[84.5125,27.57],[84.5141667,27.5658333],[84.5225,27.5616667],[84.5266667,27.5641667],[84.5316667,27.5616667],[84.5341667,27.5641667],[84.5383333,27.5608333],[84.5466667,27.565],[84.5483333,27.5583333],[84.5516667,27.5591667],[84.5583333,27.5558333],[84.5591667,27.5541667],[84.555,27.55]]},{"type":"LineString","coordinates":[[83.02,27.57],[83.0308333,27.5708333],[83.0366667,27.575],[83.0491667,27.5766667],[83.0508333,27.5783333],[83.0491667,27.585],[83.0533333,27.5891667],[83.0658333,27.5883333],[83.0691667,27.5916667],[83.0666667,27.6075],[83.0725,27.6083333]]},{"type":"LineString","coordinates":[[83.02,27.57],[83.0208333,27.5733333],[83.0333333,27.5758333],[83.0366667,27.5858333],[83.0358333,27.5883333],[83.0283333,27.59],[83.0233333,27.595],[83.0291667,27.6008333],[83.0308333,27.6],[83.025,27.6058333],[83.0308333,27.6116667],[83.0283333,27.6175],[83.035,27.6175],[83.035,27.6241667],[83.0316667,27.625],[83.0341667,27.6275],[83.0325,27.6325]]},{"type":"LineString","coordinates":[[84.6733333,27.5725],[84.685,27.565],[84.6758333,27.5625],[84.67,27.5508333],[84.675,27.5425],[84.6741667,27.5333333],[84.6791667,27.51],[84.6816667,27.5058333],[84.6858333,27.5066667],[84.695,27.4791667]]},{"type":"LineString","coordinates":[[84.6733333,27.5725],[84.6808333,27.5733333],[84.685,27.57],[84.6883333,27.5708333],[84.6908333,27.565],[84.7025,27.5591667]]},{"type":"LineString","coordinates":[[84.8808333,27.5725],[84.8816667,27.5741667],[84.885,27.5725],[84.8866667,27.5633333],[84.8933333,27.5675],[84.905,27.565],[84.9175,27.585]]},{"type":"LineString","coordinates":[[84.8808333,27.5725],[84.8783333,27.5808333],[84.8825,27.585],[84.8816667,27.59],[84.8925,27.6016667],[84.8875,27.6033333],[84.8841667,27.6083333],[84.8816667,27.6075],[84.8816667,27.6108333],[84.8766667,27.6133333],[84.8791667,27.6158333],[84.8766667,27.6183333],[84.8816667,27.6208333],[84.8783333,27.6216667],[84.875,27.6283333],[84.8708333,27.6275],[84.865,27.6333333],[84.8583333,27.6333333],[84.8566667,27.64],[84.8525,27.6391667],[84.8508333,27.6416667],[84.8466667,27.6416667],[84.8441667,27.6466667]]},{"type":"LineString","coordinates":[[84.2116667,27.5741667],[84.2166667,27.575],[84.22,27.5691667],[84.2258333,27.5691667],[84.2283333,27.5633333],[84.2266667,27.5608333],[84.2316667,27.5575],[84.25,27.5658333],[84.2566667,27.5616667],[84.2816667,27.5625]]},{"type":"LineString","coordinates":[[84.2116667,27.5741667],[84.2116667,27.5825],[84.2308333,27.5858333],[84.2366667,27.5908333],[84.24,27.5908333]]},{"type":"LineString","coordinates":[[85.4916667,27.5741667],[85.4658333,27.565]]},{"type":"LineString","coordinates":[[85.4916667,27.5741667],[85.4891667,27.5766667],[85.49,27.585],[85.4783333,27.5916667],[85.4641667,27.5941667]]},{"type":"LineString","coordinates":[[85.7333333,27.5741667],[85.7416667,27.58]]},{"type":"LineString","coordinates":[[85.7333333,27.5741667],[85.7308333,27.575],[85.7308333,27.5833333]]},{"type":"LineString","coordinates":[[87.0116667,27.5741667],[86.9991667,27.5841667]]},{"type":"LineString","coordinates":[[87.0116667,27.5741667],[87.0216667,27.5983333],[87.0125,27.6308333]]},{"type":"LineString","coordinates":[[85.1733333,27.5758333],[85.175,27.5816667],[85.1691667,27.5816667],[85.1683333,27.585],[85.1825,27.5966667]]},{"type":"LineString","coordinates":[[85.1733333,27.5758333],[85.16,27.5758333],[85.1608333,27.5791667],[85.155,27.5858333],[85.1633333,27.5983333],[85.1541667,27.6066667],[85.1525,27.6158333],[85.1408333,27.6275],[85.1283333,27.6283333],[85.115,27.635],[85.11,27.6333333],[85.1041667,27.6358333],[85.1025,27.6283333],[85.0983333,27.63],[85.0975,27.6333333],[85.095,27.6308333],[85.0825,27.6358333],[85.0725,27.6341667]]},{"type":"LineString","coordinates":[[83.3308333,27.5775],[83.3258333,27.5816667],[83.3266667,27.585],[83.3258333,27.5883333],[83.3216667,27.5933333]]},{"type":"LineString","coordinates":[[83.3308333,27.5775],[83.3325,27.5791667],[83.3308333,27.5825],[83.3441667,27.5941667],[83.3408333,27.5991667],[83.3416667,27.6008333],[83.3491667,27.6],[83.35,27.6033333],[83.3558333,27.6083333],[83.3633333,27.6075],[83.365,27.6058333],[83.3675,27.6083333],[83.37,27.6075]]},{"type":"LineString","coordinates":[[87.2925,27.5775],[87.3025,27.5708333],[87.2991667,27.565],[87.3025,27.5516667],[87.3125,27.5575]]},{"type":"LineString","coordinates":[[87.2925,27.5775],[87.2916667,27.5833333],[87.285,27.5883333],[87.2808333,27.605],[87.2825,27.62],[87.2708333,27.6266667],[87.2541667,27.6283333],[87.2525,27.6316667],[87.2416667,27.635],[87.2508333,27.6566667]]},{"type":"LineString","coordinates":[[84.4658333,27.58],[84.4666667,27.5741667],[84.4691667,27.5733333],[84.4725,27.5758333],[84.4758333,27.5741667],[84.4791667,27.58],[84.4883333,27.5816667],[84.4933333,27.575],[84.4916667,27.5725],[84.4941667,27.5691667]]},{"type":"LineString","coordinates":[[84.4658333,27.58],[84.4658333,27.5883333],[84.47,27.5941667],[84.4733333,27.5916667],[84.4758333,27.5958333],[84.4858333,27.5958333]]},{"type":"LineString","coordinates":[[84.1158333,27.5825],[84.1158333,27.5891667],[84.1191667,27.5908333],[84.1241667,27.6066667],[84.1291667,27.6116667],[84.1383333,27.6125]]},{"type":"LineString","coordinates":[[84.1158333,27.5825],[84.1133333,27.5816667],[84.1141667,27.5875],[84.1091667,27.5966667],[84.1108333,27.6058333],[84.105,27.6191667],[84.1008333,27.6233333],[84.0983333,27.6458333],[84.0991667,27.6558333],[84.1058333,27.6641667],[84.12,27.6733333],[84.1283333,27.6916667],[84.1291667,27.7041667],[84.1225,27.7166667],[84.1233333,27.7225],[84.1208333,27.7291667]]},{"type":"LineString","coordinates":[[85.7308333,27.5833333],[85.7191667,27.5933333],[85.725,27.6041667],[85.7133333,27.6233333],[85.7133333,27.63],[85.7083333,27.6383333]]},{"type":"LineString","coordinates":[[85.7308333,27.5833333],[85.725,27.5791667],[85.7083333,27.5841667],[85.7,27.5808333],[85.6941667,27.5833333],[85.6875,27.5891667],[85.67,27.595],[85.6633333,27.605],[85.6483333,27.6175],[85.65,27.6208333],[85.645,27.6258333],[85.6308333,27.6316667],[85.6266667,27.6375],[85.6191667,27.6383333],[85.6183333,27.645],[85.6108333,27.6508333],[85.5908333,27.6483333]]},{"type":"LineString","coordinates":[[84.9175,27.585],[84.9225,27.5833333],[84.9241667,27.5858333],[84.9266667,27.5841667],[84.9316667,27.5858333],[84.9325,27.5816667],[84.9341667,27.58],[84.9366667,27.5816667],[84.9375,27.5783333],[84.9466667,27.57],[84.9541667,27.5708333],[84.955,27.5658333],[84.9591667,27.5666667],[84.9616667,27.5616667],[84.9658333,27.5616667],[84.9691667,27.5575],[84.9758333,27.5608333],[84.9816667,27.5558333],[84.9866667,27.5575],[84.9916667,27.5508333],[84.9966667,27.5483333],[85.005,27.55],[85.01,27.5475],[85.0141667,27.5533333],[85.0133333,27.5566667],[85.02,27.5591667],[85.0241667,27.5575],[85.0266667,27.5608333]]},{"type":"LineString","coordinates":[[84.9175,27.585],[84.9208333,27.5933333],[84.9208333,27.5966667],[84.9166667,27.595],[84.9175,27.6],[84.92,27.5983333],[84.9233333,27.6033333],[84.9266667,27.6016667],[84.93,27.6058333],[84.9341667,27.6066667],[84.9333333,27.61],[84.9275,27.6141667],[84.9308333,27.6175],[84.93,27.6216667],[84.9358333,27.6241667],[84.9375,27.635],[84.9408333,27.6358333],[84.945,27.6433333],[84.955,27.6383333],[84.9616667,27.6383333],[84.9633333,27.6408333]]},{"type":"LineString","coordinates":[[85.5175,27.585],[85.495,27.5716667],[85.4916667,27.5741667]]},{"type":"LineString","coordinates":[[85.5175,27.585],[85.5133333,27.5858333],[85.5141667,27.5883333],[85.5325,27.6033333],[85.5325,27.6091667],[85.5308333,27.6183333],[85.5258333,27.625],[85.5158333,27.6308333]]},{"type":"LineString","coordinates":[[86.2266667,27.585],[86.2258333,27.6033333]]},{"type":"LineString","coordinates":[[86.2266667,27.585],[86.235,27.5858333],[86.26,27.5975],[86.2691667,27.595],[86.2816667,27.6041667],[86.2858333,27.6025],[86.2975,27.6091667],[86.3033333,27.6175],[86.3091667,27.64]]},{"type":"LineString","coordinates":[[86.4091667,27.585],[86.4266667,27.5708333],[86.4316667,27.57]]},{"type":"LineString","coordinates":[[86.4091667,27.585],[86.4183333,27.5916667],[86.4216667,27.6],[86.4333333,27.6083333]]},{"type":"LineString","coordinates":[[83.3216667,27.5933333],[83.3225,27.5958333],[83.3291667,27.5991667],[83.3275,27.6016667],[83.3241667,27.6033333],[83.3241667,27.6058333],[83.3266667,27.6075],[83.33,27.605],[83.3316667,27.6066667],[83.3333333,27.6125],[83.3391667,27.6158333]]},{"type":"LineString","coordinates":[[83.3216667,27.5933333],[83.315,27.5975],[83.3141667,27.5941667],[83.3116667,27.5925],[83.31,27.595],[83.3116667,27.6008333],[83.3108333,27.6058333],[83.3033333,27.605],[83.3025,27.6066667],[83.2991667,27.6075],[83.2975,27.6091667],[83.2991667,27.615],[83.2941667,27.6183333],[83.2933333,27.6166667],[83.2908333,27.6208333],[83.2858333,27.6175],[83.2858333,27.6208333],[83.285,27.6216667],[83.2816667,27.6208333],[83.2808333,27.6241667],[83.2758333,27.6258333],[83.2741667,27.6216667],[83.27,27.625],[83.2708333,27.6275],[83.2675,27.635],[83.2691667,27.635],[83.2716667,27.6383333],[83.2641667,27.6466667],[83.2641667,27.6491667],[83.2666667,27.6533333],[83.26,27.6533333],[83.26,27.6591667],[83.2616667,27.6591667],[83.2658333,27.6633333],[83.2616667,27.6675],[83.265,27.6691667],[83.2666667,27.6733333],[83.2591667,27.685],[83.2583333,27.69],[83.2608333,27.6933333],[83.26,27.695],[83.265,27.6975],[83.2416667,27.7191667],[83.2416667,27.7216667]]},{"type":"LineString","coordinates":[[86.6783333,27.595],[86.665,27.595],[86.6616667,27.5983333]]},{"type":"LineString","coordinates":[[86.6783333,27.595],[86.6883333,27.605],[86.6958333,27.62]]},{"type":"LineString","coordinates":[[82.9683333,27.5958333],[82.9641667,27.5983333],[82.9708333,27.6033333],[82.96,27.6066667],[82.9558333,27.6141667],[82.945,27.6216667],[82.9458333,27.6266667],[82.94,27.6258333],[82.9383333,27.6291667],[82.9333333,27.6275],[82.9333333,27.6316667],[82.9291667,27.6308333],[82.93,27.635],[82.9241667,27.6316667],[82.9233333,27.6375],[82.9158333,27.6383333],[82.9116667,27.6458333],[82.9175,27.6466667],[82.915,27.6491667],[82.9166667,27.6541667],[82.9125,27.6558333]]},{"type":"LineString","coordinates":[[82.9683333,27.5958333],[82.9725,27.6],[82.9775,27.5991667],[82.975,27.6033333],[82.9783333,27.6108333],[82.985,27.6125],[82.9875,27.6183333],[82.985,27.6216667],[82.9816667,27.62],[82.9841667,27.625],[82.9816667,27.625],[82.9808333,27.6283333],[82.9908333,27.6275],[83.0008333,27.6366667],[82.9958333,27.6383333],[83.0016667,27.645],[83.0025,27.65],[82.9933333,27.6491667],[82.9933333,27.6541667],[82.9983333,27.66],[82.9966667,27.6666667],[82.9991667,27.6716667],[82.9975,27.675],[82.9941667,27.675],[82.9925,27.6791667]]},{"type":"LineString","coordinates":[[84.4858333,27.5958333],[84.4916667,27.5966667],[84.4908333,27.5916667],[84.4941667,27.5908333],[84.5125,27.6016667]]},{"type":"LineString","coordinates":[[84.4858333,27.5958333],[84.4775,27.6058333],[84.4816667,27.6116667],[84.4808333,27.6191667],[84.4883333,27.6241667],[84.49,27.635],[84.4875,27.635],[84.4875,27.6383333],[84.4816667,27.6425],[84.4866667,27.6458333]]},{"type":"LineString","coordinates":[[84.5125,27.6016667],[84.5166667,27.6041667],[84.5166667,27.5991667],[84.5208333,27.5966667],[84.5225,27.6],[84.53,27.6008333],[84.5316667,27.6041667],[84.5341667,27.6033333],[84.5366667,27.6058333],[84.5416667,27.6058333],[84.5425,27.6033333],[84.5466667,27.6025],[84.5483333,27.6041667],[84.5466667,27.605],[84.5516667,27.6083333]]},{"type":"LineString","coordinates":[[84.5125,27.6016667],[84.5116667,27.605],[84.5191667,27.6125],[84.5233333,27.6133333],[84.5241667,27.61],[84.5266667,27.6108333],[84.5241667,27.6175],[84.5316667,27.615],[84.535,27.6241667],[84.5383333,27.6233333],[84.5383333,27.6266667],[84.5441667,27.6325],[84.5483333,27.6316667],[84.5533333,27.6366667],[84.5566667,27.655],[84.555,27.6625],[84.5583333,27.6666667],[84.5558333,27.6758333],[84.5641667,27.6825],[84.5633333,27.6883333],[84.5608333,27.6883333],[84.5733333,27.6983333],[84.5783333,27.7091667],[84.5858333,27.7158333],[84.6033333,27.7225],[84.6366667,27.705]]},{"type":"LineString","coordinates":[[87.4225,27.6025],[87.4283333,27.5958333],[87.4316667,27.58],[87.4416667,27.5691667]]},{"type":"LineString","coordinates":[[87.4225,27.6025],[87.4283333,27.6025],[87.4458333,27.6191667],[87.4525,27.6216667],[87.47,27.6216667],[87.4766667,27.6175],[87.4875,27.6216667]]},{"type":"LineString","coordinates":[[82.7383333,27.6058333],[82.7491667,27.6108333],[82.75,27.6166667],[82.7575,27.6166667],[82.7583333,27.6191667],[82.7541667,27.625],[82.7633333,27.6341667],[82.7575,27.6366667],[82.76,27.6408333]]},{"type":"LineString","coordinates":[[82.7383333,27.6058333],[82.735,27.6108333],[82.7383333,27.6158333],[82.7325,27.6183333],[82.7391667,27.6241667],[82.735,27.6258333],[82.735,27.63],[82.7308333,27.6325],[82.7383333,27.6366667],[82.7375,27.6425],[82.735,27.6466667],[82.73,27.6458333],[82.7308333,27.6491667],[82.7275,27.65],[82.7283333,27.6541667],[82.725,27.6608333],[82.7125,27.6633333],[82.715,27.665],[82.7141667,27.6683333],[82.7175,27.67],[82.7141667,27.6733333],[82.7183333,27.6783333],[82.7191667,27.6858333],[82.7141667,27.6933333]]},{"type":"LineString","coordinates":[[87.3508333,27.6058333],[87.3691667,27.595],[87.3733333,27.5983333],[87.3841667,27.5966667],[87.4025,27.6025],[87.4225,27.6025]]},{"type":"LineString","coordinates":[[87.3508333,27.6058333],[87.36,27.6116667],[87.355,27.6175],[87.3558333,27.63],[87.35,27.64],[87.3575,27.6483333],[87.3575,27.6658333],[87.3616667,27.6708333]]},{"type":"LineString","coordinates":[[83.0725,27.6083333],[83.075,27.6066667],[83.0783333,27.61],[83.0733333,27.6266667],[83.08,27.6258333],[83.0875,27.6333333],[83.0858333,27.6458333],[83.0891667,27.6491667],[83.0966667,27.6466667],[83.1,27.6533333],[83.0991667,27.6591667],[83.1116667,27.6616667],[83.1166667,27.6708333]]},{"type":"LineString","coordinates":[[83.0725,27.6083333],[83.0725,27.6133333],[83.065,27.6166667],[83.0691667,27.6216667],[83.0683333,27.625],[83.0616667,27.63],[83.0666667,27.6375],[83.0641667,27.64],[83.0666667,27.6408333],[83.0641667,27.6441667],[83.0658333,27.6466667],[83.0583333,27.6558333],[83.0625,27.6591667],[83.0591667,27.6616667],[83.0616667,27.6666667],[83.055,27.6675],[83.0508333,27.6766667],[83.0533333,27.6825],[83.0483333,27.6858333],[83.05,27.6883333],[83.0475,27.6908333],[83.0491667,27.6925],[83.0475,27.7075],[83.0525,27.7116667],[83.0491667,27.7133333],[83.0558333,27.7175]]},{"type":"LineString","coordinates":[[84.5516667,27.6083333],[84.5525,27.605],[84.5625,27.6116667],[84.5691667,27.6083333],[84.5741667,27.6108333],[84.5825,27.6075],[84.5925,27.6075],[84.5941667,27.605],[84.5983333,27.6066667],[84.6083333,27.6016667],[84.6325,27.6008333],[84.6383333,27.5966667],[84.645,27.5991667],[84.6625,27.5883333],[84.6683333,27.5916667]]},{"type":"LineString","coordinates":[[84.5516667,27.6083333],[84.5516667,27.6108333],[84.5575,27.6125],[84.5641667,27.6216667],[84.575,27.6291667],[84.5783333,27.6283333],[84.5841667,27.6341667]]},{"type":"LineString","coordinates":[[86.4333333,27.6083333],[86.4466667,27.5991667]]},{"type":"LineString","coordinates":[[86.4333333,27.6083333],[86.4358333,27.6191667]]},{"type":"LineString","coordinates":[[84.7358333,27.61],[84.7516667,27.605]]},{"type":"LineString","coordinates":[[84.7358333,27.61],[84.73,27.6241667],[84.7233333,27.6266667],[84.7233333,27.6308333],[84.7175,27.6366667],[84.7225,27.6466667],[84.7291667,27.6475],[84.7275,27.65],[84.7316667,27.6541667],[84.7308333,27.6558333]]},{"type":"LineString","coordinates":[[85.8833333,27.6108333],[85.8916667,27.6125],[85.9108333,27.6041667],[85.915,27.605],[85.9291667,27.5966667]]},{"type":"LineString","coordinates":[[85.8833333,27.6108333],[85.8925,27.6258333],[85.9116667,27.6383333]]},{"type":"LineString","coordinates":[[85.8741667,27.6125],[85.88,27.6141667]]},{"type":"LineString","coordinates":[[85.8741667,27.6125],[85.8716667,27.6158333]]},{"type":"LineString","coordinates":[[86.0758333,27.6133333],[86.075,27.615]]},{"type":"LineString","coordinates":[[86.0758333,27.6133333],[86.1075,27.6225],[86.1216667,27.6225]]},{"type":"LineString","coordinates":[[85.88,27.6141667],[85.8833333,27.6108333]]},{"type":"LineString","coordinates":[[85.88,27.6141667],[85.8808333,27.6225],[85.8841667,27.6258333],[85.88,27.6366667]]},{"type":"LineString","coordinates":[[86.075,27.615],[86.0725,27.6166667],[86.07,27.6141667],[86.0666667,27.6191667],[86.0608333,27.6183333],[86.0475,27.6275],[86.0416667,27.6275],[86.0408333,27.6308333]]},{"type":"LineString","coordinates":[[86.075,27.615],[86.085,27.6341667],[86.0875,27.6591667],[86.0941667,27.6708333],[86.105,27.6766667],[86.105,27.6808333]]},{"type":"LineString","coordinates":[[83.3391667,27.6158333],[83.34,27.6175],[83.3366667,27.6216667],[83.3316667,27.6216667],[83.3266667,27.625],[83.3258333,27.6283333],[83.3308333,27.6325]]},{"type":"LineString","coordinates":[[83.3391667,27.6158333],[83.3433333,27.6191667],[83.3416667,27.6266667],[83.3491667,27.6275],[83.35,27.6291667],[83.3508333,27.635],[83.3483333,27.6375],[83.3483333,27.6391667],[83.35,27.6391667],[83.36,27.65],[83.3633333,27.6491667],[83.3608333,27.655],[83.3641667,27.6566667],[83.3625,27.6616667],[83.3683333,27.6625],[83.3691667,27.6641667],[83.3683333,27.6675],[83.3708333,27.67],[83.3725,27.67],[83.38,27.6783333],[83.3866667,27.68]]},{"type":"LineString","coordinates":[[86.4358333,27.6191667],[86.4258333,27.6241667]]},{"type":"LineString","coordinates":[[86.4358333,27.6191667],[86.4425,27.6375],[86.4541667,27.65],[86.4558333,27.6716667]]},{"type":"LineString","coordinates":[[86.6958333,27.62],[86.6925,27.6216667],[86.6925,27.6358333],[86.6816667,27.6391667],[86.675,27.6333333],[86.6666667,27.6425],[86.6641667,27.6533333],[86.66,27.6566667]]},{"type":"LineString","coordinates":[[86.6958333,27.62],[86.705,27.6608333]]},{"type":"LineString","coordinates":[[82.60418,27.62168],[82.61,27.6225],[82.6141667,27.6166667],[82.6166667,27.6175],[82.6166667,27.6325],[82.6258333,27.635],[82.6216667,27.645],[82.6233333,27.6508333],[82.6275,27.6525],[82.6258333,27.6558333],[82.6275,27.6675],[82.6383333,27.6708333],[82.635,27.6775],[82.6358333,27.6841667],[82.6433333,27.6866667],[82.6425,27.69],[82.6525,27.6991667],[82.655,27.7058333],[82.6608333,27.7091667],[82.6625,27.7158333],[82.6691667,27.7208333],[82.665,27.7283333],[82.6558333,27.7308333]]},{"type":"LineString","coordinates":[[82.6019522,27.622428],[82.6041667,27.6283333],[82.6016667,27.6333333],[82.5983333,27.6333333],[82.595,27.6416667],[82.6008333,27.6391667],[82.6016667,27.6416667],[82.605,27.6408333],[82.605,27.6433333],[82.6,27.6475],[82.6016667,27.6541667],[82.5966667,27.66],[82.5908333,27.6616667],[82.5925,27.6658333]]},{"type":"LineString","coordinates":[[83.5416667,27.6233333],[83.5491667,27.6275],[83.5441667,27.635]]},{"type":"LineString","coordinates":[[83.5416667,27.6233333],[83.5416667,27.6283333],[83.5358333,27.6316667],[83.5358333,27.6366667],[83.5308333,27.64],[83.5241667,27.6383333],[83.5141667,27.6433333],[83.5133333,27.6475],[83.5108333,27.6466667]]},{"type":"LineString","coordinates":[[84.2116667,27.625],[84.2125,27.6208333],[84.22,27.6141667],[84.2283333,27.6158333],[84.23,27.6141667],[84.2325,27.6175],[84.2416667,27.6133333],[84.2441667,27.6158333],[84.2466667,27.6141667],[84.2608333,27.6158333],[84.2741667,27.6225],[84.2791667,27.6291667]]},{"type":"LineString","coordinates":[[84.2116667,27.625],[84.2225,27.6291667],[84.2241667,27.6266667],[84.23,27.6291667],[84.235,27.6275],[84.2441667,27.6358333],[84.2516667,27.6383333]]},{"type":"LineString","coordinates":[[82.577618,27.6305973],[82.5783333,27.6391667],[82.5808333,27.6383333],[82.5808333,27.6408333]]},{"type":"LineString","coordinates":[[86.0408333,27.6308333],[86.0366667,27.6275],[86.0258333,27.6266667]]},{"type":"LineString","coordinates":[[86.0408333,27.6308333],[86.0258333,27.6433333],[86.0216667,27.6508333],[85.9991667,27.6683333]]},{"type":"LineString","coordinates":[[83.3308333,27.6325],[83.3333333,27.6333333],[83.3341667,27.6316667],[83.3366667,27.635],[83.335,27.6383333],[83.3366667,27.64],[83.335,27.6475],[83.3383333,27.6541667],[83.335,27.66],[83.335,27.6625],[83.33,27.6675],[83.3308333,27.6725],[83.3275,27.675],[83.3291667,27.6833333]]},{"type":"LineString","coordinates":[[83.3308333,27.6325],[83.3241667,27.6425],[83.325,27.645],[83.3266667,27.6458333],[83.3266667,27.6516667],[83.3208333,27.6533333],[83.3183333,27.66],[83.3158333,27.6616667],[83.315,27.6675],[83.3108333,27.6691667],[83.3125,27.6725],[83.3075,27.6733333],[83.3,27.6825],[83.2983333,27.6825],[83.2975,27.6908333],[83.3,27.6933333],[83.2975,27.6966667],[83.2991667,27.6983333],[83.2983333,27.7016667]]},{"type":"LineString","coordinates":[[83.5441667,27.635],[83.5408333,27.6391667]]},{"type":"LineString","coordinates":[[83.5441667,27.635],[83.5483333,27.6408333]]},{"type":"LineString","coordinates":[[84.1858333,27.6375],[84.185,27.64],[84.1916667,27.6483333],[84.1908333,27.6516667]]},{"type":"LineString","coordinates":[[84.1858333,27.6375],[84.1891667,27.6358333],[84.2033333,27.6433333],[84.2091667,27.6433333],[84.2208333,27.6558333],[84.2208333,27.6583333],[84.2266667,27.6583333],[84.23,27.6608333],[84.2425,27.655],[84.2458333,27.6575],[84.2441667,27.66],[84.2475,27.6633333],[84.255,27.6641667],[84.26,27.6675]]},{"type":"LineString","coordinates":[[85.7083333,27.6383333],[85.7058333,27.6425]]},{"type":"LineString","coordinates":[[85.7083333,27.6383333],[85.7166667,27.645],[85.7116667,27.6541667],[85.725,27.6633333],[85.725,27.6666667],[85.7308333,27.67],[85.7308333,27.675]]},{"type":"LineString","coordinates":[[86.3091667,27.64],[86.3075,27.6441667],[86.2966667,27.6508333]]},{"type":"LineString","coordinates":[[86.3091667,27.64],[86.3108333,27.645],[86.33,27.6608333],[86.3375,27.6816667],[86.3516667,27.695]]},{"type":"LineString","coordinates":[[82.76,27.6408333],[82.7558333,27.6466667],[82.7591667,27.6541667],[82.7566667,27.6525],[82.7541667,27.6541667],[82.755,27.6566667],[82.7516667,27.6616667],[82.7541667,27.6633333]]},{"type":"LineString","coordinates":[[82.76,27.6408333],[82.7616667,27.6433333],[82.7658333,27.6425],[82.7691667,27.645],[82.7691667,27.655],[82.7708333,27.6566667],[82.7758333,27.655],[82.7791667,27.6583333],[82.775,27.6608333],[82.7808333,27.6683333],[82.7875,27.6675],[82.7925,27.6791667],[82.7925,27.6833333],[82.7858333,27.69],[82.7825,27.7025],[82.78,27.7033333],[82.7816667,27.7066667],[82.7758333,27.71],[82.7758333,27.7208333],[82.7633333,27.7316667],[82.7666667,27.735]]},{"type":"LineString","coordinates":[[85.7058333,27.6425],[85.7058333,27.6533333],[85.6933333,27.6641667],[85.6941667,27.6716667],[85.6875,27.6766667],[85.6875,27.6833333],[85.68,27.6875],[85.6808333,27.6983333],[85.6716667,27.705]]},{"type":"LineString","coordinates":[[85.7058333,27.6425],[85.6966667,27.6483333],[85.6816667,27.6491667],[85.665,27.655],[85.6508333,27.6658333],[85.64,27.665],[85.6283333,27.6766667],[85.6283333,27.6825],[85.6191667,27.6941667],[85.6158333,27.7075],[85.6075,27.7175]]},{"type":"LineString","coordinates":[[84.4866667,27.6458333],[84.4941667,27.6575],[84.4991667,27.6575],[84.5008333,27.6658333],[84.505,27.665],[84.5108333,27.67],[84.5091667,27.6733333],[84.5133333,27.6775],[84.5225,27.6766667]]},{"type":"LineString","coordinates":[[84.4866667,27.6458333],[84.4833333,27.6483333],[84.4883333,27.6516667],[84.4858333,27.6533333],[84.4875,27.6575],[84.4808333,27.6608333],[84.485,27.665],[84.48,27.6683333],[84.4825,27.675],[84.475,27.6883333],[84.4833333,27.6966667]]},{"type":"LineString","coordinates":[[83.8633333,27.6483333],[83.8591667,27.6541667]]},{"type":"LineString","coordinates":[[83.8633333,27.6483333],[83.8691667,27.6541667],[83.8716667,27.6616667]]},{"type":"LineString","coordinates":[[84.1908333,27.6516667],[84.1733333,27.6633333]]},{"type":"LineString","coordinates":[[84.1908333,27.6516667],[84.2025,27.6508333],[84.205,27.6541667],[84.2058333,27.6608333],[84.2008333,27.6733333]]},{"type":"LineString","coordinates":[[83.8591667,27.6541667],[83.8508333,27.6575]]},{"type":"LineString","coordinates":[[83.8591667,27.6541667],[83.83,27.6508333],[83.8241667,27.6608333],[83.8183333,27.665],[83.8133333,27.6666667],[83.805,27.6641667],[83.79,27.6733333],[83.78,27.6758333]]},{"type":"LineString","coordinates":[[82.9125,27.6558333],[82.9108333,27.655],[82.9083333,27.6583333],[82.9,27.6558333],[82.8958333,27.6608333],[82.8925,27.6591667],[82.8883333,27.6708333],[82.8858333,27.6691667],[82.8816667,27.6716667],[82.8791667,27.6783333]]},{"type":"LineString","coordinates":[[82.9125,27.6558333],[82.9116667,27.6575],[82.9166667,27.6608333],[82.9141667,27.6625],[82.9166667,27.6641667],[82.9133333,27.6683333],[82.9158333,27.6708333],[82.9141667,27.675],[82.9183333,27.6775],[82.915,27.6825],[82.9208333,27.6841667]]},{"type":"LineString","coordinates":[[84.7308333,27.6558333],[84.7458333,27.6558333],[84.7466667,27.6541667],[84.7425,27.65],[84.7433333,27.6466667]]},{"type":"LineString","coordinates":[[84.7308333,27.6558333],[84.725,27.6716667],[84.7266667,27.6758333],[84.725,27.6791667],[84.73,27.6816667],[84.7291667,27.6841667],[84.7366667,27.6941667],[84.7366667,27.6975],[84.74,27.6975],[84.7375,27.7033333]]},{"type":"LineString","coordinates":[[87.9266667,27.6591667],[87.9383333,27.6441667],[87.9541667,27.6325],[87.9641667,27.6308333],[87.9875,27.635]]},{"type":"LineString","coordinates":[[87.9266667,27.6591667],[87.9433333,27.6675],[87.9683333,27.72]]},{"type":"LineString","coordinates":[[86.705,27.6608333],[86.7158333,27.6783333],[86.7108333,27.6875],[86.7108333,27.7116667],[86.7133333,27.7166667],[86.71,27.7391667],[86.7141667,27.7483333],[86.7108333,27.7583333],[86.7225,27.7658333],[86.7216667,27.77]]},{"type":"LineString","coordinates":[[86.705,27.6608333],[86.6925,27.6658333],[86.6791667,27.6791667],[86.6775,27.69],[86.665,27.7108333],[86.6633333,27.7358333],[86.6558333,27.75],[86.6458333,27.7583333],[86.6341667,27.7608333],[86.625,27.7733333],[86.6158333,27.78]]},{"type":"LineString","coordinates":[[87.7983333,27.6616667],[87.8325,27.7041667]]},{"type":"LineString","coordinates":[[87.7983333,27.6616667],[87.7866667,27.6683333],[87.7725,27.685],[87.7483333,27.7],[87.7358333,27.7116667]]},{"type":"LineString","coordinates":[[85.2983333,27.665],[85.3075,27.6616667],[85.3133333,27.65],[85.3108333,27.6458333],[85.3125,27.6408333],[85.3083333,27.6383333],[85.3075,27.6325],[85.3116667,27.6275],[85.3108333,27.6108333],[85.3191667,27.605],[85.3191667,27.6025],[85.3116667,27.5883333],[85.3125,27.5741667]]},{"type":"LineString","coordinates":[[85.2983333,27.665],[85.2916667,27.6716667],[85.2991667,27.6783333],[85.2991667,27.6833333]]},{"type":"LineString","coordinates":[[84.26,27.6675],[84.27,27.6691667]]},{"type":"LineString","coordinates":[[84.26,27.6675],[84.2558333,27.6716667],[84.2458333,27.7058333],[84.2466667,27.7108333],[84.2391667,27.7241667]]},{"type":"LineString","coordinates":[[85.3516667,27.6683333],[85.3608333,27.6691667]]},{"type":"LineString","coordinates":[[85.3516667,27.6683333],[85.3575,27.6816667],[85.3725,27.6916667],[85.3891667,27.6958333],[85.3933333,27.7033333],[85.3958333,27.7025],[85.405,27.7075],[85.4066667,27.7091667],[85.405,27.71],[85.4116667,27.7116667],[85.41,27.7166667],[85.4191667,27.7183333],[85.4241667,27.7258333],[85.4391667,27.7275],[85.4558333,27.72],[85.4683333,27.7208333]]},{"type":"LineString","coordinates":[[85.9991667,27.6683333],[85.9941667,27.6725],[85.9783333,27.6716667]]},{"type":"LineString","coordinates":[[85.9991667,27.6683333],[85.9991667,27.6791667],[85.9958333,27.6833333]]},{"type":"LineString","coordinates":[[84.27,27.6691667],[84.27,27.6733333],[84.2758333,27.6741667],[84.2741667,27.6766667],[84.2775,27.6825],[84.2766667,27.6875]]},{"type":"LineString","coordinates":[[84.27,27.6691667],[84.275,27.6691667],[84.2875,27.6758333],[84.3141667,27.6766667],[84.3208333,27.6816667],[84.32,27.6858333],[84.3291667,27.6958333],[84.3466667,27.7033333],[84.3516667,27.7016667]]},{"type":"LineString","coordinates":[[85.3608333,27.6691667],[85.3633333,27.6658333],[85.3608333,27.6616667],[85.3616667,27.6558333],[85.3658333,27.6525],[85.365,27.645],[85.3608333,27.6416667],[85.3608333,27.6375]]},{"type":"LineString","coordinates":[[85.3608333,27.6691667],[85.365,27.6725],[85.3766667,27.6716667],[85.3783333,27.6691667],[85.3825,27.6725],[85.3933333,27.67],[85.405,27.6783333],[85.4083333,27.6733333],[85.4208333,27.6666667],[85.435,27.67],[85.4425,27.6675]]},{"type":"LineString","coordinates":[[83.1166667,27.6708333],[83.115,27.6741667],[83.1108333,27.675],[83.1166667,27.6808333],[83.12,27.6791667],[83.1225,27.6816667],[83.1133333,27.685],[83.1183333,27.6916667],[83.1183333,27.6966667]]},{"type":"LineString","coordinates":[[83.1166667,27.6708333],[83.1283333,27.6725],[83.1333333,27.6766667],[83.1425,27.675],[83.1475,27.68],[83.1541667,27.6808333],[83.1566667,27.6866667],[83.1633333,27.69],[83.1775,27.705],[83.1808333,27.7058333],[83.18,27.7091667],[83.1875,27.7208333],[83.1966667,27.7283333],[83.1983333,27.735],[83.205,27.7433333],[83.205,27.7508333],[83.1991667,27.7583333],[83.2025,27.765],[83.2008333,27.7791667],[83.2033333,27.7816667],[83.2008333,27.785],[83.2058333,27.7916667],[83.2091667,27.7925],[83.2075,27.8008333],[83.2091667,27.8133333]]},{"type":"LineString","coordinates":[[87.3616667,27.6708333],[87.3708333,27.67],[87.3816667,27.675],[87.3866667,27.6825],[87.4,27.6891667],[87.4108333,27.6908333],[87.4366667,27.6841667],[87.455,27.6858333]]},{"type":"LineString","coordinates":[[87.3616667,27.6708333],[87.365,27.6775],[87.365,27.6933333]]},{"type":"LineString","coordinates":[[85.3433333,27.6716667],[85.3333333,27.6658333],[85.3366667,27.6575],[85.335,27.6441667]]},{"type":"LineString","coordinates":[[85.3433333,27.6716667],[85.3516667,27.6683333]]},{"type":"LineString","coordinates":[[86.4558333,27.6716667],[86.4716667,27.68],[86.4783333,27.6875],[86.48,27.705],[86.4883333,27.7125],[86.4916667,27.7241667],[86.5133333,27.7325],[86.5208333,27.7441667]]},{"type":"LineString","coordinates":[[86.4558333,27.6716667],[86.445,27.6816667],[86.4433333,27.695],[86.4483333,27.7],[86.45,27.7091667],[86.4575,27.7216667],[86.4608333,27.7591667],[86.4766667,27.7641667],[86.4808333,27.7683333],[86.48,27.775]]},{"type":"LineString","coordinates":[[86.8191667,27.6716667],[86.8308333,27.6783333]]},{"type":"LineString","coordinates":[[86.8191667,27.6716667],[86.8216667,27.675],[86.8183333,27.6883333],[86.8208333,27.7058333],[86.8241667,27.7141667],[86.8316667,27.7208333],[86.8358333,27.7333333],[86.845,27.7408333],[86.865,27.7358333],[86.8691667,27.74],[86.8708333,27.7525],[86.875,27.7591667],[86.8716667,27.76],[86.8725,27.7666667],[86.8675,27.7766667]]},{"type":"LineString","coordinates":[[85.7308333,27.675],[85.75,27.6766667],[85.7508333,27.6733333],[85.7641667,27.6716667],[85.7675,27.6666667]]},{"type":"LineString","coordinates":[[85.7308333,27.675],[85.7316667,27.6808333],[85.7425,27.6875],[85.7566667,27.7033333],[85.7641667,27.705],[85.7625,27.7091667],[85.7783333,27.7225],[85.7775,27.7266667],[85.7816667,27.7333333]]},{"type":"LineString","coordinates":[[83.78,27.6758333],[83.755,27.68],[83.745,27.6783333],[83.7408333,27.6808333],[83.7266667,27.6783333],[83.7241667,27.6825],[83.7166667,27.6825],[83.7083333,27.6858333],[83.705,27.6825]]},{"type":"LineString","coordinates":[[83.78,27.6758333],[83.7733333,27.6816667],[83.7716667,27.6866667]]},{"type":"LineString","coordinates":[[85.3341667,27.6783333],[85.3433333,27.6716667]]},{"type":"LineString","coordinates":[[85.3341667,27.6783333],[85.3416667,27.6825],[85.3516667,27.6933333],[85.3466667,27.6983333],[85.35,27.7025],[85.3483333,27.7091667],[85.3508333,27.7125],[85.3566667,27.7091667],[85.3583333,27.7125],[85.37,27.7108333],[85.3758333,27.7166667],[85.3816667,27.7175],[85.3866667,27.7383333],[85.3891667,27.74],[85.3925,27.7375],[85.395,27.7391667],[85.3958333,27.7333333],[85.4108333,27.7383333],[85.4241667,27.75],[85.4208333,27.7583333],[85.4275,27.7708333]]},{"type":"LineString","coordinates":[[82.9925,27.6791667],[82.9883333,27.6791667],[82.9875,27.6825],[82.985,27.6825],[82.9808333,27.6883333],[82.9775,27.6875],[82.9741667,27.6925],[82.965,27.6933333],[82.9675,27.695],[82.9675,27.6975],[82.9625,27.6975],[82.965,27.7033333],[82.9541667,27.7116667],[82.9508333,27.7233333],[82.9408333,27.73],[82.9333333,27.7425]]},{"type":"LineString","coordinates":[[82.9925,27.6791667],[82.995,27.6816667],[82.9908333,27.6833333],[82.9891667,27.6891667],[82.9941667,27.6866667],[82.9958333,27.6916667],[82.9916667,27.6925],[82.9908333,27.6975],[82.9975,27.6975],[83.0058333,27.7016667],[83.0033333,27.7091667],[83.0075,27.7125],[83.0008333,27.7158333],[83.0091667,27.7241667],[83.0125,27.7241667],[83.0141667,27.7208333],[83.0175,27.7225],[83.0191667,27.7275],[83.0133333,27.7308333],[83.0175,27.7333333],[83.0166667,27.7408333],[83.0216667,27.7433333],[83.025,27.7491667],[83.0316667,27.7516667],[83.0358333,27.7575],[83.0433333,27.7625],[83.0483333,27.7616667],[83.05,27.7641667],[83.0475,27.7733333],[83.0391667,27.7791667]]},{"type":"LineString","coordinates":[[86.105,27.6808333],[86.0941667,27.6825],[86.0825,27.6908333],[86.07,27.695]]},{"type":"LineString","coordinates":[[86.105,27.6808333],[86.12,27.685],[86.1233333,27.6925],[86.1291667,27.6916667],[86.1325,27.6983333],[86.1408333,27.7008333],[86.1508333,27.7116667]]},{"type":"LineString","coordinates":[[85.2991667,27.6833333],[85.3025,27.6916667]]},{"type":"LineString","coordinates":[[85.2991667,27.6833333],[85.2966667,27.6875],[85.2925,27.6866667],[85.2908333,27.6891667],[85.2775,27.6916667],[85.27,27.6816667],[85.2641667,27.6791667],[85.26,27.6866667],[85.2558333,27.6891667],[85.2566667,27.6916667],[85.2475,27.6916667]]},{"type":"LineString","coordinates":[[85.3258333,27.6866667],[85.3341667,27.6783333]]},{"type":"LineString","coordinates":[[85.3258333,27.6866667],[85.3316667,27.6966667]]},{"type":"LineString","coordinates":[[85.3025,27.6916667],[85.3108333,27.6925],[85.3191667,27.6875],[85.3258333,27.6866667]]},{"type":"LineString","coordinates":[[85.3025,27.6916667],[85.3,27.695],[85.3025,27.6975],[85.3033333,27.71],[85.2991667,27.7183333],[85.3066667,27.7275],[85.3075,27.7366667],[85.315,27.7441667]]},{"type":"LineString","coordinates":[[87.365,27.6933333],[87.35,27.6941667],[87.3225,27.7016667],[87.3075,27.7116667],[87.3033333,27.7183333]]},{"type":"LineString","coordinates":[[87.365,27.6933333],[87.3666667,27.7025],[87.3708333,27.7066667],[87.3683333,27.7166667],[87.3508333,27.7241667],[87.3475,27.7358333]]},{"type":"LineString","coordinates":[[86.3516667,27.695],[86.3616667,27.6916667]]},{"type":"LineString","coordinates":[[86.3516667,27.695],[86.355,27.71],[86.3675,27.7175],[86.3683333,27.7208333]]},{"type":"LineString","coordinates":[[83.1183333,27.6966667],[83.1191667,27.7016667],[83.1225,27.7041667]]},{"type":"LineString","coordinates":[[83.1183333,27.6966667],[83.1133333,27.6958333],[83.1083333,27.7016667],[83.1125,27.7075],[83.1108333,27.71],[83.1125,27.7133333],[83.1075,27.7158333],[83.1133333,27.72],[83.1075,27.7266667],[83.1133333,27.7408333],[83.1091667,27.7466667],[83.1016667,27.75]]},{"type":"LineString","coordinates":[[84.4833333,27.6966667],[84.4891667,27.6975]]},{"type":"LineString","coordinates":[[84.4833333,27.6966667],[84.4833333,27.7],[84.4858333,27.7008333],[84.4841667,27.71],[84.4875,27.7108333]]},{"type":"LineString","coordinates":[[84.3516667,27.7016667],[84.3558333,27.7033333],[84.36,27.7016667],[84.365,27.705],[84.3691667,27.705],[84.3708333,27.7025],[84.3741667,27.7041667]]},{"type":"LineString","coordinates":[[84.3516667,27.7016667],[84.3608333,27.6958333],[84.3708333,27.6841667],[84.3791667,27.6825],[84.3883333,27.685],[84.4075,27.6966667],[84.4291667,27.7041667],[84.4316667,27.7108333],[84.4225,27.7408333]]},{"type":"LineString","coordinates":[[83.1225,27.7041667],[83.13,27.7083333],[83.1341667,27.7066667],[83.1366667,27.71]]},{"type":"LineString","coordinates":[[83.1225,27.7041667],[83.1216667,27.7075],[83.125,27.71],[83.1233333,27.7108333],[83.1258333,27.7158333],[83.125,27.7208333],[83.1283333,27.7241667],[83.1258333,27.7291667],[83.1283333,27.7333333],[83.1266667,27.7391667]]},{"type":"LineString","coordinates":[[87.8325,27.7041667],[87.8491667,27.6983333]]},{"type":"LineString","coordinates":[[87.8325,27.7041667],[87.8366667,27.7066667],[87.8483333,27.7325],[87.8508333,27.7475],[87.8625,27.7533333],[87.8583333,27.77],[87.8641667,27.7791667],[87.8616667,27.7875],[87.8666667,27.7958333],[87.8658333,27.815]]},{"type":"LineString","coordinates":[[85.6716667,27.705],[85.6616667,27.7108333],[85.6525,27.7216667],[85.6416667,27.7175],[85.6291667,27.7258333],[85.6183333,27.7283333],[85.6091667,27.7391667],[85.6083333,27.745],[85.6025,27.7491667]]},{"type":"LineString","coordinates":[[85.6716667,27.705],[85.6791667,27.7458333],[85.6741667,27.76],[85.6775,27.7675],[85.675,27.77],[85.6758333,27.7925],[85.67,27.7975],[85.67,27.8025]]},{"type":"LineString","coordinates":[[85.0525,27.7116667],[85.0483333,27.7091667],[85.05,27.7066667],[85.045,27.7075],[85.0358333,27.7033333],[85.03,27.6933333],[85.0241667,27.695],[85.015,27.6883333]]},{"type":"LineString","coordinates":[[85.0525,27.7116667],[85.0541667,27.7075],[85.0583333,27.7075],[85.0641667,27.7025]]},{"type":"LineString","coordinates":[[86.1508333,27.7116667],[86.1508333,27.7183333]]},{"type":"LineString","coordinates":[[86.1508333,27.7116667],[86.1358333,27.7141667],[86.115,27.7233333],[86.1066667,27.735]]},{"type":"LineString","coordinates":[[87.7358333,27.7116667],[87.7166667,27.71]]},{"type":"LineString","coordinates":[[87.7358333,27.7116667],[87.7416667,27.7283333],[87.7358333,27.7483333]]},{"type":"LineString","coordinates":[[82.3345833,27.7121875],[82.3375,27.7158333]]},{"type":"LineString","coordinates":[[83.945,27.7158333],[83.9525,27.7166667],[83.9575,27.7133333]]},{"type":"LineString","coordinates":[[83.945,27.7158333],[83.9391667,27.7225],[83.9341667,27.7225],[83.9308333,27.7266667],[83.9283333,27.725],[83.9233333,27.7266667]]},{"type":"LineString","coordinates":[[86.1508333,27.7183333],[86.1666667,27.7125],[86.1833333,27.6966667]]},{"type":"LineString","coordinates":[[86.1508333,27.7183333],[86.1591667,27.725],[86.165,27.7358333]]},{"type":"LineString","coordinates":[[87.3033333,27.7183333],[87.3058333,27.725],[87.3041667,27.7325],[87.2783333,27.7575],[87.2691667,27.7808333]]},{"type":"LineString","coordinates":[[87.3033333,27.7183333],[87.2725,27.7258333],[87.2591667,27.7333333],[87.2216667,27.7266667],[87.2033333,27.7275],[87.1766667,27.745],[87.1608333,27.7616667],[87.1541667,27.7733333],[87.1558333,27.7808333],[87.1516667,27.7858333],[87.1333333,27.7883333],[87.1025,27.8],[87.105,27.7958333],[87.0975,27.795],[87.0958333,27.8008333],[87.0866667,27.7991667]]},{"type":"LineString","coordinates":[[87.9683333,27.72],[87.9758333,27.725],[87.9991667,27.7075],[88.0191667,27.705]]},{"type":"LineString","coordinates":[[87.9683333,27.72],[87.9675,27.725],[87.9741667,27.735]]},{"type":"LineString","coordinates":[[83.9233333,27.7266667],[83.9283333,27.7341667],[83.9441667,27.7441667]]},{"type":"LineString","coordinates":[[83.9233333,27.7266667],[83.9183333,27.73],[83.915,27.7283333],[83.9133333,27.7308333],[83.9083333,27.7308333],[83.9075,27.735],[83.905,27.7358333],[83.9025,27.7308333],[83.8983333,27.7325],[83.8966667,27.73],[83.8883333,27.73],[83.8875,27.7325],[83.8825,27.735],[83.88,27.7333333],[83.8775,27.7358333],[83.875,27.7333333],[83.85,27.7333333],[83.8408333,27.7358333],[83.8316667,27.73],[83.8275,27.7333333],[83.8233333,27.7316667],[83.8216667,27.735],[83.8166667,27.735],[83.8125,27.7383333],[83.8083333,27.735],[83.795,27.7375],[83.79,27.735],[83.77,27.7366667],[83.745,27.7283333],[83.7325,27.7333333],[83.7233333,27.7333333],[83.7166667,27.74],[83.7133333,27.7475],[83.7166667,27.7583333]]},{"type":"LineString","coordinates":[[85.1375,27.7333333],[85.14,27.7283333]]},{"type":"LineString","coordinates":[[85.1375,27.7333333],[85.1425,27.7325],[85.1491667,27.735],[85.1575,27.7316667],[85.1691667,27.7325]]},{"type":"LineString","coordinates":[[85.7816667,27.7333333],[85.7975,27.7366667]]},{"type":"LineString","coordinates":[[85.7816667,27.7333333],[85.7775,27.7408333],[85.7775,27.7525],[85.765,27.77],[85.7641667,27.7775]]},{"type":"LineString","coordinates":[[87.9741667,27.735],[87.95,27.76]]},{"type":"LineString","coordinates":[[87.9741667,27.735],[87.9958333,27.7583333],[87.9958333,27.7616667],[88.0041667,27.765]]},{"type":"LineString","coordinates":[[86.165,27.7358333],[86.18,27.7491667]]},{"type":"LineString","coordinates":[[86.165,27.7358333],[86.15,27.7533333],[86.1375,27.775],[86.1175,27.7883333]]},{"type":"LineString","coordinates":[[87.3475,27.7358333],[87.3325,27.7466667]]},{"type":"LineString","coordinates":[[87.3475,27.7358333],[87.3508333,27.74],[87.3616667,27.7408333],[87.3775,27.7491667],[87.3933333,27.7475],[87.4041667,27.74],[87.41,27.74],[87.4133333,27.7441667],[87.4283333,27.7466667],[87.4458333,27.765]]},{"type":"LineString","coordinates":[[85.7975,27.7366667],[85.8116667,27.7283333],[85.8183333,27.7283333],[85.8308333,27.7183333]]},{"type":"LineString","coordinates":[[85.7975,27.7366667],[85.8058333,27.7475],[85.8108333,27.7466667],[85.8158333,27.7508333],[85.8225,27.7491667],[85.8283333,27.755],[85.8608333,27.755]]},{"type":"LineString","coordinates":[[84.4225,27.7408333],[84.4216667,27.7441667],[84.4241667,27.7458333],[84.4183333,27.7491667],[84.42,27.755],[84.4166667,27.7591667],[84.405,27.7625],[84.3941667,27.7741667],[84.38,27.7791667],[84.3683333,27.775],[84.3616667,27.76],[84.3616667,27.755],[84.3525,27.7491667],[84.3433333,27.7508333],[84.3416667,27.745],[84.3391667,27.7441667],[84.3341667,27.7491667],[84.3266667,27.7475],[84.3233333,27.7525]]},{"type":"LineString","coordinates":[[84.4225,27.7408333],[84.4241667,27.7425],[84.4358333,27.7416667],[84.4491667,27.7583333],[84.4541667,27.76],[84.4583333,27.7591667],[84.4658333,27.7525],[84.4716667,27.7525],[84.4691667,27.7641667],[84.46,27.7741667],[84.4533333,27.7775],[84.4391667,27.7783333],[84.43,27.7891667],[84.4325,27.8133333],[84.4391667,27.8158333],[84.4458333,27.8233333],[84.4558333,27.8208333]]},{"type":"LineString","coordinates":[[87.4991667,27.7441667],[87.4975,27.7391667],[87.5133333,27.72]]},{"type":"LineString","coordinates":[[87.4991667,27.7441667],[87.5258333,27.7583333],[87.54,27.76],[87.5508333,27.7575]]},{"type":"LineString","coordinates":[[83.4616667,27.745],[83.47,27.7466667],[83.4708333,27.7483333],[83.4766667,27.7475],[83.4816667,27.7491667],[83.4866667,27.7466667],[83.5016667,27.7508333],[83.5066667,27.75]]},{"type":"LineString","coordinates":[[83.4616667,27.745],[83.4616667,27.7491667],[83.455,27.75],[83.4475,27.7591667],[83.4458333,27.7591667],[83.445,27.7633333],[83.4383333,27.7625],[83.4358333,27.765],[83.4333333,27.765],[83.4308333,27.7625],[83.4283333,27.765],[83.4225,27.7633333],[83.4108333,27.7658333],[83.4058333,27.7691667],[83.4041667,27.7658333],[83.4016667,27.7658333],[83.4008333,27.7683333],[83.3991667,27.7666667],[83.3941667,27.7658333],[83.3866667,27.7666667],[83.3825,27.7658333],[83.3816667,27.7691667],[83.3766667,27.7675],[83.3758333,27.7691667],[83.3733333,27.77],[83.3683333,27.7775],[83.3658333,27.7766667],[83.3658333,27.7783333],[83.3591667,27.7825],[83.3566667,27.7816667],[83.3533333,27.7866667],[83.3525,27.8041667],[83.3558333,27.8083333],[83.3691667,27.8058333],[83.3766667,27.8125],[83.3775,27.8175],[83.3841667,27.8208333],[83.3858333,27.8275]]},{"type":"LineString","coordinates":[[87.7358333,27.7483333],[87.7258333,27.7608333],[87.7258333,27.7666667]]},{"type":"LineString","coordinates":[[87.7358333,27.7483333],[87.7566667,27.765],[87.7666667,27.7683333]]},{"type":"LineString","coordinates":[[85.6025,27.7491667],[85.5933333,27.7441667],[85.5883333,27.7483333],[85.5758333,27.75]]},{"type":"LineString","coordinates":[[85.6025,27.7491667],[85.5733333,27.785]]},{"type":"LineString","coordinates":[[86.18,27.7491667],[86.1933333,27.7391667]]},{"type":"LineString","coordinates":[[86.18,27.7491667],[86.1966667,27.7591667]]},{"type":"LineString","coordinates":[[83.5066667,27.75],[83.5141667,27.7508333],[83.5166667,27.7483333],[83.5191667,27.7483333],[83.525,27.7416667],[83.535,27.7383333],[83.5375,27.7341667],[83.5425,27.7316667],[83.5491667,27.7308333],[83.5516667,27.7266667],[83.5658333,27.7275],[83.5666667,27.7266667],[83.5658333,27.7225],[83.5775,27.71],[83.585,27.715],[83.5925,27.7125],[83.6075,27.7133333],[83.6075,27.715],[83.6133333,27.7191667],[83.6125,27.7225],[83.615,27.7241667],[83.6141667,27.7333333],[83.6175,27.7366667],[83.6275,27.7358333],[83.6391667,27.74],[83.6416667,27.7583333]]},{"type":"LineString","coordinates":[[83.5066667,27.75],[83.5225,27.7641667],[83.5258333,27.765],[83.5308333,27.7641667],[83.5333333,27.7666667],[83.5375,27.7658333],[83.5433333,27.7733333],[83.5416667,27.7858333],[83.5491667,27.7925],[83.5466667,27.7966667]]},{"type":"LineString","coordinates":[[84.3233333,27.7525],[84.3208333,27.75],[84.3191667,27.7516667]]},{"type":"LineString","coordinates":[[84.3233333,27.7525],[84.3225,27.7583333],[84.315,27.7633333],[84.3183333,27.775],[84.3141667,27.785],[84.3016667,27.7908333],[84.2991667,27.7941667],[84.2975,27.8066667],[84.3025,27.81],[84.3008333,27.815],[84.3058333,27.8183333],[84.3,27.8225],[84.295,27.8341667],[84.2908333,27.8383333],[84.2733333,27.8366667],[84.2666667,27.8325],[84.2666667,27.8375],[84.2641667,27.8391667],[84.2508333,27.8383333],[84.2433333,27.8466667],[84.235,27.8441667],[84.23,27.8466667],[84.2275,27.845],[84.2283333,27.8391667],[84.225,27.8366667],[84.2166667,27.8466667],[84.2108333,27.8441667],[84.2116667,27.84],[84.2091667,27.8391667],[84.2066667,27.8416667],[84.2075,27.8483333],[84.2033333,27.8516667],[84.2,27.8516667],[84.1941667,27.8466667],[84.1733333,27.8516667],[84.17,27.8458333]]},{"type":"LineString","coordinates":[[85.065,27.7533333],[85.0675,27.7475],[85.0641667,27.7433333],[85.06,27.7441667],[85.0608333,27.7383333],[85.0558333,27.735],[85.0558333,27.7283333],[85.0483333,27.7266667],[85.055,27.7225],[85.0508333,27.7191667],[85.0525,27.7116667]]},{"type":"LineString","coordinates":[[85.065,27.7533333],[85.0858333,27.745],[85.0883333,27.7475],[85.1008333,27.745],[85.1141667,27.7458333],[85.1216667,27.7391667],[85.1308333,27.7375],[85.1375,27.7333333]]},{"type":"LineString","coordinates":[[85.8608333,27.755],[85.8608333,27.7516667],[85.8766667,27.74]]},{"type":"LineString","coordinates":[[85.8608333,27.755],[85.87,27.7575],[85.875,27.7641667],[85.8783333,27.7641667]]},{"type":"LineString","coordinates":[[86.2191667,27.7558333],[86.2266667,27.745],[86.235,27.7408333],[86.2533333,27.7391667],[86.27,27.7325]]},{"type":"LineString","coordinates":[[86.2191667,27.7558333],[86.2266667,27.7575],[86.24,27.7675],[86.2633333,27.7741667],[86.2791667,27.7875],[86.285,27.7875]]},{"type":"LineString","coordinates":[[82.222254,27.7560147],[82.2325,27.7616667]]},{"type":"LineString","coordinates":[[87.5508333,27.7575],[87.5725,27.735],[87.5775,27.725]]},{"type":"LineString","coordinates":[[87.5508333,27.7575],[87.5625,27.7625],[87.58,27.7608333]]},{"type":"LineString","coordinates":[[86.1966667,27.7591667],[86.2191667,27.7558333]]},{"type":"LineString","coordinates":[[86.1966667,27.7591667],[86.2033333,27.7758333],[86.2241667,27.8066667],[86.2283333,27.8225]]},{"type":"LineString","coordinates":[[87.58,27.7608333],[87.6016667,27.7533333]]},{"type":"LineString","coordinates":[[87.58,27.7608333],[87.5858333,27.7641667],[87.5958333,27.7641667],[87.6183333,27.78],[87.6383333,27.7883333]]},{"type":"LineString","coordinates":[[85.8783333,27.7641667],[85.89,27.7558333]]},{"type":"LineString","coordinates":[[85.8783333,27.7641667],[85.8933333,27.7791667]]},{"type":"LineString","coordinates":[[87.4458333,27.765],[87.4633333,27.7566667],[87.4825,27.7558333],[87.4891667,27.7516667],[87.4891667,27.7466667],[87.4958333,27.7491667],[87.4991667,27.7441667]]},{"type":"LineString","coordinates":[[87.4458333,27.765],[87.4508333,27.7733333],[87.4508333,27.7816667]]},{"type":"LineString","coordinates":[[88.0041667,27.765],[88.0191667,27.7716667]]},{"type":"LineString","coordinates":[[88.0041667,27.765],[88.0283333,27.7825],[88.0258333,27.785],[88.0325,27.79],[88.0308333,27.795],[88.0341667,27.8125]]},{"type":"LineString","coordinates":[[87.7258333,27.7666667],[87.7158333,27.7741667]]},{"type":"LineString","coordinates":[[87.7258333,27.7666667],[87.7291667,27.7775],[87.7441667,27.785]]},{"type":"LineString","coordinates":[[86.7216667,27.77],[86.7383333,27.7716667],[86.7641667,27.7558333],[86.7716667,27.7558333]]},{"type":"LineString","coordinates":[[86.7216667,27.77],[86.72,27.7733333],[86.7233333,27.7808333],[86.7191667,27.79]]},{"type":"LineString","coordinates":[[88.0191667,27.7716667],[88.0491667,27.7525]]},{"type":"LineString","coordinates":[[88.0191667,27.7716667],[88.0391667,27.7875],[88.0508333,27.7875],[88.0625,27.7833333],[88.0725,27.7858333],[88.0875,27.7833333]]},{"type":"LineString","coordinates":[[85.7641667,27.7775],[85.7483333,27.7891667],[85.7375,27.7916667]]},{"type":"LineString","coordinates":[[85.7641667,27.7775],[85.7616667,27.7891667],[85.7658333,27.7975],[85.765,27.8075],[85.7725,27.8366667]]},{"type":"LineString","coordinates":[[85.8933333,27.7791667],[85.9025,27.7775],[85.9241667,27.7833333],[85.9466667,27.7808333],[85.9525,27.7841667],[85.9608333,27.7816667]]},{"type":"LineString","coordinates":[[85.8933333,27.7791667],[85.8991667,27.7875],[85.8925,27.8041667],[85.8683333,27.8291667],[85.8691667,27.8333333],[85.88,27.8416667],[85.8775,27.8641667],[85.8825,27.8733333]]},{"type":"LineString","coordinates":[[88.1366667,27.7791667],[88.145,27.7791667]]},{"type":"LineString","coordinates":[[88.1366667,27.7791667],[88.1425,27.7858333],[88.1391667,27.7925],[88.1391667,27.8216667],[88.1425,27.825]]},{"type":"LineString","coordinates":[[87.2691667,27.7808333],[87.2291667,27.7858333]]},{"type":"LineString","coordinates":[[87.2691667,27.7808333],[87.2691667,27.7975]]},{"type":"LineString","coordinates":[[85.9608333,27.7816667],[85.97,27.7766667]]},{"type":"LineString","coordinates":[[85.9608333,27.7816667],[85.9766667,27.7908333]]},{"type":"LineString","coordinates":[[87.4508333,27.7816667],[87.4533333,27.7908333],[87.4625,27.8025],[87.475,27.8075],[87.4841667,27.805],[87.4941667,27.8066667]]},{"type":"LineString","coordinates":[[87.4508333,27.7816667],[87.4433333,27.7833333],[87.435,27.7908333],[87.4308333,27.8091667],[87.4133333,27.8208333],[87.4025,27.8325],[87.4066667,27.8383333],[87.4275,27.8391667],[87.4316667,27.8433333]]},{"type":"LineString","coordinates":[[84.9341667,27.7833333],[84.9383333,27.76],[84.9333333,27.7533333],[84.9475,27.7425]]},{"type":"LineString","coordinates":[[84.9341667,27.7833333],[84.9316667,27.78],[84.9258333,27.7875],[84.92,27.7841667],[84.9216667,27.7808333],[84.9191667,27.7808333],[84.9183333,27.775],[84.9133333,27.7683333],[84.9133333,27.7641667],[84.9191667,27.7575],[84.9166667,27.7541667]]},{"type":"LineString","coordinates":[[88.0875,27.7833333],[88.0925,27.7791667],[88.1175,27.7775],[88.1225,27.7616667]]},{"type":"LineString","coordinates":[[88.0875,27.7833333],[88.0925,27.7858333],[88.1191667,27.7825],[88.1275,27.775],[88.1366667,27.7791667]]},{"type":"LineString","coordinates":[[82.1641901,27.7845188],[82.1683333,27.7858333]]},{"type":"LineString","coordinates":[[85.5733333,27.785],[85.5533333,27.7966667],[85.5391667,27.7958333],[85.505,27.8141667]]},{"type":"LineString","coordinates":[[85.5733333,27.785],[85.5775,27.8325]]},{"type":"LineString","coordinates":[[86.285,27.7875],[86.2916667,27.7808333],[86.3041667,27.7766667]]},{"type":"LineString","coordinates":[[86.285,27.7875],[86.2916667,27.7916667],[86.3033333,27.81],[86.3091667,27.8083333],[86.3316667,27.8158333],[86.3441667,27.8266667],[86.38,27.8291667]]},{"type":"LineString","coordinates":[[81.775,27.7883333],[81.7713704,27.789963]]},{"type":"LineString","coordinates":[[86.1175,27.7883333],[86.1083333,27.7925],[86.0808333,27.7958333]]},{"type":"LineString","coordinates":[[86.1175,27.7883333],[86.1125,27.7991667],[86.1133333,27.805],[86.0958333,27.8225],[86.0966667,27.83]]},{"type":"LineString","coordinates":[[81.7776985,27.7893958],[81.7883333,27.8016667],[81.7975,27.8066667],[81.8083333,27.8041667],[81.8094655,27.8019024]]},{"type":"LineString","coordinates":[[86.7191667,27.79],[86.7108333,27.7925],[86.6975,27.8041667],[86.6891667,27.8058333],[86.6791667,27.8191667],[86.665,27.825],[86.6558333,27.8333333]]},{"type":"LineString","coordinates":[[86.7191667,27.79],[86.7266667,27.8033333],[86.735,27.8108333],[86.7466667,27.8358333]]},{"type":"LineString","coordinates":[[83.5466667,27.7966667],[83.5275,27.795],[83.5266667,27.7975],[83.525,27.7958333],[83.5225,27.7983333],[83.5208333,27.7975],[83.5158333,27.7983333],[83.5141667,27.8008333],[83.515,27.8041667]]},{"type":"LineString","coordinates":[[83.5466667,27.7966667],[83.5466667,27.7991667],[83.5533333,27.8],[83.5558333,27.7975],[83.5575,27.7991667],[83.5608333,27.7983333],[83.5616667,27.7991667],[83.5608333,27.8016667],[83.5683333,27.8066667],[83.5725,27.8041667],[83.575,27.8066667],[83.5766667,27.8058333],[83.5825,27.8133333],[83.5775,27.8191667],[83.5775,27.8216667],[83.5816667,27.8258333],[83.5891667,27.825],[83.59,27.8233333],[83.5941667,27.825],[83.5966667,27.8225],[83.6,27.8216667],[83.6108333,27.8225],[83.6233333,27.82]]},{"type":"LineString","coordinates":[[87.0866667,27.7991667],[87.0775,27.795],[87.0475,27.8083333],[87.0433333,27.8075]]},{"type":"LineString","coordinates":[[87.0866667,27.7991667],[87.08,27.8008333],[87.0816667,27.8041667],[87.0708333,27.8166667],[87.0816667,27.8458333],[87.0683333,27.8575],[87.0516667,27.8608333],[87.04,27.8725],[87.0325,27.8741667],[87.0241667,27.8808333],[87.02,27.88],[87.0,27.9041667],[87.0033333,27.9116667]]},{"type":"LineString","coordinates":[[85.0,27.8016667],[85.0125,27.7908333],[85.015,27.7816667],[85.0233333,27.7808333],[85.0266667,27.7741667],[85.0333333,27.775],[85.0358333,27.77],[85.0475,27.7633333],[85.0441667,27.76],[85.0466667,27.7575],[85.0458333,27.75],[85.0516667,27.7533333],[85.055,27.75],[85.0625,27.7541667],[85.065,27.7533333]]},{"type":"LineString","coordinates":[[85.0,27.8016667],[85.0133333,27.8066667],[85.0141667,27.8091667]]},{"type":"LineString","coordinates":[[82.7958333,27.8041667],[82.8008333,27.81],[82.8033333,27.81],[82.8033333,27.8125],[82.7991667,27.815]]},{"type":"LineString","coordinates":[[82.7958333,27.8041667],[82.7975,27.7966667],[82.8016667,27.795],[82.8125,27.7933333],[82.8208333,27.795],[82.8241667,27.7925],[82.8416667,27.7908333],[82.8441667,27.7933333],[82.8575,27.7916667],[82.8591667,27.795],[82.8541667,27.8016667],[82.8591667,27.8058333],[82.8691667,27.8],[82.8716667,27.8041667],[82.885,27.805],[82.8908333,27.8091667],[82.895,27.8066667],[82.8991667,27.8091667],[82.9066667,27.8025],[82.91,27.8041667],[82.9116667,27.8],[82.9191667,27.8016667],[82.9225,27.7958333],[82.9241667,27.7975],[82.9333333,27.7958333],[82.935,27.8016667],[82.9383333,27.8025],[82.9408333,27.8075],[82.9466667,27.8116667],[82.9558333,27.8116667],[82.9541667,27.815],[82.9566667,27.8166667]]},{"type":"LineString","coordinates":[[83.515,27.8041667],[83.5141667,27.8066667],[83.5166667,27.8091667],[83.5191667,27.8091667],[83.525,27.8133333]]},{"type":"LineString","coordinates":[[83.515,27.8041667],[83.5125,27.8033333],[83.5108333,27.8058333],[83.5058333,27.8058333],[83.5,27.8091667],[83.4975,27.8075],[83.4925,27.81],[83.4866667,27.81],[83.4808333,27.815],[83.4783333,27.815],[83.4808333,27.82],[83.48,27.8216667]]},{"type":"LineString","coordinates":[[84.75,27.805],[84.7608333,27.7858333],[84.7691667,27.7816667]]},{"type":"LineString","coordinates":[[84.75,27.805],[84.7558333,27.8083333],[84.7566667,27.8141667],[84.7625,27.8183333],[84.7658333,27.8183333],[84.7733333,27.8083333],[84.7825,27.8141667]]},{"type":"LineString","coordinates":[[81.8190169,27.8056628],[81.8166667,27.8108333],[81.8183333,27.8158333],[81.8333333,27.8225],[81.8366667,27.8291667],[81.8283333,27.8391667],[81.8241667,27.8375],[81.8233333,27.8408333],[81.82,27.84],[81.815,27.8433333],[81.8125,27.8533333],[81.8158333,27.8608333],[81.81,27.8683333],[81.8025,27.8641667],[81.7908333,27.865],[81.7875,27.8791667],[81.7958333,27.8891667],[81.7916667,27.895]]},{"type":"LineString","coordinates":[[87.4941667,27.8066667],[87.5041667,27.8008333],[87.52,27.7991667]]},{"type":"LineString","coordinates":[[87.4941667,27.8066667],[87.5025,27.8175],[87.5183333,27.8233333]]},{"type":"LineString","coordinates":[[84.6966667,27.8075],[84.6933333,27.8033333],[84.6958333,27.8],[84.69,27.7991667],[84.6933333,27.795],[84.69,27.7891667],[84.6925,27.7866667],[84.6916667,27.7783333],[84.6933333,27.7766667],[84.6916667,27.7716667],[84.6866667,27.7675],[84.6875,27.7658333]]},{"type":"LineString","coordinates":[[84.6966667,27.8075],[84.6975,27.8083333],[84.7075,27.8075],[84.7075,27.8025],[84.7116667,27.8],[84.72,27.8033333],[84.73,27.7958333],[84.7366667,27.7983333],[84.7383333,27.8041667],[84.75,27.805]]},{"type":"LineString","coordinates":[[84.8358333,27.8083333],[84.8316667,27.8041667],[84.8375,27.7991667],[84.8283333,27.79],[84.8308333,27.7783333],[84.8233333,27.7708333],[84.8225,27.7558333],[84.82,27.7525],[84.815,27.7516667],[84.815,27.7466667],[84.8083333,27.7425],[84.8083333,27.7366667],[84.805,27.7358333],[84.8041667,27.7308333],[84.8241667,27.7208333],[84.8375,27.7091667]]},{"type":"LineString","coordinates":[[84.8358333,27.8083333],[84.84,27.8016667],[84.8466667,27.8033333],[84.85,27.8083333],[84.8591667,27.8075],[84.8641667,27.8016667],[84.8708333,27.8025],[84.8725,27.8075],[84.8808333,27.81],[84.9,27.8058333],[84.9058333,27.8075],[84.9075,27.8041667],[84.9125,27.805],[84.9158333,27.8008333],[84.925,27.7975],[84.9358333,27.805],[84.9391667,27.8041667],[84.9475,27.8166667],[84.9525,27.8158333]]},{"type":"LineString","coordinates":[[81.7287939,27.8090789],[81.7291667,27.8166667],[81.725,27.8166667],[81.725,27.8191667],[81.7283333,27.8258333],[81.735,27.8283333],[81.735,27.8308333],[81.7333333,27.8425],[81.7266667,27.8508333]]},{"type":"LineString","coordinates":[[82.5158333,27.8091667],[82.515,27.8033333],[82.52,27.7933333],[82.5175,27.7883333],[82.5233333,27.7841667],[82.5233333,27.78]]},{"type":"LineString","coordinates":[[82.5158333,27.8091667],[82.5216667,27.805],[82.5225,27.8],[82.53,27.7991667],[82.5375,27.79]]},{"type":"LineString","coordinates":[[85.0141667,27.8091667],[85.0275,27.8166667],[85.0308333,27.815],[85.0408333,27.8166667],[85.0433333,27.8116667],[85.0483333,27.8108333],[85.0458333,27.8033333],[85.0525,27.7966667],[85.0558333,27.7975],[85.0641667,27.7925],[85.075,27.7925],[85.0866667,27.7883333],[85.105,27.7741667],[85.11,27.7758333],[85.1141667,27.7741667],[85.115,27.7691667],[85.1175,27.7666667],[85.12,27.7675],[85.125,27.7608333],[85.1283333,27.7608333],[85.1308333,27.7641667],[85.135,27.7616667],[85.1391667,27.7658333],[85.15,27.7641667],[85.1516667,27.7666667],[85.1766667,27.7675],[85.1783333,27.7716667],[85.1983333,27.7691667],[85.2016667,27.7708333],[85.2016667,27.7733333],[85.205,27.77],[85.2066667,27.7733333],[85.2116667,27.7716667],[85.2133333,27.7741667],[85.2216667,27.7758333],[85.2241667,27.7725],[85.2458333,27.775]]},{"type":"LineString","coordinates":[[85.0141667,27.8091667],[85.0116667,27.8108333],[85.0175,27.8225],[85.0166667,27.8266667],[85.0225,27.8325]]},{"type":"LineString","coordinates":[[88.0341667,27.8125],[88.0383333,27.81],[88.045,27.8133333],[88.06,27.8108333],[88.07,27.8166667]]},{"type":"LineString","coordinates":[[88.0341667,27.8125],[88.0408333,27.8283333],[88.0375,27.8325],[88.0408333,27.8375],[88.0233333,27.8566667]]},{"type":"LineString","coordinates":[[83.2091667,27.8133333],[83.2225,27.8241667],[83.2333333,27.8225],[83.2383333,27.8275],[83.2491667,27.8316667]]},{"type":"LineString","coordinates":[[83.2091667,27.8133333],[83.1991667,27.8191667],[83.1958333,27.8308333],[83.1925,27.83],[83.1908333,27.8333333],[83.1883333,27.8325],[83.185,27.8358333],[83.1808333,27.8333333],[83.1725,27.8366667],[83.1616667,27.8358333],[83.1575,27.8383333],[83.1525,27.8366667],[83.1508333,27.8391667],[83.1441667,27.84],[83.1441667,27.8433333],[83.14,27.845]]},{"type":"LineString","coordinates":[[84.7825,27.8141667],[84.7875,27.815],[84.7933333,27.8125],[84.8091667,27.8175],[84.8191667,27.8075],[84.8233333,27.8091667],[84.8216667,27.8141667],[84.825,27.8183333],[84.83,27.8183333],[84.835,27.8141667]]},{"type":"LineString","coordinates":[[84.7825,27.8141667],[84.7741667,27.8233333],[84.7733333,27.83],[84.7758333,27.8358333],[84.7675,27.8441667],[84.7683333,27.8508333],[84.765,27.8541667],[84.7658333,27.8583333],[84.7566667,27.8608333],[84.7541667,27.8666667],[84.755,27.8716667],[84.7458333,27.88],[84.7491667,27.8858333],[84.7358333,27.8916667],[84.7375,27.8966667]]},{"type":"LineString","coordinates":[[84.835,27.8141667],[84.8358333,27.8083333]]},{"type":"LineString","coordinates":[[84.835,27.8141667],[84.8366667,27.815],[84.8408333,27.8141667],[84.8416667,27.82],[84.8458333,27.825],[84.845,27.8316667],[84.8475,27.835],[84.8433333,27.8408333],[84.8491667,27.8491667],[84.855,27.85],[84.8608333,27.8558333],[84.86,27.8583333],[84.8666667,27.8641667],[84.8741667,27.8791667]]},{"type":"LineString","coordinates":[[87.8658333,27.815],[87.8733333,27.8233333],[87.89,27.8333333]]},{"type":"LineString","coordinates":[[87.8658333,27.815],[87.8333333,27.8441667],[87.8258333,27.8616667],[87.805,27.885]]},{"type":"LineString","coordinates":[[84.9525,27.8158333],[84.95,27.81],[84.95,27.7991667],[84.9483333,27.7983333],[84.9475,27.8025],[84.945,27.8025],[84.945,27.7966667],[84.9383333,27.7941667],[84.9425,27.7908333],[84.9341667,27.7833333]]},{"type":"LineString","coordinates":[[84.9525,27.8158333],[84.9583333,27.8183333],[84.9625,27.8166667],[84.965,27.8108333],[84.9691667,27.8108333],[84.9691667,27.8066667],[84.9733333,27.8016667],[84.98,27.8016667],[84.985,27.805],[85.0,27.8016667]]},{"type":"LineString","coordinates":[[84.495,27.82],[84.4941667,27.8166667],[84.4966667,27.815],[84.495,27.8108333],[84.5008333,27.8066667],[84.5141667,27.805],[84.5183333,27.7966667],[84.5283333,27.8058333],[84.5341667,27.805],[84.5366667,27.7983333],[84.54,27.8008333],[84.5441667,27.7983333],[84.5516667,27.8008333],[84.5533333,27.795],[84.5583333,27.7975],[84.5633333,27.7958333],[84.565,27.7916667],[84.5683333,27.7933333],[84.5675,27.7891667],[84.5716667,27.7883333],[84.5758333,27.7808333],[84.58,27.7825],[84.58,27.7866667],[84.5775,27.7908333],[84.575,27.7908333],[84.5766667,27.7941667],[84.575,27.7966667],[84.5816667,27.8],[84.5825,27.805],[84.5866667,27.8025],[84.5875,27.8058333],[84.5841667,27.8091667],[84.5858333,27.8116667],[84.5966667,27.8125],[84.5991667,27.8166667]]},{"type":"LineString","coordinates":[[84.495,27.82],[84.4958333,27.8208333],[84.5025,27.82],[84.5141667,27.815],[84.52,27.82],[84.52,27.8308333],[84.5233333,27.8333333],[84.5391667,27.8341667],[84.5441667,27.8316667],[84.5525,27.8333333],[84.5575,27.8391667],[84.5583333,27.8575]]},{"type":"LineString","coordinates":[[84.4558333,27.8208333],[84.4658333,27.8191667],[84.4658333,27.8241667],[84.4725,27.8241667],[84.495,27.82]]},{"type":"LineString","coordinates":[[84.4558333,27.8208333],[84.4658333,27.8275],[84.4675,27.83],[84.4658333,27.8325],[84.4533333,27.835],[84.4375,27.8341667],[84.4325,27.845],[84.42,27.8433333],[84.4133333,27.85],[84.41,27.8483333],[84.4,27.8516667],[84.3975,27.8566667],[84.3816667,27.8691667],[84.3708333,27.87],[84.36,27.8675],[84.345,27.8783333]]},{"type":"LineString","coordinates":[[86.2283333,27.8225],[86.23,27.8183333],[86.2341667,27.8183333],[86.2425,27.8266667],[86.2575,27.83],[86.2733333,27.8458333]]},{"type":"LineString","coordinates":[[86.2283333,27.8225],[86.2175,27.8408333],[86.2216667,27.8566667],[86.2225,27.8816667]]},{"type":"LineString","coordinates":[[82.7458333,27.825],[82.7566667,27.8116667],[82.7683333,27.8108333],[82.7858333,27.795],[82.7875,27.7958333],[82.7866667,27.8025],[82.7891667,27.805],[82.7958333,27.8041667]]},{"type":"LineString","coordinates":[[82.7458333,27.825],[82.76,27.8375],[82.7808333,27.8433333],[82.7916667,27.8558333],[82.805,27.8558333],[82.8075,27.8591667]]},{"type":"LineString","coordinates":[[86.0966667,27.83],[86.0925,27.8325],[86.0733333,27.8308333],[86.0658333,27.8341667]]},{"type":"LineString","coordinates":[[86.0966667,27.83],[86.1041667,27.8383333],[86.1041667,27.8475],[86.1,27.8558333],[86.1075,27.8716667],[86.1066667,27.8833333],[86.1091667,27.8858333]]},{"type":"LineString","coordinates":[[85.0225,27.8325],[85.0225,27.8375],[85.0191667,27.8416667],[85.0275,27.8475],[85.0316667,27.8541667],[85.0366667,27.8533333],[85.0441667,27.8566667],[85.0483333,27.8525],[85.0516667,27.8525],[85.0591667,27.86],[85.065,27.8591667]]},{"type":"LineString","coordinates":[[85.0225,27.8325],[85.0208333,27.8341667],[85.0141667,27.8325],[85.0125,27.8366667],[85.0058333,27.8416667],[85.0075,27.8466667],[85.005,27.8483333],[85.005,27.8525],[85.0016667,27.8525],[84.9991667,27.8558333],[84.9933333,27.855],[84.99,27.8583333],[84.9908333,27.8608333]]},{"type":"LineString","coordinates":[[85.5775,27.8325],[85.5625,27.8383333],[85.5533333,27.8508333],[85.5475,27.8533333],[85.54,27.8683333]]},{"type":"LineString","coordinates":[[85.5775,27.8325],[85.59,27.86],[85.6183333,27.89],[85.6175,27.895],[85.6241667,27.9083333]]},{"type":"LineString","coordinates":[[82.0656232,27.8329062],[82.0741667,27.8391667],[82.0766667,27.8458333],[82.0841667,27.8475],[82.0833333,27.8533333]]},{"type":"LineString","coordinates":[[86.6558333,27.8333333],[86.635,27.8225],[86.6125,27.8208333],[86.6041667,27.8233333]]},{"type":"LineString","coordinates":[[86.6558333,27.8333333],[86.6441667,27.8433333],[86.6458333,27.855]]},{"type":"LineString","coordinates":[[87.89,27.8333333],[87.9216667,27.8391667],[87.9366667,27.8383333]]},{"type":"LineString","coordinates":[[87.89,27.8333333],[87.8966667,27.8425],[87.895,27.8541667]]},{"type":"LineString","coordinates":[[86.7466667,27.8358333],[86.7575,27.8425],[86.7633333,27.84],[86.7741667,27.8433333],[86.78,27.85],[86.7908333,27.8516667],[86.795,27.8558333]]},{"type":"LineString","coordinates":[[86.7466667,27.8358333],[86.7425,27.8441667],[86.745,27.8508333],[86.7383333,27.8575],[86.7325,27.8791667],[86.7258333,27.8841667],[86.7225,27.8958333],[86.7241667,27.9033333],[86.7091667,27.9233333],[86.7083333,27.9308333],[86.7133333,27.9375],[86.71,27.9441667],[86.7125,27.9458333],[86.7083333,27.9516667],[86.6991667,27.9533333]]},{"type":"LineString","coordinates":[[81.8973268,27.8364935],[81.8983333,27.845],[81.8933333,27.8483333],[81.8966667,27.8575],[81.8925,27.8633333],[81.895,27.8658333]]},{"type":"LineString","coordinates":[[85.7725,27.8366667],[85.795,27.8416667]]},{"type":"LineString","coordinates":[[85.7725,27.8366667],[85.7733333,27.8416667],[85.76,27.8566667],[85.7541667,27.8658333],[85.7541667,27.8716667],[85.7591667,27.8791667],[85.7591667,27.8975],[85.7675,27.905],[85.7683333,27.9125],[85.775,27.92],[85.7733333,27.9225],[85.7908333,27.9525],[85.7966667,27.9833333]]},{"type":"LineString","coordinates":[[82.56,27.8375],[82.575,27.8358333],[82.5841667,27.84],[82.5908333,27.835],[82.6025,27.8316667],[82.6083333,27.8233333],[82.6283333,27.8158333],[82.635,27.8158333],[82.6383333,27.8183333],[82.6525,27.8175],[82.66,27.8208333],[82.6616667,27.8183333],[82.6641667,27.8208333],[82.6683333,27.8191667],[82.6791667,27.8241667],[82.6858333,27.8216667],[82.7083333,27.8216667],[82.7191667,27.8191667],[82.7233333,27.8216667],[82.7275,27.8191667],[82.735,27.8216667],[82.7358333,27.82],[82.7458333,27.825]]},{"type":"LineString","coordinates":[[82.56,27.8375],[82.5691667,27.8458333],[82.5758333,27.8416667],[82.5775,27.8475],[82.5975,27.8525],[82.605,27.8491667],[82.6108333,27.85],[82.615,27.845],[82.62,27.845],[82.6233333,27.8416667],[82.6266667,27.8466667],[82.6325,27.845],[82.6358333,27.8491667],[82.6391667,27.8491667],[82.6391667,27.8466667],[82.6458333,27.85],[82.65,27.8475],[82.6516667,27.8516667],[82.6575,27.8525],[82.6608333,27.8483333],[82.6683333,27.8525],[82.6733333,27.8475],[82.6766667,27.8475],[82.6791667,27.8525],[82.6983333,27.8541667]]},{"type":"LineString","coordinates":[[82.4916667,27.8383333],[82.5058333,27.8316667],[82.5141667,27.8175],[82.5158333,27.8091667]]},{"type":"LineString","coordinates":[[82.4916667,27.8383333],[82.5,27.8433333],[82.515,27.8408333]]},{"type":"LineString","coordinates":[[87.9366667,27.8383333],[87.9525,27.835]]},{"type":"LineString","coordinates":[[87.9366667,27.8383333],[87.9375,27.8391667]]},{"type":"LineString","coordinates":[[82.4791667,27.8391667],[82.4766667,27.8375],[82.4791667,27.8325],[82.4866667,27.8275],[82.4875,27.805],[82.4833333,27.8],[82.485,27.7958333],[82.4833333,27.7941667],[82.48,27.7958333],[82.4733333,27.79]]},{"type":"LineString","coordinates":[[82.4791667,27.8391667],[82.485,27.835],[82.4916667,27.8383333]]},{"type":"LineString","coordinates":[[82.515,27.8408333],[82.515,27.835],[82.5191667,27.8341667],[82.5225,27.8283333],[82.5283333,27.8266667],[82.5308333,27.8291667],[82.5341667,27.8216667],[82.54,27.8241667]]},{"type":"LineString","coordinates":[[82.515,27.8408333],[82.5275,27.8466667],[82.5391667,27.835],[82.56,27.8375]]},{"type":"LineString","coordinates":[[82.0447967,27.8431301],[82.0483333,27.8525],[82.0533333,27.8533333],[82.0558333,27.8566667]]},{"type":"LineString","coordinates":[[87.4316667,27.8433333],[87.4375,27.8408333],[87.445,27.8491667]]},{"type":"LineString","coordinates":[[87.4316667,27.8433333],[87.4333333,27.8466667],[87.4266667,27.8525],[87.425,27.8608333],[87.4208333,27.8641667]]},{"type":"LineString","coordinates":[[84.1625,27.8458333],[84.1625,27.8408333],[84.1566667,27.8391667],[84.155,27.8483333],[84.1491667,27.8475],[84.1416667,27.85]]},{"type":"LineString","coordinates":[[84.1625,27.8458333],[84.16,27.85],[84.1683333,27.8591667]]},{"type":"LineString","coordinates":[[84.17,27.8458333],[84.1741667,27.84],[84.1758333,27.8316667],[84.185,27.825],[84.1825,27.8208333],[84.1841667,27.815]]},{"type":"LineString","coordinates":[[84.17,27.8458333],[84.1641667,27.8466667],[84.1625,27.8458333]]},{"type":"LineString","coordinates":[[82.475,27.8466667],[82.4791667,27.8391667]]},{"type":"LineString","coordinates":[[82.475,27.8466667],[82.4766667,27.8458333],[82.4866667,27.8475],[82.5,27.8558333],[82.4991667,27.8766667],[82.5108333,27.8883333],[82.51,27.8975],[82.5158333,27.9],[82.5158333,27.9058333],[82.5225,27.9075],[82.52,27.91],[82.5208333,27.9125],[82.5183333,27.9133333],[82.5216667,27.9166667],[82.5216667,27.9225]]},{"type":"LineString","coordinates":[[84.1216667,27.8466667],[84.1175,27.8366667],[84.1108333,27.8325],[84.1116667,27.825],[84.105,27.82],[84.1041667,27.815]]},{"type":"LineString","coordinates":[[84.1216667,27.8466667],[84.1208333,27.8516667],[84.1133333,27.8525],[84.11,27.8616667],[84.1058333,27.86],[84.1033333,27.855],[84.0966667,27.8583333]]},{"type":"LineString","coordinates":[[81.9245857,27.8472253],[81.9266667,27.85],[81.925,27.8641667],[81.9283333,27.8758333],[81.9416667,27.8825],[81.9475,27.8875],[81.9466667,27.89],[81.95,27.8908333]]},{"type":"LineString","coordinates":[[87.445,27.8491667],[87.45,27.8541667],[87.4641667,27.8516667],[87.4791667,27.8533333]]},{"type":"LineString","coordinates":[[87.445,27.8491667],[87.4441667,27.8525],[87.4533333,27.8641667],[87.4533333,27.87],[87.4616667,27.8825],[87.4583333,27.8975],[87.4541667,27.9025],[87.4566667,27.9133333],[87.4691667,27.9191667],[87.4941667,27.9141667]]},{"type":"LineString","coordinates":[[84.1416667,27.85],[84.1275,27.845],[84.1216667,27.8466667]]},{"type":"LineString","coordinates":[[84.1416667,27.85],[84.1433333,27.8641667],[84.1375,27.8641667],[84.1375,27.8683333],[84.1308333,27.8641667],[84.1291667,27.8658333],[84.1325,27.8708333],[84.1275,27.8775],[84.1275,27.8866667]]},{"type":"LineString","coordinates":[[81.7266667,27.8508333],[81.72,27.8558333],[81.72,27.8608333],[81.7183333,27.86]]},{"type":"LineString","coordinates":[[81.7266667,27.8508333],[81.745,27.8583333],[81.7383333,27.8658333],[81.7366667,27.8725],[81.73,27.875],[81.7275,27.88],[81.7241667,27.8791667],[81.7166667,27.8833333],[81.7166667,27.8883333],[81.7141667,27.89],[81.7158333,27.895],[81.7133333,27.8966667],[81.715,27.8983333],[81.7066667,27.9025],[81.7091667,27.9075],[81.7033333,27.9125]]},{"type":"LineString","coordinates":[[86.6458333,27.855],[86.6216667,27.865],[86.6108333,27.8641667],[86.5991667,27.8683333],[86.5958333,27.8725]]},{"type":"LineString","coordinates":[[86.6458333,27.855],[86.6425,27.875],[86.6341667,27.8908333],[86.6316667,27.91],[86.6141667,27.94]]},{"type":"LineString","coordinates":[[86.795,27.8558333],[86.8116667,27.8591667],[86.8291667,27.8358333]]},{"type":"LineString","coordinates":[[86.795,27.8558333],[86.8041667,27.8666667],[86.8133333,27.87],[86.8158333,27.8783333]]},{"type":"LineString","coordinates":[[82.0558333,27.8566667],[82.0583333,27.8575],[82.0608333,27.855],[82.0625,27.8566667]]},{"type":"LineString","coordinates":[[82.0558333,27.8566667],[82.0525,27.8658333],[82.055,27.8683333],[82.0533333,27.8758333],[82.0558333,27.88],[82.0508333,27.89],[82.06,27.8966667],[82.0591667,27.905]]},{"type":"LineString","coordinates":[[84.5583333,27.8575],[84.5675,27.8583333],[84.575,27.8625],[84.5775,27.865],[84.5766667,27.8708333],[84.59,27.88],[84.6091667,27.8716667],[84.6133333,27.8725],[84.6183333,27.88],[84.6216667,27.8808333],[84.6275,27.8775],[84.6275,27.8716667],[84.6333333,27.8683333]]},{"type":"LineString","coordinates":[[84.5583333,27.8575],[84.5475,27.8633333],[84.5525,27.87],[84.5458333,27.8691667],[84.5408333,27.875],[84.5408333,27.8783333],[84.545,27.8816667],[84.54,27.8866667],[84.54,27.8983333],[84.545,27.905]]},{"type":"LineString","coordinates":[[84.0966667,27.8583333],[84.0916667,27.8533333],[84.0933333,27.85],[84.0725,27.8283333],[84.0558333,27.8258333],[84.0475,27.83],[84.0333333,27.8283333],[84.0266667,27.83],[84.025,27.8283333],[84.0266667,27.8208333],[84.0241667,27.8183333]]},{"type":"LineString","coordinates":[[84.0966667,27.8583333],[84.0958333,27.86],[84.1016667,27.8658333],[84.0775,27.87],[84.0791667,27.8641667],[84.0708333,27.8641667],[84.0666667,27.8558333],[84.0541667,27.8491667],[84.0516667,27.8491667],[84.05,27.8558333],[84.0433333,27.8558333],[84.0433333,27.8516667],[84.0408333,27.85],[84.0391667,27.8575],[84.0283333,27.8558333],[84.0216667,27.8616667],[84.0158333,27.8591667],[84.0225,27.8533333],[84.0175,27.8508333],[84.0075,27.855],[83.9991667,27.855],[83.9966667,27.8583333],[83.9966667,27.8641667],[83.9925,27.8666667],[83.9783333,27.8658333],[83.9716667,27.8716667],[83.9658333,27.87],[83.9591667,27.8733333],[83.9516667,27.8691667],[83.945,27.8716667]]},{"type":"LineString","coordinates":[[82.8075,27.8591667],[82.8091667,27.8608333],[82.8133333,27.8583333],[82.8191667,27.8591667],[82.8266667,27.8525],[82.83,27.855],[82.8316667,27.8525],[82.8383333,27.855],[82.8416667,27.8525],[82.8458333,27.8541667],[82.8508333,27.85],[82.8583333,27.8516667],[82.8666667,27.85],[82.8733333,27.8533333]]},{"type":"LineString","coordinates":[[82.8075,27.8591667],[82.7925,27.8641667],[82.8016667,27.8683333],[82.8075,27.8675],[82.81,27.8716667],[82.8041667,27.8733333],[82.805,27.8766667]]},{"type":"LineString","coordinates":[[85.065,27.8591667],[85.0666667,27.8558333],[85.075,27.8525],[85.0783333,27.8558333],[85.0883333,27.8566667],[85.0908333,27.8608333],[85.1008333,27.8583333],[85.1075,27.86]]},{"type":"LineString","coordinates":[[85.065,27.8591667],[85.0675,27.8608333],[85.0691667,27.8766667],[85.0475,27.8758333],[85.0416667,27.88]]},{"type":"LineString","coordinates":[[85.1075,27.86],[85.1133333,27.8575],[85.1333333,27.8591667],[85.1366667,27.8641667],[85.145,27.8675],[85.1433333,27.8733333],[85.1475,27.875]]},{"type":"LineString","coordinates":[[85.1075,27.86],[85.1108333,27.8616667],[85.1141667,27.87],[85.1233333,27.8733333],[85.1266667,27.8816667],[85.1375,27.89],[85.1358333,27.8958333],[85.1408333,27.905],[85.1341667,27.9141667],[85.1383333,27.9166667]]},{"type":"LineString","coordinates":[[82.4458333,27.8608333],[82.4525,27.8533333],[82.445,27.8325],[82.4541667,27.82],[82.4525,27.8158333]]},{"type":"LineString","coordinates":[[82.4458333,27.8608333],[82.4608333,27.8658333],[82.465,27.8616667],[82.4666667,27.8533333],[82.475,27.8466667]]},{"type":"LineString","coordinates":[[87.4208333,27.8641667],[87.4191667,27.8616667],[87.4033333,27.8633333],[87.3816667,27.8583333],[87.3683333,27.8591667],[87.35,27.8641667],[87.3441667,27.8733333],[87.3341667,27.8775],[87.33,27.8833333],[87.2958333,27.8883333],[87.29,27.8933333],[87.2825,27.8933333],[87.2691667,27.8991667]]},{"type":"LineString","coordinates":[[87.4208333,27.8641667],[87.4191667,27.8725],[87.3975,27.885],[87.3991667,27.895],[87.3958333,27.8983333],[87.3808333,27.9025],[87.3825,27.9091667]]},{"type":"LineString","coordinates":[[81.895,27.8658333],[81.8983333,27.865],[81.9041667,27.875],[81.9033333,27.8808333],[81.9,27.8808333],[81.8983333,27.8941667]]},{"type":"LineString","coordinates":[[81.895,27.8658333],[81.8933333,27.8675],[81.8908333,27.8658333],[81.8841667,27.8708333],[81.8766667,27.8708333],[81.8733333,27.8733333],[81.8725,27.8775],[81.8666667,27.8791667],[81.8675,27.8825],[81.865,27.88],[81.85,27.89],[81.8483333,27.8883333],[81.8433333,27.8916667],[81.8366667,27.89],[81.8383333,27.8975],[81.8366667,27.9008333]]},{"type":"LineString","coordinates":[[84.6333333,27.8683333],[84.6358333,27.86],[84.6466667,27.8608333],[84.6491667,27.8591667],[84.6475,27.8533333],[84.66,27.85],[84.6641667,27.8408333],[84.6608333,27.8291667],[84.6658333,27.8258333],[84.6691667,27.8175],[84.675,27.8166667],[84.685,27.81],[84.6925,27.81],[84.6966667,27.8075]]},{"type":"LineString","coordinates":[[84.6333333,27.8683333],[84.64,27.8816667]]},{"type":"LineString","coordinates":[[85.54,27.8683333],[85.52,27.8683333]]},{"type":"LineString","coordinates":[[85.54,27.8683333],[85.5433333,27.8816667],[85.54,27.8933333],[85.5458333,27.9091667]]},{"type":"LineString","coordinates":[[83.945,27.8716667],[83.9425,27.87],[83.9391667,27.8716667],[83.9341667,27.8658333],[83.9408333,27.86],[83.9316667,27.8525],[83.9391667,27.8466667],[83.9366667,27.835],[83.95,27.8216667],[83.9458333,27.8183333],[83.9483333,27.815],[83.9475,27.8116667],[83.9333333,27.8125],[83.9308333,27.8083333],[83.9291667,27.8108333],[83.925,27.8108333],[83.9175,27.8033333],[83.915,27.805],[83.9125,27.8025],[83.9075,27.8033333],[83.905,27.8083333],[83.8983333,27.8108333],[83.8866667,27.81],[83.8758333,27.8125],[83.8716667,27.8075],[83.8725,27.7991667],[83.8675,27.7966667],[83.8533333,27.7991667],[83.8391667,27.8058333],[83.8258333,27.7991667],[83.8141667,27.7883333],[83.8141667,27.7841667],[83.7958333,27.7833333],[83.7866667,27.7858333],[83.7833333,27.7925],[83.7808333,27.7925],[83.7816667,27.7991667],[83.7858333,27.8025],[83.7841667,27.8075],[83.7816667,27.8075],[83.7791667,27.8116667],[83.7741667,27.8116667],[83.7691667,27.8175],[83.7625,27.8183333],[83.7558333,27.8225]]},{"type":"LineString","coordinates":[[83.945,27.8716667],[83.94,27.8783333]]},{"type":"LineString","coordinates":[[85.8825,27.8733333],[85.8608333,27.8841667]]},{"type":"LineString","coordinates":[[85.8825,27.8733333],[85.9016667,27.8775],[85.9116667,27.8841667]]},{"type":"LineString","coordinates":[[85.1475,27.875],[85.1516667,27.8675],[85.1616667,27.8625]]},{"type":"LineString","coordinates":[[85.1475,27.875],[85.1508333,27.875],[85.1533333,27.8775],[85.1541667,27.8841667],[85.1591667,27.8891667],[85.1691667,27.89]]},{"type":"LineString","coordinates":[[86.45,27.8758333],[86.46,27.8683333],[86.4716667,27.8666667],[86.4958333,27.8433333],[86.5233333,27.8308333],[86.5375,27.8466667]]},{"type":"LineString","coordinates":[[86.45,27.8758333],[86.4575,27.8775],[86.46,27.875],[86.475,27.8941667],[86.4766667,27.8925],[86.4875,27.8991667]]},{"type":"LineString","coordinates":[[82.805,27.8766667],[82.7975,27.8816667],[82.7916667,27.8808333],[82.79,27.8891667]]},{"type":"LineString","coordinates":[[82.805,27.8766667],[82.8208333,27.895],[82.82,27.8975],[82.8266667,27.9075],[82.8483333,27.9016667],[82.8558333,27.905],[82.8616667,27.9041667],[82.8675,27.9083333],[82.8791667,27.9025],[82.8825,27.9066667],[82.8883333,27.9075],[82.8941667,27.9141667],[82.9041667,27.9075],[82.9175,27.9041667]]},{"type":"LineString","coordinates":[[83.94,27.8783333],[83.9241667,27.8683333],[83.9191667,27.8716667],[83.9116667,27.8716667],[83.91,27.8741667],[83.9141667,27.8775],[83.905,27.8825],[83.89,27.8866667],[83.8841667,27.8825],[83.88,27.8825],[83.8808333,27.8866667],[83.8766667,27.8883333]]},{"type":"LineString","coordinates":[[83.94,27.8783333],[83.9366667,27.8866667],[83.9441667,27.895],[83.9516667,27.89],[83.955,27.8975],[83.9741667,27.9025]]},{"type":"LineString","coordinates":[[84.345,27.8783333],[84.3341667,27.88],[84.3241667,27.8875],[84.3233333,27.9],[84.3141667,27.91]]},{"type":"LineString","coordinates":[[84.345,27.8783333],[84.3558333,27.8891667],[84.3541667,27.8916667],[84.3616667,27.8975],[84.3608333,27.9025],[84.3633333,27.9066667],[84.3616667,27.9125]]},{"type":"LineString","coordinates":[[86.8158333,27.8783333],[86.84,27.8966667],[86.8641667,27.9]]},{"type":"LineString","coordinates":[[86.8158333,27.8783333],[86.8183333,27.8825],[86.8175,27.8958333],[86.8108333,27.9066667],[86.8008333,27.9125],[86.8016667,27.9158333]]},{"type":"LineString","coordinates":[[84.8741667,27.8791667],[84.8716667,27.8833333],[84.8591667,27.8866667],[84.855,27.8933333],[84.85,27.8941667]]},{"type":"LineString","coordinates":[[84.8741667,27.8791667],[84.8775,27.8833333],[84.8766667,27.8875],[84.8733333,27.8891667],[84.8775,27.8925],[84.8775,27.9],[84.885,27.9025],[84.8875,27.9058333],[84.8825,27.9116667]]},{"type":"LineString","coordinates":[[86.2225,27.8816667],[86.2333333,27.88],[86.2525,27.8916667],[86.2608333,27.8925],[86.2725,27.9033333],[86.2958333,27.905],[86.3325,27.9016667],[86.365,27.9058333],[86.3766667,27.9016667],[86.3841667,27.8925],[86.4025,27.8833333],[86.45,27.8758333]]},{"type":"LineString","coordinates":[[86.2225,27.8816667],[86.2233333,27.8858333],[86.2116667,27.8983333],[86.21,27.9066667],[86.215,27.9266667],[86.2125,27.9416667]]},{"type":"LineString","coordinates":[[82.3941667,27.8825],[82.3991667,27.8766667],[82.3983333,27.8683333]]},{"type":"LineString","coordinates":[[82.3941667,27.8825],[82.3958333,27.8833333],[82.4025,27.8816667],[82.425,27.8583333],[82.4325,27.87],[82.4458333,27.8608333]]},{"type":"LineString","coordinates":[[82.3933333,27.8833333],[82.3941667,27.8825]]},{"type":"LineString","coordinates":[[82.3933333,27.8833333],[82.3983333,27.8866667],[82.4075,27.8866667]]},{"type":"LineString","coordinates":[[85.9116667,27.8841667],[85.9516667,27.865],[85.9633333,27.8658333],[85.9783333,27.8616667]]},{"type":"LineString","coordinates":[[85.9116667,27.8841667],[85.9166667,27.9033333],[85.9341667,27.9241667],[85.9358333,27.9316667],[85.9475,27.9408333]]},{"type":"LineString","coordinates":[[83.8766667,27.8883333],[83.8625,27.8833333],[83.86,27.88],[83.8616667,27.875],[83.8575,27.8733333],[83.8516667,27.8741667],[83.8508333,27.88],[83.845,27.8816667],[83.8441667,27.8783333],[83.8475,27.8716667],[83.8441667,27.8683333],[83.8316667,27.8708333],[83.8225,27.8775],[83.8158333,27.8741667],[83.8058333,27.8733333],[83.7975,27.8825],[83.79,27.8841667],[83.7725,27.9058333],[83.76,27.91],[83.7566667,27.9083333],[83.7575,27.9041667],[83.7558333,27.9033333],[83.7458333,27.9083333],[83.7425,27.905],[83.7475,27.9016667],[83.7433333,27.9],[83.7366667,27.9033333],[83.7325,27.9091667],[83.7233333,27.9133333],[83.7183333,27.9208333],[83.7116667,27.9166667],[83.6958333,27.9175],[83.6883333,27.9233333],[83.6858333,27.9175],[83.6816667,27.9166667],[83.6791667,27.9191667],[83.6816667,27.925],[83.6775,27.9275],[83.6733333,27.9266667],[83.6658333,27.92],[83.655,27.9025],[83.6483333,27.9025],[83.645,27.8991667],[83.6416667,27.9025],[83.6358333,27.9]]},{"type":"LineString","coordinates":[[83.8766667,27.8883333],[83.8708333,27.8925],[83.8658333,27.9025],[83.8533333,27.9033333],[83.8483333,27.9083333],[83.85,27.9191667],[83.8591667,27.9225],[83.8625,27.9316667],[83.8625,27.9341667],[83.8583333,27.9358333],[83.86,27.9383333],[83.8683333,27.9383333],[83.8741667,27.9433333],[83.875,27.9475],[83.8791667,27.9508333],[83.8766667,27.9566667],[83.8816667,27.96],[83.89,27.9608333],[83.9016667,27.97],[83.9008333,27.9741667],[83.9083333,27.9791667],[83.9066667,27.9808333],[83.9083333,27.9833333],[83.9066667,27.9975],[83.8991667,28.0058333],[83.9,28.0091667],[83.8975,28.0125],[83.9,28.0141667],[83.8991667,28.0175]]},{"type":"LineString","coordinates":[[82.3591667,27.8891667],[82.3525,27.88],[82.3533333,27.8708333],[82.3575,27.8666667]]},{"type":"LineString","coordinates":[[82.3591667,27.8891667],[82.3641667,27.8858333],[82.3691667,27.8858333],[82.3816667,27.8908333],[82.3883333,27.8883333],[82.39,27.8841667],[82.3933333,27.8833333]]},{"type":"LineString","coordinates":[[82.79,27.8891667],[82.7875,27.89],[82.7875,27.8925],[82.7833333,27.8916667],[82.7791667,27.8975],[82.775,27.8933333],[82.7675,27.9008333],[82.765,27.9066667],[82.7625,27.905],[82.7608333,27.9075],[82.7575,27.9041667],[82.755,27.9058333],[82.755,27.91],[82.7525,27.9066667],[82.7475,27.9091667],[82.7383333,27.9091667],[82.7366667,27.9133333],[82.7316667,27.9116667],[82.7208333,27.9175],[82.7141667,27.9166667],[82.7125,27.9191667]]},{"type":"LineString","coordinates":[[82.79,27.8891667],[82.7916667,27.8908333],[82.79,27.9083333],[82.7825,27.915],[82.77,27.935],[82.7608333,27.9433333],[82.7558333,27.945],[82.7525,27.9425],[82.7425,27.9483333]]},{"type":"LineString","coordinates":[[85.1691667,27.89],[85.1833333,27.8825],[85.1933333,27.885],[85.2,27.8833333],[85.2033333,27.8783333],[85.2016667,27.8758333]]},{"type":"LineString","coordinates":[[85.1691667,27.89],[85.1825,27.9025],[85.1941667,27.9008333],[85.1966667,27.8975],[85.2191667,27.8983333]]},{"type":"LineString","coordinates":[[81.7916667,27.895],[81.7966667,27.8983333],[81.7975,27.9066667],[81.8033333,27.9075],[81.81,27.915]]},{"type":"LineString","coordinates":[[81.7916667,27.895],[81.7858333,27.8975],[81.7816667,27.8958333],[81.7758333,27.8983333],[81.7691667,27.8975],[81.7683333,27.9041667],[81.7558333,27.9125],[81.7558333,27.92],[81.7641667,27.9283333],[81.765,27.9341667]]},{"type":"LineString","coordinates":[[84.7375,27.8966667],[84.7475,27.9075]]},{"type":"LineString","coordinates":[[84.7375,27.8966667],[84.7333333,27.905],[84.735,27.9166667],[84.7316667,27.9258333],[84.7366667,27.9291667],[84.7333333,27.9325],[84.7391667,27.9366667],[84.74,27.9416667]]},{"type":"LineString","coordinates":[[82.335,27.8983333],[82.3491667,27.895],[82.3591667,27.8891667]]},{"type":"LineString","coordinates":[[82.335,27.8983333],[82.3375,27.9091667]]},{"type":"LineString","coordinates":[[85.2191667,27.8983333],[85.2325,27.8958333],[85.2358333,27.8925],[85.2475,27.8933333],[85.2575,27.8841667],[85.2708333,27.8775],[85.2741667,27.8725],[85.2958333,27.8625],[85.3091667,27.865],[85.3141667,27.8591667],[85.32,27.8591667],[85.3258333,27.8616667],[85.345,27.86],[85.3633333,27.8633333],[85.3675,27.8591667],[85.3758333,27.8616667],[85.3908333,27.86],[85.3925,27.8575],[85.3983333,27.8591667],[85.4016667,27.8558333],[85.4125,27.855],[85.4158333,27.8516667]]},{"type":"LineString","coordinates":[[85.2191667,27.8983333],[85.2316667,27.9058333],[85.2425,27.905],[85.2475,27.9091667],[85.2625,27.9075],[85.2658333,27.9116667],[85.275,27.9158333],[85.2866667,27.9175],[85.2925,27.9141667],[85.2958333,27.9175],[85.2958333,27.9125],[85.2983333,27.9125],[85.3008333,27.9166667]]},{"type":"LineString","coordinates":[[87.2691667,27.8991667],[87.2658333,27.8975],[87.2641667,27.89],[87.2483333,27.8775],[87.2483333,27.8733333],[87.2341667,27.8566667],[87.2191667,27.8441667],[87.2091667,27.8441667],[87.1966667,27.8383333],[87.175,27.8441667],[87.1616667,27.8566667],[87.155,27.8583333]]},{"type":"LineString","coordinates":[[87.2691667,27.8991667],[87.23,27.9266667]]},{"type":"LineString","coordinates":[[83.6358333,27.9],[83.6341667,27.8983333],[83.6408333,27.8891667],[83.6458333,27.8716667],[83.6558333,27.8608333]]},{"type":"LineString","coordinates":[[83.6358333,27.9],[83.6325,27.9008333],[83.6333333,27.9141667],[83.625,27.915],[83.6208333,27.9183333],[83.6266667,27.925],[83.625,27.9266667],[83.62,27.9266667],[83.6166667,27.9308333],[83.61,27.925],[83.6008333,27.9233333],[83.5916667,27.9316667],[83.575,27.93],[83.5766667,27.9383333],[83.5708333,27.9433333],[83.565,27.9341667],[83.56,27.935],[83.5508333,27.9283333],[83.5391667,27.9275],[83.5366667,27.93],[83.5375,27.9366667],[83.5316667,27.9391667],[83.53,27.9375],[83.5316667,27.9333333],[83.5233333,27.9241667],[83.5233333,27.93],[83.515,27.9391667],[83.5066667,27.9408333],[83.5033333,27.9366667],[83.51,27.9325],[83.5041667,27.9275],[83.4908333,27.9291667],[83.485,27.9225],[83.4758333,27.925]]},{"type":"LineString","coordinates":[[86.8641667,27.9],[86.8658333,27.9008333]]},{"type":"LineString","coordinates":[[86.8641667,27.9],[86.88,27.8975],[86.9091667,27.9008333],[86.9383333,27.8983333]]},{"type":"LineString","coordinates":[[87.5958333,27.9008333],[87.6091667,27.8808333],[87.6125,27.8675]]},{"type":"LineString","coordinates":[[87.5958333,27.9008333],[87.6041667,27.9083333],[87.6233333,27.9108333],[87.6275,27.9233333],[87.6375,27.9308333],[87.6458333,27.945],[87.6516667,27.9466667]]},{"type":"LineString","coordinates":[[83.9741667,27.9025],[83.9825,27.9033333],[83.9966667,27.9233333],[84.0041667,27.9258333],[84.0083333,27.9233333],[84.01,27.9283333],[84.015,27.9266667]]},{"type":"LineString","coordinates":[[83.9741667,27.9025],[83.975,27.9075],[83.9783333,27.91],[83.9783333,27.9175],[83.9733333,27.9233333],[83.9741667,27.9308333],[83.9691667,27.9391667]]},{"type":"LineString","coordinates":[[82.9175,27.9041667],[82.9216667,27.9041667],[82.925,27.8975],[82.9283333,27.8991667],[82.9325,27.8966667],[82.9358333,27.8975],[82.9383333,27.8933333],[82.9508333,27.8975],[82.9533333,27.895],[82.955,27.8858333],[82.9883333,27.88],[82.9916667,27.8733333],[82.9983333,27.8741667],[82.9958333,27.8716667],[82.9991667,27.865],[82.9966667,27.8633333],[82.9983333,27.8608333],[82.9966667,27.855],[82.9991667,27.8516667],[83.0091667,27.8483333],[83.02,27.8491667],[83.0275,27.8458333],[83.0308333,27.8475],[83.0466667,27.8466667],[83.0533333,27.8558333],[83.0466667,27.8608333],[83.0475,27.8658333],[83.0558333,27.8666667],[83.0575,27.8708333],[83.0641667,27.875],[83.08,27.8725],[83.0858333,27.8691667]]},{"type":"LineString","coordinates":[[82.9175,27.9041667],[82.9258333,27.9141667],[82.9283333,27.9225],[82.94,27.9266667],[82.9425,27.9308333]]},{"type":"LineString","coordinates":[[84.545,27.905],[84.5508333,27.9116667],[84.5466667,27.9108333],[84.5441667,27.9133333],[84.5525,27.9191667],[84.5533333,27.9233333],[84.5575,27.9225],[84.5583333,27.9266667],[84.5533333,27.93],[84.5575,27.9325],[84.5583333,27.9391667]]},{"type":"LineString","coordinates":[[84.545,27.905],[84.5383333,27.9091667],[84.54,27.915],[84.5375,27.9175],[84.5333333,27.9133333],[84.5241667,27.9158333],[84.5175,27.9125],[84.5133333,27.9175],[84.5108333,27.9141667],[84.5008333,27.9158333],[84.5016667,27.9183333],[84.5075,27.92],[84.505,27.9241667],[84.4966667,27.9275],[84.4841667,27.9275],[84.4816667,27.9325],[84.4733333,27.9366667],[84.4733333,27.94],[84.4633333,27.9433333],[84.4575,27.9416667],[84.4541667,27.9491667],[84.4491667,27.95],[84.4458333,27.9466667],[84.4383333,27.9491667],[84.435,27.9475],[84.4258333,27.9516667],[84.4216667,27.9566667]]},{"type":"LineString","coordinates":[[85.6241667,27.9083333],[85.635,27.9083333],[85.6458333,27.9191667],[85.6541667,27.9158333],[85.6591667,27.9175],[85.6641667,27.9216667],[85.6633333,27.9258333],[85.67,27.9291667],[85.6691667,27.935],[85.675,27.9375]]},{"type":"LineString","coordinates":[[85.6241667,27.9083333],[85.6375,27.93],[85.64,27.9516667],[85.6341667,27.9641667],[85.6366667,27.9741667]]},{"type":"LineString","coordinates":[[85.5458333,27.9091667],[85.5383333,27.91],[85.5283333,27.9166667]]},{"type":"LineString","coordinates":[[85.5458333,27.9091667],[85.5466667,27.9166667],[85.5516667,27.9208333],[85.5558333,27.9341667],[85.55,27.9458333],[85.5433333,27.9508333],[85.5441667,27.9558333],[85.5325,27.965],[85.5383333,27.9783333],[85.5316667,27.9866667],[85.5358333,28.0125],[85.5341667,28.0258333],[85.5291667,28.035]]},{"type":"LineString","coordinates":[[87.3825,27.9091667],[87.37,27.9158333]]},{"type":"LineString","coordinates":[[87.3825,27.9091667],[87.3858333,27.9175],[87.4016667,27.925],[87.4033333,27.93],[87.3958333,27.9416667],[87.38,27.9491667],[87.3791667,27.9533333]]},{"type":"LineString","coordinates":[[84.3141667,27.91],[84.3075,27.9058333],[84.3008333,27.8975],[84.295,27.8975],[84.2825,27.8816667],[84.2733333,27.8783333]]},{"type":"LineString","coordinates":[[84.3141667,27.91],[84.3108333,27.9158333],[84.2975,27.9183333],[84.285,27.9258333],[84.2825,27.9308333],[84.2758333,27.9358333],[84.2733333,27.9466667],[84.2783333,27.9516667],[84.2758333,27.9575],[84.2775,27.9633333],[84.2725,27.9683333]]},{"type":"LineString","coordinates":[[84.8825,27.9116667],[84.8766667,27.915],[84.875,27.9233333],[84.88,27.9325]]},{"type":"LineString","coordinates":[[84.8825,27.9116667],[84.8991667,27.9158333],[84.9008333,27.9108333],[84.9041667,27.9108333],[84.9108333,27.9191667],[84.92,27.9208333],[84.9191667,27.9241667],[84.9241667,27.9283333],[84.9275,27.9266667],[84.9283333,27.9308333],[84.9341667,27.93],[84.935,27.9358333],[84.945,27.945],[84.9483333,27.945],[84.9516667,27.9491667],[84.9583333,27.9491667],[84.9633333,27.9541667],[84.9683333,27.9541667],[84.97,27.9566667],[84.9725,27.9541667],[84.975,27.9566667],[84.9841667,27.955],[84.9866667,27.9483333],[84.9908333,27.9466667],[85.0075,27.9475]]},{"type":"LineString","coordinates":[[81.7033333,27.9125],[81.6991667,27.9125],[81.6983333,27.915],[81.6925,27.9133333],[81.68,27.915],[81.675,27.9191667],[81.6716667,27.9316667],[81.6658333,27.9416667],[81.6691667,27.9475],[81.6666667,27.95],[81.6666667,27.9583333],[81.6566667,27.965],[81.6558333,27.9716667],[81.6458333,27.98],[81.6408333,27.9766667],[81.6366667,27.9791667]]},{"type":"LineString","coordinates":[[81.7033333,27.9125],[81.7033333,27.9183333],[81.7091667,27.9208333],[81.71,27.9275],[81.7033333,27.9316667],[81.7008333,27.9375],[81.7016667,27.9416667],[81.6883333,27.9491667],[81.6916667,27.965],[81.6933333,27.9633333],[81.7008333,27.9733333],[81.6983333,27.9766667],[81.7008333,27.98],[81.7058333,27.9775],[81.7075,27.9816667],[81.705,27.9883333],[81.7016667,27.9883333],[81.7008333,27.9916667],[81.6925,27.99],[81.6858333,27.9916667],[81.6833333,27.995],[81.6808333,27.9916667],[81.6766667,27.9908333],[81.6683333,27.9991667]]},{"type":"LineString","coordinates":[[87.4941667,27.9141667],[87.5058333,27.9125],[87.525,27.9158333],[87.5508333,27.9],[87.5608333,27.9058333],[87.57,27.9016667],[87.5841667,27.9033333],[87.5875,27.8975],[87.5958333,27.9008333]]},{"type":"LineString","coordinates":[[87.4941667,27.9141667],[87.5075,27.9341667],[87.5241667,27.9433333],[87.5508333,27.95]]},{"type":"LineString","coordinates":[[86.8016667,27.9158333],[86.7983333,27.92],[86.7883333,27.9216667]]},{"type":"LineString","coordinates":[[86.8016667,27.9158333],[86.8133333,27.9308333],[86.8133333,27.9366667],[86.8225,27.9491667],[86.8241667,27.9583333],[86.8283333,27.9591667],[86.8283333,27.9741667]]},{"type":"LineString","coordinates":[[85.1383333,27.9166667],[85.1341667,27.9291667],[85.1225,27.93],[85.1166667,27.935],[85.1033333,27.9366667],[85.1008333,27.9408333],[85.095,27.9416667]]},{"type":"LineString","coordinates":[[85.1383333,27.9166667],[85.1516667,27.9233333],[85.1491667,27.9283333],[85.15,27.9333333],[85.155,27.9325],[85.1625,27.9466667],[85.1625,27.955],[85.1841667,27.9725]]},{"type":"LineString","coordinates":[[85.3008333,27.9166667],[85.3033333,27.9183333],[85.3066667,27.9141667],[85.3216667,27.9225],[85.3316667,27.9233333],[85.3383333,27.9233333],[85.3425,27.92],[85.35,27.9241667],[85.365,27.9208333],[85.3791667,27.9216667]]},{"type":"LineString","coordinates":[[85.3008333,27.9166667],[85.3,27.92],[85.305,27.925],[85.3033333,27.9375],[85.3058333,27.9416667],[85.3033333,27.9483333],[85.3058333,27.95],[85.305,27.9525],[85.3141667,27.9583333],[85.3208333,27.9583333]]},{"type":"LineString","coordinates":[[85.3791667,27.9216667],[85.3891667,27.9216667],[85.4008333,27.9158333],[85.415,27.9166667],[85.4175,27.9133333],[85.4283333,27.9183333],[85.4333333,27.9183333]]},{"type":"LineString","coordinates":[[85.3791667,27.9216667],[85.385,27.925],[85.3891667,27.9358333],[85.39,27.9466667],[85.3991667,27.9583333],[85.4066667,27.9625],[85.4241667,27.9641667],[85.4325,27.9716667],[85.4425,27.9766667],[85.4458333,27.9816667],[85.4483333,27.9941667],[85.4516667,27.9966667],[85.4508333,28.0033333],[85.4591667,28.0141667]]},{"type":"LineString","coordinates":[[82.5216667,27.9225],[82.54,27.9258333],[82.54,27.9283333],[82.545,27.9316667],[82.5675,27.9366667],[82.5766667,27.9341667],[82.5808333,27.9308333],[82.58,27.9283333],[82.5866667,27.9283333]]},{"type":"LineString","coordinates":[[82.5216667,27.9225],[82.5041667,27.9291667],[82.495,27.9291667],[82.4941667,27.9316667],[82.4858333,27.9341667],[82.4783333,27.9316667],[82.4725,27.9333333],[82.4716667,27.9358333],[82.465,27.9341667],[82.4591667,27.9391667],[82.4541667,27.9358333],[82.4483333,27.9383333]]},{"type":"LineString","coordinates":[[83.2558333,27.925],[83.2525,27.9216667],[83.2483333,27.9241667],[83.2441667,27.9216667],[83.235,27.9241667],[83.225,27.9233333],[83.2225,27.92],[83.2233333,27.9125],[83.2141667,27.9058333]]},{"type":"LineString","coordinates":[[83.2558333,27.925],[83.255,27.9233333]]},{"type":"LineString","coordinates":[[83.2933333,27.925],[83.295,27.9125],[83.2991667,27.9075],[83.3058333,27.9066667],[83.3116667,27.9016667],[83.3091667,27.89],[83.32,27.8816667]]},{"type":"LineString","coordinates":[[83.2933333,27.925],[83.2791667,27.9258333]]},{"type":"LineString","coordinates":[[83.4758333,27.925],[83.4741667,27.9208333],[83.4666667,27.9158333],[83.4691667,27.9058333]]},{"type":"LineString","coordinates":[[83.4758333,27.925],[83.4683333,27.9275],[83.4616667,27.9341667],[83.4541667,27.9333333],[83.4491667,27.9283333],[83.4416667,27.9316667],[83.4408333,27.935]]},{"type":"LineString","coordinates":[[83.2791667,27.9258333],[83.2725,27.9241667],[83.27,27.9266667],[83.2566667,27.9266667],[83.2558333,27.925]]},{"type":"LineString","coordinates":[[83.2791667,27.9258333],[83.2791667,27.935],[83.2858333,27.9441667],[83.2925,27.9441667],[83.2925,27.95]]},{"type":"LineString","coordinates":[[87.23,27.9266667],[87.2208333,27.9275],[87.2141667,27.91]]},{"type":"LineString","coordinates":[[87.23,27.9266667],[87.2158333,27.9533333]]},{"type":"LineString","coordinates":[[82.5866667,27.9283333],[82.5866667,27.9258333],[82.5908333,27.9233333],[82.595,27.925],[82.6016667,27.9216667],[82.6058333,27.9233333],[82.6125,27.9191667],[82.6158333,27.9208333]]},{"type":"LineString","coordinates":[[82.5866667,27.9283333],[82.5975,27.9341667],[82.5958333,27.94],[82.6116667,27.9558333],[82.6308333,27.9591667],[82.6383333,27.9566667],[82.6466667,27.9575]]},{"type":"LineString","coordinates":[[82.9425,27.9308333],[82.9525,27.93],[82.96,27.9266667],[82.965,27.9283333],[82.9675,27.9258333],[82.9708333,27.9283333],[82.9775,27.9266667],[82.9841667,27.93],[82.99,27.925],[82.9933333,27.9308333],[82.9983333,27.9325],[83.0025,27.9291667],[83.005,27.9316667],[83.0091667,27.9208333],[83.0116667,27.92],[83.015,27.9241667],[83.0158333,27.9283333],[83.0133333,27.9333333],[83.0158333,27.9358333]]},{"type":"LineString","coordinates":[[82.9425,27.9308333],[82.9316667,27.9383333],[82.9316667,27.9425],[82.9233333,27.9416667],[82.9141667,27.9508333],[82.905,27.9491667],[82.8991667,27.955],[82.9008333,27.9583333],[82.8983333,27.96],[82.8791667,27.9616667],[82.8766667,27.9675],[82.8741667,27.9658333],[82.8641667,27.9691667],[82.8541667,27.9675],[82.8475,27.9716667],[82.8408333,27.9691667],[82.8366667,27.9733333],[82.8308333,27.97],[82.8283333,27.975],[82.8325,27.975],[82.8333333,27.98],[82.8291667,27.9808333],[82.8283333,27.9833333],[82.8308333,27.985],[82.8225,27.99],[82.8225,27.995],[82.82,27.9958333],[82.8208333,28.0008333],[82.8125,28.0025],[82.8091667,28.0058333]]},{"type":"LineString","coordinates":[[81.765,27.9341667],[81.7583333,27.9408333]]},{"type":"LineString","coordinates":[[81.765,27.9341667],[81.7658333,27.9333333],[81.7683333,27.9358333],[81.77,27.935],[81.7725,27.9383333],[81.775,27.9375],[81.7783333,27.945],[81.775,27.9466667],[81.7775,27.9508333],[81.7733333,27.9558333],[81.775,27.9583333],[81.7716667,27.9633333],[81.775,27.9691667]]},{"type":"LineString","coordinates":[[83.4408333,27.935],[83.4341667,27.935],[83.4325,27.94],[83.4275,27.94],[83.4191667,27.93],[83.41,27.9308333],[83.4,27.935],[83.3983333,27.9416667],[83.395,27.9433333]]},{"type":"LineString","coordinates":[[83.4408333,27.935],[83.4458333,27.9391667],[83.4433333,27.9441667],[83.4616667,27.9533333],[83.465,27.9616667],[83.4741667,27.9725]]},{"type":"LineString","coordinates":[[83.0158333,27.9358333],[83.0275,27.9358333],[83.0375,27.9416667],[83.0516667,27.9425],[83.0633333,27.9508333]]},{"type":"LineString","coordinates":[[83.0158333,27.9358333],[83.0125,27.9416667],[83.0175,27.9466667],[83.0141667,27.9491667],[83.0166667,27.9516667],[83.0166667,27.9566667],[83.0108333,27.9616667],[83.01,27.9658333],[83.0008333,27.9708333],[82.9991667,27.9783333],[82.995,27.9758333],[82.9891667,27.9766667],[82.9866667,27.9816667],[82.9833333,27.9808333],[82.9791667,27.9841667],[82.975,27.9841667],[82.9766667,27.9891667],[82.9741667,27.9916667],[82.9683333,27.9933333],[82.9641667,27.9875],[82.9616667,27.9916667],[82.955,27.9916667],[82.9525,27.9941667],[82.9541667,27.9966667]]},{"type":"LineString","coordinates":[[82.2308333,27.9391667],[82.23,27.9341667],[82.24,27.9291667],[82.2458333,27.9216667],[82.2575,27.9366667],[82.2608333,27.9366667],[82.2633333,27.935],[82.2633333,27.9283333],[82.2658333,27.925],[82.2758333,27.9241667],[82.2841667,27.9166667],[82.2975,27.9166667],[82.3133333,27.9075],[82.3166667,27.9008333],[82.335,27.8983333]]},{"type":"LineString","coordinates":[[82.2308333,27.9391667],[82.2241667,27.9375],[82.2225,27.94],[82.215,27.9358333],[82.2158333,27.9408333],[82.2091667,27.94],[82.2075,27.9433333],[82.2041667,27.9433333],[82.1991667,27.9408333],[82.2008333,27.9366667],[82.1975,27.9375],[82.1933333,27.9341667],[82.1933333,27.9308333],[82.1866667,27.9333333],[82.1833333,27.9375],[82.1775,27.935]]},{"type":"LineString","coordinates":[[84.5583333,27.9391667],[84.5616667,27.9441667],[84.5683333,27.945],[84.5716667,27.9516667],[84.5816667,27.9583333],[84.5833333,27.9566667],[84.5941667,27.9583333],[84.5966667,27.9566667],[84.5966667,27.9516667],[84.6016667,27.9525],[84.605,27.95],[84.6108333,27.95],[84.615,27.9541667],[84.6275,27.9508333],[84.6325,27.9525]]},{"type":"LineString","coordinates":[[84.5583333,27.9391667],[84.5516667,27.9408333],[84.5541667,27.9466667],[84.5491667,27.9466667],[84.5483333,27.96]]},{"type":"LineString","coordinates":[[86.6141667,27.94],[86.6008333,27.9475],[86.5891667,27.945],[86.5816667,27.9525],[86.565,27.9575]]},{"type":"LineString","coordinates":[[86.6141667,27.94],[86.6108333,27.9441667],[86.6116667,27.955],[86.6075,27.9716667],[86.61,27.9825],[86.6066667,27.9883333]]},{"type":"LineString","coordinates":[[81.7583333,27.9408333],[81.76,27.9458333]]},{"type":"LineString","coordinates":[[81.7583333,27.9408333],[81.7441667,27.9441667],[81.735,27.9508333],[81.7291667,27.9608333],[81.7291667,27.9733333],[81.7191667,27.985]]},{"type":"LineString","coordinates":[[85.9475,27.9408333],[85.9675,27.9325],[85.99,27.9158333]]},{"type":"LineString","coordinates":[[85.9475,27.9408333],[85.9583333,27.9566667],[85.96,27.9683333]]},{"type":"LineString","coordinates":[[84.74,27.9416667],[84.74,27.9433333]]},{"type":"LineString","coordinates":[[84.74,27.9416667],[84.7433333,27.9408333],[84.7475,27.9433333]]},{"type":"LineString","coordinates":[[86.2125,27.9416667],[86.22,27.9641667]]},{"type":"LineString","coordinates":[[86.2125,27.9416667],[86.2058333,27.94],[86.1991667,27.9425],[86.1966667,27.9491667],[86.1691667,27.9708333],[86.1475,27.9741667]]},{"type":"LineString","coordinates":[[83.395,27.9433333],[83.3925,27.94],[83.3958333,27.9308333],[83.3933333,27.9258333],[83.3991667,27.9208333],[83.4008333,27.915],[83.4058333,27.9116667],[83.4083333,27.9058333],[83.4125,27.9033333]]},{"type":"LineString","coordinates":[[83.395,27.9433333],[83.3866667,27.9525],[83.3758333,27.9591667],[83.3616667,27.9516667],[83.3541667,27.9541667],[83.3458333,27.95],[83.3425,27.9433333],[83.3425,27.94],[83.3466667,27.9366667],[83.3458333,27.9291667],[83.3375,27.9225],[83.325,27.9208333],[83.31,27.9258333],[83.3083333,27.9283333],[83.2933333,27.925]]},{"type":"LineString","coordinates":[[84.74,27.9433333],[84.7466667,27.9558333],[84.7466667,27.9608333],[84.7566667,27.9625],[84.7608333,27.9675],[84.77,27.9675],[84.7741667,27.9708333]]},{"type":"LineString","coordinates":[[84.74,27.9433333],[84.7325,27.9475],[84.7325,27.955],[84.7283333,27.9566667],[84.7291667,27.96],[84.7233333,27.9675],[84.7183333,27.9691667],[84.7166667,27.9741667],[84.7125,27.975],[84.7125,27.9775],[84.7091667,27.9766667],[84.7075,27.98],[84.7041667,27.9783333],[84.7025,27.9808333],[84.6991667,27.9783333],[84.6941667,27.9858333],[84.69,27.9866667]]},{"type":"LineString","coordinates":[[83.215,27.9466667],[83.21,27.9575],[83.21,27.9775],[83.1983333,27.9791667],[83.185,27.9883333],[83.1791667,27.995],[83.1791667,27.9983333],[83.1758333,27.9983333],[83.1741667,28.0025],[83.1708333,28.0033333],[83.17,28.0116667]]},{"type":"LineString","coordinates":[[83.215,27.9466667],[83.2058333,27.9441667],[83.2033333,27.9475],[83.1783333,27.9491667],[83.1733333,27.9525],[83.1725,27.9566667],[83.1641667,27.9541667],[83.1591667,27.9558333],[83.1566667,27.9533333],[83.1533333,27.9575],[83.1475,27.9558333],[83.1391667,27.9616667],[83.1325,27.9558333],[83.1275,27.9566667],[83.1233333,27.9608333],[83.1258333,27.9658333],[83.1216667,27.9708333],[83.1266667,27.98],[83.125,27.9841667],[83.1316667,27.9933333],[83.1283333,28.0008333],[83.13,28.01],[83.1225,28.0183333]]},{"type":"LineString","coordinates":[[87.6516667,27.9466667],[87.6575,27.9416667],[87.6608333,27.9283333],[87.6675,27.9183333],[87.6683333,27.8916667],[87.6825,27.87],[87.6825,27.8541667],[87.6883333,27.8483333],[87.6933333,27.8358333]]},{"type":"LineString","coordinates":[[87.6516667,27.9466667],[87.6575,27.9508333]]},{"type":"LineString","coordinates":[[83.2925,27.95],[83.29,27.9525],[83.2858333,27.9508333],[83.2708333,27.9416667],[83.2691667,27.9366667],[83.2675,27.9383333],[83.265,27.9366667],[83.2641667,27.9391667],[83.2616667,27.9366667],[83.2583333,27.9391667],[83.2566667,27.9366667],[83.2541667,27.9408333],[83.2516667,27.9375],[83.2458333,27.9375],[83.2425,27.9416667],[83.2416667,27.9375],[83.2341667,27.9325],[83.2316667,27.9375],[83.22,27.9375],[83.2183333,27.9458333],[83.2166667,27.9475],[83.215,27.9466667]]},{"type":"LineString","coordinates":[[83.2925,27.95],[83.3025,27.955],[83.2983333,27.96],[83.3016667,27.9641667]]},{"type":"LineString","coordinates":[[87.6575,27.9508333],[87.6575,27.9533333]]},{"type":"LineString","coordinates":[[87.6575,27.9508333],[87.6775,27.9541667],[87.7083333,27.9508333],[87.7133333,27.9466667],[87.7383333,27.9425],[87.7575,27.9316667]]},{"type":"LineString","coordinates":[[82.22,27.9533333],[82.2308333,27.9441667],[82.2308333,27.9391667]]},{"type":"LineString","coordinates":[[82.22,27.9533333],[82.2225,27.9591667],[82.2366667,27.9558333],[82.24,27.9575],[82.2475,27.9525],[82.2525,27.9533333]]},{"type":"LineString","coordinates":[[86.6991667,27.9533333],[86.7025,27.9641667],[86.6966667,27.9691667],[86.6983333,27.9716667],[86.695,27.9766667],[86.6975,27.9791667],[86.6983333,27.9958333]]},{"type":"LineString","coordinates":[[86.6991667,27.9533333],[86.6916667,27.975],[86.6916667,27.9908333],[86.6883333,27.9916667],[86.6875,27.9975],[86.6883333,28.0041667],[86.6975,28.0141667],[86.695,28.0166667],[86.6958333,28.0233333],[86.6833333,28.0341667],[86.6841667,28.0383333]]},{"type":"LineString","coordinates":[[87.2158333,27.9533333],[87.1983333,27.9558333],[87.1833333,27.9533333],[87.1775,27.9491667],[87.1791667,27.9466667],[87.1766667,27.9441667],[87.1733333,27.945],[87.165,27.9391667]]},{"type":"LineString","coordinates":[[87.2158333,27.9533333],[87.2141667,27.9691667]]},{"type":"LineString","coordinates":[[87.3791667,27.9533333],[87.3883333,27.9591667],[87.4158333,27.9625],[87.4325,27.9683333],[87.4975,27.975]]},{"type":"LineString","coordinates":[[87.3791667,27.9533333],[87.3783333,27.9616667],[87.395,27.9816667]]},{"type":"LineString","coordinates":[[87.6575,27.9533333],[87.67,27.96]]},{"type":"LineString","coordinates":[[87.6575,27.9533333],[87.6425,27.9666667],[87.6333333,27.9691667]]},{"type":"LineString","coordinates":[[84.4216667,27.9566667],[84.4225,27.9641667],[84.4191667,27.9683333],[84.42,27.9766667],[84.4291667,27.9866667],[84.4383333,27.9883333],[84.4383333,27.9933333],[84.4441667,27.9933333],[84.4575,28.0041667],[84.46,28.025],[84.4641667,28.0283333],[84.4616667,28.0308333],[84.4633333,28.035],[84.4608333,28.0383333],[84.465,28.04],[84.465,28.045],[84.4683333,28.0466667],[84.4658333,28.0508333],[84.4725,28.0516667],[84.4775,28.0575]]},{"type":"LineString","coordinates":[[84.4216667,27.9566667],[84.4166667,27.9525],[84.4158333,27.9583333],[84.4116667,27.96],[84.4058333,27.97],[84.41,27.9725],[84.4066667,27.9783333],[84.4116667,27.9816667],[84.41,27.985],[84.4116667,27.9908333],[84.4066667,27.9991667],[84.4091667,28.0125],[84.3833333,28.025],[84.3708333,28.0408333],[84.3716667,28.0458333],[84.3675,28.0558333],[84.3691667,28.0666667],[84.3733333,28.0691667]]},{"type":"LineString","coordinates":[[88.0583333,27.9583333],[88.0658333,27.9508333],[88.0691667,27.9533333],[88.08,27.94]]},{"type":"LineString","coordinates":[[88.0583333,27.9583333],[88.075,27.9591667]]},{"type":"LineString","coordinates":[[84.5483333,27.96],[84.5416667,27.9566667],[84.5408333,27.96],[84.5375,27.9608333],[84.5383333,27.9675],[84.5425,27.9775],[84.5541667,27.9866667],[84.555,27.9916667]]},{"type":"LineString","coordinates":[[84.5483333,27.96],[84.5508333,27.9641667],[84.5533333,27.9641667],[84.5566667,27.9725],[84.5616667,27.9741667],[84.5641667,27.9783333],[84.565,27.9916667],[84.5733333,28.0066667],[84.5833333,28.0141667]]},{"type":"LineString","coordinates":[[87.67,27.96],[87.6758333,27.9591667],[87.6966667,27.9666667]]},{"type":"LineString","coordinates":[[87.67,27.96],[87.675,27.9683333],[87.675,27.9808333],[87.6816667,27.995]]},{"type":"LineString","coordinates":[[83.3016667,27.9641667],[83.3,27.9683333],[83.28,27.9675],[83.2633333,27.9883333]]},{"type":"LineString","coordinates":[[83.3016667,27.9641667],[83.3075,27.9666667],[83.3108333,27.9725],[83.3116667,27.9808333],[83.3091667,27.9883333]]},{"type":"LineString","coordinates":[[86.22,27.9641667],[86.235,27.9683333],[86.2408333,27.9733333],[86.24,27.9941667],[86.25,28.0133333],[86.2591667,28.0183333]]},{"type":"LineString","coordinates":[[86.22,27.9641667],[86.2175,27.9741667],[86.2058333,27.9891667],[86.1958333,27.9916667],[86.1925,28.0],[86.1933333,28.0116667],[86.1858333,28.0283333],[86.1658333,28.0525]]},{"type":"LineString","coordinates":[[84.2666667,27.9675],[84.2608333,27.9566667],[84.2575,27.9558333],[84.2541667,27.9508333],[84.22,27.955],[84.215,27.955],[84.2091667,27.9508333],[84.2075,27.9566667],[84.1983333,27.9566667],[84.1925,27.9591667],[84.1708333,27.9583333],[84.1641667,27.9633333],[84.1633333,27.9691667],[84.1591667,27.9733333],[84.1558333,27.9725],[84.1566667,27.97],[84.1533333,27.9675],[84.15,27.9675],[84.1508333,27.9725],[84.1475,27.9758333],[84.1433333,27.9758333],[84.1358333,27.9683333],[84.1308333,27.9691667],[84.1283333,27.9725],[84.1258333,27.965],[84.1033333,27.9741667],[84.0966667,27.9716667]]},{"type":"LineString","coordinates":[[84.2666667,27.9675],[84.2616667,27.9725],[84.2608333,27.9808333],[84.2566667,27.9833333]]},{"type":"LineString","coordinates":[[86.0316667,27.9675],[86.0425,27.9566667],[86.0466667,27.9408333],[86.0525,27.9341667]]},{"type":"LineString","coordinates":[[86.0316667,27.9675],[86.0408333,27.9708333],[86.0458333,27.9775]]},{"type":"LineString","coordinates":[[84.2725,27.9683333],[84.2666667,27.9675]]},{"type":"LineString","coordinates":[[84.2725,27.9683333],[84.2716667,27.9766667],[84.2741667,27.98],[84.2725,27.9825],[84.2766667,27.99],[84.3058333,27.9866667],[84.3133333,27.9916667]]},{"type":"LineString","coordinates":[[85.96,27.9683333],[85.9775,27.9875]]},{"type":"LineString","coordinates":[[85.96,27.9683333],[85.9483333,27.9733333],[85.9425,27.9875],[85.9325,27.9975],[85.9266667,27.9991667]]},{"type":"LineString","coordinates":[[87.2141667,27.9691667],[87.2175,27.9725]]},{"type":"LineString","coordinates":[[87.2141667,27.9691667],[87.2,27.9775],[87.1833333,27.9783333],[87.1666667,27.9875]]},{"type":"LineString","coordinates":[[87.9975,27.97],[87.9966667,27.9666667],[88.0041667,27.9558333],[88.0008333,27.9483333],[88.005,27.94],[88.0033333,27.9291667]]},{"type":"LineString","coordinates":[[87.9975,27.97],[88.01,27.96],[88.0425,27.9625],[88.0583333,27.9583333]]},{"type":"LineString","coordinates":[[84.7741667,27.9708333],[84.775,27.9733333],[84.7716667,27.9766667],[84.7833333,27.9825],[84.7866667,27.9883333]]},{"type":"LineString","coordinates":[[84.7741667,27.9708333],[84.7766667,27.97],[84.7816667,27.9741667],[84.7866667,27.9741667],[84.7916667,27.9791667],[84.7983333,27.9766667],[84.8041667,27.9816667],[84.8125,27.9766667],[84.8141667,27.9841667],[84.82,27.985],[84.83,27.9958333],[84.84,27.9966667],[84.8516667,27.9941667],[84.86,27.9966667],[84.865,27.9925],[84.875,27.9916667],[84.8833333,27.9941667],[84.8883333,27.9916667],[84.89,28.0],[84.9058333,28.0],[84.91,28.0058333],[84.9125,28.0033333],[84.9141667,28.0066667],[84.9216667,28.0075]]},{"type":"LineString","coordinates":[[81.4235169,27.9715088],[81.4266667,27.9808333],[81.4341667,27.9916667],[81.4366667,27.9941667],[81.4433333,27.9933333],[81.4466667,27.9975],[81.4425,28.0083333],[81.4416667,28.0216667],[81.455,28.0258333],[81.4625,28.0308333]]},{"type":"LineString","coordinates":[[84.0966667,27.9716667],[84.0875,27.97],[84.0858333,27.9641667],[84.075,27.9675],[84.0691667,27.965],[84.0675,27.9683333],[84.0633333,27.9658333]]},{"type":"LineString","coordinates":[[84.0966667,27.9716667],[84.0925,27.9741667]]},{"type":"LineString","coordinates":[[83.4741667,27.9725],[83.4833333,27.9816667],[83.4875,27.9816667],[83.4933333,27.9775],[83.5008333,27.9766667],[83.5108333,27.9675],[83.5208333,27.9641667],[83.5275,27.9666667],[83.53,27.9641667],[83.5416667,27.9716667],[83.5458333,27.9708333],[83.5491667,27.9766667],[83.5541667,27.9766667],[83.5591667,27.9733333],[83.5658333,27.9758333],[83.5783333,27.975],[83.5808333,27.98],[83.585,27.98]]},{"type":"LineString","coordinates":[[83.4741667,27.9725],[83.4666667,27.975],[83.4691667,27.9791667],[83.46,27.9875],[83.4616667,27.9891667],[83.46,27.9941667],[83.4625,27.9966667],[83.4541667,28.0],[83.4491667,28.0125],[83.4458333,28.01],[83.4366667,28.0125],[83.4333333,28.0208333],[83.4266667,28.0225],[83.4191667,28.0308333],[83.4083333,28.0366667],[83.4016667,28.0375],[83.3891667,28.0466667],[83.38,28.0466667],[83.3675,28.0508333]]},{"type":"LineString","coordinates":[[85.1841667,27.9725],[85.18,27.9816667]]},{"type":"LineString","coordinates":[[85.1841667,27.9725],[85.1883333,27.9766667],[85.2091667,27.975],[85.2125,27.9725],[85.2183333,27.9758333],[85.2341667,27.9725],[85.2375,27.975],[85.2516667,27.9708333],[85.255,27.9741667],[85.2558333,27.9725],[85.26,27.9741667],[85.2641667,27.9775],[85.2658333,27.9875],[85.2583333,27.9933333],[85.2666667,28.0008333],[85.2675,28.01],[85.2716667,28.02],[85.2758333,28.0191667],[85.2858333,28.0241667],[85.3025,28.0258333],[85.3066667,28.03],[85.3191667,28.035],[85.325,28.0441667]]},{"type":"LineString","coordinates":[[84.0925,27.9741667],[84.0833333,27.9766667],[84.0783333,27.9733333]]},{"type":"LineString","coordinates":[[84.0925,27.9741667],[84.09,27.9791667],[84.0816667,27.9808333],[84.0816667,27.9858333],[84.09,27.9933333],[84.085,28.0025],[84.0866667,28.0075]]},{"type":"LineString","coordinates":[[85.6366667,27.9741667],[85.6416667,27.98]]},{"type":"LineString","coordinates":[[85.6366667,27.9741667],[85.62,27.9991667],[85.6041667,28.0075],[85.5925,28.0291667],[85.5991667,28.0508333],[85.595,28.0741667],[85.5966667,28.0908333],[85.5883333,28.1208333]]},{"type":"LineString","coordinates":[[86.8283333,27.9741667],[86.8225,27.9791667]]},{"type":"LineString","coordinates":[[86.8283333,27.9741667],[86.8433333,27.9858333],[86.8491667,27.995]]},{"type":"LineString","coordinates":[[82.4583333,27.9775],[82.47,27.9775],[82.4783333,27.9733333],[82.4858333,27.9741667],[82.4908333,27.9691667],[82.5008333,27.97],[82.5066667,27.9666667]]},{"type":"LineString","coordinates":[[82.4583333,27.9775],[82.4591667,27.9833333],[82.4683333,27.985],[82.4733333,27.9925]]},{"type":"LineString","coordinates":[[83.585,27.98],[83.5858333,27.9883333],[83.5933333,27.9891667],[83.6033333,27.9975],[83.605,28.0116667]]},{"type":"LineString","coordinates":[[83.585,27.98],[83.5908333,27.9791667],[83.6025,27.9683333],[83.6066667,27.9675],[83.6083333,27.9658333],[83.6066667,27.9591667],[83.6116667,27.9591667],[83.6108333,27.955],[83.6141667,27.9508333],[83.6175,27.9533333],[83.6275,27.9516667],[83.6316667,27.9458333],[83.6425,27.9475],[83.6458333,27.9458333],[83.6466667,27.95],[83.6575,27.9508333],[83.6633333,27.9466667],[83.6666667,27.9475],[83.6733333,27.9441667],[83.6766667,27.9491667],[83.6808333,27.9508333],[83.7025,27.9525],[83.7058333,27.955],[83.7025,27.9658333],[83.7058333,27.9725],[83.715,27.9716667],[83.7166667,27.9775],[83.72,27.9783333],[83.7233333,27.9733333],[83.7308333,27.9716667],[83.7333333,27.9741667],[83.7491667,27.9766667],[83.7475,27.9816667],[83.7508333,27.9841667],[83.7691667,27.9875],[83.7708333,27.9925],[83.7791667,28.0008333],[83.7791667,28.0041667],[83.7733333,28.0108333],[83.7733333,28.0216667],[83.7775,28.0266667],[83.78,28.0366667],[83.7891667,28.0416667],[83.7908333,28.0458333],[83.8,28.0525],[83.8008333,28.0583333],[83.8058333,28.0625]]},{"type":"LineString","coordinates":[[85.6416667,27.98],[85.6541667,27.9858333],[85.6583333,27.9966667],[85.6666667,27.9925],[85.6683333,27.9991667],[85.675,28.0008333],[85.6808333,28.0066667]]},{"type":"LineString","coordinates":[[85.6416667,27.98],[85.6408333,27.9841667],[85.6491667,27.9983333],[85.6466667,28.0008333],[85.6475,28.0075],[85.6383333,28.0208333],[85.6408333,28.0391667],[85.6516667,28.0491667],[85.6583333,28.0791667],[85.6816667,28.1016667]]},{"type":"LineString","coordinates":[[85.18,27.9816667],[85.1666667,27.9825],[85.1575,27.9883333],[85.1241667,27.9908333],[85.1133333,28.0],[85.1091667,28.0075],[85.0991667,28.0108333],[85.0966667,28.0141667],[85.0941667,28.0191667],[85.0975,28.0225],[85.0983333,28.0341667]]},{"type":"LineString","coordinates":[[85.18,27.9816667],[85.1825,27.9933333],[85.1858333,27.9958333],[85.1833333,28.0066667],[85.1841667,28.0133333],[85.1875,28.0166667],[85.1858333,28.0233333],[85.1941667,28.0308333],[85.1941667,28.04],[85.2083333,28.0541667],[85.2083333,28.06],[85.205,28.0666667],[85.2083333,28.0725]]},{"type":"LineString","coordinates":[[87.395,27.9816667],[87.3916667,27.9883333],[87.3666667,27.9825],[87.3541667,27.9875]]},{"type":"LineString","coordinates":[[87.395,27.9816667],[87.3941667,27.9983333],[87.3791667,28.0141667],[87.3833333,28.0208333],[87.3808333,28.0291667]]},{"type":"LineString","coordinates":[[84.2566667,27.9833333],[84.2583333,27.9866667],[84.2508333,27.9916667],[84.245,28.0033333],[84.2475,28.0066667],[84.2475,28.0133333],[84.2525,28.0141667],[84.2583333,28.0191667],[84.2583333,28.025]]},{"type":"LineString","coordinates":[[84.2566667,27.9833333],[84.2433333,27.985],[84.2366667,27.99],[84.2375,27.9916667],[84.2166667,28.01],[84.2183333,28.0241667],[84.2083333,28.0333333],[84.2,28.0341667],[84.1966667,28.04],[84.1916667,28.0416667],[84.1891667,28.04],[84.1783333,28.0458333],[84.1791667,28.0508333],[84.175,28.0533333]]},{"type":"LineString","coordinates":[[85.7966667,27.9833333],[85.8116667,27.9858333],[85.8158333,27.9925],[85.825,27.9966667],[85.8358333,28.0166667],[85.8591667,28.0366667],[85.8658333,28.0516667]]},{"type":"LineString","coordinates":[[85.7966667,27.9833333],[85.7908333,27.99],[85.7891667,28.0016667],[85.7808333,28.0141667],[85.7825,28.0366667],[85.7608333,28.0508333],[85.7508333,28.0683333]]},{"type":"LineString","coordinates":[[81.7191667,27.985],[81.7175,27.9933333],[81.7233333,27.9975],[81.7241667,28.0008333],[81.7266667,28.0008333],[81.7275,28.0033333],[81.7241667,28.005],[81.7458333,28.0283333],[81.7433333,28.04],[81.7333333,28.0491667],[81.7258333,28.0491667],[81.7166667,28.0608333],[81.7183333,28.0758333],[81.7208333,28.08],[81.7233333,28.0816667],[81.7316667,28.08]]},{"type":"LineString","coordinates":[[81.7191667,27.985],[81.7116667,27.9866667],[81.7141667,27.9975],[81.7083333,28.0],[81.7133333,28.01],[81.7108333,28.0141667],[81.7083333,28.0125],[81.7108333,28.0241667],[81.7066667,28.0341667],[81.7091667,28.0375],[81.7083333,28.0408333],[81.7058333,28.0433333],[81.7141667,28.0466667],[81.7141667,28.0508333],[81.7075,28.0625],[81.7041667,28.0616667],[81.7066667,28.0666667],[81.7025,28.0666667],[81.7025,28.07],[81.6941667,28.0691667],[81.6925,28.0725],[81.6875,28.0716667],[81.6841667,28.0758333],[81.6833333,28.0816667],[81.6891667,28.0808333],[81.6891667,28.0825],[81.6816667,28.0858333],[81.6866667,28.0883333],[81.6825,28.0925],[81.6833333,28.0941667],[81.68,28.095],[81.685,28.0975],[81.6825,28.0991667],[81.6841667,28.1033333],[81.68,28.11],[81.6858333,28.1091667],[81.6866667,28.115],[81.6916667,28.115],[81.6883333,28.1191667],[81.6941667,28.1266667],[81.6916667,28.1308333],[81.6958333,28.135],[81.6941667,28.1425],[81.6966667,28.1466667],[81.6933333,28.15],[81.6966667,28.1525],[81.6975,28.1575],[81.6925,28.1566667],[81.6916667,28.1608333],[81.6941667,28.1616667],[81.6925,28.1708333],[81.6991667,28.1808333],[81.6933333,28.1858333],[81.6991667,28.1891667]]},{"type":"LineString","coordinates":[[87.0791667,27.985],[87.0733333,27.9816667],[87.0558333,27.9816667],[87.0516667,27.985]]},{"type":"LineString","coordinates":[[87.0791667,27.985],[87.0733333,27.9875],[87.0566667,27.9866667],[87.0541667,27.9891667],[87.0308333,27.9866667],[87.0166667,27.9941667],[87.0033333,27.9966667],[86.995,27.9916667]]},{"type":"LineString","coordinates":[[85.9775,27.9875],[85.9858333,27.9875],[86.0033333,27.9741667],[86.0316667,27.9675]]},{"type":"LineString","coordinates":[[85.9775,27.9875],[85.9733333,28.0091667],[85.9833333,28.0291667]]},{"type":"LineString","coordinates":[[87.1666667,27.9875],[87.16,27.9908333],[87.1375,27.9883333],[87.1241667,27.9825],[87.115,27.9841667],[87.0916667,27.9783333],[87.0791667,27.985]]},{"type":"LineString","coordinates":[[87.1666667,27.9875],[87.1608333,28.0041667]]},{"type":"LineString","coordinates":[[83.2633333,27.9883333],[83.2641667,27.995]]},{"type":"LineString","coordinates":[[83.2633333,27.9883333],[83.2533333,27.9866667],[83.2516667,27.995],[83.2458333,27.9991667]]},{"type":"LineString","coordinates":[[84.7866667,27.9883333],[84.7825,27.9908333],[84.7866667,28.0016667],[84.7766667,28.0016667],[84.7666667,28.0075]]},{"type":"LineString","coordinates":[[84.7866667,27.9883333],[84.79,27.9975],[84.7966667,27.9975],[84.7983333,28.0016667],[84.8016667,28.0],[84.8091667,28.0016667],[84.8125,28.005],[84.8133333,28.01],[84.81,28.0133333],[84.81,28.0183333],[84.8133333,28.0216667],[84.8133333,28.03],[84.8091667,28.035],[84.8108333,28.04]]},{"type":"LineString","coordinates":[[86.6066667,27.9883333],[86.62,27.9941667],[86.6216667,27.9991667],[86.6291667,28.0041667]]},{"type":"LineString","coordinates":[[86.6066667,27.9883333],[86.5991667,27.9975],[86.5975,28.005],[86.5933333,28.0091667],[86.5875,28.0091667],[86.5791667,28.02],[86.5883333,28.0333333],[86.5858333,28.0366667],[86.5875,28.0425],[86.5925,28.0441667],[86.5883333,28.0475],[86.5916667,28.0508333]]},{"type":"LineString","coordinates":[[86.3716667,27.9891667],[86.3783333,27.9841667],[86.3758333,27.98],[86.3875,27.9608333],[86.3875,27.9533333],[86.3933333,27.9475],[86.4116667,27.9441667],[86.4266667,27.9366667],[86.4358333,27.9366667],[86.4441667,27.9408333],[86.445,27.9466667],[86.4491667,27.9475],[86.4516667,27.9525],[86.4583333,27.9533333],[86.4616667,27.9575]]},{"type":"LineString","coordinates":[[86.3716667,27.9891667],[86.3866667,27.9933333],[86.3958333,27.99]]},{"type":"LineString","coordinates":[[82.4733333,27.9925],[82.4816667,27.9916667],[82.5025,28.0041667],[82.4991667,28.0125],[82.5008333,28.0225]]},{"type":"LineString","coordinates":[[82.4733333,27.9925],[82.4716667,28.0],[82.4766667,28.0033333],[82.475,28.0066667],[82.4791667,28.0141667],[82.4866667,28.0241667],[82.4908333,28.0241667],[82.4958333,28.0291667],[82.4925,28.0391667],[82.4991667,28.0441667],[82.5116667,28.0475],[82.5258333,28.06]]},{"type":"LineString","coordinates":[[87.6816667,27.995],[87.685,28.0066667]]},{"type":"LineString","coordinates":[[87.6816667,27.995],[87.6883333,28.0033333],[87.6958333,28.0066667],[87.7108333,28.0025],[87.7308333,28.0041667],[87.7475,28.0016667],[87.7641667,27.9883333],[87.7733333,27.9741667],[87.7891667,27.9658333]]},{"type":"LineString","coordinates":[[86.6983333,27.9958333],[86.71,28.0016667],[86.7158333,27.9991667],[86.7175,27.995]]},{"type":"LineString","coordinates":[[86.6983333,27.9958333],[86.6966667,28.0033333],[86.7075,28.0166667],[86.7075,28.025],[86.7208333,28.025],[86.7241667,28.0291667]]},{"type":"LineString","coordinates":[[82.9541667,27.9966667],[82.9641667,28.0008333],[82.9691667,28.0066667],[82.9725,28.0058333],[82.9733333,28.015]]},{"type":"LineString","coordinates":[[82.9541667,27.9966667],[82.9466667,27.995],[82.945,27.9966667],[82.9483333,28.0116667],[82.9375,28.0116667],[82.9291667,28.0208333],[82.9283333,28.025],[82.9158333,28.0233333],[82.9133333,28.0291667],[82.91,28.0308333],[82.9008333,28.0266667],[82.895,28.0358333],[82.8916667,28.0316667],[82.8858333,28.0316667],[82.8825,28.0391667],[82.8766667,28.0333333],[82.8675,28.0341667],[82.8675,28.04],[82.865,28.0408333],[82.8575,28.0383333],[82.8458333,28.0425],[82.8375,28.0383333],[82.8333333,28.0433333],[82.8266667,28.045],[82.8225,28.0525],[82.8283333,28.0633333],[82.8275,28.065],[82.8183333,28.0633333],[82.815,28.0758333],[82.8225,28.0833333],[82.8383333,28.0891667],[82.8466667,28.0891667]]},{"type":"LineString","coordinates":[[87.9508333,27.9991667],[87.9525,27.9916667],[87.9491667,27.9841667],[87.9325,27.9666667],[87.9166667,27.9616667],[87.91,27.9541667]]},{"type":"LineString","coordinates":[[87.9508333,27.9991667],[87.945,28.0025],[87.93,27.9975],[87.9183333,28.0025]]},{"type":"LineString","coordinates":[[87.9533333,28.0016667],[87.9508333,27.9991667]]},{"type":"LineString","coordinates":[[87.9533333,28.0016667],[87.9733333,27.9808333],[87.9975,27.97]]},{"type":"LineString","coordinates":[[82.8091667,28.0058333],[82.7966667,28.0041667]]},{"type":"LineString","coordinates":[[82.8091667,28.0058333],[82.8066667,28.0141667],[82.7966667,28.015],[82.795,28.0208333],[82.785,28.0258333],[82.7858333,28.0308333],[82.79,28.035]]},{"type":"LineString","coordinates":[[87.685,28.0066667],[87.6641667,28.02],[87.6525,28.0391667]]},{"type":"LineString","coordinates":[[87.685,28.0066667],[87.695,28.0166667],[87.6958333,28.0216667],[87.705,28.0283333],[87.7091667,28.0416667]]},{"type":"LineString","coordinates":[[84.0866667,28.0075],[84.0841667,28.0108333]]},{"type":"LineString","coordinates":[[84.0866667,28.0075],[84.0975,28.0125],[84.0975,28.0175],[84.1016667,28.0225],[84.1033333,28.02],[84.1083333,28.0233333],[84.1191667,28.0141667],[84.1233333,28.0066667],[84.13,28.01],[84.1416667,28.0066667],[84.1433333,28.0091667],[84.1516667,28.0091667]]},{"type":"LineString","coordinates":[[84.9216667,28.0075],[84.93,28.0],[84.9391667,28.0033333],[84.9425,28.0016667]]},{"type":"LineString","coordinates":[[84.9216667,28.0075],[84.9258333,28.0183333],[84.9375,28.0183333],[84.9475,28.025],[84.9591667,28.0266667],[84.9658333,28.0325]]},{"type":"LineString","coordinates":[[84.0841667,28.0108333],[84.0816667,28.0141667],[84.0716667,28.0125],[84.0591667,28.0225],[84.045,28.0225],[84.04,28.0158333],[84.0366667,28.0191667],[84.0291667,28.02],[84.0275,28.025],[84.0208333,28.0266667],[84.0175,28.0308333],[84.0133333,28.0291667],[84.0041667,28.0308333],[84.0008333,28.035],[83.9966667,28.035],[83.9966667,28.0458333],[83.9916667,28.0466667],[83.9941667,28.0516667],[83.9908333,28.0541667]]},{"type":"LineString","coordinates":[[84.0841667,28.0108333],[84.0866667,28.015],[84.0783333,28.0233333],[84.0775,28.0366667],[84.07,28.0466667],[84.0683333,28.06],[84.0641667,28.0633333]]},{"type":"LineString","coordinates":[[82.0725,28.0116667],[82.0741667,28.0125],[82.0816667,28.0058333],[82.0866667,27.9983333],[82.0916667,28.0008333],[82.0941667,28.0075],[82.0975,28.0075],[82.1058333,27.9983333],[82.115,28.005],[82.1191667,28.005],[82.1233333,28.0016667],[82.1216667,27.9966667],[82.1233333,27.9933333],[82.1408333,27.9941667],[82.165,27.9816667],[82.1891667,27.9775],[82.2016667,27.9666667],[82.2066667,27.9666667],[82.2116667,27.955],[82.22,27.9533333]]},{"type":"LineString","coordinates":[[82.0725,28.0116667],[82.07,28.0133333]]},{"type":"LineString","coordinates":[[83.605,28.0116667],[83.5983333,28.0166667],[83.5966667,28.0208333],[83.5916667,28.0216667],[83.59,28.0258333],[83.5833333,28.0266667],[83.5775,28.0341667],[83.57,28.0325],[83.5616667,28.035],[83.5641667,28.0408333],[83.5591667,28.0425],[83.5633333,28.0558333],[83.5608333,28.0641667]]},{"type":"LineString","coordinates":[[83.605,28.0116667],[83.6066667,28.01],[83.61,28.0125],[83.615,28.0116667],[83.62,28.02],[83.6141667,28.0258333],[83.6166667,28.0325],[83.6408333,28.0316667],[83.6533333,28.0391667],[83.6591667,28.0383333],[83.6641667,28.0408333],[83.665,28.0491667],[83.6725,28.0541667],[83.675,28.06],[83.6741667,28.0641667],[83.6841667,28.07],[83.6883333,28.07],[83.6908333,28.0741667],[83.69,28.08]]},{"type":"LineString","coordinates":[[82.3733333,28.0141667],[82.3766667,28.0125],[82.3708333,28.0108333],[82.3725,28.0066667],[82.3758333,28.0091667],[82.3808333,28.0033333],[82.3841667,28.005],[82.3875,28.0033333],[82.3916667,27.9975],[82.3983333,27.9991667],[82.4,27.9925],[82.4083333,28.0008333],[82.41,27.9975],[82.4141667,27.9991667],[82.415,27.9941667],[82.42,27.9958333],[82.4191667,28.0],[82.4225,27.9983333],[82.4275,28.0008333],[82.4308333,27.9941667],[82.435,27.9941667],[82.4391667,27.99],[82.435,27.9816667],[82.4425,27.9833333],[82.45,27.9783333],[82.4583333,27.9775]]},{"type":"LineString","coordinates":[[82.3733333,28.0141667],[82.3758333,28.0191667],[82.3791667,28.0175],[82.3825,28.0216667],[82.3875,28.0225],[82.39,28.02],[82.3916667,28.0225],[82.395,28.02],[82.3966667,28.0216667],[82.4033333,28.02],[82.4083333,28.0233333],[82.415,28.0183333],[82.4208333,28.0216667],[82.42,28.0258333],[82.4275,28.0291667],[82.4275,28.0316667]]},{"type":"LineString","coordinates":[[84.5833333,28.0141667],[84.585,28.0266667],[84.5766667,28.03],[84.5716667,28.035]]},{"type":"LineString","coordinates":[[84.5833333,28.0141667],[84.6016667,28.0358333],[84.6275,28.0408333],[84.6333333,28.0458333],[84.6475,28.0491667],[84.6516667,28.0541667],[84.6508333,28.0575],[84.6541667,28.0591667]]},{"type":"LineString","coordinates":[[82.9733333,28.015],[82.9808333,28.0125],[82.9825,28.0083333],[82.9866667,28.0125],[82.9966667,28.01],[82.9991667,28.0125],[83.0025,28.0116667],[83.0025,28.0141667],[83.0108333,28.0166667],[83.0133333,28.0283333],[83.02,28.0391667]]},{"type":"LineString","coordinates":[[82.9733333,28.015],[82.9766667,28.0241667],[82.975,28.0308333],[82.9716667,28.0325],[82.9716667,28.0366667],[82.965,28.0408333],[82.9508333,28.0441667]]},{"type":"LineString","coordinates":[[83.8991667,28.0175],[83.9058333,28.0208333],[83.9083333,28.0258333]]},{"type":"LineString","coordinates":[[83.8991667,28.0175],[83.8916667,28.02],[83.8916667,28.0233333],[83.8775,28.0241667],[83.87,28.0283333]]},{"type":"LineString","coordinates":[[86.2591667,28.0183333],[86.2625,28.0183333],[86.2683333,28.0258333],[86.2716667,28.025]]},{"type":"LineString","coordinates":[[86.2591667,28.0183333],[86.2566667,28.0325],[86.24,28.0583333]]},{"type":"LineString","coordinates":[[84.2583333,28.025],[84.2608333,28.03],[84.2691667,28.0275],[84.2775,28.035],[84.2891667,28.035],[84.2966667,28.0416667]]},{"type":"LineString","coordinates":[[84.2583333,28.025],[84.2425,28.0325],[84.2325,28.0416667],[84.2308333,28.055],[84.2391667,28.0658333],[84.2391667,28.0691667],[84.2325,28.0783333]]},{"type":"LineString","coordinates":[[86.2716667,28.025],[86.2758333,28.0266667]]},{"type":"LineString","coordinates":[[86.2716667,28.025],[86.2758333,28.03],[86.2941667,28.0341667],[86.3033333,28.0408333]]},{"type":"LineString","coordinates":[[87.5141667,28.0266667],[87.5275,28.0191667]]},{"type":"LineString","coordinates":[[87.5141667,28.0266667],[87.5225,28.0316667]]},{"type":"LineString","coordinates":[[85.9833333,28.0291667],[85.9858333,28.0341667],[85.995,28.0375],[85.9975,28.0433333],[86.0041667,28.0441667]]},{"type":"LineString","coordinates":[[85.9833333,28.0291667],[85.9841667,28.0458333],[85.9983333,28.0716667]]},{"type":"LineString","coordinates":[[87.3808333,28.0291667],[87.3466667,28.0266667],[87.3375,28.0316667],[87.3325,28.03]]},{"type":"LineString","coordinates":[[87.3808333,28.0291667],[87.3816667,28.0375]]},{"type":"LineString","coordinates":[[81.4633333,28.03],[81.4641667,28.0341667],[81.47,28.0375],[81.4733333,28.0341667],[81.4775,28.0341667],[81.4816667,28.0408333],[81.4916667,28.0383333],[81.4941667,28.0416667],[81.4925,28.045]]},{"type":"LineString","coordinates":[[81.4633333,28.03],[81.4675,28.0166667],[81.4625,27.9958333],[81.4841667,27.9533333],[81.4958333,27.9691667],[81.5058333,27.9716667],[81.5075,27.975],[81.5058333,27.9766667],[81.5125,27.9816667],[81.5158333,27.9875],[81.5166667,27.9916667],[81.5141667,27.995],[81.5158333,28.0],[81.5116667,28.0016667],[81.5075,28.0083333],[81.5125,28.0125],[81.5108333,28.0166667],[81.5166667,28.02],[81.5325,28.0166667],[81.5425,28.03],[81.5508333,28.03],[81.5591667,28.0375],[81.5575,28.0391667],[81.5616667,28.0466667],[81.5741667,28.0491667]]},{"type":"LineString","coordinates":[[81.4625,28.0308333],[81.4633333,28.03]]},{"type":"LineString","coordinates":[[81.4625,28.0308333],[81.4516667,28.0433333],[81.4341667,28.0541667],[81.42,28.0541667],[81.4133333,28.0516667]]},{"type":"LineString","coordinates":[[82.2716667,28.0308333],[82.2825,28.0341667],[82.2933333,28.0291667],[82.3,28.0308333],[82.3058333,28.0366667],[82.3166667,28.0341667]]},{"type":"LineString","coordinates":[[82.2716667,28.0308333],[82.2708333,28.0366667],[82.275,28.0383333],[82.2766667,28.0441667],[82.2816667,28.0483333],[82.2816667,28.0625],[82.2908333,28.0741667],[82.29,28.0825],[82.2925,28.0883333],[82.2958333,28.0908333],[82.2991667,28.0991667],[82.3091667,28.1091667]]},{"type":"LineString","coordinates":[[82.4275,28.0316667],[82.4333333,28.0358333],[82.4316667,28.0408333],[82.4375,28.0475]]},{"type":"LineString","coordinates":[[82.4275,28.0316667],[82.4308333,28.0325],[82.4366667,28.0316667],[82.445,28.04],[82.4516667,28.0358333],[82.4566667,28.0358333],[82.4666667,28.0433333],[82.4825,28.0466667],[82.4858333,28.0575],[82.49,28.0608333],[82.4925,28.0683333]]},{"type":"LineString","coordinates":[[84.9658333,28.0325],[84.9691667,28.0291667],[84.9758333,28.0308333],[84.98,28.0275],[84.9875,28.03],[84.9941667,28.025],[85.0125,28.0258333]]},{"type":"LineString","coordinates":[[84.9658333,28.0325],[84.9658333,28.0391667],[84.9775,28.0525],[84.9825,28.0691667]]},{"type":"LineString","coordinates":[[82.3166667,28.0341667],[82.3166667,28.0291667],[82.3233333,28.0283333],[82.3175,28.0241667],[82.3225,28.0175],[82.3266667,28.0208333],[82.3325,28.0191667],[82.335,28.0241667],[82.3383333,28.0225],[82.3516667,28.0275],[82.3566667,28.025],[82.3608333,28.0258333],[82.365,28.0175],[82.3733333,28.0141667]]},{"type":"LineString","coordinates":[[82.3166667,28.0341667],[82.3375,28.0541667],[82.3475,28.0575],[82.3516667,28.0633333],[82.365,28.07],[82.3691667,28.0683333]]},{"type":"LineString","coordinates":[[82.79,28.035],[82.7808333,28.0391667],[82.7766667,28.0375],[82.7683333,28.04],[82.7658333,28.0425],[82.7625,28.0425],[82.7566667,28.0366667],[82.755,28.0383333],[82.7466667,28.0366667],[82.7441667,28.0391667],[82.7333333,28.0375],[82.7291667,28.04],[82.7283333,28.0433333],[82.7208333,28.0433333],[82.7183333,28.0475],[82.705,28.0533333],[82.6858333,28.0508333],[82.6733333,28.055],[82.67,28.0583333],[82.6558333,28.06],[82.6516667,28.0633333]]},{"type":"LineString","coordinates":[[82.79,28.035],[82.7916667,28.0341667],[82.7916667,28.0375],[82.7866667,28.0441667],[82.7883333,28.0475],[82.7866667,28.0525],[82.7891667,28.0575],[82.7933333,28.0583333],[82.8016667,28.0683333],[82.7991667,28.0725],[82.8008333,28.0833333],[82.7925,28.085],[82.7808333,28.1025],[82.7716667,28.1091667],[82.755,28.1066667],[82.7466667,28.1133333],[82.7416667,28.1125],[82.7416667,28.1208333],[82.735,28.1275]]},{"type":"LineString","coordinates":[[85.5291667,28.035],[85.515,28.0483333]]},{"type":"LineString","coordinates":[[85.5291667,28.035],[85.5341667,28.0425],[85.5475,28.0975]]},{"type":"LineString","coordinates":[[87.3816667,28.0375],[87.4141667,28.0408333],[87.4433333,28.0391667],[87.455,28.035],[87.485,28.0341667],[87.4925,28.03],[87.5033333,28.0308333],[87.5141667,28.0266667]]},{"type":"LineString","coordinates":[[87.3816667,28.0375],[87.38,28.0516667],[87.385,28.0591667],[87.3783333,28.0716667]]},{"type":"LineString","coordinates":[[84.8108333,28.04],[84.8183333,28.0475],[84.8208333,28.0633333],[84.8233333,28.0658333]]},{"type":"LineString","coordinates":[[84.8108333,28.04],[84.8083333,28.0425],[84.8091667,28.0641667],[84.8066667,28.0666667],[84.8016667,28.07],[84.7875,28.0683333],[84.7833333,28.07],[84.765,28.0625],[84.7591667,28.0725],[84.7533333,28.0733333],[84.7525,28.08]]},{"type":"LineString","coordinates":[[86.3033333,28.0408333],[86.3208333,28.0441667]]},{"type":"LineString","coordinates":[[86.3033333,28.0408333],[86.2975,28.0491667],[86.2958333,28.1041667]]},{"type":"LineString","coordinates":[[87.7091667,28.0416667],[87.7225,28.0541667],[87.7558333,28.0725]]},{"type":"LineString","coordinates":[[87.7091667,28.0416667],[87.7008333,28.0516667],[87.7041667,28.0525],[87.7,28.06],[87.6966667,28.06],[87.6908333,28.0691667],[87.7008333,28.0891667],[87.7,28.105],[87.6958333,28.1091667],[87.6833333,28.1125],[87.6741667,28.1091667],[87.6683333,28.1166667],[87.6633333,28.1141667]]},{"type":"LineString","coordinates":[[81.8858333,28.0441667],[81.8866667,28.0341667],[81.8916667,28.0341667],[81.8941667,28.0275],[81.9016667,28.0241667],[81.905,28.02],[81.9058333,28.015],[81.8991667,28.0075],[81.9016667,27.9975],[81.9108333,27.9891667],[81.9183333,27.9875],[81.9191667,27.985]]},{"type":"LineString","coordinates":[[81.8858333,28.0441667],[81.8966667,28.0475],[81.9041667,28.0433333],[81.9125,28.0425],[81.9208333,28.0458333]]},{"type":"LineString","coordinates":[[86.3208333,28.0441667],[86.3258333,28.0325],[86.3716667,27.9891667]]},{"type":"LineString","coordinates":[[86.3208333,28.0441667],[86.3516667,28.0616667],[86.3633333,28.0725],[86.3683333,28.0825]]},{"type":"LineString","coordinates":[[81.4925,28.045],[81.4875,28.05],[81.4883333,28.06],[81.4958333,28.0608333],[81.4975,28.0633333],[81.495,28.065],[81.4958333,28.0683333],[81.5016667,28.065],[81.5058333,28.0666667],[81.5066667,28.0683333],[81.5025,28.0725]]},{"type":"LineString","coordinates":[[81.4925,28.045],[81.495,28.05],[81.4975,28.0408333],[81.505,28.0366667],[81.5083333,28.0375],[81.5091667,28.0416667],[81.5166667,28.04],[81.5216667,28.0458333],[81.5233333,28.0416667],[81.525,28.0425],[81.5266667,28.045],[81.5241667,28.0483333],[81.525,28.0516667],[81.5266667,28.0533333],[81.5366667,28.0516667],[81.54,28.055],[81.54,28.0608333],[81.5458333,28.0641667],[81.545,28.07],[81.5558333,28.0841667],[81.555,28.0925],[81.5583333,28.0941667],[81.56,28.0991667],[81.57,28.1016667]]},{"type":"LineString","coordinates":[[81.9208333,28.0458333],[81.9275,28.0441667],[81.9333333,28.0466667],[81.9425,28.0466667]]},{"type":"LineString","coordinates":[[81.9208333,28.0458333],[81.9175,28.0483333],[81.9258333,28.0566667],[81.9308333,28.0716667],[81.93,28.0983333],[81.9266667,28.1041667],[81.9266667,28.1191667],[81.9241667,28.125],[81.925,28.1366667],[81.9308333,28.1491667],[81.9408333,28.1583333],[81.9425,28.165],[81.9483333,28.1658333],[81.9525,28.1716667],[81.9541667,28.1691667],[81.9558333,28.1708333]]},{"type":"LineString","coordinates":[[81.9425,28.0466667],[81.9566667,28.0375],[81.97,28.035],[81.9708333,28.0316667],[81.9641667,28.0291667],[81.9608333,28.0233333],[81.9658333,28.0125],[81.975,28.0158333],[81.9791667,28.0141667],[81.9741667,28.0075],[81.9758333,28.0025],[81.9841667,28.0108333],[81.9958333,28.0125],[82.0025,28.0091667],[82.0033333,27.9966667],[82.0066667,27.9975],[82.0083333,28.0033333],[82.0225,28.0041667],[82.0258333,28.0091667],[82.0366667,28.0075],[82.0383333,28.005],[82.035,28.0],[82.0375,27.9983333],[82.0475,28.0008333],[82.0591667,27.9991667],[82.065,28.005],[82.0691667,28.0058333],[82.0725,28.0116667]]},{"type":"LineString","coordinates":[[81.9425,28.0466667],[81.9366667,28.0583333],[81.9375,28.0708333],[81.9425,28.0825],[81.9416667,28.0866667]]},{"type":"LineString","coordinates":[[81.5741667,28.0491667],[81.5758333,28.0475],[81.5816667,28.0491667],[81.5875,28.0458333]]},{"type":"LineString","coordinates":[[81.5741667,28.0491667],[81.5791667,28.0541667],[81.5783333,28.0566667]]},{"type":"LineString","coordinates":[[82.2325,28.05],[82.2316667,28.0458333],[82.2258333,28.0458333],[82.215,28.04],[82.2358333,28.0291667],[82.2408333,28.0191667],[82.2475,28.0158333],[82.2508333,28.0208333],[82.255,28.0183333],[82.2591667,28.02],[82.2608333,28.0133333],[82.2716667,28.0058333],[82.2741667,28.0075],[82.2775,28.005],[82.2825,28.0058333],[82.2866667,28.0016667],[82.2925,28.0041667],[82.295,28.0008333],[82.2933333,27.9958333],[82.2958333,27.9916667],[82.2991667,27.99],[82.3033333,27.9916667],[82.3075,27.99],[82.3075,27.9875],[82.3175,27.9891667],[82.3175,27.985],[82.3266667,27.9833333]]},{"type":"LineString","coordinates":[[82.2325,28.05],[82.2383333,28.0475],[82.245,28.05],[82.2458333,28.045],[82.2508333,28.0441667],[82.2558333,28.0383333],[82.2566667,28.0325],[82.26,28.0341667],[82.2716667,28.0308333]]},{"type":"LineString","coordinates":[[83.3675,28.0508333],[83.3666667,28.05]]},{"type":"LineString","coordinates":[[83.3675,28.0508333],[83.365,28.0591667],[83.3566667,28.0658333],[83.3516667,28.065]]},{"type":"LineString","coordinates":[[81.4133333,28.0516667],[81.405,28.0508333],[81.3925,28.0433333],[81.3816667,28.0425],[81.3736799,28.0448267]]},{"type":"LineString","coordinates":[[81.4133333,28.0516667],[81.4133333,28.0591667],[81.4025,28.0675],[81.4033333,28.0716667],[81.41,28.0733333],[81.4141667,28.0791667]]},{"type":"LineString","coordinates":[[86.1658333,28.0525],[86.1391667,28.0425]]},{"type":"LineString","coordinates":[[86.1658333,28.0525],[86.1641667,28.075],[86.1708333,28.1116667]]},{"type":"LineString","coordinates":[[84.4775,28.0575],[84.475,28.0666667],[84.4691667,28.07],[84.4691667,28.0741667],[84.465,28.0775],[84.4658333,28.0808333],[84.4591667,28.0858333],[84.4583333,28.09],[84.4525,28.0916667],[84.4508333,28.0966667],[84.4433333,28.0991667],[84.4425,28.105],[84.4316667,28.11]]},{"type":"LineString","coordinates":[[84.4775,28.0575],[84.4783333,28.0583333],[84.4816667,28.0558333],[84.4883333,28.0675],[84.4841667,28.075],[84.4883333,28.0775],[84.485,28.0808333],[84.4791667,28.0816667],[84.48,28.0841667],[84.4775,28.0866667],[84.4791667,28.0891667],[84.49,28.0858333],[84.5008333,28.0858333],[84.5158333,28.0891667],[84.52,28.095],[84.5266667,28.0958333],[84.5316667,28.1],[84.54,28.0991667],[84.5508333,28.1091667],[84.5491667,28.1133333],[84.5541667,28.1166667],[84.5525,28.12],[84.5558333,28.1216667],[84.5558333,28.1241667],[84.56,28.1275],[84.5741667,28.1308333],[84.5766667,28.1383333],[84.5866667,28.1425],[84.5866667,28.1466667],[84.5941667,28.1483333],[84.6058333,28.1558333],[84.6133333,28.1691667],[84.6125,28.1716667]]},{"type":"LineString","coordinates":[[81.8608333,28.0583333],[81.8716667,28.0491667],[81.8825,28.0433333],[81.8858333,28.0441667]]},{"type":"LineString","coordinates":[[81.8608333,28.0583333],[81.8633333,28.0658333],[81.8691667,28.0725],[81.8708333,28.0716667],[81.8716667,28.0758333],[81.8733333,28.075]]},{"type":"LineString","coordinates":[[84.6541667,28.0591667],[84.6633333,28.0608333]]},{"type":"LineString","coordinates":[[84.6541667,28.0591667],[84.6516667,28.0625],[84.6591667,28.0733333],[84.6575,28.0741667],[84.66,28.08],[84.6591667,28.0941667],[84.6683333,28.115],[84.6708333,28.115]]},{"type":"LineString","coordinates":[[88.2416667,28.0616667],[88.2383333,28.0475],[88.2333333,28.0425],[88.2183333,28.0091667]]},{"type":"LineString","coordinates":[[88.2416667,28.0616667],[88.245,28.0566667]]},{"type":"LineString","coordinates":[[83.8058333,28.0625],[83.8108333,28.065],[83.81,28.0708333],[83.8125,28.0733333],[83.815,28.0716667],[83.8175,28.0775],[83.8216667,28.0783333],[83.8216667,28.0816667],[83.8258333,28.0808333],[83.845,28.09],[83.8541667,28.0875],[83.8608333,28.0966667],[83.8708333,28.1025]]},{"type":"LineString","coordinates":[[83.8058333,28.0625],[83.8075,28.0666667],[83.7958333,28.075],[83.7966667,28.0791667],[83.79,28.09],[83.7741667,28.0933333],[83.775,28.0983333],[83.7725,28.0991667],[83.7733333,28.1075],[83.7708333,28.1125]]},{"type":"LineString","coordinates":[[82.6516667,28.0633333],[82.6458333,28.055],[82.6316667,28.0458333]]},{"type":"LineString","coordinates":[[82.6516667,28.0633333],[82.6408333,28.0691667],[82.6258333,28.07],[82.6191667,28.0833333],[82.6133333,28.0866667],[82.61,28.0925],[82.5975,28.0933333],[82.5966667,28.0991667],[82.5883333,28.1033333],[82.5816667,28.1108333],[82.5783333,28.11],[82.5725,28.1141667],[82.5666667,28.115],[82.5591667,28.1308333],[82.5616667,28.1333333],[82.5566667,28.1408333],[82.5591667,28.1441667],[82.5566667,28.1483333]]},{"type":"LineString","coordinates":[[84.0641667,28.0633333],[84.0683333,28.0691667],[84.0675,28.075],[84.0783333,28.0891667],[84.0791667,28.0933333]]},{"type":"LineString","coordinates":[[84.0641667,28.0633333],[84.06,28.0658333],[84.06,28.07],[84.055,28.0741667],[84.0491667,28.075],[84.0441667,28.0791667],[84.0475,28.085],[84.04,28.0916667],[84.0416667,28.0941667],[84.0391667,28.0966667],[84.0366667,28.0958333],[84.0316667,28.1],[84.0266667,28.0983333],[84.0275,28.105],[84.015,28.105],[84.0133333,28.11],[84.0083333,28.1116667],[84.0075,28.1158333],[84.0008333,28.1191667],[83.9991667,28.1266667],[84.0016667,28.1316667],[83.9808333,28.14],[83.9791667,28.1433333],[83.975,28.1425]]},{"type":"LineString","coordinates":[[83.5608333,28.0641667],[83.5666667,28.0641667],[83.5741667,28.075],[83.5808333,28.0775]]},{"type":"LineString","coordinates":[[83.5608333,28.0641667],[83.5525,28.0658333],[83.5483333,28.0691667],[83.5416667,28.0691667],[83.5366667,28.075],[83.5291667,28.0783333],[83.51,28.0833333]]},{"type":"LineString","coordinates":[[83.3516667,28.065],[83.3475,28.0666667],[83.3466667,28.0783333],[83.3425,28.0816667],[83.3408333,28.0883333],[83.3383333,28.0908333],[83.3333333,28.0908333],[83.3366667,28.0975],[83.3283333,28.1033333],[83.3316667,28.1075],[83.3308333,28.1133333],[83.3258333,28.115],[83.3216667,28.12]]},{"type":"LineString","coordinates":[[83.3516667,28.065],[83.3533333,28.0716667],[83.3566667,28.0741667],[83.3741667,28.075],[83.3816667,28.0791667],[83.3933333,28.0908333],[83.4133333,28.0941667],[83.4175,28.0983333],[83.415,28.1025],[83.415,28.1158333],[83.4233333,28.1216667],[83.4241667,28.1258333],[83.4391667,28.1308333],[83.4441667,28.125],[83.4466667,28.125],[83.4525,28.1266667],[83.4525,28.1291667],[83.4575,28.1325],[83.4608333,28.13]]},{"type":"LineString","coordinates":[[84.8233333,28.0658333],[84.8375,28.065],[84.8416667,28.0691667],[84.8466667,28.07],[84.8558333,28.0666667]]},{"type":"LineString","coordinates":[[84.8233333,28.0658333],[84.8316667,28.0891667],[84.8375,28.095],[84.8366667,28.1033333],[84.8425,28.1108333],[84.8425,28.115],[84.8541667,28.1225],[84.8558333,28.1366667],[84.865,28.145],[84.87,28.1591667],[84.8816667,28.1708333]]},{"type":"LineString","coordinates":[[87.7783333,28.0658333],[87.7916667,28.0475]]},{"type":"LineString","coordinates":[[87.7783333,28.0658333],[87.8058333,28.07],[87.825,28.0591667]]},{"type":"LineString","coordinates":[[82.3691667,28.0683333],[82.3825,28.0808333]]},{"type":"LineString","coordinates":[[82.3691667,28.0683333],[82.3808333,28.0675],[82.39,28.075],[82.4041667,28.0733333],[82.4275,28.0808333],[82.4458333,28.095],[82.45,28.1075]]},{"type":"LineString","coordinates":[[85.7508333,28.0683333],[85.7708333,28.0808333],[85.7875,28.0983333]]},{"type":"LineString","coordinates":[[85.7508333,28.0683333],[85.7433333,28.0858333],[85.7458333,28.1108333],[85.7375,28.1183333],[85.7275,28.1208333]]},{"type":"LineString","coordinates":[[87.0466667,28.0683333],[87.0458333,28.0666667]]},{"type":"LineString","coordinates":[[87.0466667,28.0683333],[87.0366667,28.0741667]]},{"type":"LineString","coordinates":[[84.9825,28.0691667],[84.9691667,28.0758333],[84.965,28.075],[84.9625,28.0791667]]},{"type":"LineString","coordinates":[[84.9825,28.0691667],[85.0091667,28.0891667]]},{"type":"LineString","coordinates":[[81.8408333,28.07],[81.8433333,28.07],[81.85,28.0608333],[81.8608333,28.0583333]]},{"type":"LineString","coordinates":[[81.8408333,28.07],[81.8558333,28.0866667],[81.8633333,28.1058333],[81.8716667,28.1125],[81.8725,28.1183333],[81.8825,28.1308333],[81.8825,28.1366667],[81.8908333,28.1433333],[81.8908333,28.1466667],[81.8958333,28.1516667],[81.8983333,28.1525],[81.9025,28.1491667],[81.9058333,28.1533333],[81.9041667,28.1566667],[81.9158333,28.1658333],[81.9158333,28.1683333],[81.9183333,28.1683333],[81.9216667,28.1725],[81.92,28.1766667],[81.9266667,28.1808333]]},{"type":"LineString","coordinates":[[82.195,28.0716667],[82.2033333,28.0641667],[82.2083333,28.0666667],[82.215,28.065],[82.22,28.0591667],[82.2291667,28.0558333],[82.2325,28.05]]},{"type":"LineString","coordinates":[[82.195,28.0716667],[82.2041667,28.0691667],[82.2191667,28.0825],[82.2258333,28.0925],[82.2308333,28.0941667],[82.2341667,28.0983333],[82.2516667,28.105]]},{"type":"LineString","coordinates":[[85.9983333,28.0716667],[85.9983333,28.0791667]]},{"type":"LineString","coordinates":[[85.9983333,28.0716667],[85.9825,28.08],[85.9608333,28.0791667],[85.9525,28.0825],[85.9366667,28.0783333]]},{"type":"LineString","coordinates":[[87.3783333,28.0716667],[87.3883333,28.0808333],[87.4008333,28.0866667],[87.45,28.0875]]},{"type":"LineString","coordinates":[[87.3783333,28.0716667],[87.3683333,28.0841667],[87.3658333,28.0941667],[87.3575,28.1016667]]},{"type":"LineString","coordinates":[[81.5025,28.0725],[81.5175,28.0758333],[81.5191667,28.08],[81.525,28.0841667],[81.5141667,28.09],[81.5033333,28.1016667],[81.5041667,28.1041667],[81.5091667,28.1058333],[81.5091667,28.1125],[81.5,28.1175],[81.5058333,28.1233333],[81.4991667,28.1258333],[81.505,28.1283333],[81.4991667,28.1458333],[81.5041667,28.15],[81.5075,28.1475],[81.5116667,28.1483333],[81.5141667,28.1508333],[81.5133333,28.1541667],[81.5216667,28.1558333],[81.5225,28.16]]},{"type":"LineString","coordinates":[[81.5025,28.0725],[81.4991667,28.0758333],[81.5016667,28.08],[81.4958333,28.0875],[81.5016667,28.0975],[81.4983333,28.0991667],[81.4958333,28.1116667],[81.4908333,28.1158333],[81.4933333,28.1325],[81.49,28.1425],[81.4966667,28.1508333],[81.5008333,28.1666667],[81.505,28.17],[81.5066667,28.185],[81.5108333,28.1875],[81.5125,28.195],[81.5025,28.1975],[81.5025,28.2008333],[81.49,28.2158333],[81.4975,28.2258333]]},{"type":"LineString","coordinates":[[85.2083333,28.0725],[85.2025,28.0783333]]},{"type":"LineString","coordinates":[[85.2083333,28.0725],[85.2325,28.09],[85.2525,28.0925],[85.2641667,28.0975],[85.2675,28.1025],[85.2983333,28.1275]]},{"type":"LineString","coordinates":[[87.7558333,28.0725],[87.765,28.0641667],[87.7783333,28.0658333]]},{"type":"LineString","coordinates":[[87.7558333,28.0725],[87.7566667,28.0733333]]},{"type":"LineString","coordinates":[[88.4191667,28.0741667],[88.415,28.0691667],[88.4183333,28.0575],[88.4166667,28.0483333],[88.4091667,28.0391667]]},{"type":"LineString","coordinates":[[88.4191667,28.0741667],[88.425,28.0691667],[88.4258333,28.0525],[88.4316667,28.0491667]]},{"type":"LineString","coordinates":[[86.8666667,28.0766667],[86.8616667,28.0766667],[86.8625,28.0691667],[86.8583333,28.0641667],[86.8341667,28.0525],[86.8308333,28.0541667],[86.8258333,28.0483333],[86.8058333,28.0541667],[86.8025,28.0525]]},{"type":"LineString","coordinates":[[86.8666667,28.0766667],[86.8666667,28.07],[86.8816667,28.0591667],[86.8883333,28.0441667]]},{"type":"LineString","coordinates":[[83.5808333,28.0775],[83.575,28.0833333],[83.5758333,28.0875],[83.5625,28.0933333],[83.565,28.1008333],[83.555,28.1066667]]},{"type":"LineString","coordinates":[[83.5808333,28.0775],[83.5816667,28.0808333],[83.5883333,28.08],[83.5958333,28.0916667],[83.6008333,28.095],[83.6008333,28.1016667],[83.6075,28.1125],[83.6308333,28.1241667],[83.6333333,28.1283333],[83.6325,28.1316667],[83.6391667,28.1358333],[83.6366667,28.14],[83.6375,28.1475]]},{"type":"LineString","coordinates":[[84.2325,28.0783333],[84.2308333,28.0791667],[84.2308333,28.0891667],[84.2266667,28.0933333],[84.2275,28.0975]]},{"type":"LineString","coordinates":[[84.2325,28.0783333],[84.2416667,28.0841667],[84.245,28.0825],[84.2491667,28.0883333],[84.2541667,28.085],[84.2641667,28.0933333],[84.2708333,28.0908333],[84.2975,28.1041667]]},{"type":"LineString","coordinates":[[85.2025,28.0783333],[85.1875,28.0833333]]},{"type":"LineString","coordinates":[[85.2025,28.0783333],[85.1991667,28.0825],[85.1991667,28.0925],[85.1966667,28.0975],[85.1983333,28.1075],[85.2025,28.1133333],[85.2025,28.1175],[85.1991667,28.1216667],[85.1975,28.1425],[85.1991667,28.1608333],[85.1958333,28.1683333],[85.2,28.1758333],[85.2008333,28.1916667]]},{"type":"LineString","coordinates":[[81.4141667,28.0791667],[81.4091667,28.0816667],[81.4058333,28.08],[81.4,28.0925],[81.3933333,28.0983333],[81.3883333,28.0991667]]},{"type":"LineString","coordinates":[[81.4141667,28.0791667],[81.4175,28.0825],[81.415,28.085],[81.4175,28.0883333],[81.415,28.09],[81.4166667,28.095],[81.4125,28.1016667],[81.4141667,28.1058333],[81.4275,28.1133333],[81.4241667,28.1191667],[81.4183333,28.1191667],[81.4166667,28.1225],[81.42,28.1241667],[81.4241667,28.1358333],[81.4291667,28.1391667],[81.4283333,28.1408333],[81.4358333,28.1516667],[81.4475,28.1541667]]},{"type":"LineString","coordinates":[[85.9983333,28.0791667],[86.0283333,28.085],[86.0383333,28.0791667]]},{"type":"LineString","coordinates":[[85.9983333,28.0791667],[85.9991667,28.0891667],[85.995,28.1025],[85.9975,28.1108333],[85.9891667,28.125]]},{"type":"LineString","coordinates":[[81.7316667,28.08],[81.7316667,28.0858333]]},{"type":"LineString","coordinates":[[81.7316667,28.08],[81.7391667,28.0766667],[81.745,28.0791667],[81.76,28.0766667],[81.7608333,28.0883333],[81.7633333,28.0908333],[81.7675,28.0925],[81.7675,28.0891667],[81.775,28.0875],[81.7775,28.0941667],[81.7858333,28.1025],[81.7891667,28.1025],[81.8008333,28.0858333],[81.82,28.0816667],[81.8208333,28.0725],[81.8233333,28.07],[81.8291667,28.0683333],[81.8408333,28.07]]},{"type":"LineString","coordinates":[[86.3683333,28.0825],[86.385,28.0858333],[86.4033333,28.0758333],[86.4158333,28.0608333],[86.4283333,28.0383333],[86.4366667,28.0325],[86.4641667,28.0291667],[86.4716667,28.035],[86.48,28.0366667]]},{"type":"LineString","coordinates":[[86.3683333,28.0825],[86.37,28.0908333],[86.3758333,28.0941667],[86.3791667,28.1041667],[86.3925,28.1066667]]},{"type":"LineString","coordinates":[[87.9866667,28.085],[87.9716667,28.0608333],[87.9566667,28.0233333],[87.9533333,28.0016667]]},{"type":"LineString","coordinates":[[87.9866667,28.085],[87.9916667,28.0808333],[87.9991667,28.0825]]},{"type":"LineString","coordinates":[[81.7316667,28.0858333],[81.7266667,28.0908333]]},{"type":"LineString","coordinates":[[81.7316667,28.0858333],[81.7341667,28.0883333],[81.7341667,28.0941667],[81.7408333,28.0983333],[81.7433333,28.0941667],[81.75,28.0941667],[81.7575,28.0966667],[81.7633333,28.1041667],[81.7666667,28.1016667],[81.7716667,28.1025]]},{"type":"LineString","coordinates":[[87.4825,28.0858333],[87.4925,28.0758333],[87.5275,28.0683333]]},{"type":"LineString","coordinates":[[87.4825,28.0858333],[87.525,28.1091667]]},{"type":"LineString","coordinates":[[87.45,28.0875],[87.4825,28.0858333]]},{"type":"LineString","coordinates":[[87.45,28.0875],[87.4541667,28.0925],[87.4533333,28.0966667]]},{"type":"LineString","coordinates":[[82.1633333,28.0883333],[82.1841667,28.0866667],[82.195,28.0758333],[82.195,28.0716667]]},{"type":"LineString","coordinates":[[82.1633333,28.0883333],[82.1691667,28.0975],[82.1941667,28.1075],[82.2,28.1141667],[82.2016667,28.1208333],[82.2075,28.12],[82.2108333,28.125],[82.2133333,28.125]]},{"type":"LineString","coordinates":[[82.8466667,28.0891667],[82.8566667,28.0916667],[82.88,28.1183333],[82.8958333,28.1266667]]},{"type":"LineString","coordinates":[[82.8466667,28.0891667],[82.8491667,28.0991667],[82.8391667,28.1233333],[82.8275,28.1433333]]},{"type":"LineString","coordinates":[[85.0091667,28.0891667],[85.0141667,28.0858333],[85.0283333,28.0891667],[85.0325,28.0866667],[85.04,28.0883333],[85.0541667,28.085],[85.06,28.0883333]]},{"type":"LineString","coordinates":[[85.0091667,28.0891667],[85.0108333,28.0941667],[85.0075,28.1041667],[85.0091667,28.1166667]]},{"type":"LineString","coordinates":[[87.1016667,28.0916667],[87.08,28.0808333],[87.0608333,28.0791667],[87.0466667,28.0683333]]},{"type":"LineString","coordinates":[[87.1016667,28.0916667],[87.0825,28.11],[87.0675,28.11],[87.0666667,28.1125]]},{"type":"LineString","coordinates":[[84.0791667,28.0933333],[84.0866667,28.0941667],[84.0983333,28.1075]]},{"type":"LineString","coordinates":[[84.0791667,28.0933333],[84.0783333,28.1],[84.0825,28.1008333],[84.0825,28.105],[84.0883333,28.1116667],[84.0883333,28.1175],[84.0825,28.12],[84.0858333,28.1266667],[84.0766667,28.1283333],[84.0691667,28.1366667],[84.0633333,28.1383333],[84.0608333,28.1425],[84.0483333,28.1491667],[84.0458333,28.1541667],[84.0408333,28.1533333],[84.0383333,28.1558333]]},{"type":"LineString","coordinates":[[87.3425,28.0941667],[87.3216667,28.0808333],[87.2766667,28.0733333],[87.2666667,28.0683333],[87.2558333,28.07],[87.25,28.0675],[87.2358333,28.0808333],[87.2241667,28.0825],[87.2175,28.09],[87.1908333,28.0941667],[87.1783333,28.1],[87.1516667,28.0958333],[87.1466667,28.09],[87.1333333,28.0841667],[87.1141667,28.0858333],[87.1016667,28.0916667]]},{"type":"LineString","coordinates":[[87.3425,28.0941667],[87.3275,28.1125],[87.3208333,28.115],[87.3158333,28.1125],[87.3116667,28.1175],[87.2958333,28.1241667],[87.29,28.1316667],[87.2741667,28.1383333],[87.2658333,28.1408333],[87.2466667,28.1391667],[87.225,28.1491667],[87.1583333,28.1516667]]},{"type":"LineString","coordinates":[[84.2275,28.0975],[84.2241667,28.1]]},{"type":"LineString","coordinates":[[84.2275,28.0975],[84.2291667,28.1058333],[84.225,28.1091667],[84.2233333,28.1183333],[84.2175,28.1241667],[84.2183333,28.1316667],[84.2283333,28.1383333],[84.2266667,28.1441667],[84.2216667,28.1491667]]},{"type":"LineString","coordinates":[[85.7875,28.0983333],[85.7891667,28.1108333],[85.8008333,28.1233333]]},{"type":"LineString","coordinates":[[85.7875,28.0983333],[85.8016667,28.0991667],[85.8066667,28.0958333],[85.8225,28.1],[85.8358333,28.11],[85.8366667,28.1166667],[85.8325,28.1258333]]},{"type":"LineString","coordinates":[[81.3883333,28.0991667],[81.3816667,28.0975],[81.38,28.1016667],[81.3816667,28.1041667],[81.3741667,28.11],[81.3691667,28.1108333],[81.3675,28.1141667],[81.365,28.1133333],[81.36,28.1191667],[81.3516667,28.1158333],[81.3483333,28.1166667],[81.3366667,28.11],[81.3341667,28.1141667],[81.34,28.12],[81.3325,28.1275],[81.3408333,28.1366667],[81.3366667,28.1383333],[81.33,28.1341667],[81.3308333,28.1308333],[81.3208333,28.1325],[81.3241667,28.1375],[81.3283333,28.1391667],[81.325,28.15],[81.3291667,28.1508333],[81.3316667,28.1541667],[81.3308333,28.1591667],[81.3233333,28.1641667]]},{"type":"LineString","coordinates":[[81.3883333,28.0991667],[81.3875,28.1025],[81.395,28.1091667],[81.3891667,28.1133333],[81.3858333,28.1116667],[81.3808333,28.1133333],[81.3783333,28.1175],[81.3791667,28.1325],[81.3716667,28.1383333],[81.3633333,28.1391667],[81.36,28.1433333],[81.3658333,28.1466667],[81.3833333,28.145],[81.3875,28.15],[81.3816667,28.1558333],[81.3716667,28.1508333],[81.3658333,28.1508333],[81.3625,28.1541667],[81.3616667,28.1575],[81.365,28.1616667],[81.3775,28.1616667],[81.385,28.1666667],[81.38,28.1733333],[81.3691667,28.175],[81.3641667,28.1791667],[81.3633333,28.1875],[81.3683333,28.1908333],[81.3566667,28.1966667],[81.3616667,28.2016667],[81.3716667,28.2025],[81.3725,28.2083333]]},{"type":"LineString","coordinates":[[83.14,28.1],[83.1325,28.0991667],[83.1308333,28.1008333]]},{"type":"LineString","coordinates":[[83.14,28.1],[83.1258333,28.11],[83.1208333,28.12],[83.1216667,28.1225],[83.1141667,28.1325],[83.115,28.1366667],[83.1125,28.1425],[83.1058333,28.1458333],[83.1108333,28.1541667],[83.105,28.1583333],[83.1,28.1666667],[83.0916667,28.1608333]]},{"type":"LineString","coordinates":[[81.57,28.1016667],[81.5733333,28.1041667],[81.575,28.1208333],[81.58,28.1266667],[81.5816667,28.1333333]]},{"type":"LineString","coordinates":[[81.57,28.1016667],[81.5741667,28.0991667],[81.5766667,28.1008333],[81.5925,28.125],[81.6108333,28.1325],[81.6108333,28.1308333],[81.6175,28.1325],[81.62,28.1366667],[81.6225,28.1358333],[81.625,28.1408333],[81.6191667,28.1466667],[81.6233333,28.1508333]]},{"type":"LineString","coordinates":[[87.3575,28.1016667],[87.3425,28.0941667]]},{"type":"LineString","coordinates":[[87.3575,28.1016667],[87.3433333,28.1158333],[87.3475,28.1208333],[87.3475,28.1275]]},{"type":"LineString","coordinates":[[81.7716667,28.1025],[81.7766667,28.1041667],[81.7741667,28.1066667],[81.7783333,28.1091667],[81.7833333,28.1175],[81.7883333,28.1183333],[81.7941667,28.1258333],[81.7983333,28.1241667],[81.805,28.1291667],[81.8041667,28.1341667],[81.8075,28.1358333],[81.8066667,28.1408333],[81.8116667,28.1433333],[81.8083333,28.1441667],[81.8108333,28.1466667],[81.8083333,28.1516667]]},{"type":"LineString","coordinates":[[81.7716667,28.1025],[81.7683333,28.1041667],[81.765,28.1125],[81.77,28.1208333],[81.7633333,28.12],[81.765,28.1283333],[81.76,28.1325],[81.76,28.1375],[81.7558333,28.14],[81.7516667,28.15],[81.7566667,28.1566667],[81.7508333,28.1641667],[81.7566667,28.1675],[81.7558333,28.1766667],[81.7608333,28.1825]]},{"type":"LineString","coordinates":[[83.8708333,28.1025],[83.8725,28.1033333]]},{"type":"LineString","coordinates":[[83.8708333,28.1025],[83.8691667,28.11],[83.8616667,28.1133333],[83.8608333,28.1216667],[83.8408333,28.1375]]},{"type":"LineString","coordinates":[[88.2491667,28.1025],[88.2391667,28.0983333],[88.2291667,28.0891667],[88.2166667,28.085],[88.2058333,28.0716667],[88.2008333,28.0708333],[88.1925,28.0508333],[88.1933333,28.0416667],[88.1858333,28.0266667],[88.185,28.0183333]]},{"type":"LineString","coordinates":[[88.2491667,28.1025],[88.25,28.0933333],[88.2408333,28.0741667],[88.2416667,28.0616667]]},{"type":"LineString","coordinates":[[82.2516667,28.105],[82.2575,28.1133333],[82.2633333,28.115]]},{"type":"LineString","coordinates":[[82.2516667,28.105],[82.2508333,28.115],[82.2558333,28.1266667],[82.255,28.135],[82.2591667,28.1541667]]},{"type":"LineString","coordinates":[[86.3925,28.1066667],[86.3983333,28.105],[86.41,28.115],[86.4208333,28.1175]]},{"type":"LineString","coordinates":[[86.3925,28.1066667],[86.395,28.1141667],[86.4083333,28.1258333],[86.4083333,28.1316667],[86.4241667,28.145]]},{"type":"LineString","coordinates":[[84.0983333,28.1075],[84.1033333,28.1108333],[84.1075,28.11],[84.1091667,28.1133333],[84.1025,28.1258333],[84.1033333,28.1291667],[84.1108333,28.135],[84.1075,28.1466667],[84.11,28.1491667]]},{"type":"LineString","coordinates":[[84.0983333,28.1075],[84.0983333,28.1175],[84.0916667,28.1291667],[84.095,28.1391667],[84.0866667,28.1508333],[84.0858333,28.1575]]},{"type":"LineString","coordinates":[[82.3091667,28.1091667],[82.3175,28.115],[82.3208333,28.1233333],[82.325,28.125],[82.3241667,28.1283333],[82.3341667,28.1341667]]},{"type":"LineString","coordinates":[[82.3091667,28.1091667],[82.33,28.1158333],[82.34,28.1275],[82.3441667,28.1283333],[82.3508333,28.135],[82.3533333,28.1458333],[82.3591667,28.1533333],[82.3683333,28.1541667],[82.38,28.1641667],[82.3858333,28.1641667],[82.39,28.1683333],[82.3975,28.1691667],[82.4008333,28.1758333]]},{"type":"LineString","coordinates":[[87.525,28.1091667],[87.5283333,28.1116667],[87.5491667,28.105],[87.5716667,28.1116667]]},{"type":"LineString","coordinates":[[87.525,28.1091667],[87.5283333,28.1158333],[87.5283333,28.1291667],[87.525,28.1375]]},{"type":"LineString","coordinates":[[84.4316667,28.11],[84.4266667,28.1108333],[84.4216667,28.1191667],[84.4191667,28.1175],[84.4066667,28.125]]},{"type":"LineString","coordinates":[[84.4316667,28.11],[84.4333333,28.1133333],[84.4316667,28.1183333],[84.4358333,28.1208333],[84.435,28.1283333],[84.4383333,28.1316667],[84.4375,28.135],[84.4408333,28.1358333],[84.445,28.1641667]]},{"type":"LineString","coordinates":[[86.8641667,28.11],[86.8625,28.1041667],[86.8708333,28.0808333],[86.8666667,28.0766667]]},{"type":"LineString","coordinates":[[86.8641667,28.11],[86.8775,28.1],[86.8875,28.1],[86.8966667,28.0941667],[86.9125,28.0908333],[86.9225,28.0833333],[86.9241667,28.0783333]]},{"type":"LineString","coordinates":[[86.1708333,28.1116667],[86.2241667,28.1508333]]},{"type":"LineString","coordinates":[[86.1708333,28.1116667],[86.1683333,28.1175],[86.1625,28.1191667],[86.1483333,28.135],[86.1325,28.1633333]]},{"type":"LineString","coordinates":[[82.2633333,28.115],[82.2616667,28.1166667],[82.2683333,28.12]]},{"type":"LineString","coordinates":[[82.2633333,28.115],[82.2666667,28.1141667],[82.2741667,28.1166667],[82.28,28.1225],[82.2875,28.125],[82.29,28.1316667],[82.2941667,28.1341667],[82.3025,28.1475],[82.3058333,28.1591667],[82.3108333,28.1666667],[82.31,28.1808333],[82.3125,28.185],[82.3125,28.1983333],[82.315,28.2066667]]},{"type":"LineString","coordinates":[[83.2333333,28.115],[83.23,28.105],[83.2308333,28.0966667],[83.2258333,28.095],[83.215,28.1008333],[83.2125,28.1083333],[83.21,28.1075],[83.2091667,28.1008333],[83.205,28.1016667],[83.2016667,28.0991667],[83.2008333,28.0941667],[83.1908333,28.0966667],[83.1816667,28.0933333],[83.1716667,28.095],[83.1675,28.0916667],[83.1658333,28.0933333],[83.1625,28.0916667],[83.1583333,28.0983333],[83.1491667,28.0966667],[83.14,28.1]]},{"type":"LineString","coordinates":[[83.2333333,28.115],[83.2208333,28.1283333],[83.2075,28.1275],[83.2058333,28.125],[83.19,28.12],[83.1841667,28.12],[83.1816667,28.1241667],[83.1733333,28.1275],[83.17,28.125],[83.1616667,28.1258333],[83.16,28.1275],[83.1633333,28.13],[83.145,28.1566667],[83.145,28.16],[83.1408333,28.1625],[83.135,28.1616667]]},{"type":"LineString","coordinates":[[84.6708333,28.115],[84.6891667,28.1058333]]},{"type":"LineString","coordinates":[[84.6708333,28.115],[84.6741667,28.1166667],[84.675,28.1233333],[84.68,28.125],[84.6841667,28.13],[84.6866667,28.1366667],[84.6958333,28.1416667],[84.7016667,28.1525],[84.7016667,28.1583333],[84.71,28.175],[84.71,28.1791667],[84.7141667,28.1875],[84.7175,28.1891667]]},{"type":"LineString","coordinates":[[83.2566667,28.1166667],[83.26,28.1125],[83.2466667,28.1016667],[83.2433333,28.105],[83.2383333,28.1041667],[83.2375,28.1141667],[83.2333333,28.115]]},{"type":"LineString","coordinates":[[83.2566667,28.1166667],[83.255,28.1191667],[83.2591667,28.125],[83.2583333,28.1316667],[83.2508333,28.1441667],[83.2458333,28.1591667],[83.2458333,28.1641667],[83.2491667,28.1675],[83.2491667,28.175],[83.2416667,28.18],[83.2425,28.1866667],[83.235,28.1958333],[83.2375,28.2016667],[83.2333333,28.2075],[83.225,28.215],[83.2216667,28.2116667],[83.2166667,28.2116667],[83.2116667,28.2175],[83.2041667,28.2141667],[83.1991667,28.2158333],[83.1983333,28.2191667],[83.2058333,28.2308333],[83.2033333,28.2333333],[83.1891667,28.2283333],[83.1741667,28.2391667],[83.1641667,28.2325],[83.1533333,28.2291667]]},{"type":"LineString","coordinates":[[85.0091667,28.1166667],[85.0016667,28.12]]},{"type":"LineString","coordinates":[[85.0091667,28.1166667],[85.01,28.1208333],[85.015,28.1233333],[85.0283333,28.1375],[85.0325,28.1366667],[85.04,28.1416667],[85.0441667,28.1608333],[85.0483333,28.1658333]]},{"type":"LineString","coordinates":[[83.3216667,28.12],[83.3133333,28.1175],[83.295,28.12],[83.2783333,28.1166667],[83.2708333,28.1233333],[83.2691667,28.12],[83.2633333,28.1183333],[83.2608333,28.12],[83.2566667,28.1166667]]},{"type":"LineString","coordinates":[[83.3216667,28.12],[83.3216667,28.1225],[83.3183333,28.1225],[83.3175,28.1275],[83.3083333,28.1341667],[83.3075,28.1391667],[83.2991667,28.1458333],[83.2991667,28.1508333],[83.2933333,28.1625],[83.2816667,28.1725],[83.2808333,28.18],[83.2733333,28.1866667]]},{"type":"LineString","coordinates":[[82.1133333,28.1233333],[82.1191667,28.115],[82.1308333,28.1116667],[82.1325,28.1091667],[82.1383333,28.1108333],[82.1383333,28.1058333],[82.1416667,28.1016667],[82.1466667,28.0991667],[82.1516667,28.1],[82.1508333,28.095],[82.1541667,28.09],[82.1583333,28.09],[82.1608333,28.0866667],[82.1633333,28.0883333]]},{"type":"LineString","coordinates":[[82.1133333,28.1233333],[82.1183333,28.1241667],[82.1233333,28.1308333],[82.1291667,28.1333333],[82.1375,28.1441667],[82.15,28.1433333],[82.1566667,28.1483333],[82.1733333,28.1525],[82.1925,28.1625],[82.205,28.1791667],[82.2083333,28.1866667],[82.2075,28.1908333]]},{"type":"LineString","coordinates":[[84.4066667,28.125],[84.4033333,28.125]]},{"type":"LineString","coordinates":[[84.4066667,28.125],[84.4033333,28.13],[84.4041667,28.135],[84.4016667,28.14],[84.3841667,28.1441667]]},{"type":"LineString","coordinates":[[85.9891667,28.125],[85.9958333,28.1275],[86.0,28.1391667],[86.0283333,28.1433333]]},{"type":"LineString","coordinates":[[85.9891667,28.125],[85.9891667,28.1291667],[85.9816667,28.13],[85.9733333,28.1391667],[85.9741667,28.1425],[85.9783333,28.1425],[85.9858333,28.1491667],[85.9841667,28.1558333]]},{"type":"LineString","coordinates":[[88.2708333,28.125],[88.2725,28.1025],[88.2583333,28.0783333],[88.26,28.0675],[88.2666667,28.0608333],[88.2841667,28.0566667],[88.31,28.0383333],[88.3125,28.0325]]},{"type":"LineString","coordinates":[[88.2708333,28.125],[88.2916667,28.1108333],[88.2966667,28.1033333]]},{"type":"LineString","coordinates":[[88.335,28.125],[88.3541667,28.0925],[88.3633333,28.0683333]]},{"type":"LineString","coordinates":[[88.335,28.125],[88.3358333,28.125]]},{"type":"LineString","coordinates":[[82.8958333,28.1266667],[82.9066667,28.1208333]]},{"type":"LineString","coordinates":[[82.8958333,28.1266667],[82.9,28.1275],[82.9008333,28.1316667],[82.9066667,28.1366667],[82.9066667,28.145],[82.91,28.1475]]},{"type":"LineString","coordinates":[[82.735,28.1275],[82.7433333,28.13]]},{"type":"LineString","coordinates":[[82.735,28.1275],[82.7316667,28.14],[82.7158333,28.1441667],[82.7091667,28.1541667],[82.7125,28.1583333],[82.7066667,28.165],[82.6991667,28.1675],[82.6916667,28.18],[82.6925,28.1825],[82.6883333,28.1816667],[82.685,28.185]]},{"type":"LineString","coordinates":[[85.2983333,28.1275],[85.3116667,28.1091667],[85.315,28.1],[85.3333333,28.095],[85.3583333,28.0958333],[85.3633333,28.0916667]]},{"type":"LineString","coordinates":[[85.2983333,28.1275],[85.3066667,28.14],[85.325,28.1508333],[85.3425,28.1658333]]},{"type":"LineString","coordinates":[[87.3475,28.1275],[87.3541667,28.1508333],[87.3491667,28.1591667],[87.3425,28.1625],[87.3425,28.1816667]]},{"type":"LineString","coordinates":[[87.3475,28.1275],[87.3358333,28.14],[87.3158333,28.1541667],[87.29,28.1616667],[87.265,28.18],[87.2633333,28.185],[87.2475,28.19],[87.2366667,28.2033333],[87.2275,28.205],[87.2216667,28.2108333],[87.2016667,28.2191667],[87.1833333,28.2208333]]},{"type":"LineString","coordinates":[[86.8508333,28.1366667],[86.8525,28.1275],[86.8641667,28.1141667],[86.8616667,28.1116667],[86.8641667,28.11]]},{"type":"LineString","coordinates":[[86.8508333,28.1366667],[86.8675,28.1441667],[86.8766667,28.155],[86.8875,28.1558333]]},{"type":"LineString","coordinates":[[88.1291667,28.1366667],[88.1233333,28.1308333],[88.1216667,28.1158333]]},{"type":"LineString","coordinates":[[88.1291667,28.1366667],[88.1283333,28.125],[88.135,28.1183333],[88.1383333,28.1091667]]},{"type":"LineString","coordinates":[[83.8408333,28.1375],[83.8416667,28.1408333],[83.8516667,28.14],[83.8558333,28.1458333],[83.8608333,28.1408333],[83.8608333,28.1466667],[83.8666667,28.1483333],[83.865,28.1516667],[83.8675,28.1541667],[83.87,28.1525],[83.875,28.1541667]]},{"type":"LineString","coordinates":[[83.8408333,28.1375],[83.8308333,28.1433333],[83.8283333,28.1491667],[83.8225,28.1491667],[83.82,28.1533333],[83.8133333,28.1533333],[83.8075,28.1575],[83.8008333,28.1658333],[83.795,28.1675],[83.795,28.1708333],[83.7916667,28.1683333],[83.7841667,28.1691667]]},{"type":"LineString","coordinates":[[87.9641667,28.1408333],[87.9666667,28.1308333],[87.9816667,28.1116667],[87.99,28.0941667],[87.9866667,28.085]]},{"type":"LineString","coordinates":[[87.9641667,28.1408333],[87.9716667,28.1358333],[87.9791667,28.1208333],[87.9866667,28.1141667]]},{"type":"LineString","coordinates":[[82.9566667,28.1425],[82.9891667,28.1225],[82.9983333,28.1241667],[83.0041667,28.1216667],[83.0116667,28.125],[83.015,28.1233333],[83.0233333,28.125],[83.0275,28.1225],[83.0308333,28.1241667],[83.03,28.1283333],[83.0366667,28.1291667],[83.0458333,28.1266667],[83.045,28.1325],[83.0483333,28.1375]]},{"type":"LineString","coordinates":[[82.9566667,28.1425],[82.9591667,28.1433333],[82.9666667,28.1425],[82.9675,28.15],[82.9733333,28.16],[82.9741667,28.17],[82.98,28.18],[82.9783333,28.1883333],[82.9816667,28.1958333],[82.9975,28.2091667],[83.0,28.2141667],[83.0058333,28.2158333],[83.0141667,28.2225],[83.0166667,28.2308333],[83.0216667,28.2333333],[83.0208333,28.2358333],[83.0258333,28.2416667],[83.0275,28.2483333],[83.0325,28.2516667],[83.045,28.2683333]]},{"type":"LineString","coordinates":[[86.4241667,28.145],[86.425,28.145]]},{"type":"LineString","coordinates":[[86.4241667,28.145],[86.4216667,28.1491667],[86.3958333,28.1583333]]},{"type":"LineString","coordinates":[[86.425,28.145],[86.4416667,28.1433333],[86.48,28.1241667],[86.4933333,28.1158333],[86.5108333,28.0983333],[86.5225,28.0925]]},{"type":"LineString","coordinates":[[86.425,28.145],[86.4308333,28.1516667]]},{"type":"LineString","coordinates":[[82.91,28.1475],[82.915,28.1483333],[82.9275,28.1391667],[82.9325,28.1391667],[82.9441667,28.1475],[82.9516667,28.1458333],[82.95,28.1391667],[82.9566667,28.1425]]},{"type":"LineString","coordinates":[[82.91,28.1475],[82.895,28.1575],[82.895,28.1683333],[82.8841667,28.1775],[82.8883333,28.1816667]]},{"type":"LineString","coordinates":[[83.6375,28.1475],[83.6508333,28.1525],[83.6566667,28.1633333],[83.6858333,28.1641667]]},{"type":"LineString","coordinates":[[83.6375,28.1475],[83.6333333,28.1508333],[83.6383333,28.1541667],[83.6366667,28.16],[83.6433333,28.1666667],[83.64,28.175]]},{"type":"LineString","coordinates":[[84.2216667,28.1491667],[84.2216667,28.1541667],[84.2183333,28.1591667],[84.2191667,28.1658333],[84.2133333,28.1725],[84.2183333,28.1808333],[84.2091667,28.1833333],[84.2058333,28.1891667],[84.1941667,28.1883333],[84.1941667,28.1916667],[84.19,28.1958333],[84.1925,28.1983333]]},{"type":"LineString","coordinates":[[84.2216667,28.1491667],[84.23,28.1591667],[84.2466667,28.1633333],[84.2633333,28.1758333],[84.2708333,28.1758333],[84.2808333,28.1808333],[84.2875,28.19],[84.2833333,28.1933333],[84.2791667,28.205],[84.2733333,28.2066667],[84.2741667,28.21],[84.265,28.2175],[84.2733333,28.2425],[84.2808333,28.2525],[84.28,28.2608333],[84.275,28.2841667],[84.2541667,28.305],[84.2533333,28.31],[84.2583333,28.3141667],[84.2583333,28.3175],[84.245,28.3475]]},{"type":"LineString","coordinates":[[86.2241667,28.1508333],[86.2375,28.1575],[86.26,28.1616667],[86.2733333,28.1775]]},{"type":"LineString","coordinates":[[86.2241667,28.1508333],[86.2216667,28.1608333],[86.21,28.1766667],[86.2108333,28.18],[86.1933333,28.205],[86.19,28.2158333],[86.1816667,28.2241667],[86.1758333,28.2416667]]},{"type":"LineString","coordinates":[[85.3691667,28.1516667],[85.3683333,28.1433333],[85.3716667,28.1391667]]},{"type":"LineString","coordinates":[[85.3691667,28.1516667],[85.3775,28.1516667],[85.3825,28.1541667],[85.4241667,28.1575],[85.4308333,28.1608333],[85.4366667,28.1683333],[85.4375,28.175],[85.45,28.1941667],[85.465,28.2025],[85.4816667,28.2066667],[85.4866667,28.21],[85.52,28.2141667],[85.5425,28.2083333],[85.5566667,28.2091667]]},{"type":"LineString","coordinates":[[86.4308333,28.1516667],[86.4408333,28.1533333],[86.4483333,28.1691667],[86.465,28.1808333]]},{"type":"LineString","coordinates":[[86.4308333,28.1516667],[86.4325,28.1625],[86.44,28.17],[86.4391667,28.1783333],[86.4291667,28.1891667],[86.4008333,28.1983333],[86.3958333,28.2033333],[86.3975,28.2083333],[86.3941667,28.2141667],[86.3966667,28.2166667],[86.3908333,28.2275],[86.3966667,28.2408333],[86.3933333,28.2466667]]},{"type":"LineString","coordinates":[[81.4475,28.1541667],[81.4533333,28.15],[81.465,28.1641667],[81.4691667,28.185]]},{"type":"LineString","coordinates":[[81.4475,28.1541667],[81.4483333,28.1608333],[81.455,28.1666667],[81.4583333,28.1733333],[81.4566667,28.1741667],[81.4575,28.1791667],[81.46,28.1808333],[81.455,28.185],[81.455,28.2016667],[81.4641667,28.2091667],[81.4675,28.2166667],[81.4675,28.2383333],[81.4658333,28.2433333],[81.4616667,28.2458333],[81.4616667,28.2566667],[81.4575,28.2641667],[81.46,28.2675],[81.4575,28.2716667],[81.4583333,28.275],[81.4533333,28.28],[81.4608333,28.285],[81.465,28.2958333],[81.4725,28.3008333],[81.4741667,28.3058333]]},{"type":"LineString","coordinates":[[82.1125,28.1541667],[82.1141667,28.1508333],[82.1075,28.1475],[82.105,28.1433333],[82.115,28.1391667],[82.11,28.1325],[82.1108333,28.125],[82.1133333,28.1233333]]},{"type":"LineString","coordinates":[[82.1125,28.1541667],[82.1183333,28.1583333]]},{"type":"LineString","coordinates":[[84.0383333,28.1558333],[84.03,28.155],[84.0283333,28.1608333],[84.0233333,28.1575],[84.0191667,28.1633333],[84.0116667,28.16],[84.005,28.1666667],[84.0,28.1675]]},{"type":"LineString","coordinates":[[84.0383333,28.1558333],[84.035,28.1616667],[84.0341667,28.1775],[84.0266667,28.1858333],[84.0291667,28.1891667],[84.0241667,28.2066667],[84.0283333,28.2091667],[84.0266667,28.2108333],[84.03,28.2166667],[84.0475,28.2166667],[84.0558333,28.2241667],[84.0525,28.2341667],[84.0575,28.2441667],[84.0575,28.2491667]]},{"type":"LineString","coordinates":[[85.9841667,28.1558333],[85.9791667,28.1625],[85.9666667,28.1675],[85.9533333,28.1841667]]},{"type":"LineString","coordinates":[[85.9841667,28.1558333],[85.985,28.1908333],[85.99,28.1975],[85.99,28.2075],[86.0,28.2133333],[85.9983333,28.2183333]]},{"type":"LineString","coordinates":[[88.1133333,28.1591667],[88.115,28.1558333],[88.12,28.1558333],[88.1291667,28.1366667]]},{"type":"LineString","coordinates":[[88.1133333,28.1591667],[88.13,28.1625],[88.14,28.1683333]]},{"type":"LineString","coordinates":[[81.5225,28.16],[81.5166667,28.1591667],[81.5158333,28.1616667],[81.5225,28.1675],[81.5191667,28.1708333],[81.5216667,28.1741667],[81.5191667,28.1766667],[81.5266667,28.18],[81.5308333,28.185],[81.5266667,28.1941667],[81.5341667,28.1975],[81.54,28.2033333],[81.55,28.2041667],[81.5533333,28.2016667],[81.56,28.2066667],[81.5591667,28.2108333],[81.5616667,28.2133333]]},{"type":"LineString","coordinates":[[81.5225,28.16],[81.5291667,28.1633333],[81.5266667,28.1716667],[81.5316667,28.1783333],[81.5341667,28.1766667],[81.5366667,28.1791667],[81.5508333,28.18],[81.5525,28.1783333],[81.5491667,28.1758333],[81.555,28.175],[81.56,28.1816667],[81.5633333,28.1791667],[81.5666667,28.1808333],[81.5683333,28.1841667],[81.565,28.1858333],[81.5658333,28.1916667],[81.5675,28.1933333],[81.57,28.1916667],[81.5766667,28.2025],[81.5816667,28.2058333],[81.5883333,28.2083333],[81.5916667,28.2041667],[81.6008333,28.2116667],[81.6083333,28.2108333],[81.6091667,28.2066667],[81.6125,28.2075],[81.6183333,28.2116667],[81.6233333,28.22],[81.6258333,28.2183333],[81.6383333,28.225],[81.645,28.2216667],[81.6491667,28.2233333],[81.655,28.2191667],[81.665,28.2275],[81.6658333,28.2341667],[81.6675,28.2325],[81.6725,28.2341667]]},{"type":"LineString","coordinates":[[82.0875,28.16],[82.0925,28.1616667],[82.095,28.1666667],[82.0991667,28.16],[82.1016667,28.16],[82.0991667,28.1508333],[82.1025,28.15],[82.1075,28.155],[82.1125,28.1541667]]},{"type":"LineString","coordinates":[[82.0875,28.16],[82.0875,28.1683333],[82.0908333,28.175],[82.0958333,28.1775],[82.0975,28.1875],[82.1008333,28.1916667],[82.1008333,28.2025],[82.105,28.2066667],[82.1008333,28.2108333]]},{"type":"LineString","coordinates":[[86.8433333,28.16],[86.835,28.1508333],[86.8366667,28.1475],[86.8316667,28.1408333],[86.8183333,28.13],[86.8166667,28.1233333]]},{"type":"LineString","coordinates":[[86.8433333,28.16],[86.8508333,28.1366667]]},{"type":"LineString","coordinates":[[88.4983333,28.16],[88.5008333,28.1533333],[88.4991667,28.1391667],[88.5075,28.1275],[88.4983333,28.115],[88.5,28.1075]]},{"type":"LineString","coordinates":[[88.4983333,28.16],[88.5058333,28.1541667]]},{"type":"LineString","coordinates":[[88.8425,28.1616667],[88.8425,28.14],[88.8216667,28.1016667],[88.8225,28.0958333]]},{"type":"LineString","coordinates":[[88.8425,28.1616667],[88.8475,28.1566667],[88.8483333,28.1466667],[88.8641667,28.1241667]]},{"type":"LineString","coordinates":[[88.2225,28.1625],[88.2441667,28.1383333],[88.2441667,28.1325],[88.2383333,28.1225],[88.2466667,28.1116667],[88.2491667,28.1025]]},{"type":"LineString","coordinates":[[88.2225,28.1625],[88.2325,28.1625],[88.245,28.1541667],[88.2708333,28.125]]},{"type":"LineString","coordinates":[[86.1325,28.1633333],[86.1275,28.1683333],[86.1141667,28.1716667],[86.1125,28.1783333]]},{"type":"LineString","coordinates":[[86.1325,28.1633333],[86.135,28.1691667],[86.155,28.1866667]]},{"type":"LineString","coordinates":[[81.3233333,28.1641667],[81.3183333,28.1666667],[81.32,28.1708333],[81.3125,28.1783333],[81.3141667,28.18],[81.3125,28.1825],[81.3091667,28.1833333],[81.3008333,28.1775],[81.2991667,28.1816667],[81.2925,28.1791667],[81.29,28.1833333]]},{"type":"LineString","coordinates":[[81.3233333,28.1641667],[81.3316667,28.1716667],[81.3283333,28.175],[81.3316667,28.1808333],[81.3216667,28.1866667],[81.3225,28.1941667],[81.3133333,28.2],[81.3183333,28.21],[81.3175,28.2175],[81.3091667,28.2183333],[81.3066667,28.215],[81.305,28.2166667],[81.3075,28.22],[81.295,28.2366667],[81.2958333,28.2416667],[81.2891667,28.2433333],[81.2866667,28.2475],[81.2825,28.2441667],[81.2783333,28.2466667],[81.2741667,28.2441667],[81.27,28.2491667],[81.2716667,28.2516667],[81.2675,28.2533333],[81.2633333,28.2591667],[81.26,28.2583333],[81.26,28.2608333]]},{"type":"LineString","coordinates":[[84.445,28.1641667],[84.4516667,28.1691667],[84.4575,28.1808333],[84.4583333,28.1875],[84.4558333,28.1908333]]},{"type":"LineString","coordinates":[[84.445,28.1641667],[84.4383333,28.1716667],[84.4341667,28.1833333],[84.43,28.1825],[84.4275,28.1866667],[84.4075,28.1941667],[84.4066667,28.2008333],[84.4033333,28.2],[84.3983333,28.2108333],[84.3933333,28.2141667],[84.3941667,28.2166667],[84.39,28.2175],[84.3908333,28.2233333],[84.3866667,28.2291667],[84.3841667,28.2291667],[84.3841667,28.2316667],[84.3808333,28.2325],[84.3816667,28.2358333],[84.3733333,28.245],[84.375,28.2475],[84.365,28.2591667],[84.3658333,28.2633333],[84.3616667,28.2691667],[84.3608333,28.28]]},{"type":"LineString","coordinates":[[88.1,28.165],[88.1058333,28.1608333],[88.1033333,28.1566667],[88.1108333,28.1516667],[88.1066667,28.1458333],[88.11,28.1366667]]},{"type":"LineString","coordinates":[[88.1,28.165],[88.1025,28.1666667],[88.1133333,28.1591667]]},{"type":"LineString","coordinates":[[85.0483333,28.1658333],[85.0391667,28.1716667]]},{"type":"LineString","coordinates":[[85.0483333,28.1658333],[85.0683333,28.1841667],[85.0716667,28.1916667]]},{"type":"LineString","coordinates":[[85.3425,28.1658333],[85.3541667,28.1541667],[85.3691667,28.1516667]]},{"type":"LineString","coordinates":[[85.3425,28.1658333],[85.3425,28.1808333]]},{"type":"LineString","coordinates":[[84.0,28.1675],[83.9941667,28.1691667],[83.9916667,28.1725],[83.975,28.1741667],[83.9691667,28.18],[83.9625,28.18],[83.9591667,28.185]]},{"type":"LineString","coordinates":[[84.0,28.1675],[83.9833333,28.1925],[83.9858333,28.2016667],[83.9941667,28.2116667],[83.9916667,28.225],[83.995,28.2408333]]},{"type":"LineString","coordinates":[[88.14,28.1683333],[88.1575,28.155],[88.1758333,28.1333333],[88.1725,28.13],[88.1708333,28.1166667],[88.1791667,28.0866667],[88.1691667,28.0483333]]},{"type":"LineString","coordinates":[[88.14,28.1683333],[88.15,28.1708333],[88.1716667,28.1658333]]},{"type":"LineString","coordinates":[[84.8816667,28.1708333],[84.8941667,28.1691667],[84.9033333,28.1716667],[84.9058333,28.17],[84.9241667,28.1783333]]},{"type":"LineString","coordinates":[[84.8816667,28.1708333],[84.8833333,28.1758333],[84.88,28.1808333],[84.8816667,28.185],[84.8758333,28.1966667],[84.875,28.2091667],[84.8775,28.2141667],[84.8775,28.2225],[84.875,28.2241667],[84.875,28.2316667]]},{"type":"LineString","coordinates":[[84.6125,28.1716667],[84.6033333,28.1858333],[84.5941667,28.1916667]]},{"type":"LineString","coordinates":[[84.6125,28.1716667],[84.6191667,28.18],[84.6225,28.18],[84.625,28.185],[84.6333333,28.19],[84.64,28.2041667],[84.6325,28.2291667]]},{"type":"LineString","coordinates":[[85.0391667,28.1716667],[85.0133333,28.1725]]},{"type":"LineString","coordinates":[[85.0391667,28.1716667],[85.04,28.1808333],[85.0291667,28.1908333],[85.0241667,28.2108333]]},{"type":"LineString","coordinates":[[83.64,28.175],[83.6333333,28.1808333],[83.6175,28.1791667],[83.6116667,28.1816667]]},{"type":"LineString","coordinates":[[83.64,28.175],[83.6458333,28.1791667],[83.6475,28.185],[83.6525,28.1875],[83.66,28.1991667],[83.665,28.1991667],[83.6708333,28.2041667]]},{"type":"LineString","coordinates":[[88.8241667,28.175],[88.8241667,28.1675],[88.8183333,28.1583333],[88.8191667,28.1475]]},{"type":"LineString","coordinates":[[88.8241667,28.175],[88.8425,28.1616667]]},{"type":"LineString","coordinates":[[82.4008333,28.1758333],[82.395,28.1791667],[82.3966667,28.1825],[82.3891667,28.195]]},{"type":"LineString","coordinates":[[82.4008333,28.1758333],[82.415,28.1791667],[82.4166667,28.1858333],[82.4266667,28.1983333],[82.4358333,28.2],[82.4383333,28.2025],[82.4533333,28.2]]},{"type":"LineString","coordinates":[[88.0833333,28.1766667],[88.085,28.17],[88.0825,28.1616667],[88.065,28.1408333],[88.0608333,28.1241667],[88.0633333,28.1133333]]},{"type":"LineString","coordinates":[[88.0833333,28.1766667],[88.09,28.1758333],[88.0916667,28.1708333],[88.1,28.165]]},{"type":"LineString","coordinates":[[86.2733333,28.1775],[86.2808333,28.1758333]]},{"type":"LineString","coordinates":[[86.2733333,28.1775],[86.2758333,28.1841667],[86.2716667,28.1966667]]},{"type":"LineString","coordinates":[[86.5883333,28.1775],[86.5925,28.1591667],[86.5841667,28.1325],[86.5958333,28.1141667],[86.6058333,28.1166667]]},{"type":"LineString","coordinates":[[86.5883333,28.1775],[86.5941667,28.17],[86.6016667,28.1683333],[86.6083333,28.1616667],[86.6108333,28.1633333],[86.615,28.16],[86.6258333,28.1591667],[86.6433333,28.15]]},{"type":"LineString","coordinates":[[86.4708333,28.1783333],[86.48,28.175],[86.4841667,28.1683333],[86.49,28.1675],[86.4983333,28.1558333],[86.52,28.1416667]]},{"type":"LineString","coordinates":[[86.4708333,28.1783333],[86.5191667,28.1858333]]},{"type":"LineString","coordinates":[[82.0316667,28.1791667],[82.0358333,28.175],[82.0391667,28.1658333],[82.0341667,28.1566667],[82.0391667,28.15],[82.0341667,28.1425],[82.0466667,28.1275],[82.0433333,28.1233333],[82.0441667,28.1208333],[82.0641667,28.0991667],[82.0708333,28.1008333],[82.0791667,28.0966667]]},{"type":"LineString","coordinates":[[82.0316667,28.1791667],[82.0391667,28.1916667],[82.045,28.1916667],[82.0483333,28.195],[82.0508333,28.1891667],[82.055,28.1875],[82.0616667,28.1891667],[82.0583333,28.1816667],[82.0591667,28.1733333],[82.0616667,28.1708333],[82.0725,28.175],[82.0741667,28.1733333],[82.0708333,28.1658333],[82.0716667,28.1616667],[82.0783333,28.1633333],[82.0833333,28.1575],[82.0875,28.16]]},{"type":"LineString","coordinates":[[86.7591667,28.1791667],[86.7533333,28.1741667],[86.7441667,28.1741667]]},{"type":"LineString","coordinates":[[86.7591667,28.1791667],[86.7558333,28.17],[86.7583333,28.1683333],[86.7566667,28.1608333],[86.74,28.1475]]},{"type":"LineString","coordinates":[[85.3425,28.1808333],[85.3383333,28.1825],[85.3291667,28.1791667],[85.3091667,28.18],[85.3016667,28.1841667]]},{"type":"LineString","coordinates":[[85.3425,28.1808333],[85.3525,28.1983333],[85.355,28.2158333],[85.3608333,28.2233333],[85.3583333,28.2425],[85.365,28.2491667],[85.365,28.2566667],[85.3758333,28.2675]]},{"type":"LineString","coordinates":[[86.465,28.1808333],[86.4708333,28.1783333]]},{"type":"LineString","coordinates":[[86.465,28.1808333],[86.4683333,28.1875],[86.47,28.2275]]},{"type":"LineString","coordinates":[[82.8883333,28.1816667],[82.8875,28.19],[82.88,28.1958333]]},{"type":"LineString","coordinates":[[82.8883333,28.1816667],[82.8916667,28.1825],[82.8983333,28.1941667],[82.9041667,28.1975],[82.9058333,28.2033333],[82.9083333,28.2016667],[82.915,28.2066667],[82.9133333,28.21],[82.9158333,28.2158333]]},{"type":"LineString","coordinates":[[83.6116667,28.1816667],[83.595,28.1708333],[83.5933333,28.1716667]]},{"type":"LineString","coordinates":[[83.6116667,28.1816667],[83.6075,28.1925],[83.6033333,28.1958333],[83.5991667,28.1958333],[83.595,28.2025],[83.58,28.2058333]]},{"type":"LineString","coordinates":[[87.3425,28.1816667],[87.3475,28.1783333],[87.3558333,28.1783333],[87.3608333,28.1791667],[87.3691667,28.1875],[87.39,28.1875],[87.4158333,28.165],[87.4266667,28.1633333]]},{"type":"LineString","coordinates":[[87.3425,28.1816667],[87.345,28.19],[87.3566667,28.2],[87.3541667,28.2066667],[87.3575,28.2091667],[87.3583333,28.2183333],[87.35,28.2316667]]},{"type":"LineString","coordinates":[[81.7608333,28.1825],[81.7666667,28.1883333],[81.7666667,28.195],[81.77,28.2016667],[81.775,28.2066667],[81.785,28.2091667]]},{"type":"LineString","coordinates":[[81.7608333,28.1825],[81.76,28.1858333],[81.7641667,28.1941667],[81.7625,28.2008333],[81.7658333,28.2075],[81.775,28.2141667],[81.7841667,28.2166667],[81.7858333,28.22]]},{"type":"LineString","coordinates":[[87.9133333,28.1825],[87.9225,28.1533333],[87.9066667,28.1325],[87.8841667,28.1208333]]},{"type":"LineString","coordinates":[[87.9133333,28.1825],[87.9208333,28.1808333],[87.9333333,28.1625],[87.9191667,28.12]]},{"type":"LineString","coordinates":[[85.3016667,28.1841667],[85.2833333,28.1683333],[85.27,28.1666667],[85.2616667,28.1708333],[85.2575,28.17]]},{"type":"LineString","coordinates":[[85.3016667,28.1841667],[85.2916667,28.1966667],[85.2908333,28.21],[85.285,28.2166667],[85.2858333,28.2383333],[85.26,28.2666667],[85.2541667,28.2966667],[85.2475,28.3025]]},{"type":"LineString","coordinates":[[85.9533333,28.1841667],[85.9358333,28.1816667],[85.9316667,28.1725],[85.9233333,28.1658333]]},{"type":"LineString","coordinates":[[85.9533333,28.1841667],[85.935,28.1925],[85.925,28.1933333]]},{"type":"LineString","coordinates":[[82.685,28.185],[82.6816667,28.1866667],[82.6825,28.1916667],[82.6791667,28.1941667]]},{"type":"LineString","coordinates":[[82.685,28.185],[82.69,28.1958333],[82.6891667,28.1983333],[82.6966667,28.2041667],[82.6958333,28.2141667],[82.7008333,28.2175],[82.7,28.2258333],[82.7025,28.2308333],[82.7141667,28.2383333],[82.7191667,28.2383333],[82.7233333,28.2441667],[82.7275,28.2433333],[82.7316667,28.2466667]]},{"type":"LineString","coordinates":[[83.9591667,28.185],[83.9525,28.1833333]]},{"type":"LineString","coordinates":[[83.9591667,28.185],[83.96,28.1908333],[83.9658333,28.1908333],[83.9675,28.1933333],[83.9675,28.1991667],[83.9608333,28.2041667],[83.9566667,28.2041667],[83.9466667,28.2166667],[83.9408333,28.2183333],[83.9333333,28.2266667],[83.9325,28.2241667],[83.9275,28.2233333],[83.9241667,28.2266667],[83.92,28.2266667],[83.9183333,28.2316667],[83.9133333,28.2275],[83.9008333,28.24],[83.8933333,28.2383333],[83.8866667,28.2441667],[83.8766667,28.2425]]},{"type":"LineString","coordinates":[[83.2733333,28.1866667],[83.2775,28.1908333],[83.2833333,28.1908333]]},{"type":"LineString","coordinates":[[83.2733333,28.1866667],[83.2708333,28.195],[83.2666667,28.1991667],[83.2591667,28.2008333],[83.2591667,28.2041667],[83.2541667,28.2075],[83.2541667,28.2116667],[83.2508333,28.215],[83.2383333,28.2208333]]},{"type":"LineString","coordinates":[[85.09,28.1883333],[85.0958333,28.1841667],[85.0975,28.17],[85.1033333,28.1633333]]},{"type":"LineString","coordinates":[[85.09,28.1883333],[85.1008333,28.1908333]]},{"type":"LineString","coordinates":[[87.8016667,28.1883333],[87.8066667,28.1858333]]},{"type":"LineString","coordinates":[[87.8016667,28.1883333],[87.8058333,28.19],[87.8283333,28.1841667],[87.8341667,28.1858333],[87.845,28.1816667],[87.8558333,28.1816667],[87.8625,28.1858333],[87.8908333,28.1916667]]},{"type":"LineString","coordinates":[[81.6991667,28.1891667],[81.7033333,28.1966667],[81.705,28.1941667],[81.7133333,28.2]]},{"type":"LineString","coordinates":[[81.6991667,28.1891667],[81.6941667,28.1941667],[81.6975,28.2025],[81.695,28.2041667],[81.7041667,28.2125],[81.7091667,28.2091667],[81.7116667,28.2183333],[81.7166667,28.2191667],[81.7191667,28.2266667],[81.7233333,28.2266667],[81.7258333,28.23]]},{"type":"LineString","coordinates":[[84.7175,28.1891667],[84.72,28.1875],[84.73,28.19],[84.7391667,28.1866667]]},{"type":"LineString","coordinates":[[84.7175,28.1891667],[84.7233333,28.2141667],[84.7333333,28.225],[84.7358333,28.2341667],[84.735,28.24],[84.7316667,28.2433333],[84.7358333,28.2508333],[84.7333333,28.2541667],[84.7341667,28.2575],[84.7275,28.2591667],[84.7275,28.2625],[84.7208333,28.2708333],[84.7216667,28.2816667],[84.7316667,28.3],[84.7291667,28.31]]},{"type":"LineString","coordinates":[[83.2833333,28.1908333],[83.2975,28.1925],[83.305,28.1975],[83.3083333,28.1975],[83.3166667,28.19],[83.3266667,28.1891667],[83.3383333,28.19],[83.35,28.1941667],[83.3525,28.1975],[83.37,28.1966667],[83.38,28.205],[83.3841667,28.2041667],[83.3916667,28.2091667],[83.4066667,28.2083333],[83.4091667,28.215],[83.4125,28.215],[83.4183333,28.22]]},{"type":"LineString","coordinates":[[83.2833333,28.1908333],[83.2875,28.1966667],[83.2883333,28.2041667],[83.3016667,28.2133333],[83.3266667,28.2125],[83.3325,28.2158333],[83.3425,28.2333333],[83.3458333,28.2441667]]},{"type":"LineString","coordinates":[[84.4558333,28.1908333],[84.4625,28.1991667],[84.4675,28.2016667],[84.5091667,28.1966667]]},{"type":"LineString","coordinates":[[84.4558333,28.1908333],[84.4483333,28.2091667],[84.4475,28.2183333],[84.45,28.22],[84.45,28.2308333],[84.4541667,28.24],[84.4625,28.2466667]]},{"type":"LineString","coordinates":[[85.1008333,28.1908333],[85.1141667,28.1816667]]},{"type":"LineString","coordinates":[[85.1008333,28.1908333],[85.1058333,28.1933333],[85.1075,28.2008333],[85.1141667,28.21],[85.1208333,28.2166667],[85.13,28.2191667],[85.1308333,28.2275],[85.1433333,28.2375]]},{"type":"LineString","coordinates":[[88.7516667,28.1908333],[88.7508333,28.1866667],[88.7608333,28.1775],[88.7541667,28.1616667],[88.7566667,28.15],[88.7483333,28.1416667]]},{"type":"LineString","coordinates":[[88.7516667,28.1908333],[88.7425,28.19],[88.7366667,28.1933333],[88.7175,28.1933333],[88.7141667,28.1958333],[88.7108333,28.1925],[88.7025,28.1933333]]},{"type":"LineString","coordinates":[[85.0716667,28.1916667],[85.0766667,28.1925],[85.09,28.1883333]]},{"type":"LineString","coordinates":[[85.0716667,28.1916667],[85.0683333,28.2058333],[85.0683333,28.2125],[85.0716667,28.2183333],[85.07,28.2241667],[85.0733333,28.2275],[85.0725,28.2391667],[85.0808333,28.25],[85.085,28.2641667],[85.0816667,28.2725],[85.0825,28.285],[85.0858333,28.2875]]},{"type":"LineString","coordinates":[[87.8908333,28.1916667],[87.8983333,28.1858333],[87.9133333,28.1825]]},{"type":"LineString","coordinates":[[87.8908333,28.1916667],[87.9141667,28.1966667],[87.9225,28.2008333],[87.9275,28.2075],[87.9425,28.2066667]]},{"type":"LineString","coordinates":[[87.795,28.1925],[87.7933333,28.1825],[87.7891667,28.18],[87.7758333,28.1458333]]},{"type":"LineString","coordinates":[[87.795,28.1925],[87.8016667,28.1883333]]},{"type":"LineString","coordinates":[[85.925,28.1933333],[85.9216667,28.1983333],[85.9233333,28.2041667],[85.9191667,28.2075],[85.8883333,28.215]]},{"type":"LineString","coordinates":[[85.925,28.1933333],[85.8875,28.2016667],[85.8675,28.2125],[85.8566667,28.215],[85.8508333,28.2125],[85.8475,28.2166667],[85.8416667,28.2141667],[85.8341667,28.2233333],[85.8266667,28.2266667],[85.8091667,28.2266667],[85.8058333,28.2341667],[85.7958333,28.2383333],[85.7933333,28.2491667],[85.7808333,28.2608333],[85.7608333,28.2675],[85.7616667,28.275],[85.755,28.2891667],[85.7608333,28.2991667],[85.7558333,28.3091667]]},{"type":"LineString","coordinates":[[88.0341667,28.1933333],[88.0366667,28.1858333],[88.0341667,28.1783333],[88.0391667,28.1716667]]},{"type":"LineString","coordinates":[[88.0341667,28.1933333],[88.045,28.1933333]]},{"type":"LineString","coordinates":[[88.045,28.1933333],[88.0516667,28.1891667],[88.0658333,28.19],[88.07,28.185],[88.0816667,28.1816667],[88.0833333,28.1766667]]},{"type":"LineString","coordinates":[[88.045,28.1933333],[88.0466667,28.1991667],[88.0541667,28.2016667],[88.0533333,28.205],[88.0808333,28.22],[88.0908333,28.23],[88.0966667,28.2283333],[88.1083333,28.2375],[88.1133333,28.2366667],[88.12,28.2416667],[88.1283333,28.2408333],[88.135,28.2491667],[88.1408333,28.2458333],[88.1408333,28.2508333],[88.1541667,28.26]]},{"type":"LineString","coordinates":[[88.5908333,28.1933333],[88.5975,28.1841667],[88.5966667,28.1808333],[88.605,28.1741667],[88.6191667,28.1733333],[88.6375,28.1666667],[88.6633333,28.1541667],[88.6766667,28.1416667],[88.6883333,28.1391667]]},{"type":"LineString","coordinates":[[88.5908333,28.1933333],[88.5966667,28.1925],[88.6033333,28.2]]},{"type":"LineString","coordinates":[[82.6791667,28.1941667],[82.6775,28.1916667],[82.6725,28.19],[82.67,28.1916667],[82.6658333,28.1883333],[82.6575,28.1908333],[82.64,28.1808333],[82.6266667,28.1783333]]},{"type":"LineString","coordinates":[[82.6791667,28.1941667],[82.6741667,28.1975],[82.6758333,28.2033333],[82.67,28.2033333],[82.6591667,28.2116667],[82.6541667,28.21],[82.6483333,28.215],[82.6441667,28.215],[82.6425,28.2208333],[82.645,28.2233333],[82.6391667,28.2283333],[82.6391667,28.2316667]]},{"type":"LineString","coordinates":[[86.2716667,28.1966667],[86.275,28.2],[86.2741667,28.2091667],[86.2791667,28.2141667],[86.2775,28.2175],[86.2816667,28.2233333],[86.2858333,28.2216667],[86.2875,28.2258333],[86.29,28.2441667]]},{"type":"LineString","coordinates":[[86.2716667,28.1966667],[86.2675,28.21],[86.2566667,28.2183333],[86.235,28.2533333]]},{"type":"LineString","coordinates":[[88.53,28.1966667],[88.5258333,28.1908333],[88.5266667,28.1825],[88.5416667,28.1608333],[88.5416667,28.1491667],[88.5558333,28.1433333]]},{"type":"LineString","coordinates":[[88.53,28.1966667],[88.5441667,28.1883333],[88.565,28.1916667],[88.5783333,28.1991667],[88.5908333,28.1933333]]},{"type":"LineString","coordinates":[[84.1925,28.1983333],[84.1916667,28.2041667],[84.1883333,28.2058333],[84.1775,28.2041667],[84.1733333,28.2116667],[84.1658333,28.2083333],[84.1591667,28.2083333],[84.155,28.2116667]]},{"type":"LineString","coordinates":[[84.1925,28.1983333],[84.1958333,28.1975],[84.2008333,28.1991667],[84.21,28.2116667],[84.2091667,28.2175],[84.2116667,28.2216667],[84.2141667,28.2458333],[84.2108333,28.265],[84.205,28.2741667],[84.195,28.28],[84.1875,28.2908333],[84.1875,28.2941667]]},{"type":"LineString","coordinates":[[86.9825,28.1983333],[86.97,28.1783333]]},{"type":"LineString","coordinates":[[86.9825,28.1983333],[87.0016667,28.1691667]]},{"type":"LineString","coordinates":[[85.6366667,28.2],[85.6416667,28.1908333],[85.6425,28.1808333]]},{"type":"LineString","coordinates":[[85.6366667,28.2],[85.65,28.2033333],[85.6558333,28.2025]]},{"type":"LineString","coordinates":[[85.6558333,28.2025],[85.6641667,28.2033333],[85.6675,28.2091667],[85.6741667,28.2141667]]},{"type":"LineString","coordinates":[[85.6558333,28.2025],[85.6616667,28.2091667],[85.6616667,28.2141667],[85.6591667,28.2183333],[85.655,28.2183333],[85.6483333,28.2233333]]},{"type":"LineString","coordinates":[[83.6708333,28.2041667],[83.6725,28.2016667],[83.6766667,28.2025],[83.6766667,28.2066667],[83.6833333,28.2158333],[83.6933333,28.2175],[83.6975,28.2208333],[83.7,28.2191667],[83.7058333,28.2208333],[83.7133333,28.2308333]]},{"type":"LineString","coordinates":[[83.6708333,28.2041667],[83.6691667,28.2091667],[83.6741667,28.2141667],[83.6741667,28.2183333],[83.6675,28.2308333],[83.6616667,28.23],[83.6566667,28.2375],[83.65,28.2366667],[83.6341667,28.2466667],[83.6316667,28.2458333],[83.6291667,28.2508333],[83.6233333,28.25],[83.6166667,28.255]]},{"type":"LineString","coordinates":[[87.9425,28.2066667],[87.9625,28.1691667],[87.9608333,28.1508333],[87.9641667,28.1408333]]},{"type":"LineString","coordinates":[[87.9425,28.2066667],[87.9575,28.2116667]]},{"type":"LineString","coordinates":[[81.3725,28.2083333],[81.3783333,28.2116667],[81.3791667,28.2158333],[81.3833333,28.2191667],[81.3975,28.2183333],[81.4075,28.215],[81.4158333,28.2208333]]},{"type":"LineString","coordinates":[[81.3725,28.2083333],[81.3633333,28.2208333],[81.3666667,28.2233333],[81.375,28.2191667],[81.3791667,28.2241667],[81.38,28.2433333],[81.3775,28.2475],[81.3741667,28.2483333]]},{"type":"LineString","coordinates":[[85.5566667,28.2091667],[85.5691667,28.2058333],[85.5725,28.2016667],[85.59,28.1958333],[85.6175,28.195],[85.6366667,28.2]]},{"type":"LineString","coordinates":[[85.5566667,28.2091667],[85.5641667,28.215]]},{"type":"LineString","coordinates":[[88.0108333,28.2091667],[88.015,28.2025],[88.02,28.2033333],[88.0341667,28.1933333]]},{"type":"LineString","coordinates":[[88.0108333,28.2091667],[88.02,28.21],[88.03,28.22],[88.0525,28.2283333],[88.07,28.2283333]]},{"type":"LineString","coordinates":[[88.7758333,28.2091667],[88.7716667,28.2033333],[88.7516667,28.1908333]]},{"type":"LineString","coordinates":[[88.7758333,28.2091667],[88.7391667,28.2225]]},{"type":"LineString","coordinates":[[88.7908333,28.21],[88.7883333,28.2075],[88.785,28.21],[88.7758333,28.2091667]]},{"type":"LineString","coordinates":[[88.7908333,28.21],[88.7925,28.2041667],[88.7891667,28.1975],[88.7916667,28.1808333],[88.78,28.1616667],[88.7841667,28.15],[88.7775,28.1441667]]},{"type":"LineString","coordinates":[[88.4775,28.2108333],[88.4675,28.1916667],[88.4725,28.1725],[88.47,28.1641667],[88.4491667,28.16],[88.4366667,28.155],[88.4316667,28.1491667],[88.425,28.1483333]]},{"type":"LineString","coordinates":[[88.4775,28.2108333],[88.495,28.1825],[88.4933333,28.1725],[88.4983333,28.16]]},{"type":"LineString","coordinates":[[84.155,28.2116667],[84.1566667,28.215]]},{"type":"LineString","coordinates":[[84.155,28.2116667],[84.1333333,28.2133333],[84.1258333,28.2183333],[84.115,28.2166667],[84.1066667,28.2225]]},{"type":"LineString","coordinates":[[87.7516667,28.2116667],[87.755,28.2025],[87.7533333,28.1975],[87.7266667,28.1666667],[87.7233333,28.1658333],[87.7116667,28.1741667],[87.7033333,28.1741667]]},{"type":"LineString","coordinates":[[87.7516667,28.2116667],[87.7466667,28.215],[87.7291667,28.2125],[87.7125,28.2166667]]},{"type":"LineString","coordinates":[[87.9575,28.2116667],[87.9625,28.2125],[87.9675,28.2075],[87.98,28.205],[87.985,28.2083333],[88.0008333,28.2066667],[88.0108333,28.2091667]]},{"type":"LineString","coordinates":[[87.9575,28.2116667],[87.9558333,28.2208333],[87.965,28.2325],[87.9633333,28.2475]]},{"type":"LineString","coordinates":[[81.5616667,28.2133333],[81.5691667,28.2141667],[81.5783333,28.2233333],[81.5766667,28.2275],[81.5808333,28.2275],[81.585,28.2366667],[81.5883333,28.2375]]},{"type":"LineString","coordinates":[[81.5616667,28.2133333],[81.555,28.215],[81.5558333,28.2225],[81.55,28.2208333],[81.5533333,28.2333333],[81.5483333,28.2391667],[81.5575,28.24],[81.5525,28.2475],[81.5558333,28.2516667],[81.555,28.255],[81.55,28.2566667],[81.55,28.2608333],[81.545,28.2616667],[81.5475,28.2675],[81.5441667,28.2725],[81.5441667,28.2808333],[81.55,28.2825],[81.555,28.2883333],[81.5508333,28.2966667]]},{"type":"LineString","coordinates":[[85.6741667,28.2141667],[85.6825,28.2016667],[85.705,28.1875],[85.7141667,28.1875],[85.7158333,28.1916667],[85.7266667,28.1908333],[85.7341667,28.1875]]},{"type":"LineString","coordinates":[[85.6741667,28.2141667],[85.6858333,28.225],[85.69,28.2325],[85.6983333,28.2333333],[85.71,28.2425],[85.7091667,28.2441667],[85.7175,28.2516667],[85.7158333,28.2558333],[85.72,28.2583333],[85.7191667,28.265],[85.7225,28.2691667],[85.7208333,28.2716667],[85.7225,28.2758333],[85.7158333,28.2841667],[85.7158333,28.2875],[85.7075,28.2916667],[85.71,28.2991667],[85.7058333,28.3041667],[85.705,28.31],[85.6933333,28.3191667]]},{"type":"LineString","coordinates":[[85.8883333,28.215],[85.8908333,28.2408333]]},{"type":"LineString","coordinates":[[85.8883333,28.215],[85.8833333,28.22],[85.8633333,28.225],[85.8483333,28.245],[85.8491667,28.2583333],[85.84,28.275],[85.84,28.2916667],[85.8366667,28.295],[85.8416667,28.3025],[85.8408333,28.3133333]]},{"type":"LineString","coordinates":[[82.9158333,28.2158333],[82.9125,28.22],[82.9033333,28.2233333],[82.9,28.2266667],[82.9,28.2308333]]},{"type":"LineString","coordinates":[[82.9158333,28.2158333],[82.9191667,28.2183333],[82.9233333,28.2283333],[82.9241667,28.2508333],[82.935,28.275],[82.9508333,28.2966667],[82.9516667,28.3083333]]},{"type":"LineString","coordinates":[[85.9983333,28.2183333],[85.9941667,28.2225],[85.9616667,28.235]]},{"type":"LineString","coordinates":[[85.9983333,28.2183333],[86.0041667,28.235],[86.0133333,28.2466667]]},{"type":"LineString","coordinates":[[83.4183333,28.22],[83.4291667,28.2191667],[83.44,28.2141667],[83.4516667,28.2158333]]},{"type":"LineString","coordinates":[[83.4183333,28.22],[83.4258333,28.2283333],[83.4266667,28.2358333],[83.4233333,28.2441667],[83.43,28.2625],[83.4283333,28.2675]]},{"type":"LineString","coordinates":[[83.2383333,28.2208333],[83.2575,28.225],[83.2616667,28.2308333],[83.2658333,28.2325]]},{"type":"LineString","coordinates":[[83.2383333,28.2208333],[83.2333333,28.2233333],[83.2325,28.2275],[83.2158333,28.2441667],[83.215,28.2491667],[83.2125,28.2483333],[83.2066667,28.2516667],[83.2033333,28.2566667],[83.1891667,28.2641667],[83.1775,28.275]]},{"type":"LineString","coordinates":[[87.1833333,28.2208333],[87.17,28.225],[87.145,28.2241667],[87.1416667,28.2208333],[87.1308333,28.22]]},{"type":"LineString","coordinates":[[87.1833333,28.2208333],[87.1808333,28.2316667]]},{"type":"LineString","coordinates":[[84.1066667,28.2225],[84.1091667,28.2258333]]},{"type":"LineString","coordinates":[[84.1066667,28.2225],[84.0908333,28.2258333],[84.0875,28.2291667],[84.0875,28.2333333],[84.0791667,28.2425],[84.0791667,28.2483333],[84.0758333,28.255],[84.0808333,28.26],[84.08,28.2641667],[84.0833333,28.2666667],[84.0816667,28.2758333],[84.0858333,28.2766667],[84.0925,28.2875],[84.0891667,28.3008333],[84.0908333,28.31],[84.0875,28.3225],[84.0941667,28.3316667],[84.1041667,28.335],[84.12,28.35],[84.1241667,28.3658333]]},{"type":"LineString","coordinates":[[87.7575,28.2233333],[87.7525,28.2183333],[87.7516667,28.2116667]]},{"type":"LineString","coordinates":[[87.7575,28.2233333],[87.7533333,28.2216667],[87.7491667,28.2241667]]},{"type":"LineString","coordinates":[[87.765,28.2275],[87.7616667,28.2216667],[87.7625,28.2133333],[87.7666667,28.21],[87.775,28.21],[87.795,28.1925]]},{"type":"LineString","coordinates":[[87.765,28.2275],[87.7583333,28.2283333],[87.7575,28.2233333]]},{"type":"LineString","coordinates":[[84.6325,28.2291667],[84.6225,28.2308333],[84.6183333,28.2391667]]},{"type":"LineString","coordinates":[[84.6325,28.2291667],[84.64,28.2441667],[84.6466667,28.25],[84.6525,28.2683333]]},{"type":"LineString","coordinates":[[83.7133333,28.2308333],[83.715,28.2316667]]},{"type":"LineString","coordinates":[[83.7133333,28.2308333],[83.7116667,28.2383333],[83.715,28.2425],[83.7141667,28.2475],[83.7208333,28.2608333],[83.7266667,28.2616667],[83.7383333,28.2708333]]},{"type":"LineString","coordinates":[[82.6391667,28.2316667],[82.6291667,28.2258333],[82.6225,28.2283333],[82.6183333,28.2233333],[82.6041667,28.2275],[82.5941667,28.2233333],[82.5833333,28.2266667],[82.5708333,28.2116667]]},{"type":"LineString","coordinates":[[82.6391667,28.2316667],[82.6416667,28.2358333],[82.6316667,28.235],[82.6291667,28.2433333],[82.6208333,28.2441667],[82.6225,28.2483333],[82.6208333,28.2508333],[82.6116667,28.25],[82.6066667,28.2566667],[82.6125,28.2616667],[82.6058333,28.2608333],[82.5991667,28.265],[82.5908333,28.2608333],[82.5925,28.2708333],[82.5883333,28.2716667],[82.5883333,28.2775],[82.5808333,28.28]]},{"type":"LineString","coordinates":[[83.715,28.2316667],[83.7216667,28.23]]},{"type":"LineString","coordinates":[[83.715,28.2316667],[83.72,28.2366667],[83.7225,28.2466667],[83.7325,28.2566667],[83.7566667,28.27]]},{"type":"LineString","coordinates":[[84.875,28.2316667],[84.8775,28.2433333],[84.8808333,28.2458333],[84.8833333,28.2533333]]},{"type":"LineString","coordinates":[[84.875,28.2316667],[84.8666667,28.2316667],[84.8508333,28.2158333],[84.8391667,28.21],[84.8333333,28.2141667],[84.8266667,28.2116667],[84.8141667,28.2166667],[84.7958333,28.2325],[84.7975,28.2408333],[84.795,28.2541667],[84.7966667,28.2566667],[84.7858333,28.2658333],[84.7741667,28.2825]]},{"type":"LineString","coordinates":[[87.35,28.2316667],[87.3416667,28.2308333],[87.315,28.2441667],[87.2858333,28.2525]]},{"type":"LineString","coordinates":[[87.35,28.2316667],[87.3475,28.2425],[87.3575,28.2541667]]},{"type":"LineString","coordinates":[[86.5941667,28.2325],[86.5875,28.2266667],[86.5883333,28.2225],[86.5808333,28.205],[86.5808333,28.1891667],[86.5883333,28.1775]]},{"type":"LineString","coordinates":[[86.5941667,28.2325],[86.5941667,28.2216667],[86.6,28.2191667]]},{"type":"LineString","coordinates":[[88.8075,28.2366667],[88.8075,28.2225],[88.8125,28.2183333],[88.8191667,28.1825],[88.8241667,28.175]]},{"type":"LineString","coordinates":[[88.8075,28.2366667],[88.8216667,28.2333333],[88.8425,28.2066667],[88.8508333,28.2083333],[88.8575,28.2033333],[88.8625,28.2066667],[88.8708333,28.2],[88.8833333,28.1975]]},{"type":"LineString","coordinates":[[81.5883333,28.2375],[81.5908333,28.24],[81.5841667,28.245],[81.5908333,28.2566667]]},{"type":"LineString","coordinates":[[81.5883333,28.2375],[81.5916667,28.235],[81.6083333,28.2358333],[81.6133333,28.2491667],[81.62,28.2491667],[81.625,28.2566667],[81.6333333,28.2616667],[81.6408333,28.2616667],[81.6425,28.2666667],[81.6458333,28.265],[81.6483333,28.2683333],[81.6525,28.2675],[81.66,28.2741667],[81.6633333,28.2716667],[81.665,28.275]]},{"type":"LineString","coordinates":[[88.3891667,28.2375],[88.3933333,28.2316667]]},{"type":"LineString","coordinates":[[88.3891667,28.2375],[88.3983333,28.2425],[88.405,28.2416667],[88.4016667,28.25],[88.4058333,28.2558333]]},{"type":"LineString","coordinates":[[83.995,28.2408333],[83.99,28.2458333],[83.9866667,28.245],[83.9791667,28.25],[83.9716667,28.25],[83.965,28.2575]]},{"type":"LineString","coordinates":[[83.995,28.2408333],[83.9958333,28.245],[83.9841667,28.2558333],[83.99,28.2608333]]},{"type":"LineString","coordinates":[[88.3458333,28.2408333],[88.3666667,28.19],[88.3675,28.1766667],[88.3625,28.1625],[88.3741667,28.1491667],[88.3775,28.14],[88.3741667,28.1333333],[88.3758333,28.1275],[88.3925,28.1083333],[88.3983333,28.11],[88.4,28.1058333],[88.4058333,28.1033333],[88.4058333,28.0958333],[88.4141667,28.0875],[88.415,28.0775],[88.4191667,28.0741667]]},{"type":"LineString","coordinates":[[88.3458333,28.2408333],[88.3658333,28.2333333],[88.3891667,28.2375]]},{"type":"LineString","coordinates":[[83.8766667,28.2425],[83.8708333,28.2433333],[83.8641667,28.2383333]]},{"type":"LineString","coordinates":[[83.8766667,28.2425],[83.8758333,28.2483333],[83.8783333,28.255]]},{"type":"LineString","coordinates":[[86.29,28.2441667],[86.2875,28.2533333]]},{"type":"LineString","coordinates":[[86.29,28.2441667],[86.2925,28.2558333],[86.3083333,28.2708333]]},{"type":"LineString","coordinates":[[88.3125,28.245],[88.3108333,28.2333333],[88.315,28.2208333],[88.315,28.2075],[88.3083333,28.1983333],[88.3125,28.1916667],[88.3116667,28.1741667],[88.3141667,28.1708333],[88.31,28.1666667],[88.3083333,28.1533333],[88.3108333,28.1458333],[88.335,28.125]]},{"type":"LineString","coordinates":[[88.3125,28.245],[88.3208333,28.2458333],[88.33,28.2425],[88.3325,28.2375],[88.3458333,28.2408333]]},{"type":"LineString","coordinates":[[82.7316667,28.2466667],[82.7408333,28.2433333],[82.7516667,28.2483333],[82.7608333,28.2475],[82.7641667,28.2408333],[82.7733333,28.2425],[82.7775,28.2366667],[82.7866667,28.2308333]]},{"type":"LineString","coordinates":[[82.7316667,28.2466667],[82.7325,28.2491667]]},{"type":"LineString","coordinates":[[84.4625,28.2466667],[84.4758333,28.2641667]]},{"type":"LineString","coordinates":[[84.4625,28.2466667],[84.465,28.2466667],[84.475,28.2525],[84.4825,28.25],[84.4991667,28.2541667],[84.5141667,28.265],[84.5308333,28.2716667],[84.5408333,28.2841667],[84.5533333,28.2941667],[84.5566667,28.3075],[84.5725,28.3208333],[84.5816667,28.3325],[84.5866667,28.3333333],[84.5908333,28.3375],[84.5891667,28.3416667],[84.5933333,28.3458333],[84.5941667,28.3516667],[84.6058333,28.365]]},{"type":"LineString","coordinates":[[86.0133333,28.2466667],[86.0183333,28.2533333],[86.035,28.2483333]]},{"type":"LineString","coordinates":[[86.0133333,28.2466667],[86.0133333,28.2516667],[86.0233333,28.2608333]]},{"type":"LineString","coordinates":[[81.3741667,28.2483333],[81.365,28.2516667],[81.3625,28.2558333],[81.3641667,28.2675],[81.3566667,28.2733333]]},{"type":"LineString","coordinates":[[81.3741667,28.2483333],[81.3775,28.2583333],[81.3725,28.2633333],[81.38,28.2716667],[81.3783333,28.275],[81.3866667,28.2783333],[81.3891667,28.2808333],[81.3875,28.2825],[81.395,28.29]]},{"type":"LineString","coordinates":[[86.9508333,28.2483333],[86.9391667,28.2441667]]},{"type":"LineString","coordinates":[[86.9508333,28.2483333],[86.9558333,28.235],[86.9775,28.21],[86.9825,28.1983333]]},{"type":"LineString","coordinates":[[82.7325,28.2491667],[82.7383333,28.2575]]},{"type":"LineString","coordinates":[[82.7325,28.2491667],[82.7291667,28.2533333],[82.7283333,28.26]]},{"type":"LineString","coordinates":[[86.5916667,28.2491667],[86.5941667,28.2325]]},{"type":"LineString","coordinates":[[86.5916667,28.2491667],[86.605,28.2491667],[86.6158333,28.245]]},{"type":"LineString","coordinates":[[84.8833333,28.2533333],[84.8941667,28.2683333]]},{"type":"LineString","coordinates":[[84.8833333,28.2533333],[84.8708333,28.2591667],[84.8666667,28.265],[84.8516667,28.2708333],[84.85,28.2791667],[84.845,28.2841667],[84.8466667,28.2875],[84.835,28.2966667]]},{"type":"LineString","coordinates":[[87.3575,28.2541667],[87.3625,28.2558333]]},{"type":"LineString","coordinates":[[87.3575,28.2541667],[87.3575,28.26],[87.3683333,28.2691667],[87.3725,28.2775],[87.3858333,28.2791667],[87.3883333,28.2891667],[87.3641667,28.3108333],[87.34,28.3216667]]},{"type":"LineString","coordinates":[[88.4366667,28.2541667],[88.44,28.2508333],[88.45,28.2508333],[88.4641667,28.2416667],[88.4666667,28.2341667],[88.4775,28.225],[88.48,28.2175],[88.4775,28.2108333]]},{"type":"LineString","coordinates":[[88.4366667,28.2541667],[88.4583333,28.2608333],[88.4941667,28.2441667],[88.51,28.2183333],[88.5091667,28.2091667],[88.5125,28.2041667],[88.53,28.1966667]]},{"type":"LineString","coordinates":[[83.6166667,28.255],[83.6133333,28.2533333],[83.6008333,28.2608333],[83.5883333,28.2641667],[83.5825,28.2616667],[83.5691667,28.2633333],[83.5625,28.2608333],[83.5608333,28.2633333],[83.545,28.2633333]]},{"type":"LineString","coordinates":[[83.6166667,28.255],[83.615,28.2583333],[83.6091667,28.26],[83.6108333,28.2666667],[83.605,28.2691667],[83.605,28.2791667],[83.6075,28.285],[83.6,28.2891667],[83.6025,28.2975],[83.6008333,28.3091667],[83.5875,28.325]]},{"type":"LineString","coordinates":[[87.3625,28.2558333],[87.365,28.2508333],[87.3691667,28.2508333],[87.3958333,28.2291667],[87.4433333,28.2233333],[87.4516667,28.2175],[87.4775,28.2125],[87.505,28.1991667],[87.5075,28.2008333],[87.5325,28.1841667],[87.5408333,28.1833333]]},{"type":"LineString","coordinates":[[87.3625,28.2558333],[87.3675,28.2616667],[87.3933333,28.265],[87.4066667,28.2725],[87.4391667,28.2633333],[87.4566667,28.2658333],[87.4625,28.2733333],[87.4575,28.2875],[87.4608333,28.3141667],[87.4483333,28.3183333]]},{"type":"LineString","coordinates":[[88.4058333,28.2558333],[88.4258333,28.2516667],[88.4366667,28.2541667]]},{"type":"LineString","coordinates":[[88.4058333,28.2558333],[88.395,28.2675],[88.3975,28.2758333],[88.3941667,28.2841667],[88.3966667,28.2858333],[88.3975,28.3008333],[88.4016667,28.3075],[88.4083333,28.3083333],[88.42,28.3166667]]},{"type":"LineString","coordinates":[[88.7825,28.2558333],[88.7791667,28.2516667],[88.7816667,28.2525],[88.7883333,28.2441667],[88.7858333,28.2366667],[88.7983333,28.2233333],[88.7966667,28.2158333],[88.7908333,28.21]]},{"type":"LineString","coordinates":[[88.7825,28.2558333],[88.8075,28.2366667]]},{"type":"LineString","coordinates":[[82.7383333,28.2575],[82.7425,28.26],[82.7616667,28.2583333],[82.7733333,28.2616667],[82.7808333,28.2683333],[82.785,28.2675],[82.7908333,28.2716667],[82.8008333,28.2716667],[82.8283333,28.285],[82.8391667,28.2833333]]},{"type":"LineString","coordinates":[[82.7383333,28.2575],[82.7441667,28.2725],[82.7516667,28.2758333],[82.7566667,28.285],[82.7641667,28.2925],[82.7683333,28.3058333],[82.7675,28.3108333],[82.7758333,28.3191667],[82.7783333,28.3266667],[82.79,28.3383333],[82.7891667,28.3408333],[82.795,28.3475],[82.795,28.3508333],[82.8025,28.3575],[82.8025,28.3641667],[82.8083333,28.37]]},{"type":"LineString","coordinates":[[83.965,28.2575],[83.96,28.255],[83.9383333,28.27]]},{"type":"LineString","coordinates":[[83.965,28.2575],[83.9616667,28.2591667],[83.955,28.275],[83.9458333,28.2825],[83.9383333,28.2841667],[83.9333333,28.2925]]},{"type":"LineString","coordinates":[[81.9441667,28.2583333],[81.9475,28.2483333],[81.9525,28.2433333],[81.9525,28.2366667],[81.9608333,28.2316667],[81.9608333,28.2183333],[81.9666667,28.2108333],[81.975,28.2175],[81.9883333,28.2141667],[81.9883333,28.2108333],[81.9816667,28.2075],[81.9825,28.205],[81.9958333,28.205],[82.0008333,28.2],[82.0083333,28.1991667],[82.0116667,28.1966667],[82.0133333,28.1883333],[82.0183333,28.1816667],[82.0316667,28.1791667]]},{"type":"LineString","coordinates":[[81.9441667,28.2583333],[81.9591667,28.2591667],[81.9716667,28.2558333],[81.9791667,28.26],[81.98,28.2575],[81.9841667,28.2583333],[81.9858333,28.2525]]},{"type":"LineString","coordinates":[[82.7283333,28.26],[82.7216667,28.2741667],[82.725,28.2791667],[82.725,28.2908333],[82.7183333,28.2983333],[82.7133333,28.3166667]]},{"type":"LineString","coordinates":[[82.7283333,28.26],[82.735,28.2666667],[82.7358333,28.2716667],[82.7441667,28.28],[82.75,28.2908333],[82.7508333,28.2991667],[82.7466667,28.3091667],[82.7466667,28.3191667],[82.7566667,28.3391667],[82.7608333,28.3666667],[82.7475,28.3808333]]},{"type":"LineString","coordinates":[[88.1541667,28.26],[88.1583333,28.2633333],[88.1616667,28.26],[88.1708333,28.27],[88.1841667,28.2741667]]},{"type":"LineString","coordinates":[[88.1541667,28.26],[88.1516667,28.2641667],[88.1533333,28.2733333],[88.14,28.2775]]},{"type":"LineString","coordinates":[[86.0233333,28.2608333],[86.0041667,28.2658333],[85.9775,28.2641667],[85.9683333,28.27]]},{"type":"LineString","coordinates":[[86.0233333,28.2608333],[86.0191667,28.2666667],[86.0191667,28.2775],[86.0291667,28.295]]},{"type":"LineString","coordinates":[[81.9058333,28.2625],[81.91,28.2525],[81.9133333,28.2525],[81.9191667,28.2575],[81.9291667,28.2566667],[81.9391667,28.2608333],[81.9441667,28.2583333]]},{"type":"LineString","coordinates":[[81.9058333,28.2625],[81.9083333,28.2658333],[81.9141667,28.2666667],[81.9233333,28.2791667],[81.92,28.2841667],[81.9116667,28.2816667],[81.9158333,28.2941667],[81.9216667,28.2991667],[81.92,28.3016667],[81.9233333,28.3041667]]},{"type":"LineString","coordinates":[[88.7833333,28.2625],[88.7825,28.2558333]]},{"type":"LineString","coordinates":[[88.7833333,28.2625],[88.7958333,28.2625],[88.8008333,28.2708333]]},{"type":"LineString","coordinates":[[83.545,28.2633333],[83.5383333,28.26]]},{"type":"LineString","coordinates":[[83.545,28.2633333],[83.5325,28.2683333],[83.5175,28.27]]},{"type":"LineString","coordinates":[[83.4283333,28.2675],[83.4316667,28.2683333],[83.4333333,28.2766667]]},{"type":"LineString","coordinates":[[83.4283333,28.2675],[83.42,28.2733333],[83.42,28.2808333],[83.41,28.2975],[83.41,28.3175],[83.4016667,28.3233333],[83.3833333,28.3283333],[83.3741667,28.335]]},{"type":"LineString","coordinates":[[85.3758333,28.2675],[85.3883333,28.2625]]},{"type":"LineString","coordinates":[[85.3758333,28.2675],[85.3775,28.2783333]]},{"type":"LineString","coordinates":[[83.045,28.2683333],[83.0508333,28.2691667]]},{"type":"LineString","coordinates":[[83.045,28.2683333],[83.045,28.2716667],[83.0416667,28.2733333],[83.0333333,28.2725],[83.0233333,28.2775]]},{"type":"LineString","coordinates":[[84.8941667,28.2683333],[84.8983333,28.26],[84.9158333,28.2466667]]},{"type":"LineString","coordinates":[[84.8941667,28.2683333],[84.9,28.2775],[84.9008333,28.2925],[84.9075,28.2975]]},{"type":"LineString","coordinates":[[83.7383333,28.2708333],[83.7191667,28.2891667],[83.6991667,28.2966667]]},{"type":"LineString","coordinates":[[83.7383333,28.2708333],[83.7416667,28.2716667],[83.7458333,28.28],[83.7483333,28.2791667],[83.7558333,28.2883333],[83.76,28.2891667],[83.7641667,28.2975],[83.7741667,28.3083333]]},{"type":"LineString","coordinates":[[88.8008333,28.2708333],[88.825,28.2725],[88.8358333,28.2683333],[88.85,28.2733333]]},{"type":"LineString","coordinates":[[88.8008333,28.2708333],[88.8041667,28.28],[88.8025,28.2841667]]},{"type":"LineString","coordinates":[[87.8275,28.2716667],[87.8225,28.2708333],[87.8133333,28.2608333],[87.7891667,28.2583333],[87.7691667,28.2383333],[87.765,28.2275]]},{"type":"LineString","coordinates":[[87.8275,28.2716667],[87.8341667,28.2641667]]},{"type":"LineString","coordinates":[[81.3566667,28.2733333],[81.3591667,28.2783333],[81.3541667,28.2825]]},{"type":"LineString","coordinates":[[81.3566667,28.2733333],[81.3341667,28.2675],[81.3225,28.2725],[81.3225,28.2816667],[81.3191667,28.2866667],[81.2975,28.2841667],[81.2941667,28.2858333],[81.3066667,28.3075],[81.3083333,28.3133333],[81.3058333,28.3183333],[81.3066667,28.3241667],[81.3108333,28.3283333],[81.3125,28.335],[81.3058333,28.3433333],[81.3075,28.3525],[81.3,28.3625],[81.3008333,28.3691667],[81.305,28.3733333],[81.3141667,28.3716667],[81.3166667,28.3741667],[81.3158333,28.3875],[81.3275,28.3958333],[81.3266667,28.4033333],[81.3333333,28.405],[81.335,28.4116667],[81.3425,28.4116667],[81.3533333,28.42],[81.3616667,28.4175],[81.3683333,28.4241667],[81.395,28.425],[81.3958333,28.4333333],[81.4008333,28.4383333],[81.4191667,28.4333333],[81.4216667,28.4358333],[81.4208333,28.4441667],[81.425,28.455],[81.4358333,28.4516667],[81.4441667,28.4383333]]},{"type":"LineString","coordinates":[[88.85,28.2733333],[88.85,28.2708333]]},{"type":"LineString","coordinates":[[88.85,28.2733333],[88.8666667,28.28],[88.8725,28.2925],[88.8858333,28.3]]},{"type":"LineString","coordinates":[[88.1841667,28.2741667],[88.1816667,28.265],[88.1958333,28.2475],[88.2,28.2358333],[88.1966667,28.2291667],[88.2016667,28.2225],[88.1991667,28.2158333],[88.2025,28.2025],[88.1991667,28.1991667],[88.205,28.1916667],[88.2033333,28.1875],[88.2075,28.1716667],[88.2125,28.1658333],[88.2225,28.1625]]},{"type":"LineString","coordinates":[[88.1841667,28.2741667],[88.1908333,28.2741667],[88.2,28.28],[88.205,28.2741667],[88.2066667,28.28],[88.2125,28.2775],[88.2158333,28.2825],[88.2225,28.2816667],[88.2225,28.2733333],[88.2266667,28.2741667],[88.2308333,28.2683333],[88.2366667,28.27],[88.2375,28.2658333],[88.2425,28.2683333],[88.2408333,28.2641667],[88.2566667,28.2475],[88.2625,28.25],[88.2775,28.2433333],[88.2916667,28.2466667],[88.2941667,28.2441667],[88.3125,28.245]]},{"type":"LineString","coordinates":[[83.1775,28.275],[83.1758333,28.2766667],[83.1775,28.2808333]]},{"type":"LineString","coordinates":[[83.1775,28.275],[83.1891667,28.2875],[83.195,28.2875],[83.1975,28.29],[83.2075,28.2891667],[83.2133333,28.2916667],[83.2158333,28.2891667],[83.2316667,28.2891667],[83.2375,28.2908333],[83.2516667,28.2858333]]},{"type":"LineString","coordinates":[[86.8066667,28.275],[86.79,28.2475],[86.7858333,28.2283333],[86.7766667,28.2175],[86.7708333,28.1941667],[86.7675,28.1891667],[86.7641667,28.19],[86.7591667,28.1791667]]},{"type":"LineString","coordinates":[[86.8066667,28.275],[86.8191667,28.24],[86.8183333,28.2066667],[86.8225,28.1958333],[86.8325,28.1875],[86.8433333,28.16]]},{"type":"LineString","coordinates":[[82.3016667,28.2758333],[82.3066667,28.2691667],[82.3158333,28.2675],[82.3191667,28.2608333],[82.325,28.2575]]},{"type":"LineString","coordinates":[[82.3016667,28.2758333],[82.3116667,28.2841667],[82.3283333,28.2791667],[82.3408333,28.2841667],[82.3475,28.2841667]]},{"type":"LineString","coordinates":[[82.0875,28.2766667],[82.0908333,28.2816667],[82.0975,28.2766667],[82.1075,28.2808333],[82.1191667,28.2725],[82.1241667,28.2791667],[82.1308333,28.2808333],[82.1466667,28.2716667],[82.15,28.2791667]]},{"type":"LineString","coordinates":[[82.0875,28.2766667],[82.0841667,28.2783333],[82.0858333,28.2916667],[82.0808333,28.3025],[82.0858333,28.3166667],[82.0825,28.3275],[82.0858333,28.335],[82.09,28.3375],[82.0825,28.355],[82.085,28.3591667]]},{"type":"LineString","coordinates":[[88.14,28.2775],[88.135,28.2758333],[88.13,28.2791667],[88.1258333,28.2891667],[88.1108333,28.2908333]]},{"type":"LineString","coordinates":[[88.14,28.2775],[88.1525,28.2808333],[88.155,28.2883333],[88.1591667,28.2875],[88.1575,28.2966667],[88.16,28.2991667],[88.165,28.2983333],[88.1716667,28.3041667],[88.18,28.3041667],[88.1866667,28.3125],[88.1925,28.3091667],[88.1983333,28.3108333],[88.195,28.3083333],[88.2033333,28.3033333],[88.2108333,28.3091667],[88.2158333,28.3075],[88.2175,28.3108333],[88.2216667,28.3108333],[88.2316667,28.3025]]},{"type":"LineString","coordinates":[[85.3775,28.2783333],[85.3691667,28.2858333],[85.3591667,28.285],[85.3491667,28.2875],[85.3475,28.3016667]]},{"type":"LineString","coordinates":[[85.3775,28.2783333],[85.3933333,28.2891667],[85.3975,28.2975],[85.4125,28.3091667],[85.4133333,28.325],[85.4158333,28.3275],[85.43,28.33],[85.44,28.3358333]]},{"type":"LineString","coordinates":[[82.15,28.2791667],[82.1566667,28.2766667],[82.1616667,28.2833333],[82.165,28.2841667],[82.1708333,28.2791667],[82.1758333,28.2841667],[82.18,28.2791667],[82.1875,28.2833333],[82.1875,28.2883333],[82.1991667,28.29],[82.2066667,28.2866667],[82.2108333,28.2916667],[82.2391667,28.285],[82.2558333,28.2933333]]},{"type":"LineString","coordinates":[[82.15,28.2791667],[82.1491667,28.2916667],[82.1425,28.3025],[82.1425,28.3058333],[82.1475,28.31]]},{"type":"LineString","coordinates":[[82.4983333,28.28],[82.4883333,28.27],[82.4825,28.255]]},{"type":"LineString","coordinates":[[82.4983333,28.28],[82.4741667,28.29],[82.4625,28.2983333],[82.4508333,28.2941667],[82.4416667,28.3016667],[82.4208333,28.3025],[82.42,28.3058333],[82.4158333,28.3075]]},{"type":"LineString","coordinates":[[82.5808333,28.28],[82.5775,28.2783333],[82.5766667,28.2841667],[82.5716667,28.2816667],[82.5733333,28.2875],[82.5716667,28.2891667],[82.5608333,28.2858333],[82.5566667,28.2933333],[82.55,28.2875],[82.54,28.2866667],[82.5366667,28.2891667],[82.5283333,28.2825],[82.525,28.2841667],[82.5175,28.2825],[82.5158333,28.285],[82.5133333,28.2825],[82.5083333,28.285],[82.4983333,28.28]]},{"type":"LineString","coordinates":[[82.5808333,28.28],[82.5858333,28.2841667],[82.5866667,28.2891667],[82.5825,28.2916667],[82.5833333,28.3008333],[82.5791667,28.305],[82.5891667,28.3158333],[82.5933333,28.3275],[82.6008333,28.3366667]]},{"type":"LineString","coordinates":[[84.3608333,28.28],[84.3616667,28.2858333],[84.365,28.2891667],[84.3775,28.2925],[84.4008333,28.3125]]},{"type":"LineString","coordinates":[[84.3608333,28.28],[84.3525,28.2825],[84.3425,28.2941667],[84.335,28.2966667],[84.33,28.305],[84.3341667,28.3091667],[84.3316667,28.3183333],[84.3333333,28.3225],[84.3316667,28.3575],[84.3216667,28.365]]},{"type":"LineString","coordinates":[[87.0125,28.28],[87.0266667,28.2691667],[87.0391667,28.2675],[87.045,28.27],[87.0691667,28.2625]]},{"type":"LineString","coordinates":[[87.0125,28.28],[87.0183333,28.2766667],[87.0441667,28.2766667],[87.055,28.2808333]]},{"type":"LineString","coordinates":[[83.1775,28.2808333],[83.1658333,28.2883333]]},{"type":"LineString","coordinates":[[83.1775,28.2808333],[83.1791667,28.2858333],[83.1725,28.2941667],[83.1741667,28.3066667],[83.1591667,28.3208333]]},{"type":"LineString","coordinates":[[87.0116667,28.2808333],[87.0016667,28.265],[87.0016667,28.2508333],[87.0158333,28.2558333],[87.0275,28.2541667],[87.0325,28.2483333],[87.0341667,28.2216667],[87.0366667,28.2166667],[87.0475,28.21]]},{"type":"LineString","coordinates":[[87.0116667,28.2808333],[87.0125,28.28]]},{"type":"LineString","coordinates":[[81.3541667,28.2825],[81.35,28.2808333],[81.3458333,28.285]]},{"type":"LineString","coordinates":[[81.3541667,28.2825],[81.3566667,28.2866667],[81.3675,28.2866667],[81.38,28.2975],[81.3783333,28.3016667],[81.3816667,28.3058333],[81.3808333,28.3083333],[81.3866667,28.3208333],[81.3916667,28.325],[81.3891667,28.3283333],[81.3908333,28.3341667]]},{"type":"LineString","coordinates":[[88.8025,28.2841667],[88.8108333,28.2966667]]},{"type":"LineString","coordinates":[[88.8025,28.2841667],[88.7925,28.295],[88.7758333,28.2975],[88.7658333,28.3066667]]},{"type":"LineString","coordinates":[[83.2516667,28.2858333],[83.2566667,28.2841667],[83.2608333,28.2858333],[83.2675,28.2841667],[83.2725,28.2866667],[83.2741667,28.285],[83.2858333,28.2866667],[83.2883333,28.2841667],[83.2925,28.2858333]]},{"type":"LineString","coordinates":[[83.2516667,28.2858333],[83.2583333,28.2925],[83.26,28.2983333],[83.255,28.305],[83.2575,28.3075]]},{"type":"LineString","coordinates":[[81.395,28.29],[81.3975,28.2866667],[81.4016667,28.2908333],[81.41,28.2933333],[81.4175,28.3025],[81.4191667,28.3008333],[81.4225,28.305],[81.4375,28.3041667],[81.4366667,28.3066667],[81.4416667,28.31],[81.45,28.3083333],[81.4516667,28.3125],[81.4566667,28.3116667],[81.4608333,28.3216667],[81.4641667,28.3233333],[81.4633333,28.3258333],[81.4666667,28.3275],[81.4658333,28.3316667]]},{"type":"LineString","coordinates":[[81.395,28.29],[81.3958333,28.2933333],[81.4,28.2958333],[81.4,28.3041667],[81.4066667,28.3091667],[81.4058333,28.3116667],[81.4175,28.3316667],[81.4258333,28.3325],[81.4325,28.3383333],[81.4341667,28.35]]},{"type":"LineString","coordinates":[[88.1108333,28.2908333],[88.1058333,28.29],[88.1033333,28.2933333],[88.1075,28.3075]]},{"type":"LineString","coordinates":[[88.1108333,28.2908333],[88.1108333,28.2866667],[88.1025,28.2858333],[88.095,28.2966667],[88.085,28.3025],[88.0733333,28.3241667],[88.0616667,28.3266667],[88.0291667,28.3208333],[88.0208333,28.3241667]]},{"type":"LineString","coordinates":[[83.9333333,28.2925],[83.9366667,28.2983333],[83.9425,28.3],[83.9541667,28.3108333],[83.9591667,28.325],[83.96,28.3391667]]},{"type":"LineString","coordinates":[[83.9333333,28.2925],[83.9258333,28.3008333],[83.9191667,28.3],[83.9183333,28.3041667],[83.9041667,28.31],[83.9058333,28.3166667],[83.895,28.3233333],[83.8875,28.3358333],[83.8866667,28.3441667],[83.8808333,28.3516667],[83.885,28.3925],[83.89,28.4058333],[83.8875,28.4141667]]},{"type":"LineString","coordinates":[[82.2558333,28.2933333],[82.2808333,28.2933333],[82.2908333,28.2875],[82.2933333,28.2808333],[82.3016667,28.2758333]]},{"type":"LineString","coordinates":[[82.2558333,28.2933333],[82.2533333,28.3025],[82.2425,28.3083333]]},{"type":"LineString","coordinates":[[86.0291667,28.295],[86.0333333,28.2958333],[86.0441667,28.2883333],[86.0625,28.2833333]]},{"type":"LineString","coordinates":[[86.0291667,28.295],[86.0366667,28.3241667],[86.0433333,28.3308333]]},{"type":"LineString","coordinates":[[88.8108333,28.2966667],[88.8241667,28.3],[88.8408333,28.3216667],[88.86,28.3275],[88.875,28.3425]]},{"type":"LineString","coordinates":[[88.8108333,28.2966667],[88.8066667,28.305],[88.8091667,28.31],[88.8066667,28.3333333],[88.8191667,28.3616667]]},{"type":"LineString","coordinates":[[84.9075,28.2975],[84.9158333,28.295],[84.9191667,28.2966667],[84.9225,28.2933333],[84.9316667,28.2916667],[84.9391667,28.2833333],[84.9466667,28.285],[84.9516667,28.2816667],[84.9708333,28.2858333],[84.9808333,28.285],[84.9933333,28.2933333]]},{"type":"LineString","coordinates":[[84.9075,28.2975],[84.9075,28.3033333],[84.9025,28.31],[84.9066667,28.3166667],[84.905,28.32],[84.9075,28.3291667]]},{"type":"LineString","coordinates":[[85.3475,28.3016667],[85.3383333,28.3033333],[85.3258333,28.2991667],[85.3208333,28.295],[85.3141667,28.295],[85.3133333,28.2991667],[85.3083333,28.3033333],[85.3016667,28.3033333]]},{"type":"LineString","coordinates":[[85.3475,28.3016667],[85.3458333,28.3125],[85.3408333,28.32],[85.34,28.3258333],[85.3433333,28.3333333],[85.3583333,28.3525],[85.3566667,28.3591667],[85.36,28.3608333],[85.3583333,28.3666667]]},{"type":"LineString","coordinates":[[85.2475,28.3025],[85.2375,28.2966667],[85.2291667,28.2983333],[85.21,28.2958333],[85.195,28.3033333]]},{"type":"LineString","coordinates":[[85.2475,28.3025],[85.245,28.3125],[85.24,28.3191667],[85.2141667,28.3325],[85.2058333,28.3433333],[85.2,28.345],[85.1866667,28.3583333],[85.1666667,28.3683333]]},{"type":"LineString","coordinates":[[81.9233333,28.3041667],[81.95,28.3083333],[81.9525,28.3125],[81.96,28.3183333],[81.9666667,28.32],[81.97,28.3241667],[81.9866667,28.3225],[81.9933333,28.3191667],[81.9941667,28.3166667],[81.9908333,28.3133333],[81.9925,28.3116667],[82.0008333,28.3091667],[82.005,28.305],[82.0125,28.3066667],[82.025,28.3025],[82.0291667,28.2933333],[82.04,28.2933333],[82.0458333,28.2825],[82.055,28.2816667],[82.0675,28.2683333],[82.0783333,28.27],[82.0875,28.2766667]]},{"type":"LineString","coordinates":[[81.9233333,28.3041667],[81.9058333,28.3283333],[81.895,28.3316667],[81.8866667,28.3266667],[81.8833333,28.3283333],[81.88,28.3266667],[81.8791667,28.33],[81.875,28.3275],[81.875,28.3333333],[81.87,28.3358333],[81.8716667,28.3391667],[81.8683333,28.345],[81.865,28.3433333],[81.8583333,28.3541667],[81.845,28.3616667],[81.8341667,28.3625]]},{"type":"LineString","coordinates":[[86.6208333,28.305],[86.6025,28.3041667],[86.5958333,28.2966667],[86.5841667,28.2925],[86.5666667,28.2941667],[86.5583333,28.2908333],[86.5458333,28.2933333],[86.5316667,28.2883333],[86.5225,28.2891667],[86.515,28.2841667],[86.5091667,28.285],[86.5,28.2808333],[86.495,28.285],[86.4891667,28.2816667],[86.4866667,28.285],[86.48,28.2858333],[86.4658333,28.2825]]},{"type":"LineString","coordinates":[[86.6208333,28.305],[86.6058333,28.2908333],[86.5983333,28.2741667],[86.6,28.2625],[86.5908333,28.2541667],[86.5916667,28.2491667]]},{"type":"LineString","coordinates":[[82.2425,28.3083333],[82.2333333,28.3108333],[82.235,28.3158333],[82.2283333,28.3183333],[82.2333333,28.3216667],[82.2308333,28.3333333]]},{"type":"LineString","coordinates":[[82.2425,28.3083333],[82.2466667,28.3141667],[82.2466667,28.32],[82.2533333,28.3283333],[82.2633333,28.3308333],[82.2716667,28.3391667],[82.2858333,28.3466667],[82.2916667,28.3441667],[82.2991667,28.3508333],[82.3066667,28.3516667],[82.3183333,28.3458333]]},{"type":"LineString","coordinates":[[83.7741667,28.3083333],[83.7725,28.3116667],[83.7591667,28.3175],[83.7575,28.3225],[83.7466667,28.3266667],[83.7391667,28.3366667],[83.7383333,28.3433333],[83.7433333,28.3525],[83.7416667,28.3608333],[83.7383333,28.3641667],[83.7391667,28.3683333]]},{"type":"LineString","coordinates":[[83.7741667,28.3083333],[83.7966667,28.3275],[83.8016667,28.3383333],[83.8083333,28.3441667],[83.8183333,28.3616667],[83.82,28.3758333],[83.8233333,28.3783333],[83.8241667,28.3858333],[83.8266667,28.3883333],[83.825,28.4008333],[83.8266667,28.4058333]]},{"type":"LineString","coordinates":[[85.5558333,28.3116667],[85.5708333,28.2866667],[85.5791667,28.2808333],[85.5866667,28.2791667],[85.5975,28.2716667],[85.6091667,28.2816667]]},{"type":"LineString","coordinates":[[85.5558333,28.3116667],[85.5675,28.3183333],[85.5816667,28.3308333],[85.5908333,28.3441667],[85.6025,28.3516667],[85.6058333,28.3591667],[85.6175,28.3708333],[85.6283333,28.3741667],[85.6308333,28.3775],[85.6375,28.3766667],[85.6458333,28.3883333]]},{"type":"LineString","coordinates":[[86.9116667,28.3116667],[86.905,28.3066667],[86.8966667,28.3058333],[86.8891667,28.2958333],[86.8908333,28.2833333],[86.9075,28.2616667],[86.8966667,28.245]]},{"type":"LineString","coordinates":[[86.9116667,28.3116667],[86.8925,28.3125],[86.8741667,28.3191667],[86.8433333,28.3141667]]},{"type":"LineString","coordinates":[[84.4008333,28.3125],[84.4058333,28.3225],[84.41,28.325],[84.4175,28.3275],[84.4208333,28.3258333],[84.4291667,28.3316667],[84.4441667,28.3341667],[84.4558333,28.3391667],[84.46,28.3433333],[84.46,28.3491667],[84.4675,28.3641667],[84.4741667,28.3675],[84.4766667,28.3716667],[84.4833333,28.3733333],[84.4908333,28.3841667]]},{"type":"LineString","coordinates":[[84.4008333,28.3125],[84.4016667,28.32],[84.3975,28.3433333],[84.405,28.3525],[84.4016667,28.385],[84.41,28.4066667],[84.4075,28.4075],[84.4066667,28.4175],[84.3941667,28.4333333]]},{"type":"LineString","coordinates":[[86.8433333,28.3141667],[86.815,28.2966667],[86.8075,28.2833333],[86.8066667,28.275]]},{"type":"LineString","coordinates":[[86.8433333,28.3141667],[86.805,28.3325],[86.7958333,28.3333333],[86.7875,28.3283333]]},{"type":"LineString","coordinates":[[87.8708333,28.3141667],[87.8658333,28.3091667],[87.8666667,28.3058333],[87.8583333,28.3016667],[87.8541667,28.295],[87.8358333,28.2875],[87.8275,28.2716667]]},{"type":"LineString","coordinates":[[87.8708333,28.3141667],[87.8741667,28.3091667],[87.87,28.3016667],[87.8725,28.2983333]]},{"type":"LineString","coordinates":[[88.42,28.3166667],[88.4258333,28.3083333],[88.43,28.31],[88.435,28.305],[88.4408333,28.305],[88.445,28.3091667],[88.45,28.3075],[88.4591667,28.295],[88.4591667,28.2908333],[88.4675,28.2875],[88.4791667,28.2691667],[88.4933333,28.2566667],[88.5075,28.2583333],[88.5233333,28.2558333]]},{"type":"LineString","coordinates":[[88.42,28.3166667],[88.4333333,28.3241667],[88.4383333,28.3225],[88.4391667,28.3291667]]},{"type":"LineString","coordinates":[[87.4483333,28.3183333],[87.4308333,28.3166667]]},{"type":"LineString","coordinates":[[87.4483333,28.3183333],[87.4608333,28.3233333],[87.4666667,28.3283333],[87.4666667,28.3333333]]},{"type":"LineString","coordinates":[[83.1591667,28.3208333],[83.1583333,28.3308333],[83.1608333,28.3366667]]},{"type":"LineString","coordinates":[[83.1591667,28.3208333],[83.1525,28.3258333],[83.1458333,28.3233333],[83.1341667,28.3266667],[83.1291667,28.3308333],[83.1225,28.3308333],[83.09,28.3591667],[83.0791667,28.3616667],[83.075,28.3658333],[83.0675,28.3683333],[83.0616667,28.3766667],[83.0416667,28.3825],[83.035,28.3908333],[83.0258333,28.3933333],[83.02,28.3983333],[83.015,28.3983333],[83.005,28.4066667],[82.9958333,28.41],[82.9925,28.415],[82.9858333,28.4158333],[82.9816667,28.4216667],[82.9708333,28.4216667],[82.9666667,28.4241667],[82.9666667,28.4266667],[82.9583333,28.43],[82.95,28.4275],[82.9458333,28.4366667],[82.9391667,28.44]]},{"type":"LineString","coordinates":[[87.34,28.3216667],[87.3208333,28.3275],[87.295,28.325],[87.2916667,28.33],[87.2866667,28.33],[87.2708333,28.3391667],[87.2666667,28.3375],[87.2575,28.3416667],[87.2358333,28.3425],[87.2216667,28.3491667],[87.1908333,28.3525]]},{"type":"LineString","coordinates":[[87.34,28.3216667],[87.3341667,28.3358333],[87.3366667,28.3408333],[87.335,28.3491667],[87.325,28.365],[87.3158333,28.3725],[87.31,28.3725],[87.2975,28.385]]},{"type":"LineString","coordinates":[[83.5875,28.325],[83.5925,28.3291667],[83.5966667,28.3283333]]},{"type":"LineString","coordinates":[[83.5875,28.325],[83.575,28.3341667],[83.5725,28.34],[83.5666667,28.34]]},{"type":"LineString","coordinates":[[84.9075,28.3291667],[84.9033333,28.3325],[84.9,28.3425]]},{"type":"LineString","coordinates":[[84.9075,28.3291667],[84.9141667,28.3341667],[84.9166667,28.34],[84.9341667,28.3391667],[84.9358333,28.3358333],[84.94,28.3375],[84.9416667,28.3341667],[84.9641667,28.3358333],[84.9783333,28.3483333],[84.9791667,28.355],[84.9841667,28.36],[85.01,28.37]]},{"type":"LineString","coordinates":[[86.9625,28.3291667],[86.9625,28.2866667],[86.9608333,28.2791667],[86.955,28.2725],[86.9541667,28.255],[86.9508333,28.2483333]]},{"type":"LineString","coordinates":[[86.9625,28.3291667],[86.9691667,28.3208333],[86.9875,28.3091667],[87.0008333,28.2941667],[87.0091667,28.29],[87.0133333,28.2858333],[87.0116667,28.2808333]]},{"type":"LineString","coordinates":[[88.4391667,28.3291667],[88.4433333,28.3308333],[88.4458333,28.325],[88.45,28.3291667],[88.4633333,28.325],[88.4683333,28.3266667],[88.4733333,28.3225],[88.4783333,28.3258333],[88.4966667,28.3258333],[88.5025,28.3333333],[88.5075,28.3316667],[88.5075,28.3341667],[88.5166667,28.3375],[88.5416667,28.3308333],[88.5541667,28.3358333],[88.5616667,28.3341667],[88.5866667,28.3375],[88.6033333,28.3291667],[88.6158333,28.3266667],[88.6216667,28.3325],[88.6375,28.3325],[88.6408333,28.3275],[88.6466667,28.3266667],[88.6475,28.32],[88.6691667,28.3133333],[88.6825,28.2975],[88.6875,28.2983333],[88.6916667,28.2933333],[88.7316667,28.285],[88.745,28.2775],[88.7475,28.28],[88.7508333,28.2758333],[88.7675,28.2733333],[88.775,28.2633333],[88.7791667,28.265],[88.7833333,28.2625]]},{"type":"LineString","coordinates":[[88.4391667,28.3291667],[88.4341667,28.3375],[88.4375,28.34],[88.435,28.3475],[88.4283333,28.3508333],[88.4333333,28.3616667],[88.4258333,28.3666667],[88.4258333,28.3741667],[88.42,28.3783333],[88.4316667,28.3941667],[88.4533333,28.405],[88.4675,28.4058333]]},{"type":"LineString","coordinates":[[86.0433333,28.3308333],[86.0516667,28.3225],[86.0583333,28.3208333],[86.1075,28.3241667],[86.1283333,28.31]]},{"type":"LineString","coordinates":[[86.0433333,28.3308333],[86.0616667,28.3583333]]},{"type":"LineString","coordinates":[[85.4858333,28.3316667],[85.485,28.325],[85.4891667,28.32],[85.4875,28.3183333],[85.495,28.3125]]},{"type":"LineString","coordinates":[[85.4858333,28.3316667],[85.4908333,28.3308333],[85.5075,28.3333333],[85.5183333,28.3308333],[85.5433333,28.3183333],[85.5475,28.3141667],[85.5558333,28.3116667]]},{"type":"LineString","coordinates":[[87.8725,28.3316667],[87.875,28.325],[87.8725,28.3241667],[87.8741667,28.3208333],[87.87,28.3175],[87.8708333,28.3141667]]},{"type":"LineString","coordinates":[[87.8725,28.3316667],[87.875,28.335],[87.8733333,28.3483333],[87.8775,28.3516667],[87.8858333,28.345],[87.8925,28.345],[87.8991667,28.3508333],[87.915,28.3533333],[87.9166667,28.3508333],[87.9125,28.3475],[87.9208333,28.3416667],[87.9233333,28.3433333]]},{"type":"LineString","coordinates":[[82.2308333,28.3333333],[82.2375,28.3416667],[82.2391667,28.35]]},{"type":"LineString","coordinates":[[82.2308333,28.3333333],[82.2275,28.3341667],[82.2216667,28.3416667],[82.22,28.35],[82.2175,28.35],[82.2158333,28.3533333],[82.2025,28.3558333],[82.1983333,28.3641667]]},{"type":"LineString","coordinates":[[87.4666667,28.3333333],[87.4716667,28.3366667]]},{"type":"LineString","coordinates":[[87.4666667,28.3333333],[87.4583333,28.3416667],[87.4633333,28.3608333],[87.4441667,28.3791667],[87.4208333,28.3883333],[87.415,28.3875],[87.4133333,28.3916667],[87.41,28.39],[87.38,28.3983333],[87.3675,28.4075],[87.34,28.4083333],[87.3191667,28.4191667]]},{"type":"LineString","coordinates":[[85.4716667,28.3341667],[85.4858333,28.3316667]]},{"type":"LineString","coordinates":[[85.4716667,28.3341667],[85.48,28.3366667],[85.4908333,28.3341667],[85.4991667,28.3358333],[85.505,28.34],[85.5166667,28.3575],[85.5266667,28.365],[85.5308333,28.3741667],[85.5316667,28.3841667],[85.545,28.4058333],[85.5525,28.4133333],[85.5516667,28.415],[85.56,28.4183333],[85.56,28.4233333],[85.5625,28.4258333],[85.57,28.43],[85.5733333,28.4375],[85.57,28.44],[85.5691667,28.4441667],[85.5725,28.4491667]]},{"type":"LineString","coordinates":[[85.44,28.3358333],[85.4616667,28.3366667],[85.4716667,28.3341667]]},{"type":"LineString","coordinates":[[85.44,28.3358333],[85.4458333,28.3416667],[85.4516667,28.3658333],[85.4475,28.3808333],[85.45,28.3958333],[85.4483333,28.4066667],[85.4458333,28.4091667],[85.4475,28.4225],[85.4425,28.4283333],[85.4425,28.4383333]]},{"type":"LineString","coordinates":[[82.6008333,28.3366667],[82.6,28.345]]},{"type":"LineString","coordinates":[[82.6008333,28.3366667],[82.6025,28.3358333],[82.6058333,28.3383333],[82.6091667,28.3375],[82.6275,28.3183333],[82.6283333,28.315],[82.6408333,28.3083333],[82.6466667,28.3233333],[82.6475,28.3408333],[82.6541667,28.35],[82.6566667,28.3641667],[82.6633333,28.3725],[82.6625,28.375]]},{"type":"LineString","coordinates":[[83.1608333,28.3366667],[83.1683333,28.3375],[83.17,28.345],[83.1741667,28.3475],[83.1775,28.3541667]]},{"type":"LineString","coordinates":[[83.1608333,28.3366667],[83.1566667,28.3458333],[83.1383333,28.3575],[83.1258333,28.3733333],[83.1133333,28.3825]]},{"type":"LineString","coordinates":[[87.4716667,28.3366667],[87.4825,28.325],[87.4825,28.3116667],[87.535,28.2641667],[87.5441667,28.2591667],[87.5533333,28.2475],[87.5708333,28.2358333]]},{"type":"LineString","coordinates":[[87.4716667,28.3366667],[87.4816667,28.3425],[87.4916667,28.3391667],[87.5041667,28.3558333],[87.5158333,28.36],[87.52,28.3583333],[87.5291667,28.37]]},{"type":"LineString","coordinates":[[83.96,28.3391667],[83.97,28.3441667],[83.9875,28.3475],[83.9916667,28.3516667],[83.9991667,28.3508333],[84.0091667,28.3575]]},{"type":"LineString","coordinates":[[83.96,28.3391667],[83.9608333,28.3483333],[83.9575,28.3566667],[83.9666667,28.3641667],[83.9691667,28.3741667],[83.9775,28.38],[83.9758333,28.3866667],[83.9791667,28.3958333],[83.985,28.4025],[83.9825,28.4075],[83.9925,28.4191667],[83.9958333,28.4333333]]},{"type":"LineString","coordinates":[[83.5666667,28.34],[83.5683333,28.35],[83.5658333,28.3533333],[83.5658333,28.3608333],[83.57,28.375]]},{"type":"LineString","coordinates":[[83.5666667,28.34],[83.565,28.3416667],[83.5491667,28.3408333],[83.5383333,28.3358333],[83.5225,28.3433333],[83.5141667,28.3525],[83.5133333,28.3583333],[83.5158333,28.3608333],[83.5041667,28.365],[83.4941667,28.3758333],[83.4883333,28.3766667],[83.4791667,28.3825],[83.465,28.3816667],[83.4558333,28.3866667],[83.445,28.3875],[83.4391667,28.3933333],[83.4283333,28.3941667],[83.425,28.3966667],[83.4175,28.3958333],[83.395,28.4108333],[83.3891667,28.4091667],[83.3816667,28.4133333]]},{"type":"LineString","coordinates":[[87.1791667,28.34],[87.17,28.3258333],[87.1683333,28.315]]},{"type":"LineString","coordinates":[[87.1791667,28.34],[87.1625,28.35],[87.1591667,28.3475],[87.1475,28.35],[87.1416667,28.3466667]]},{"type":"LineString","coordinates":[[87.8125,28.3408333],[87.81,28.3383333],[87.7975,28.34],[87.7933333,28.3291667],[87.7891667,28.3275],[87.7916667,28.325],[87.7875,28.3216667],[87.7908333,28.3191667],[87.79,28.3141667],[87.7858333,28.315],[87.7733333,28.3075]]},{"type":"LineString","coordinates":[[87.8125,28.3408333],[87.815,28.3425],[87.825,28.3341667],[87.8366667,28.3325],[87.8508333,28.3383333],[87.8658333,28.3383333],[87.8725,28.3316667]]},{"type":"LineString","coordinates":[[84.9,28.3425],[84.8975,28.3516667],[84.8941667,28.3533333]]},{"type":"LineString","coordinates":[[84.9,28.3425],[84.9016667,28.3466667],[84.9133333,28.3566667],[84.925,28.3608333],[84.9308333,28.36],[84.9341667,28.3641667]]},{"type":"LineString","coordinates":[[82.6,28.345],[82.5941667,28.3458333],[82.5916667,28.3483333],[82.5925,28.3533333],[82.59,28.355],[82.58,28.3533333],[82.5758333,28.3575],[82.5775,28.3691667],[82.57,28.3766667],[82.5516667,28.3783333],[82.5441667,28.3866667],[82.5383333,28.3841667],[82.5341667,28.385],[82.53,28.38],[82.5258333,28.3791667],[82.5216667,28.3841667],[82.5183333,28.3833333],[82.515,28.3866667],[82.5158333,28.3933333],[82.5133333,28.3958333],[82.5066667,28.3958333]]},{"type":"LineString","coordinates":[[82.6,28.345],[82.6033333,28.35],[82.6025,28.37],[82.5991667,28.3783333],[82.6008333,28.3991667]]},{"type":"LineString","coordinates":[[81.0699289,28.346722],[81.0625,28.3525],[81.0608333,28.3583333],[81.0683333,28.3616667],[81.07,28.37],[81.0783333,28.3733333],[81.0783333,28.3825],[81.0816667,28.3883333],[81.0841667,28.3883333],[81.085,28.3841667],[81.0875,28.3833333],[81.0908333,28.3908333],[81.0983333,28.3925]]},{"type":"LineString","coordinates":[[81.0617204,28.3474462],[81.0591667,28.3525],[81.0575,28.3516667],[81.0525,28.3558333],[81.0533333,28.3583333],[81.0483333,28.3608333]]},{"type":"LineString","coordinates":[[86.7116667,28.3475],[86.7141667,28.345]]},{"type":"LineString","coordinates":[[86.7116667,28.3475],[86.7175,28.3483333],[86.7241667,28.3541667]]},{"type":"LineString","coordinates":[[81.1883333,28.3516667],[81.1908333,28.3566667],[81.1941667,28.3541667],[81.1975,28.3558333],[81.1991667,28.3541667],[81.1983333,28.34],[81.2025,28.3358333],[81.2091667,28.3366667],[81.2108333,28.3341667],[81.2133333,28.3358333],[81.2175,28.3325],[81.2216667,28.3375],[81.2191667,28.3458333],[81.2225,28.3475],[81.2233333,28.3541667],[81.2258333,28.3558333],[81.2275,28.3541667]]},{"type":"LineString","coordinates":[[81.1883333,28.3516667],[81.1841667,28.36],[81.2008333,28.3666667],[81.2066667,28.3716667]]},{"type":"LineString","coordinates":[[81.1883333,28.3516667],[81.1908333,28.3375],[81.1858333,28.3316667],[81.1825,28.3208333],[81.1766667,28.3166667],[81.1683333,28.3183333],[81.1525,28.3341667],[81.1366667,28.3408333],[81.1375,28.3508333],[81.1441667,28.3575],[81.1408333,28.3633333],[81.1483333,28.3691667],[81.15,28.375],[81.1516667,28.3766667],[81.1608333,28.3758333],[81.1625,28.3783333],[81.1608333,28.3833333],[81.1658333,28.3875],[81.1716667,28.3858333],[81.18,28.3891667],[81.1808333,28.3958333],[81.1841667,28.3991667],[81.1841667,28.4025],[81.1808333,28.4041667],[81.185,28.4141667],[81.1833333,28.4175]]},{"type":"LineString","coordinates":[[86.68,28.3516667],[86.6916667,28.3441667],[86.6975,28.345],[86.7025,28.335],[86.7,28.325],[86.7066667,28.3158333],[86.7066667,28.2975],[86.6983333,28.2875]]},{"type":"LineString","coordinates":[[86.68,28.3516667],[86.695,28.3525],[86.7116667,28.3475]]},{"type":"LineString","coordinates":[[84.8908333,28.3525],[84.8875,28.3491667],[84.8708333,28.3441667]]},{"type":"LineString","coordinates":[[84.8908333,28.3525],[84.8816667,28.3516667],[84.8766667,28.3558333],[84.8741667,28.3541667],[84.8725,28.3566667],[84.8566667,28.3608333],[84.8358333,28.36]]},{"type":"LineString","coordinates":[[87.1908333,28.3525],[87.1908333,28.3483333],[87.1791667,28.34]]},{"type":"LineString","coordinates":[[87.1908333,28.3525],[87.1791667,28.3575],[87.1666667,28.3758333],[87.1508333,28.3833333],[87.1466667,28.39]]},{"type":"LineString","coordinates":[[84.8941667,28.3533333],[84.8908333,28.3525]]},{"type":"LineString","coordinates":[[84.8941667,28.3533333],[84.8883333,28.3616667],[84.8875,28.3783333],[84.8941667,28.385],[84.8916667,28.4075],[84.8958333,28.4175],[84.8958333,28.43]]},{"type":"LineString","coordinates":[[86.9558333,28.3533333],[86.9508333,28.35],[86.9491667,28.3391667],[86.9408333,28.325],[86.9266667,28.3158333],[86.9116667,28.3116667]]},{"type":"LineString","coordinates":[[86.9558333,28.3533333],[86.9558333,28.3366667],[86.9625,28.3291667]]},{"type":"LineString","coordinates":[[83.1775,28.3541667],[83.1841667,28.3533333],[83.1858333,28.35],[83.1966667,28.3466667],[83.2091667,28.3533333],[83.2241667,28.355]]},{"type":"LineString","coordinates":[[83.1775,28.3541667],[83.1825,28.3558333],[83.1883333,28.3641667],[83.1925,28.3658333],[83.1966667,28.3741667],[83.1966667,28.38],[83.2025,28.3858333],[83.2033333,28.3883333],[83.1983333,28.3958333]]},{"type":"LineString","coordinates":[[86.0616667,28.3583333],[86.0666667,28.36]]},{"type":"LineString","coordinates":[[86.0616667,28.3583333],[86.0466667,28.3691667],[86.0291667,28.3658333],[86.0158333,28.3683333],[85.9966667,28.3791667],[85.9908333,28.3866667]]},{"type":"LineString","coordinates":[[86.0666667,28.36],[86.085,28.3666667]]},{"type":"LineString","coordinates":[[86.0666667,28.36],[86.0683333,28.3708333],[86.0633333,28.3783333],[86.0658333,28.3866667]]},{"type":"LineString","coordinates":[[87.7933333,28.36],[87.7833333,28.3533333],[87.785,28.3491667]]},{"type":"LineString","coordinates":[[87.7933333,28.36],[87.8,28.3458333],[87.805,28.3416667],[87.8125,28.3408333]]},{"type":"LineString","coordinates":[[81.0483333,28.3608333],[81.0483333,28.3658333],[81.0458333,28.3683333],[81.03,28.375],[81.0275,28.3783333],[81.0291667,28.3833333],[81.0258333,28.3891667]]},{"type":"LineString","coordinates":[[81.049375,28.3608333],[81.0483333,28.3608333]]},{"type":"LineString","coordinates":[[82.8458333,28.3608333],[82.8525,28.36],[82.86,28.355],[82.8641667,28.3558333],[82.8658333,28.3525]]},{"type":"LineString","coordinates":[[82.8458333,28.3608333],[82.8516667,28.3716667],[82.8616667,28.3783333],[82.8658333,28.3741667],[82.885,28.3708333]]},{"type":"LineString","coordinates":[[82.1983333,28.3641667],[82.195,28.365]]},{"type":"LineString","coordinates":[[82.1983333,28.3641667],[82.195,28.3691667],[82.1941667,28.3808333],[82.1908333,28.3858333],[82.1916667,28.3983333],[82.1883333,28.4016667],[82.1833333,28.4008333],[82.1833333,28.4083333],[82.1791667,28.4116667],[82.18,28.4291667],[82.185,28.4291667],[82.1883333,28.4333333],[82.195,28.435],[82.2041667,28.4341667],[82.2125,28.4283333],[82.2125,28.4216667],[82.2341667,28.4258333],[82.2408333,28.4308333],[82.2475,28.4291667],[82.2483333,28.425],[82.2583333,28.4175],[82.2625,28.4183333]]},{"type":"LineString","coordinates":[[84.3216667,28.365],[84.305,28.365],[84.2991667,28.3708333],[84.2916667,28.3725],[84.2875,28.3791667]]},{"type":"LineString","coordinates":[[84.3216667,28.365],[84.3233333,28.3683333],[84.3183333,28.3725],[84.3191667,28.3808333]]},{"type":"LineString","coordinates":[[84.6058333,28.365],[84.6116667,28.3675],[84.6233333,28.3658333]]},{"type":"LineString","coordinates":[[84.6058333,28.365],[84.6066667,28.3775],[84.6025,28.3858333],[84.6033333,28.39]]},{"type":"LineString","coordinates":[[84.1241667,28.3658333],[84.1358333,28.3691667],[84.1433333,28.375]]},{"type":"LineString","coordinates":[[84.1241667,28.3658333],[84.1158333,28.3783333],[84.12,28.3991667],[84.1175,28.4066667],[84.1183333,28.4133333],[84.115,28.4141667],[84.1133333,28.4183333],[84.115,28.4216667]]},{"type":"LineString","coordinates":[[85.3583333,28.3666667],[85.3358333,28.3691667],[85.3383333,28.375],[85.3325,28.3791667],[85.3283333,28.3766667],[85.3233333,28.3791667],[85.325,28.3875],[85.3183333,28.39],[85.3116667,28.3966667],[85.3141667,28.4]]},{"type":"LineString","coordinates":[[85.3583333,28.3666667],[85.3625,28.3708333],[85.35,28.3816667],[85.3516667,28.3841667],[85.3483333,28.39],[85.3558333,28.3975],[85.3591667,28.4083333],[85.3666667,28.4183333],[85.3666667,28.4233333],[85.3558333,28.4491667]]},{"type":"LineString","coordinates":[[86.085,28.3666667],[86.0925,28.3616667],[86.1,28.3491667],[86.1125,28.3475],[86.135,28.3641667],[86.1566667,28.3758333],[86.1675,28.3758333],[86.1975,28.395]]},{"type":"LineString","coordinates":[[86.085,28.3666667],[86.1016667,28.3766667],[86.1133333,28.4066667]]},{"type":"LineString","coordinates":[[82.8083333,28.37],[82.815,28.3691667],[82.82,28.3625],[82.8233333,28.365],[82.8283333,28.3633333],[82.8366667,28.365],[82.8391667,28.36],[82.8458333,28.3608333]]},{"type":"LineString","coordinates":[[82.8083333,28.37],[82.8083333,28.39],[82.8125,28.3983333]]},{"type":"LineString","coordinates":[[87.5291667,28.37],[87.5341667,28.3641667],[87.5441667,28.36],[87.5525,28.35],[87.5516667,28.3383333]]},{"type":"LineString","coordinates":[[87.5291667,28.37],[87.5416667,28.38],[87.5525,28.375],[87.5558333,28.3766667]]},{"type":"LineString","coordinates":[[86.9558333,28.3708333],[86.9558333,28.3533333]]},{"type":"LineString","coordinates":[[86.9558333,28.3708333],[86.9425,28.3591667],[86.9291667,28.3566667],[86.9058333,28.3725],[86.8933333,28.3858333],[86.8666667,28.3983333],[86.8458333,28.4025],[86.8391667,28.4075],[86.815,28.4141667],[86.8125,28.4175],[86.7908333,28.4225]]},{"type":"LineString","coordinates":[[81.2066667,28.3716667],[81.2108333,28.3741667]]},{"type":"LineString","coordinates":[[81.2066667,28.3716667],[81.205,28.3766667],[81.1966667,28.3825],[81.1975,28.395],[81.2033333,28.4025],[81.2033333,28.405],[81.2016667,28.4041667],[81.1966667,28.41],[81.1983333,28.4166667],[81.1966667,28.425],[81.2008333,28.4291667],[81.2008333,28.4325],[81.2091667,28.4391667],[81.2075,28.4416667],[81.2091667,28.45],[81.2158333,28.4508333],[81.2191667,28.4541667],[81.2175,28.46],[81.225,28.4691667],[81.2258333,28.4766667],[81.2308333,28.4816667],[81.2266667,28.4916667],[81.2341667,28.5008333],[81.2308333,28.5141667],[81.2375,28.525]]},{"type":"LineString","coordinates":[[81.2108333,28.3741667],[81.2141667,28.3758333],[81.215,28.3908333],[81.2225,28.3958333],[81.2125,28.4041667],[81.215,28.4091667]]},{"type":"LineString","coordinates":[[81.2108333,28.3741667],[81.2116667,28.3708333],[81.215,28.3716667],[81.2233333,28.3675],[81.225,28.3733333],[81.23,28.3741667],[81.2275,28.3775],[81.24,28.3866667],[81.24,28.4],[81.2441667,28.4025],[81.2433333,28.4058333],[81.2508333,28.4066667],[81.2466667,28.4108333],[81.2516667,28.4125],[81.2575,28.4191667],[81.2583333,28.4241667],[81.2658333,28.4283333]]},{"type":"LineString","coordinates":[[83.57,28.375],[83.5841667,28.3808333],[83.5925,28.3916667]]},{"type":"LineString","coordinates":[[83.57,28.375],[83.5641667,28.3783333],[83.5625,28.3866667],[83.5491667,28.3941667],[83.5433333,28.4058333],[83.53,28.4166667],[83.5233333,28.4316667],[83.5241667,28.4358333],[83.5191667,28.4408333],[83.5191667,28.445],[83.5141667,28.4533333]]},{"type":"LineString","coordinates":[[84.1433333,28.375],[84.1475,28.3691667],[84.16,28.3666667]]},{"type":"LineString","coordinates":[[84.1433333,28.375],[84.1425,28.3766667],[84.1491667,28.3841667],[84.1558333,28.3866667],[84.1633333,28.395],[84.1741667,28.3958333]]},{"type":"LineString","coordinates":[[87.5558333,28.3766667],[87.5591667,28.3725],[87.5566667,28.3575],[87.5758333,28.3425],[87.5783333,28.3341667],[87.595,28.3266667]]},{"type":"LineString","coordinates":[[87.5558333,28.3766667],[87.5591667,28.3875]]},{"type":"LineString","coordinates":[[83.1133333,28.3825],[83.1025,28.3858333],[83.0808333,28.4008333],[83.0691667,28.4191667],[83.05,28.435]]},{"type":"LineString","coordinates":[[83.1133333,28.3825],[83.1108333,28.3883333],[83.1125,28.4008333],[83.1,28.4108333],[83.0991667,28.4191667],[83.1075,28.4308333],[83.1183333,28.4366667]]},{"type":"LineString","coordinates":[[84.4908333,28.3841667],[84.5008333,28.3833333]]},{"type":"LineString","coordinates":[[84.4908333,28.3841667],[84.5058333,28.4108333],[84.5075,28.4175],[84.5041667,28.4208333],[84.51,28.4291667],[84.5158333,28.4308333],[84.5233333,28.4391667],[84.5308333,28.4383333],[84.5408333,28.4483333],[84.545,28.4475]]},{"type":"LineString","coordinates":[[87.7733333,28.3841667],[87.77,28.3775]]},{"type":"LineString","coordinates":[[87.7733333,28.3841667],[87.7783333,28.3866667],[87.7908333,28.38],[87.7941667,28.3708333],[87.7933333,28.36]]},{"type":"LineString","coordinates":[[85.9908333,28.3866667],[85.9808333,28.3841667],[85.9758333,28.3791667]]},{"type":"LineString","coordinates":[[85.9908333,28.3866667],[85.9883333,28.3958333]]},{"type":"LineString","coordinates":[[87.5591667,28.3875],[87.58,28.3758333],[87.5933333,28.3625],[87.5983333,28.3541667],[87.5975,28.3491667]]},{"type":"LineString","coordinates":[[87.5591667,28.3875],[87.5608333,28.3941667],[87.5675,28.395],[87.5858333,28.4125],[87.6,28.4058333],[87.61,28.4058333],[87.6183333,28.4116667],[87.6258333,28.4108333]]},{"type":"LineString","coordinates":[[81.0258333,28.3891667],[81.0241667,28.3925],[81.0216667,28.3908333]]},{"type":"LineString","coordinates":[[81.0258333,28.3891667],[81.0308333,28.3975]]},{"type":"LineString","coordinates":[[87.1466667,28.39],[87.1408333,28.3966667]]},{"type":"LineString","coordinates":[[87.1466667,28.39],[87.175,28.4166667],[87.1875,28.42],[87.1958333,28.4283333],[87.2208333,28.4358333],[87.2275,28.4466667],[87.2341667,28.4491667]]},{"type":"LineString","coordinates":[[83.5925,28.3916667],[83.605,28.3883333]]},{"type":"LineString","coordinates":[[83.5925,28.3916667],[83.6,28.4],[83.6,28.4058333]]},{"type":"LineString","coordinates":[[81.0983333,28.3925],[81.105,28.3925],[81.1133333,28.3983333]]},{"type":"LineString","coordinates":[[81.0983333,28.3925],[81.1,28.3975],[81.115,28.4125],[81.1158333,28.4233333],[81.1208333,28.4275],[81.1208333,28.4358333],[81.1308333,28.4525]]},{"type":"LineString","coordinates":[[86.1975,28.395],[86.2066667,28.3941667],[86.2175,28.3825],[86.2183333,28.3616667]]},{"type":"LineString","coordinates":[[86.1975,28.395],[86.2083333,28.4],[86.2141667,28.3983333]]},{"type":"LineString","coordinates":[[82.5066667,28.3958333],[82.4991667,28.3933333],[82.4958333,28.3983333],[82.4916667,28.3966667]]},{"type":"LineString","coordinates":[[82.5066667,28.3958333],[82.505,28.4008333],[82.5083333,28.4058333],[82.5066667,28.4116667],[82.5108333,28.4183333],[82.5108333,28.4333333],[82.5191667,28.4508333],[82.5175,28.4633333],[82.525,28.475]]},{"type":"LineString","coordinates":[[83.1983333,28.3958333],[83.2083333,28.3991667]]},{"type":"LineString","coordinates":[[83.1983333,28.3958333],[83.1941667,28.3966667],[83.1908333,28.4016667],[83.19,28.4191667],[83.1925,28.4208333]]},{"type":"LineString","coordinates":[[85.9883333,28.3958333],[85.9725,28.3958333],[85.9583333,28.3833333],[85.9366667,28.3833333],[85.92,28.3691667]]},{"type":"LineString","coordinates":[[85.9883333,28.3958333],[85.9833333,28.4041667]]},{"type":"LineString","coordinates":[[88.5366667,28.3958333],[88.5483333,28.3916667],[88.5508333,28.3833333],[88.5675,28.3858333],[88.5975,28.3775],[88.6008333,28.3808333],[88.6116667,28.3816667],[88.6241667,28.3733333],[88.6291667,28.3733333],[88.6325,28.3775],[88.64,28.3766667]]},{"type":"LineString","coordinates":[[88.5366667,28.3958333],[88.5375,28.3991667]]},{"type":"LineString","coordinates":[[82.4916667,28.3966667],[82.4875,28.3858333]]},{"type":"LineString","coordinates":[[82.4916667,28.3966667],[82.4683333,28.4058333],[82.4641667,28.4091667],[82.465,28.4125],[82.4583333,28.41],[82.4575,28.4133333],[82.45,28.4191667]]},{"type":"LineString","coordinates":[[87.1408333,28.3966667],[87.1041667,28.4066667],[87.0641667,28.4008333]]},{"type":"LineString","coordinates":[[87.1408333,28.3966667],[87.1508333,28.4158333],[87.1458333,28.4358333]]},{"type":"LineString","coordinates":[[81.0308333,28.3975],[81.0216667,28.4116667],[81.0325,28.4183333],[81.0358333,28.4258333],[81.035,28.4333333],[81.0316667,28.4366667],[81.02,28.4308333],[81.0141667,28.4341667],[81.0125,28.4391667],[81.0166667,28.4475],[81.0158333,28.4516667]]},{"type":"LineString","coordinates":[[81.0308333,28.3975],[81.0425,28.405],[81.0441667,28.41],[81.0416667,28.4125],[81.0433333,28.4166667],[81.0416667,28.4191667],[81.0475,28.42],[81.0483333,28.4166667],[81.0516667,28.4166667],[81.0533333,28.4208333],[81.06,28.4208333],[81.0625,28.4183333],[81.0683333,28.4216667],[81.0766667,28.4341667],[81.085,28.4383333],[81.0966667,28.4533333],[81.095,28.455],[81.0983333,28.4591667],[81.1058333,28.4591667],[81.1108333,28.4633333],[81.115,28.4733333],[81.1275,28.4783333],[81.1325,28.4833333],[81.1383333,28.4833333],[81.1458333,28.4941667],[81.1491667,28.4933333],[81.1608333,28.4975],[81.1633333,28.5058333],[81.1625,28.5141667],[81.1675,28.5183333],[81.1666667,28.5258333],[81.1858333,28.5416667]]},{"type":"LineString","coordinates":[[82.8125,28.3983333],[82.8183333,28.3983333],[82.8258333,28.4075],[82.83,28.4083333],[82.8383333,28.4258333],[82.85,28.4383333]]},{"type":"LineString","coordinates":[[82.8125,28.3983333],[82.81,28.4141667],[82.8066667,28.4175],[82.8066667,28.425],[82.7933333,28.4341667],[82.7975,28.445],[82.7883333,28.4508333],[82.79,28.4575]]},{"type":"LineString","coordinates":[[83.2083333,28.3991667],[83.2183333,28.3941667],[83.2241667,28.3883333],[83.2425,28.39]]},{"type":"LineString","coordinates":[[83.2083333,28.3991667],[83.215,28.4075],[83.2291667,28.4133333],[83.2333333,28.42],[83.2383333,28.4208333],[83.2391667,28.4333333],[83.2483333,28.4416667],[83.2541667,28.4541667]]},{"type":"LineString","coordinates":[[88.5375,28.3991667],[88.5508333,28.4091667]]},{"type":"LineString","coordinates":[[88.5375,28.3991667],[88.545,28.415]]},{"type":"LineString","coordinates":[[85.3141667,28.4],[85.3066667,28.4033333]]},{"type":"LineString","coordinates":[[85.3141667,28.4],[85.3233333,28.4108333],[85.325,28.4283333],[85.3133333,28.44],[85.3083333,28.4525],[85.3025,28.4591667]]},{"type":"LineString","coordinates":[[87.0641667,28.4008333],[87.07,28.38]]},{"type":"LineString","coordinates":[[87.0641667,28.4008333],[87.0541667,28.4025],[87.04,28.4141667],[87.035,28.415]]},{"type":"LineString","coordinates":[[86.9791667,28.4016667],[86.9608333,28.3833333],[86.9558333,28.3708333]]},{"type":"LineString","coordinates":[[86.9791667,28.4016667],[86.9591667,28.4183333]]},{"type":"LineString","coordinates":[[85.3066667,28.4033333],[85.2925,28.3933333],[85.2775,28.39]]},{"type":"LineString","coordinates":[[85.3066667,28.4033333],[85.3025,28.4083333],[85.295,28.405],[85.28,28.4125],[85.2716667,28.4216667],[85.2716667,28.4258333],[85.2608333,28.4258333],[85.2558333,28.4358333],[85.2516667,28.4391667],[85.2516667,28.4441667],[85.2416667,28.4508333]]},{"type":"LineString","coordinates":[[85.9833333,28.4041667],[85.9566667,28.4016667],[85.9391667,28.4041667],[85.8975,28.3975],[85.8783333,28.4025],[85.8783333,28.4],[85.8608333,28.3941667],[85.8558333,28.3875],[85.8475,28.3933333],[85.8416667,28.3933333]]},{"type":"LineString","coordinates":[[85.9833333,28.4041667],[85.9608333,28.4383333]]},{"type":"LineString","coordinates":[[83.6,28.4058333],[83.6041667,28.4075]]},{"type":"LineString","coordinates":[[83.6,28.4058333],[83.5991667,28.4308333],[83.6216667,28.4508333],[83.63,28.4616667],[83.6325,28.4716667],[83.6483333,28.485]]},{"type":"LineString","coordinates":[[83.8266667,28.4058333],[83.8308333,28.4208333]]},{"type":"LineString","coordinates":[[83.8266667,28.4058333],[83.8225,28.4083333],[83.8075,28.4083333],[83.805,28.4058333],[83.7958333,28.4041667],[83.7825,28.4066667],[83.7691667,28.415],[83.7666667,28.4216667],[83.7708333,28.4233333],[83.7708333,28.4325],[83.7766667,28.4433333]]},{"type":"LineString","coordinates":[[88.4675,28.4058333],[88.49,28.4025],[88.4941667,28.39],[88.5008333,28.3841667],[88.5091667,28.3825],[88.5316667,28.3908333],[88.5366667,28.3958333]]},{"type":"LineString","coordinates":[[88.4675,28.4058333],[88.465,28.4158333],[88.4491667,28.4375],[88.4616667,28.4533333],[88.4783333,28.4616667]]},{"type":"LineString","coordinates":[[86.1133333,28.4066667],[86.1325,28.4216667],[86.145,28.4383333],[86.1625,28.4491667]]},{"type":"LineString","coordinates":[[86.1133333,28.4066667],[86.1,28.4308333],[86.1025,28.4483333],[86.0991667,28.4533333],[86.0883333,28.4566667],[86.065,28.455],[86.0566667,28.4575]]},{"type":"LineString","coordinates":[[88.5508333,28.4091667],[88.5558333,28.4075],[88.5616667,28.415],[88.5666667,28.4108333],[88.5775,28.4166667],[88.58,28.4141667],[88.585,28.4158333],[88.5891667,28.4083333],[88.5958333,28.4091667],[88.5991667,28.405],[88.6066667,28.41],[88.6141667,28.4008333],[88.625,28.405],[88.6341667,28.4008333],[88.6475,28.4016667],[88.6641667,28.4116667],[88.6608333,28.415],[88.675,28.4316667],[88.6925,28.4333333],[88.7233333,28.43]]},{"type":"LineString","coordinates":[[88.5508333,28.4091667],[88.5516667,28.4166667],[88.5583333,28.4233333],[88.5741667,28.4283333],[88.5833333,28.4383333],[88.5825,28.4408333],[88.6158333,28.4466667],[88.6208333,28.4508333]]},{"type":"LineString","coordinates":[[87.7608333,28.41],[87.7733333,28.3841667]]},{"type":"LineString","coordinates":[[87.7608333,28.41],[87.7866667,28.4]]},{"type":"LineString","coordinates":[[87.6258333,28.4108333],[87.6275,28.4075],[87.6383333,28.4066667],[87.6466667,28.4016667],[87.6433333,28.3908333],[87.645,28.3866667],[87.6366667,28.3683333]]},{"type":"LineString","coordinates":[[87.6258333,28.4108333],[87.6291667,28.4166667]]},{"type":"LineString","coordinates":[[83.36,28.4125],[83.3566667,28.405],[83.335,28.4016667]]},{"type":"LineString","coordinates":[[83.36,28.4125],[83.3475,28.415]]},{"type":"LineString","coordinates":[[83.3816667,28.4133333],[83.3716667,28.4133333],[83.3666667,28.4108333],[83.3616667,28.4133333],[83.36,28.4125]]},{"type":"LineString","coordinates":[[83.3816667,28.4133333],[83.3841667,28.4158333],[83.3825,28.4183333],[83.3841667,28.4333333]]},{"type":"LineString","coordinates":[[87.035,28.415],[87.0241667,28.4166667],[87.0033333,28.4133333],[86.9791667,28.4016667]]},{"type":"LineString","coordinates":[[87.035,28.415],[87.0208333,28.4225],[87.025,28.4375],[87.015,28.4466667]]},{"type":"LineString","coordinates":[[86.665,28.4166667],[86.6475,28.3933333],[86.6466667,28.375],[86.6408333,28.3658333],[86.64,28.3508333],[86.6333333,28.3425],[86.6325,28.3266667],[86.6208333,28.305]]},{"type":"LineString","coordinates":[[86.665,28.4166667],[86.6641667,28.395],[86.67,28.3691667],[86.6683333,28.3583333],[86.6733333,28.3525],[86.68,28.3516667]]},{"type":"LineString","coordinates":[[87.6291667,28.4166667],[87.6375,28.4291667],[87.6491667,28.4316667],[87.6491667,28.4425],[87.66,28.4458333]]},{"type":"LineString","coordinates":[[87.6291667,28.4166667],[87.6225,28.4266667],[87.6266667,28.43],[87.6266667,28.435],[87.62,28.4408333],[87.6075,28.4441667],[87.605,28.4491667],[87.6066667,28.46],[87.565,28.4825],[87.5483333,28.48],[87.5433333,28.4841667],[87.5433333,28.4891667],[87.5358333,28.495],[87.53,28.4958333],[87.53,28.4983333],[87.5225,28.4975]]},{"type":"LineString","coordinates":[[84.7433333,28.4175],[84.7325,28.42]]},{"type":"LineString","coordinates":[[84.7433333,28.4175],[84.74,28.4208333],[84.7341667,28.4216667],[84.7308333,28.4275],[84.7233333,28.4275],[84.7133333,28.4375],[84.7083333,28.4375]]},{"type":"LineString","coordinates":[[82.2625,28.4183333],[82.2683333,28.41],[82.275,28.41],[82.2875,28.4025],[82.2925,28.4025],[82.2983333,28.3941667],[82.3,28.395]]},{"type":"LineString","coordinates":[[82.2625,28.4183333],[82.2783333,28.4266667],[82.2808333,28.4258333],[82.2891667,28.4325],[82.285,28.4466667],[82.2966667,28.455],[82.2991667,28.4608333],[82.3025,28.4583333],[82.3083333,28.4625],[82.3183333,28.4583333],[82.3183333,28.4608333],[82.335,28.4791667],[82.3325,28.4875],[82.3325,28.4916667],[82.335,28.4933333]]},{"type":"LineString","coordinates":[[82.45,28.4191667],[82.435,28.4258333],[82.4325,28.43],[82.4291667,28.4291667],[82.425,28.4316667]]},{"type":"LineString","coordinates":[[82.45,28.4191667],[82.4466667,28.43],[82.4475,28.435],[82.445,28.435],[82.4416667,28.4408333],[82.4483333,28.45],[82.455,28.4533333]]},{"type":"LineString","coordinates":[[83.8308333,28.4208333],[83.8208333,28.4291667],[83.8191667,28.435],[83.8208333,28.4508333]]},{"type":"LineString","coordinates":[[83.8308333,28.4208333],[83.8466667,28.435],[83.8516667,28.45],[83.865,28.4658333],[83.8833333,28.4775],[83.895,28.4941667],[83.9008333,28.4983333],[83.9116667,28.525],[83.9091667,28.5291667]]},{"type":"LineString","coordinates":[[84.115,28.4216667],[84.12,28.4275],[84.1266667,28.43],[84.1333333,28.43],[84.1433333,28.4341667],[84.1508333,28.4333333],[84.1533333,28.4366667],[84.1591667,28.4358333],[84.165,28.4391667],[84.1833333,28.4391667],[84.195,28.4458333]]},{"type":"LineString","coordinates":[[84.115,28.4216667],[84.1166667,28.4266667],[84.115,28.4383333],[84.1175,28.4466667],[84.1141667,28.4508333],[84.1183333,28.4575],[84.1141667,28.4666667],[84.1208333,28.475]]},{"type":"LineString","coordinates":[[81.2658333,28.4283333],[81.2683333,28.4233333],[81.2775,28.4158333],[81.2775,28.4125],[81.2833333,28.4216667],[81.2883333,28.4191667],[81.2925,28.4216667],[81.295,28.4191667],[81.2975,28.4208333],[81.2991667,28.4241667],[81.2966667,28.4233333],[81.2958333,28.4308333],[81.2975,28.4341667],[81.3008333,28.4341667]]},{"type":"LineString","coordinates":[[81.2658333,28.4283333],[81.2683333,28.4291667],[81.2675,28.435],[81.2733333,28.4341667],[81.2741667,28.4425],[81.28,28.4491667]]},{"type":"LineString","coordinates":[[81.5083333,28.43],[81.5166667,28.4316667]]},{"type":"LineString","coordinates":[[81.5083333,28.43],[81.51,28.4316667],[81.5091667,28.44],[81.5033333,28.4475],[81.4958333,28.45]]},{"type":"LineString","coordinates":[[84.8958333,28.43],[84.8866667,28.4341667],[84.8783333,28.4341667],[84.8566667,28.4408333],[84.835,28.4375],[84.8083333,28.4416667],[84.7975,28.4391667]]},{"type":"LineString","coordinates":[[84.8958333,28.43],[84.9016667,28.4416667]]},{"type":"LineString","coordinates":[[88.7233333,28.43],[88.7291667,28.4216667],[88.7291667,28.3958333],[88.7341667,28.3891667]]},{"type":"LineString","coordinates":[[88.7233333,28.43],[88.7241667,28.4325],[88.7325,28.4333333]]},{"type":"LineString","coordinates":[[81.5166667,28.4316667],[81.5175,28.4333333]]},{"type":"LineString","coordinates":[[81.5166667,28.4316667],[81.5183333,28.43],[81.5258333,28.4308333],[81.5358333,28.435],[81.5466667,28.4316667],[81.5516667,28.4258333],[81.5625,28.4266667],[81.5741667,28.4208333],[81.5758333,28.415],[81.5891667,28.41],[81.5908333,28.4041667],[81.5958333,28.4041667],[81.6,28.3983333],[81.6083333,28.4],[81.6108333,28.3975],[81.6133333,28.4],[81.6241667,28.4008333],[81.6366667,28.3916667],[81.6475,28.3741667],[81.6533333,28.3733333],[81.6591667,28.3758333],[81.6616667,28.3675],[81.6683333,28.3683333],[81.6766667,28.3591667],[81.6841667,28.3658333],[81.6925,28.3675],[81.6983333,28.3658333],[81.7016667,28.36],[81.7075,28.36],[81.7191667,28.355],[81.7208333,28.3508333],[81.7283333,28.3458333],[81.7358333,28.3508333],[81.7375,28.35],[81.7366667,28.345],[81.7433333,28.3408333],[81.7741667,28.3391667],[81.7891667,28.3233333],[81.8025,28.3191667],[81.8016667,28.31],[81.8033333,28.3083333],[81.8166667,28.3108333],[81.8191667,28.3083333],[81.8166667,28.3016667],[81.8183333,28.2966667],[81.8233333,28.2975],[81.83,28.3083333],[81.8341667,28.3083333],[81.84,28.3033333],[81.8391667,28.2991667],[81.845,28.2925],[81.8525,28.2933333],[81.8525,28.2983333],[81.8558333,28.3],[81.8558333,28.2933333],[81.8641667,28.2883333],[81.8666667,28.28],[81.8741667,28.2791667],[81.8825,28.2816667],[81.8841667,28.28],[81.8816667,28.275],[81.8833333,28.2716667],[81.8916667,28.2716667],[81.8991667,28.2633333],[81.9058333,28.2625]]},{"type":"LineString","coordinates":[[82.425,28.4316667],[82.4225,28.4308333]]},{"type":"LineString","coordinates":[[82.425,28.4316667],[82.4241667,28.4366667],[82.4141667,28.4475],[82.4116667,28.4575],[82.4075,28.4566667],[82.4,28.4608333],[82.395,28.46],[82.3941667,28.4641667],[82.3908333,28.4666667]]},{"type":"LineString","coordinates":[[83.3841667,28.4333333],[83.375,28.4416667]]},{"type":"LineString","coordinates":[[83.3841667,28.4333333],[83.3866667,28.4366667],[83.3841667,28.4383333],[83.3858333,28.4425],[83.3816667,28.4508333],[83.3825,28.4608333]]},{"type":"LineString","coordinates":[[83.9958333,28.4333333],[83.9858333,28.4366667]]},{"type":"LineString","coordinates":[[83.9958333,28.4333333],[84.0025,28.4425],[83.9983333,28.4533333],[83.9991667,28.4616667],[84.0166667,28.4741667],[84.0208333,28.4858333],[84.0183333,28.4983333]]},{"type":"LineString","coordinates":[[84.3941667,28.4333333],[84.3891667,28.4391667],[84.3833333,28.44],[84.3783333,28.4441667],[84.3741667,28.4541667]]},{"type":"LineString","coordinates":[[84.3941667,28.4333333],[84.3966667,28.4358333],[84.3991667,28.435],[84.4075,28.445],[84.4158333,28.4458333],[84.4208333,28.4525],[84.4283333,28.4558333],[84.4283333,28.4633333],[84.4325,28.4683333]]},{"type":"LineString","coordinates":[[88.7325,28.4333333],[88.7491667,28.4358333],[88.7716667,28.4291667],[88.7975,28.4316667],[88.8433333,28.4225],[88.8483333,28.425],[88.8533333,28.4391667]]},{"type":"LineString","coordinates":[[88.7325,28.4333333],[88.7333333,28.4658333],[88.7308333,28.4725],[88.7383333,28.4808333]]},{"type":"LineString","coordinates":[[87.1458333,28.4358333],[87.1416667,28.4408333]]},{"type":"LineString","coordinates":[[87.1458333,28.4358333],[87.1525,28.4525],[87.1616667,28.46],[87.1658333,28.4741667],[87.1816667,28.4866667],[87.19,28.4991667]]},{"type":"LineString","coordinates":[[81.4441667,28.4383333],[81.4475,28.4366667],[81.4525,28.4408333],[81.4583333,28.4416667],[81.4683333,28.44],[81.4816667,28.4416667],[81.4883333,28.43],[81.5083333,28.43]]},{"type":"LineString","coordinates":[[81.4441667,28.4383333],[81.4516667,28.4575],[81.4408333,28.4725],[81.4383333,28.4791667],[81.44,28.4866667]]},{"type":"LineString","coordinates":[[85.4425,28.4383333],[85.4425,28.45],[85.4508333,28.46],[85.4591667,28.465],[85.4616667,28.4766667]]},{"type":"LineString","coordinates":[[85.4425,28.4383333],[85.4333333,28.4475],[85.4175,28.4541667],[85.4091667,28.465],[85.3975,28.4725],[85.385,28.5033333],[85.4033333,28.53],[85.4141667,28.5375],[85.4225,28.5391667]]},{"type":"LineString","coordinates":[[85.9608333,28.4383333],[85.9375,28.44],[85.9216667,28.4333333],[85.9108333,28.4325],[85.875,28.4466667]]},{"type":"LineString","coordinates":[[85.9608333,28.4383333],[85.9633333,28.4466667]]},{"type":"LineString","coordinates":[[84.7975,28.4391667],[84.7716667,28.4233333],[84.7566667,28.4216667],[84.7475,28.4166667],[84.7433333,28.4175]]},{"type":"LineString","coordinates":[[84.7975,28.4391667],[84.7891667,28.4383333],[84.785,28.4408333],[84.7733333,28.4375]]},{"type":"LineString","coordinates":[[86.6058333,28.4408333],[86.6,28.3941667],[86.5825,28.3741667],[86.5666667,28.3683333],[86.5591667,28.3691667],[86.5366667,28.3575],[86.5358333,28.3525],[86.5291667,28.3466667],[86.5275,28.3375],[86.5208333,28.3333333]]},{"type":"LineString","coordinates":[[86.6058333,28.4408333],[86.6266667,28.4166667],[86.6241667,28.4116667],[86.6258333,28.4075],[86.62,28.3966667],[86.6225,28.3916667],[86.6191667,28.38],[86.6,28.36]]},{"type":"LineString","coordinates":[[81.835,28.4416667],[81.8358333,28.4325],[81.83,28.4283333],[81.8616667,28.3983333],[81.8775,28.3958333],[81.8841667,28.39],[81.8983333,28.3833333],[81.91,28.3733333],[81.9125,28.3683333],[81.9358333,28.3566667],[81.94,28.3575]]},{"type":"LineString","coordinates":[[81.835,28.4416667],[81.8625,28.44],[81.8658333,28.4383333],[81.87,28.43],[81.895,28.4233333],[81.8991667,28.4308333],[81.9075,28.43],[81.9091667,28.4316667],[81.9091667,28.4391667],[81.9116667,28.4433333],[81.9141667,28.4433333],[81.9191667,28.4375],[81.9283333,28.4358333],[81.9308333,28.4408333],[81.93,28.445],[81.9366667,28.4516667],[81.9491667,28.445],[81.96,28.445],[81.9633333,28.4516667],[81.97,28.4466667],[81.9825,28.445],[81.9866667,28.4475],[81.9833333,28.455],[81.99,28.4616667],[81.9983333,28.4633333]]},{"type":"LineString","coordinates":[[84.9016667,28.4416667],[84.9066667,28.445],[84.9241667,28.4433333],[84.9308333,28.4458333],[84.945,28.4658333],[84.9583333,28.4666667],[84.9633333,28.4708333],[84.9725,28.4725],[84.9958333,28.47],[85.005,28.4716667]]},{"type":"LineString","coordinates":[[84.9016667,28.4416667],[84.8933333,28.455],[84.8875,28.4608333],[84.88,28.4641667],[84.875,28.4725],[84.8708333,28.475],[84.8658333,28.485],[84.8666667,28.4991667],[84.8608333,28.5066667],[84.8558333,28.5091667]]},{"type":"LineString","coordinates":[[87.66,28.4458333],[87.6633333,28.4433333],[87.6608333,28.4408333]]},{"type":"LineString","coordinates":[[87.66,28.4458333],[87.6608333,28.4483333],[87.6733333,28.45],[87.6758333,28.4566667],[87.6883333,28.4691667]]},{"type":"LineString","coordinates":[[87.015,28.4466667],[87.0208333,28.4641667],[87.0308333,28.4691667],[87.0416667,28.47]]},{"type":"LineString","coordinates":[[87.015,28.4466667],[87.0058333,28.4541667],[86.9666667,28.4616667],[86.9558333,28.4691667],[86.9441667,28.47],[86.94,28.4741667],[86.9,28.4841667],[86.8683333,28.4833333],[86.8475,28.4775],[86.8408333,28.4808333]]},{"type":"LineString","coordinates":[[82.02,28.4475],[82.0241667,28.4358333],[82.0191667,28.4266667],[82.0258333,28.4125],[82.03,28.4091667]]},{"type":"LineString","coordinates":[[82.02,28.4475],[82.0675,28.4466667],[82.0716667,28.4441667],[82.0891667,28.4458333]]},{"type":"LineString","coordinates":[[86.41,28.4475],[86.3858333,28.44],[86.3733333,28.4266667],[86.3616667,28.4216667],[86.3341667,28.415],[86.3225,28.3975],[86.3058333,28.3808333],[86.3,28.365]]},{"type":"LineString","coordinates":[[86.41,28.4475],[86.41,28.44],[86.405,28.43],[86.3983333,28.4266667],[86.3925,28.4183333],[86.3883333,28.41],[86.3875,28.3983333],[86.3766667,28.3908333],[86.3725,28.3783333]]},{"type":"LineString","coordinates":[[86.6016667,28.4483333],[86.5733333,28.4175],[86.5458333,28.395]]},{"type":"LineString","coordinates":[[86.6016667,28.4483333],[86.6058333,28.4408333]]},{"type":"LineString","coordinates":[[80.9916667,28.4491667],[80.9941667,28.4433333],[80.9891667,28.4408333],[80.9866667,28.4425],[80.9841667,28.4391667],[80.985,28.435],[80.9808333,28.4316667],[80.965,28.4375],[80.9675,28.44],[80.9641667,28.445],[80.9666667,28.4475],[80.9675,28.4458333],[80.9716667,28.4466667],[80.9683333,28.45],[80.9541667,28.4475],[80.9533333,28.45],[80.95,28.45],[80.9491667,28.4541667],[80.9416667,28.4541667],[80.9391667,28.4633333],[80.9333333,28.4625],[80.9258333,28.4541667],[80.92,28.4616667],[80.9108333,28.4583333],[80.9041667,28.4658333],[80.9075,28.4725],[80.9016667,28.4716667],[80.9,28.4741667],[80.9,28.4775],[80.9041667,28.4783333],[80.9,28.4858333],[80.9091667,28.4908333],[80.9091667,28.4966667],[80.895,28.505]]},{"type":"LineString","coordinates":[[80.9916667,28.4491667],[80.995,28.4558333],[80.985,28.4541667],[80.9875,28.4625],[80.9758333,28.4658333],[80.975,28.4758333],[80.9716667,28.4833333],[80.9633333,28.485],[80.965,28.48],[80.9633333,28.4733333],[80.9591667,28.4758333],[80.96,28.4841667],[80.955,28.4783333],[80.9516667,28.4783333],[80.9466667,28.485],[80.9408333,28.4833333],[80.9433333,28.4875],[80.9416667,28.495],[80.9325,28.5016667],[80.9341667,28.5033333],[80.9433333,28.5016667],[80.9441667,28.5075],[80.9391667,28.5058333],[80.9366667,28.5083333],[80.9366667,28.5133333],[80.9291667,28.5316667],[80.9308333,28.535]]},{"type":"LineString","coordinates":[[81.28,28.4491667],[81.2833333,28.4516667],[81.2841667,28.4558333],[81.2925,28.4583333],[81.2983333,28.4675],[81.3016667,28.4658333]]},{"type":"LineString","coordinates":[[81.28,28.4491667],[81.2733333,28.4541667],[81.2741667,28.4558333],[81.2675,28.4533333],[81.2658333,28.455],[81.27,28.4641667],[81.2666667,28.4658333],[81.2666667,28.47],[81.27,28.4741667],[81.2741667,28.4733333],[81.2766667,28.4825],[81.28,28.4783333],[81.2841667,28.4816667]]},{"type":"LineString","coordinates":[[86.1625,28.4491667],[86.17,28.4525],[86.1708333,28.45],[86.1825,28.4566667],[86.2008333,28.4566667],[86.2108333,28.4525],[86.265,28.4475]]},{"type":"LineString","coordinates":[[86.1625,28.4491667],[86.1658333,28.4541667],[86.16,28.4716667],[86.1608333,28.4783333]]},{"type":"LineString","coordinates":[[81.8075,28.4508333],[81.8108333,28.4475],[81.815,28.45],[81.8225,28.4483333],[81.835,28.4416667]]},{"type":"LineString","coordinates":[[81.8075,28.4508333],[81.8175,28.4666667],[81.8183333,28.4791667],[81.8258333,28.495]]},{"type":"LineString","coordinates":[[85.2416667,28.4508333],[85.22,28.4533333],[85.2033333,28.4491667],[85.2016667,28.4525],[85.1941667,28.4525],[85.1858333,28.4475],[85.1566667,28.45]]},{"type":"LineString","coordinates":[[85.2416667,28.4508333],[85.2408333,28.4558333],[85.235,28.4591667],[85.2316667,28.4675],[85.2266667,28.47],[85.225,28.4808333],[85.2208333,28.4858333],[85.2208333,28.4975],[85.2183333,28.5],[85.2191667,28.5041667],[85.215,28.5158333],[85.2166667,28.53],[85.22,28.5358333],[85.23,28.5441667],[85.2316667,28.5508333],[85.2408333,28.555],[85.2466667,28.5641667]]},{"type":"LineString","coordinates":[[88.6208333,28.4508333],[88.6316667,28.4516667]]},{"type":"LineString","coordinates":[[88.6208333,28.4508333],[88.6283333,28.4608333],[88.6283333,28.4716667],[88.625,28.4741667]]},{"type":"LineString","coordinates":[[81.0158333,28.4516667],[81.0041667,28.4566667],[80.9991667,28.4483333],[80.9916667,28.4491667]]},{"type":"LineString","coordinates":[[81.0158333,28.4516667],[81.0175,28.4575]]},{"type":"LineString","coordinates":[[83.5141667,28.4533333],[83.5,28.4483333]]},{"type":"LineString","coordinates":[[83.5141667,28.4533333],[83.5158333,28.4625],[83.5183333,28.465],[83.5183333,28.4758333]]},{"type":"LineString","coordinates":[[84.3741667,28.4541667],[84.325,28.4533333],[84.3216667,28.45],[84.31,28.45],[84.3075,28.4475],[84.295,28.4483333],[84.2891667,28.445]]},{"type":"LineString","coordinates":[[84.3741667,28.4541667],[84.3708333,28.4591667],[84.3741667,28.475],[84.3708333,28.4766667],[84.3716667,28.4816667],[84.365,28.4883333],[84.3616667,28.5025],[84.3583333,28.505],[84.3591667,28.5175]]},{"type":"LineString","coordinates":[[81.0175,28.4575],[81.0191667,28.4591667]]},{"type":"LineString","coordinates":[[81.0175,28.4575],[81.0025,28.4708333],[81.0033333,28.4758333],[81.0083333,28.4791667],[81.0058333,28.4816667],[81.0058333,28.4891667],[81.0033333,28.4908333],[81.0008333,28.5008333],[80.9966667,28.5025],[80.995,28.5075],[80.9833333,28.5166667],[80.9841667,28.5191667],[80.9875,28.5175],[80.9875,28.5216667],[80.985,28.5225],[80.9875,28.5266667],[80.9866667,28.53]]},{"type":"LineString","coordinates":[[85.0275,28.4583333],[85.0308333,28.4458333]]},{"type":"LineString","coordinates":[[85.0275,28.4583333],[85.0541667,28.4525],[85.06,28.4483333],[85.0691667,28.435],[85.0691667,28.4291667],[85.0808333,28.4158333],[85.0825,28.4075]]},{"type":"LineString","coordinates":[[81.0191667,28.4591667],[81.0225,28.4558333],[81.0275,28.4558333],[81.03,28.4591667],[81.03,28.4658333],[81.04,28.4675],[81.0358333,28.47],[81.0358333,28.4741667],[81.0416667,28.4716667],[81.0466667,28.4741667],[81.0433333,28.4783333]]},{"type":"LineString","coordinates":[[81.0191667,28.4591667],[81.0216667,28.4733333],[81.0175,28.4775],[81.0225,28.48],[81.025,28.485]]},{"type":"LineString","coordinates":[[87.8133333,28.4591667],[87.8125,28.4541667],[87.8016667,28.4466667],[87.8058333,28.44],[87.8025,28.4383333],[87.8058333,28.4366667],[87.8083333,28.4275],[87.8125,28.425],[87.815,28.4283333],[87.82,28.4183333],[87.8241667,28.4216667]]},{"type":"LineString","coordinates":[[87.8133333,28.4591667],[87.82,28.4575],[87.8233333,28.4525],[87.825,28.455],[87.8466667,28.4525],[87.8575,28.4533333],[87.8566667,28.4566667],[87.86,28.4591667],[87.8708333,28.4616667],[87.8741667,28.4583333],[87.8716667,28.4566667],[87.8733333,28.4533333],[87.8783333,28.4533333],[87.89,28.4633333],[87.9058333,28.4641667],[87.9116667,28.4725],[87.9191667,28.47],[87.9283333,28.4733333],[87.9366667,28.4833333],[87.9358333,28.4941667],[87.9408333,28.4975],[87.9433333,28.505],[87.9641667,28.4975],[87.97,28.5041667],[87.9883333,28.505],[88.005,28.5125]]},{"type":"LineString","coordinates":[[83.3825,28.4608333],[83.3908333,28.4716667],[83.3966667,28.4725],[83.405,28.485],[83.4125,28.4883333]]},{"type":"LineString","coordinates":[[83.3825,28.4608333],[83.3758333,28.4716667],[83.365,28.4825],[83.3625,28.4891667],[83.35,28.4991667]]},{"type":"LineString","coordinates":[[86.44,28.4625],[86.4341667,28.4541667],[86.41,28.4475]]},{"type":"LineString","coordinates":[[86.44,28.4625],[86.4466667,28.4516667],[86.4491667,28.44],[86.445,28.4316667],[86.4358333,28.425],[86.43,28.4133333]]},{"type":"LineString","coordinates":[[81.9983333,28.4633333],[82.0133333,28.4475],[82.02,28.4475]]},{"type":"LineString","coordinates":[[81.9983333,28.4633333],[82.01,28.4675],[82.0108333,28.4741667],[82.0083333,28.4783333],[82.0208333,28.4908333],[82.025,28.4991667],[82.0208333,28.5066667],[82.0208333,28.5116667],[82.025,28.5141667]]},{"type":"LineString","coordinates":[[81.3016667,28.4658333],[81.2983333,28.4575],[81.3091667,28.4625]]},{"type":"LineString","coordinates":[[81.3016667,28.4658333],[81.3041667,28.4675],[81.3025,28.4741667],[81.3141667,28.4858333],[81.3133333,28.4891667],[81.3191667,28.4975]]},{"type":"LineString","coordinates":[[87.6883333,28.4691667],[87.6958333,28.4708333],[87.7,28.4766667],[87.7241667,28.4741667],[87.74,28.4783333],[87.745,28.4716667],[87.7466667,28.4566667],[87.7558333,28.4483333],[87.7558333,28.4425],[87.75,28.4358333],[87.7533333,28.4291667],[87.76,28.4308333],[87.7616667,28.4283333],[87.7583333,28.42],[87.7608333,28.41]]},{"type":"LineString","coordinates":[[87.6883333,28.4691667],[87.6858333,28.4725],[87.6891667,28.4783333],[87.6858333,28.4833333],[87.6983333,28.5]]},{"type":"LineString","coordinates":[[80.7897286,28.4700027],[80.7916667,28.4708333],[80.7858333,28.475],[80.7833333,28.4816667],[80.7791667,28.4816667],[80.7791667,28.4858333],[80.7725,28.4866667],[80.7745833,28.49125]]},{"type":"LineString","coordinates":[[86.6575,28.4708333],[86.6633333,28.4358333],[86.6691667,28.4225],[86.665,28.4166667]]},{"type":"LineString","coordinates":[[86.6575,28.4708333],[86.6791667,28.4458333]]},{"type":"LineString","coordinates":[[85.005,28.4716667],[85.0075,28.4716667],[85.0183333,28.4608333],[85.0275,28.4583333]]},{"type":"LineString","coordinates":[[85.005,28.4716667],[85.0108333,28.4741667]]},{"type":"LineString","coordinates":[[87.4391667,28.4733333],[87.4308333,28.47],[87.4308333,28.465],[87.4216667,28.4533333],[87.405,28.4466667],[87.3816667,28.4525],[87.365,28.4616667],[87.3508333,28.4625]]},{"type":"LineString","coordinates":[[87.4391667,28.4733333],[87.4308333,28.4575]]},{"type":"LineString","coordinates":[[85.0108333,28.4741667],[85.0083333,28.48],[85.01,28.4866667],[85.0083333,28.5008333],[85.0133333,28.5125],[85.0116667,28.5241667],[85.02,28.53],[85.0208333,28.5483333],[85.0116667,28.5525],[85.0075,28.5525],[85.0041667,28.5491667],[84.9975,28.5516667]]},{"type":"LineString","coordinates":[[85.0108333,28.4741667],[85.0208333,28.4816667],[85.0308333,28.4841667],[85.035,28.4825],[85.0625,28.49],[85.0758333,28.5016667],[85.08,28.5133333],[85.0916667,28.5291667],[85.1075,28.5416667],[85.1058333,28.5608333],[85.1116667,28.58]]},{"type":"LineString","coordinates":[[88.625,28.4741667],[88.6166667,28.4833333],[88.6175,28.4933333],[88.61,28.5075],[88.6108333,28.5158333]]},{"type":"LineString","coordinates":[[88.625,28.4741667],[88.6516667,28.5],[88.6741667,28.5158333]]},{"type":"LineString","coordinates":[[82.525,28.475],[82.5391667,28.4783333],[82.5491667,28.4766667],[82.5616667,28.4783333],[82.5783333,28.4741667],[82.5833333,28.4708333],[82.625,28.4716667],[82.6325,28.4683333],[82.6416667,28.4683333],[82.6483333,28.4633333]]},{"type":"LineString","coordinates":[[82.525,28.475],[82.525,28.4833333],[82.5316667,28.4941667],[82.5325,28.5066667],[82.54,28.5133333],[82.54,28.5233333],[82.5516667,28.5316667],[82.5516667,28.535],[82.56,28.5333333]]},{"type":"LineString","coordinates":[[83.5183333,28.4758333],[83.5316667,28.48],[83.5408333,28.4925],[83.5391667,28.5016667],[83.5483333,28.5233333]]},{"type":"LineString","coordinates":[[83.5183333,28.4758333],[83.5091667,28.4875],[83.5075,28.4933333],[83.5075,28.515],[83.5133333,28.525],[83.5125,28.53]]},{"type":"LineString","coordinates":[[85.4616667,28.4766667],[85.4758333,28.48],[85.4933333,28.4791667],[85.5133333,28.4691667],[85.525,28.4675],[85.535,28.4775],[85.5375,28.4825],[85.5366667,28.4866667],[85.54,28.4908333],[85.5391667,28.4941667]]},{"type":"LineString","coordinates":[[85.4616667,28.4766667],[85.4641667,28.4816667],[85.4658333,28.4991667],[85.4708333,28.5066667],[85.4733333,28.5183333],[85.4708333,28.5225],[85.4733333,28.5291667],[85.4716667,28.5341667],[85.4733333,28.5425],[85.4666667,28.5508333],[85.4666667,28.5575],[85.4633333,28.5641667],[85.4591667,28.565],[85.4583333,28.5683333],[85.4541667,28.5666667],[85.4466667,28.5733333],[85.4375,28.5833333],[85.4375,28.5875]]},{"type":"LineString","coordinates":[[81.0433333,28.4783333],[81.0475,28.4833333]]},{"type":"LineString","coordinates":[[81.0433333,28.4783333],[81.0408333,28.4791667],[81.0441667,28.4808333],[81.0433333,28.4841667],[81.0458333,28.4866667],[81.04,28.49],[81.045,28.495],[81.0433333,28.5025],[81.0475,28.5058333],[81.0433333,28.5083333],[81.0416667,28.5175],[81.0441667,28.5208333],[81.0408333,28.5225],[81.0483333,28.5275],[81.0475,28.5325],[81.0541667,28.5366667],[81.055,28.5433333],[81.0583333,28.5458333]]},{"type":"LineString","coordinates":[[81.2841667,28.4816667],[81.2875,28.48],[81.2941667,28.4883333],[81.2916667,28.4991667],[81.2941667,28.5041667],[81.3016667,28.51]]},{"type":"LineString","coordinates":[[81.2841667,28.4816667],[81.2841667,28.4858333],[81.2875,28.4875],[81.2866667,28.4941667],[81.2758333,28.505],[81.2825,28.5091667],[81.285,28.5075],[81.29,28.5183333],[81.2866667,28.5216667],[81.2875,28.525],[81.2791667,28.5291667],[81.2791667,28.5333333],[81.2775,28.5316667],[81.2733333,28.535],[81.28,28.5408333],[81.2983333,28.5466667]]},{"type":"LineString","coordinates":[[80.5783634,28.4825],[80.5725,28.4825],[80.5633333,28.4916667],[80.5566667,28.5091667],[80.545,28.5266667],[80.5316667,28.525],[80.5216667,28.5175],[80.5183333,28.5208333]]},{"type":"LineString","coordinates":[[81.0475,28.4833333],[81.0558333,28.4783333],[81.0608333,28.4841667],[81.0716667,28.4841667]]},{"type":"LineString","coordinates":[[81.0475,28.4833333],[81.0491667,28.4966667],[81.0541667,28.5058333],[81.0716667,28.5041667],[81.085,28.5133333],[81.0875,28.5216667],[81.0916667,28.5258333],[81.0966667,28.5258333],[81.1033333,28.5316667],[81.1091667,28.5316667],[81.1208333,28.5366667],[81.14,28.5391667],[81.1375,28.5441667],[81.1408333,28.5475],[81.15,28.555],[81.1583333,28.5566667],[81.1683333,28.5666667],[81.1775,28.5683333],[81.1916667,28.5825],[81.2175,28.5991667],[81.22,28.6016667],[81.2183333,28.6033333],[81.2233333,28.6075]]},{"type":"LineString","coordinates":[[81.025,28.485],[81.025,28.4883333],[81.0283333,28.4908333],[81.0208333,28.4958333],[81.025,28.4983333],[81.03,28.4975],[81.0333333,28.5016667],[81.0283333,28.5058333],[81.0316667,28.5108333],[81.03,28.5133333],[81.035,28.5191667],[81.0341667,28.5258333]]},{"type":"LineString","coordinates":[[81.025,28.485],[81.0225,28.4841667],[81.0166667,28.4883333],[81.0158333,28.4925],[81.0108333,28.4975],[81.0133333,28.505],[81.0075,28.5166667],[81.0016667,28.5141667],[81.0,28.5183333],[81.0016667,28.5241667],[81.0041667,28.5233333],[81.0083333,28.53],[81.005,28.5333333],[81.0075,28.5375],[81.01,28.5366667],[81.0116667,28.5416667],[81.0091667,28.5425],[81.0108333,28.5508333],[81.0066667,28.555],[81.0075,28.5608333],[81.015,28.5725],[81.015,28.5775],[81.0116667,28.5791667]]},{"type":"LineString","coordinates":[[83.6483333,28.485],[83.6583333,28.4766667],[83.6575,28.4691667],[83.6625,28.4625],[83.6641667,28.4533333],[83.6733333,28.4508333],[83.68,28.4433333],[83.6783333,28.4408333],[83.6866667,28.4325]]},{"type":"LineString","coordinates":[[83.6483333,28.485],[83.6591667,28.5058333],[83.6575,28.51],[83.6591667,28.5133333]]},{"type":"LineString","coordinates":[[87.7958333,28.485],[87.7991667,28.4725],[87.8083333,28.47],[87.8133333,28.4591667]]},{"type":"LineString","coordinates":[[87.7958333,28.485],[87.8083333,28.4883333]]},{"type":"LineString","coordinates":[[80.7745833,28.49125],[80.775,28.4916667],[80.775,28.4908333],[80.7745833,28.49125]]},{"type":"LineString","coordinates":[[80.7745833,28.49125],[80.7725,28.4933333],[80.7741667,28.5041667],[80.7658333,28.51]]},{"type":"LineString","coordinates":[[83.1308333,28.4958333],[83.1358333,28.4975],[83.15,28.4958333]]},{"type":"LineString","coordinates":[[83.1308333,28.4958333],[83.1308333,28.5125],[83.1258333,28.5183333],[83.125,28.5291667],[83.1016667,28.5416667]]},{"type":"LineString","coordinates":[[83.15,28.4958333],[83.1583333,28.495]]},{"type":"LineString","coordinates":[[83.15,28.4958333],[83.155,28.5008333],[83.155,28.5075],[83.1583333,28.515]]},{"type":"LineString","coordinates":[[81.3191667,28.4975],[81.3216667,28.4958333],[81.325,28.4991667],[81.3291667,28.4983333],[81.3375,28.5025],[81.3475,28.5141667],[81.35,28.5133333],[81.3541667,28.5166667]]},{"type":"LineString","coordinates":[[81.3191667,28.4975],[81.3208333,28.505],[81.3175,28.5133333],[81.32,28.5258333],[81.3258333,28.53],[81.34,28.5333333]]},{"type":"LineString","coordinates":[[87.5225,28.4975],[87.52,28.4958333],[87.5025,28.5008333]]},{"type":"LineString","coordinates":[[87.5225,28.4975],[87.5183333,28.505],[87.5191667,28.5133333],[87.53,28.5208333],[87.5283333,28.5258333],[87.5358333,28.5316667],[87.535,28.5358333],[87.5425,28.5433333],[87.545,28.5525],[87.54,28.5575],[87.54,28.5641667],[87.5433333,28.5683333],[87.5475,28.5925]]},{"type":"LineString","coordinates":[[84.0183333,28.4983333],[84.0191667,28.5016667],[84.0133333,28.5125]]},{"type":"LineString","coordinates":[[84.0183333,28.4983333],[84.0075,28.5016667],[84.0025,28.5],[83.9933333,28.505],[83.9883333,28.515]]},{"type":"LineString","coordinates":[[87.4933333,28.4983333],[87.4983333,28.4958333],[87.4966667,28.4925]]},{"type":"LineString","coordinates":[[87.4933333,28.4983333],[87.4891667,28.5016667]]},{"type":"LineString","coordinates":[[83.35,28.4991667],[83.3475,28.5016667],[83.3566667,28.5091667],[83.3575,28.5158333]]},{"type":"LineString","coordinates":[[83.35,28.4991667],[83.3275,28.5066667],[83.325,28.505],[83.3208333,28.5083333],[83.3158333,28.5066667],[83.31,28.51],[83.305,28.5091667],[83.2966667,28.515],[83.2791667,28.5175],[83.2708333,28.5258333],[83.2616667,28.5283333]]},{"type":"LineString","coordinates":[[87.6983333,28.5],[87.7008333,28.5116667],[87.7141667,28.5208333]]},{"type":"LineString","coordinates":[[87.6983333,28.5],[87.6866667,28.5016667],[87.6883333,28.505],[87.6841667,28.5075],[87.685,28.525],[87.6891667,28.5316667],[87.6833333,28.5458333],[87.6841667,28.5516667]]},{"type":"LineString","coordinates":[[87.5025,28.5008333],[87.4933333,28.4983333]]},{"type":"LineString","coordinates":[[87.5025,28.5008333],[87.5041667,28.515],[87.5008333,28.5233333],[87.49,28.53],[87.4883333,28.5383333],[87.4775,28.5491667],[87.4766667,28.5541667],[87.4658333,28.56],[87.4633333,28.5666667],[87.4533333,28.5758333],[87.4525,28.5816667],[87.4441667,28.5816667],[87.44,28.5883333],[87.4416667,28.6008333],[87.455,28.605],[87.4591667,28.6091667],[87.4558333,28.6133333]]},{"type":"LineString","coordinates":[[87.7708333,28.5008333],[87.7791667,28.495],[87.7833333,28.4866667],[87.7933333,28.4875],[87.7958333,28.485]]},{"type":"LineString","coordinates":[[87.7708333,28.5008333],[87.7791667,28.5125],[87.7783333,28.5225],[87.7841667,28.535],[87.7916667,28.54],[87.7975,28.5391667],[87.8041667,28.5491667]]},{"type":"LineString","coordinates":[[87.4891667,28.5016667],[87.4791667,28.49],[87.4658333,28.4908333],[87.4608333,28.4941667],[87.4583333,28.4891667],[87.4441667,28.4841667],[87.4391667,28.4791667],[87.4391667,28.4733333]]},{"type":"LineString","coordinates":[[87.4891667,28.5016667],[87.4783333,28.51],[87.4675,28.5125],[87.46,28.5241667],[87.4616667,28.5316667],[87.4533333,28.5425],[87.4425,28.5433333],[87.4391667,28.5483333],[87.4316667,28.5491667],[87.4258333,28.5533333],[87.4233333,28.56],[87.4125,28.5658333],[87.41,28.5641667],[87.4066667,28.57],[87.3983333,28.5683333]]},{"type":"LineString","coordinates":[[80.5891948,28.5046188],[80.5833333,28.5075],[80.5841667,28.5133333],[80.5883333,28.5183333],[80.5841667,28.5208333],[80.585,28.5233333],[80.5825,28.5258333],[80.5791667,28.5258333],[80.5725,28.5416667],[80.5683333,28.5433333],[80.5708333,28.5516667],[80.5691667,28.5566667],[80.555,28.5625],[80.5491667,28.5625],[80.55,28.5708333],[80.5433333,28.5758333],[80.5408333,28.5825],[80.5366667,28.5833333],[80.5366667,28.5866667],[80.53,28.5908333],[80.5291667,28.5958333],[80.5266667,28.5958333],[80.5208333,28.6025],[80.5158333,28.6033333],[80.5158333,28.61],[80.5016667,28.6125],[80.5,28.6158333]]},{"type":"LineString","coordinates":[[80.895,28.505],[80.8916667,28.5075],[80.8883333,28.5066667]]},{"type":"LineString","coordinates":[[80.895,28.505],[80.8941667,28.5133333],[80.89,28.5166667],[80.8941667,28.5175],[80.8975,28.5233333],[80.8941667,28.5233333],[80.8933333,28.5308333]]},{"type":"LineString","coordinates":[[80.8883333,28.5066667],[80.8666667,28.5091667],[80.865,28.5066667],[80.8675,28.5008333],[80.8641667,28.4975],[80.8483333,28.4941667],[80.8475,28.4991667],[80.8425,28.5033333],[80.8391667,28.5116667],[80.8241667,28.5241667],[80.8166667,28.5266667]]},{"type":"LineString","coordinates":[[80.8883333,28.5066667],[80.8858333,28.51],[80.8741667,28.5125],[80.8708333,28.52],[80.8566667,28.5233333],[80.8508333,28.5333333],[80.835,28.5358333],[80.83,28.5425],[80.8308333,28.5525],[80.8275,28.5575],[80.8225,28.5575],[80.8191667,28.5633333]]},{"type":"LineString","coordinates":[[81.6058333,28.5075],[81.6133333,28.4941667]]},{"type":"LineString","coordinates":[[81.6058333,28.5075],[81.6158333,28.5133333],[81.6316667,28.515]]},{"type":"LineString","coordinates":[[81.6875,28.5091667],[81.6958333,28.51],[81.6991667,28.5166667],[81.7033333,28.5175],[81.7083333,28.5125],[81.7275,28.5066667],[81.7308333,28.5041667],[81.7308333,28.4991667],[81.7341667,28.4958333],[81.745,28.4966667],[81.7475,28.495],[81.75,28.4825],[81.7533333,28.4791667],[81.755,28.4833333],[81.7608333,28.4816667],[81.7691667,28.47],[81.7766667,28.4675],[81.7775,28.46],[81.7841667,28.4541667],[81.7991667,28.4541667],[81.8075,28.4508333]]},{"type":"LineString","coordinates":[[81.6875,28.5091667],[81.6908333,28.5158333],[81.6933333,28.5316667],[81.6991667,28.54],[81.7008333,28.5475],[81.7075,28.5541667],[81.7166667,28.5566667],[81.7225,28.5625],[81.7375,28.555],[81.7483333,28.5558333],[81.76,28.5658333],[81.7591667,28.5708333],[81.7608333,28.5708333]]},{"type":"LineString","coordinates":[[84.8558333,28.5091667],[84.8533333,28.5133333],[84.8425,28.5191667],[84.8383333,28.5275],[84.8333333,28.5275],[84.8266667,28.5316667],[84.8075,28.5341667]]},{"type":"LineString","coordinates":[[84.8558333,28.5091667],[84.8716667,28.53],[84.88,28.5341667],[84.88,28.5391667],[84.89,28.5475],[84.8891667,28.5508333],[84.895,28.5566667]]},{"type":"LineString","coordinates":[[86.6741667,28.51],[86.6741667,28.5066667],[86.7066667,28.4825],[86.7283333,28.4783333],[86.7383333,28.4808333]]},{"type":"LineString","coordinates":[[86.6741667,28.51],[86.6916667,28.515],[86.7225,28.5366667]]},{"type":"LineString","coordinates":[[88.005,28.5125],[88.01,28.5083333],[88.015,28.49],[88.0116667,28.4741667],[88.0133333,28.4683333],[88.0058333,28.46],[87.9791667,28.45]]},{"type":"LineString","coordinates":[[88.005,28.5125],[88.0108333,28.5158333],[88.0191667,28.5133333],[88.0275,28.5183333],[88.0391667,28.5166667],[88.04,28.5208333]]},{"type":"LineString","coordinates":[[83.6591667,28.5133333],[83.6683333,28.52],[83.665,28.5316667],[83.6708333,28.5375],[83.6741667,28.535]]},{"type":"LineString","coordinates":[[83.6591667,28.5133333],[83.66,28.5233333],[83.6525,28.53],[83.6525,28.5383333],[83.6458333,28.545],[83.645,28.5508333],[83.6358333,28.5583333],[83.6383333,28.5683333],[83.6433333,28.5716667],[83.6466667,28.58],[83.6475,28.5908333],[83.6441667,28.5966667],[83.65,28.6025],[83.6483333,28.6083333],[83.6366667,28.6216667],[83.6325,28.6216667],[83.6191667,28.63]]},{"type":"LineString","coordinates":[[80.4486013,28.5138344],[80.4483333,28.525],[80.445,28.5291667],[80.4308333,28.53],[80.4275,28.5325],[80.425,28.5425],[80.4183333,28.5483333],[80.415,28.5575],[80.4075,28.5675],[80.4083333,28.5691667],[80.4191667,28.5683333],[80.4166667,28.5875],[80.4208333,28.5908333],[80.4208333,28.6016667],[80.4133333,28.6141667],[80.4116667,28.6133333],[80.3991667,28.6225],[80.3908333,28.6241667],[80.3858333,28.6283333],[80.3783333,28.6275]]},{"type":"LineString","coordinates":[[82.025,28.5141667],[82.0266667,28.5116667],[82.0408333,28.5141667],[82.0633333,28.5116667],[82.0675,28.5141667],[82.0766667,28.5108333],[82.0841667,28.5141667],[82.0883333,28.52],[82.0991667,28.5233333]]},{"type":"LineString","coordinates":[[82.025,28.5141667],[82.0275,28.5191667],[82.0241667,28.5241667],[82.0175,28.5258333],[82.0191667,28.54],[82.0175,28.545],[82.0125,28.5491667]]},{"type":"LineString","coordinates":[[81.6316667,28.515],[81.6408333,28.5133333],[81.6408333,28.5091667],[81.655,28.5058333],[81.6625,28.4925],[81.6666667,28.4925],[81.6683333,28.4833333],[81.68,28.4808333],[81.685,28.4733333],[81.6933333,28.47],[81.7016667,28.4591667],[81.71,28.465],[81.7158333,28.4591667],[81.7166667,28.4541667],[81.7258333,28.4475],[81.7291667,28.4408333],[81.7358333,28.4358333],[81.7383333,28.4291667],[81.73,28.4225],[81.7316667,28.4191667]]},{"type":"LineString","coordinates":[[81.6316667,28.515],[81.6325,28.5158333],[81.6516667,28.515],[81.6575,28.5183333],[81.6691667,28.5158333]]},{"type":"LineString","coordinates":[[81.6691667,28.5158333],[81.6766667,28.515],[81.6875,28.5091667]]},{"type":"LineString","coordinates":[[81.6691667,28.5158333],[81.6791667,28.5275],[81.6783333,28.54],[81.6758333,28.5425],[81.6775,28.5466667],[81.6675,28.5633333],[81.6675,28.57],[81.6725,28.5775],[81.67,28.59],[81.6708333,28.6025],[81.6741667,28.6083333],[81.6725,28.615],[81.6791667,28.6216667],[81.6783333,28.6258333]]},{"type":"LineString","coordinates":[[83.3575,28.5158333],[83.3633333,28.52],[83.3675,28.5408333],[83.3725,28.5458333],[83.3766667,28.5458333],[83.3858333,28.5566667]]},{"type":"LineString","coordinates":[[83.3575,28.5158333],[83.3408333,28.5575],[83.3316667,28.5575],[83.3275,28.5633333]]},{"type":"LineString","coordinates":[[88.6108333,28.5158333],[88.6,28.5233333],[88.5783333,28.525]]},{"type":"LineString","coordinates":[[88.6108333,28.5158333],[88.6125,28.5191667],[88.61,28.5225],[88.615,28.5291667]]},{"type":"LineString","coordinates":[[84.3591667,28.5175],[84.3558333,28.5241667]]},{"type":"LineString","coordinates":[[84.3591667,28.5175],[84.3666667,28.515],[84.38,28.515],[84.4258333,28.5275],[84.445,28.5258333],[84.4683333,28.515],[84.4741667,28.5025],[84.4791667,28.5],[84.485,28.4883333],[84.4966667,28.4775],[84.5091667,28.4775],[84.5233333,28.4916667]]},{"type":"LineString","coordinates":[[80.5183333,28.5208333],[80.515,28.5116667],[80.5183333,28.5125],[80.5208333,28.51],[80.5225,28.5075],[80.52,28.505],[80.5241667,28.5],[80.5175,28.4983333],[80.5133333,28.4908333],[80.5108333,28.4925],[80.5066667,28.4883333],[80.5041667,28.4941667],[80.5,28.4925],[80.4958333,28.5],[80.485,28.5041667]]},{"type":"LineString","coordinates":[[80.5183333,28.5208333],[80.5216667,28.5291667],[80.5241667,28.5308333],[80.5266667,28.5291667],[80.5291667,28.5316667],[80.5258333,28.5366667],[80.5258333,28.5433333],[80.5283333,28.5441667],[80.5225,28.5533333],[80.5166667,28.5516667],[80.5058333,28.5691667],[80.4991667,28.5691667],[80.4958333,28.5758333],[80.485,28.5816667],[80.48,28.5875],[80.47,28.5816667],[80.465,28.5883333],[80.45,28.5808333]]},{"type":"LineString","coordinates":[[87.7141667,28.5208333],[87.7333333,28.5208333],[87.7458333,28.525],[87.7541667,28.5233333],[87.7566667,28.5175],[87.7533333,28.5133333],[87.7641667,28.5016667],[87.7683333,28.5033333],[87.7708333,28.5008333]]},{"type":"LineString","coordinates":[[87.7141667,28.5208333],[87.7116667,28.5308333],[87.7066667,28.5308333],[87.7066667,28.5433333],[87.7008333,28.5458333],[87.6966667,28.555],[87.69,28.5591667],[87.6891667,28.5716667],[87.6825,28.5766667],[87.6933333,28.5983333],[87.7058333,28.6025],[87.7091667,28.6141667],[87.7166667,28.6225],[87.7175,28.6325],[87.7141667,28.6375]]},{"type":"LineString","coordinates":[[88.04,28.5208333],[88.0316667,28.5266667],[88.0258333,28.5366667],[88.0283333,28.5433333],[88.0258333,28.5475],[88.0275,28.5625]]},{"type":"LineString","coordinates":[[88.04,28.5208333],[88.05,28.5175],[88.075,28.52],[88.0766667,28.5166667],[88.08,28.5208333],[88.0816667,28.5175],[88.0866667,28.5208333],[88.09,28.5191667],[88.0958333,28.5241667],[88.1,28.5225],[88.1041667,28.5283333],[88.1091667,28.5241667],[88.115,28.5241667],[88.1216667,28.53],[88.1208333,28.5341667],[88.125,28.535],[88.1258333,28.5425],[88.1466667,28.5616667],[88.145,28.5675],[88.1475,28.5733333]]},{"type":"LineString","coordinates":[[82.0991667,28.5233333],[82.1025,28.5175],[82.1091667,28.5125],[82.1175,28.5125],[82.1275,28.5066667]]},{"type":"LineString","coordinates":[[82.0991667,28.5233333],[82.1,28.5258333],[82.1033333,28.5258333],[82.1041667,28.5358333],[82.1025,28.5375],[82.1058333,28.5408333],[82.1058333,28.545],[82.1225,28.555]]},{"type":"LineString","coordinates":[[84.3558333,28.5241667],[84.3508333,28.5308333],[84.3433333,28.5341667],[84.3283333,28.535],[84.3116667,28.53],[84.3075,28.5333333],[84.3033333,28.5441667],[84.2991667,28.5483333],[84.2883333,28.5525],[84.2816667,28.5508333],[84.2775,28.555],[84.2741667,28.5525],[84.2591667,28.5541667]]},{"type":"LineString","coordinates":[[84.3558333,28.5241667],[84.4058333,28.5666667]]},{"type":"LineString","coordinates":[[81.2375,28.525],[81.2425,28.5283333],[81.2416667,28.5358333],[81.245,28.5425],[81.2541667,28.5458333],[81.2566667,28.5491667],[81.2608333,28.5641667]]},{"type":"LineString","coordinates":[[81.2375,28.525],[81.2341667,28.5366667],[81.2466667,28.5483333],[81.2458333,28.555],[81.2525,28.5608333],[81.2591667,28.5741667],[81.2641667,28.575],[81.27,28.5841667],[81.27,28.595],[81.2633333,28.6016667],[81.2725,28.6066667],[81.275,28.6175],[81.2708333,28.6216667],[81.2733333,28.6291667],[81.2866667,28.645],[81.2883333,28.65],[81.285,28.6725]]},{"type":"LineString","coordinates":[[85.9966667,28.525],[85.9958333,28.525]]},{"type":"LineString","coordinates":[[85.9966667,28.525],[85.9916667,28.5183333],[85.9908333,28.5058333],[85.9833333,28.4975],[85.9541667,28.4966667]]},{"type":"LineString","coordinates":[[80.8166667,28.5266667],[80.8091667,28.5241667],[80.8058333,28.5258333],[80.8016667,28.5225],[80.7883333,28.5241667],[80.7866667,28.5291667],[80.7891667,28.5483333],[80.78,28.5583333],[80.7666667,28.5583333],[80.7616667,28.56],[80.7591667,28.5641667],[80.7575,28.5625],[80.7558333,28.565],[80.7591667,28.57],[80.7675,28.5691667],[80.7708333,28.5725],[80.7666667,28.5791667],[80.76,28.5766667],[80.755,28.58]]},{"type":"LineString","coordinates":[[80.8166667,28.5266667],[80.8141667,28.5291667],[80.8166667,28.5341667],[80.8075,28.5358333],[80.8166667,28.5516667],[80.8125,28.5558333],[80.8075,28.555],[80.8008333,28.5616667],[80.8033333,28.5783333],[80.8,28.5816667],[80.7983333,28.5983333],[80.8033333,28.6008333],[80.7933333,28.6091667],[80.7933333,28.6133333],[80.7916667,28.6108333],[80.7891667,28.6166667],[80.7858333,28.6175],[80.7933333,28.6325],[80.8025,28.6291667],[80.8016667,28.6516667],[80.8033333,28.6541667],[80.8016667,28.6558333],[80.8075,28.66],[80.805,28.6625],[80.8075,28.665],[80.8041667,28.6675],[80.8058333,28.6758333],[80.8016667,28.6758333],[80.8008333,28.6808333],[80.7958333,28.6825]]},{"type":"LineString","coordinates":[[83.9091667,28.5291667],[83.9166667,28.5383333]]},{"type":"LineString","coordinates":[[83.9091667,28.5291667],[83.89,28.5341667],[83.8866667,28.5325],[83.8708333,28.5341667],[83.8691667,28.5325],[83.8691667,28.5366667],[83.865,28.5425],[83.8675,28.545],[83.8583333,28.5525],[83.86,28.5566667]]},{"type":"LineString","coordinates":[[88.615,28.5291667],[88.6158333,28.53]]},{"type":"LineString","coordinates":[[88.615,28.5291667],[88.6133333,28.5391667]]},{"type":"LineString","coordinates":[[80.9866667,28.53],[80.9833333,28.5316667],[80.9816667,28.5366667],[80.9833333,28.5375],[80.9816667,28.55],[80.9841667,28.5533333],[80.9808333,28.5558333],[80.9841667,28.5591667],[80.9833333,28.5633333],[80.9808333,28.5633333],[80.9783333,28.5683333],[80.98,28.57]]},{"type":"LineString","coordinates":[[80.9866667,28.53],[80.9866667,28.5383333],[80.9908333,28.54],[80.9875,28.5466667],[80.9891667,28.5483333],[80.9933333,28.5466667],[80.9958333,28.55],[80.995,28.5533333],[81.0025,28.5566667],[80.9966667,28.5591667],[81.0,28.5716667],[80.9983333,28.5783333],[81.0016667,28.5791667],[80.9983333,28.5816667],[80.9975,28.59],[80.995,28.5875],[80.9908333,28.5916667],[80.9916667,28.5958333],[80.9891667,28.5966667],[80.9875,28.6116667],[80.9908333,28.615],[80.99,28.62],[80.9941667,28.6216667],[80.9941667,28.625],[81.0016667,28.63],[81.0016667,28.6333333],[81.0083333,28.6391667]]},{"type":"LineString","coordinates":[[83.5125,28.53],[83.5066667,28.5316667],[83.4991667,28.5416667],[83.5008333,28.5458333],[83.4966667,28.5525],[83.4966667,28.5591667]]},{"type":"LineString","coordinates":[[83.5125,28.53],[83.5216667,28.5516667],[83.535,28.5675],[83.5375,28.5775],[83.5375,28.5808333],[83.5316667,28.585],[83.5233333,28.5991667],[83.5225,28.6075],[83.5283333,28.6225],[83.53,28.6358333],[83.525,28.645],[83.5141667,28.6525]]},{"type":"LineString","coordinates":[[81.34,28.5333333],[81.345,28.5308333]]},{"type":"LineString","coordinates":[[81.34,28.5333333],[81.3425,28.5375]]},{"type":"LineString","coordinates":[[83.6791667,28.5333333],[83.6883333,28.5266667],[83.6875,28.5225],[83.6908333,28.52],[83.6908333,28.5158333],[83.6975,28.51]]},{"type":"LineString","coordinates":[[83.6791667,28.5333333],[83.68,28.5341667],[83.6833333,28.5333333],[83.6883333,28.5308333],[83.7116667,28.5325],[83.7183333,28.535],[83.7283333,28.5341667],[83.7391667,28.54],[83.7516667,28.54],[83.7608333,28.5458333],[83.7633333,28.545]]},{"type":"LineString","coordinates":[[84.7891667,28.5333333],[84.78,28.5191667]]},{"type":"LineString","coordinates":[[84.7891667,28.5333333],[84.7783333,28.5425],[84.765,28.5475],[84.7608333,28.5541667],[84.745,28.5641667],[84.7366667,28.565]]},{"type":"LineString","coordinates":[[84.8075,28.5341667],[84.7891667,28.5333333]]},{"type":"LineString","coordinates":[[84.8075,28.5341667],[84.8033333,28.54],[84.805,28.5491667],[84.7941667,28.5575],[84.7941667,28.56],[84.8066667,28.5675],[84.8108333,28.5725],[84.8208333,28.5766667],[84.8216667,28.5833333],[84.8325,28.59],[84.8316667,28.5958333],[84.8383333,28.6083333],[84.8375,28.6116667],[84.8458333,28.625],[84.8516667,28.6291667],[84.8525,28.6341667],[84.8483333,28.6375],[84.85,28.6475]]},{"type":"LineString","coordinates":[[80.9308333,28.535],[80.9258333,28.535],[80.9258333,28.5375],[80.9216667,28.5391667],[80.9175,28.5375],[80.9108333,28.545],[80.9075,28.5575]]},{"type":"LineString","coordinates":[[80.9308333,28.535],[80.94,28.54],[80.9408333,28.5466667],[80.93,28.5458333],[80.9208333,28.5558333],[80.92,28.5641667],[80.9233333,28.5683333],[80.9316667,28.5683333],[80.9333333,28.575],[80.92,28.5816667],[80.935,28.59],[80.9325,28.5991667],[80.9291667,28.6008333],[80.9291667,28.6033333],[80.9233333,28.605],[80.93,28.6108333],[80.935,28.6083333],[80.935,28.6125]]},{"type":"LineString","coordinates":[[83.6741667,28.535],[83.675,28.5325],[83.6791667,28.5333333]]},{"type":"LineString","coordinates":[[83.6741667,28.535],[83.6783333,28.5491667],[83.6833333,28.5525],[83.6858333,28.5583333],[83.6916667,28.5616667],[83.6916667,28.5816667],[83.6966667,28.5925],[83.705,28.5975],[83.7075,28.5958333],[83.7083333,28.5975],[83.7216667,28.5966667],[83.7283333,28.6008333],[83.7425,28.6033333],[83.7483333,28.6091667],[83.7558333,28.6125],[83.7583333,28.6208333],[83.7716667,28.6308333],[83.7783333,28.6383333],[83.7775,28.6408333],[83.7825,28.6433333]]},{"type":"LineString","coordinates":[[84.7033333,28.5358333],[84.6933333,28.5258333],[84.69,28.5158333],[84.6841667,28.5083333],[84.6741667,28.4991667],[84.6608333,28.4933333],[84.6541667,28.4866667],[84.645,28.485],[84.6341667,28.4891667],[84.6275,28.4891667],[84.62,28.485]]},{"type":"LineString","coordinates":[[84.7033333,28.5358333],[84.6975,28.5266667],[84.6983333,28.5216667],[84.6933333,28.5116667]]},{"type":"LineString","coordinates":[[86.5625,28.5358333],[86.56,28.5241667],[86.5516667,28.5158333],[86.5408333,28.5075],[86.5283333,28.5033333],[86.5158333,28.4925],[86.5125,28.4933333],[86.4891667,28.4716667],[86.4858333,28.4633333],[86.4758333,28.4525]]},{"type":"LineString","coordinates":[[86.5625,28.5358333],[86.5666667,28.5308333],[86.5633333,28.5141667],[86.5516667,28.5016667],[86.5508333,28.4966667],[86.5375,28.4866667]]},{"type":"LineString","coordinates":[[83.9166667,28.5383333],[83.9133333,28.5475]]},{"type":"LineString","coordinates":[[83.9166667,28.5383333],[83.92,28.5383333],[83.9266667,28.5416667],[83.9308333,28.55],[83.9466667,28.5616667]]},{"type":"LineString","coordinates":[[88.6133333,28.5391667],[88.6091667,28.5366667],[88.5975,28.55],[88.5883333,28.5525],[88.5533333,28.5475],[88.5475,28.5575]]},{"type":"LineString","coordinates":[[88.6133333,28.5391667],[88.61,28.545],[88.6108333,28.5508333],[88.6058333,28.555],[88.6025,28.5733333],[88.605,28.575],[88.6016667,28.5791667],[88.605,28.585],[88.6025,28.5891667],[88.6066667,28.595]]},{"type":"LineString","coordinates":[[86.5783333,28.5416667],[86.575,28.5325],[86.5766667,28.5283333],[86.5716667,28.5208333],[86.575,28.5125],[86.5733333,28.5033333],[86.5783333,28.4983333],[86.5833333,28.4791667]]},{"type":"LineString","coordinates":[[86.5783333,28.5416667],[86.58,28.5041667],[86.5983333,28.4633333],[86.6016667,28.4483333]]},{"type":"LineString","coordinates":[[86.2033333,28.5433333],[86.1983333,28.515],[86.2133333,28.5066667],[86.2291667,28.49],[86.28,28.485]]},{"type":"LineString","coordinates":[[86.2033333,28.5433333],[86.2225,28.5291667],[86.2416667,28.5266667],[86.2483333,28.5283333],[86.2516667,28.535],[86.2658333,28.5441667]]},{"type":"LineString","coordinates":[[81.0583333,28.5458333],[81.0541667,28.5466667],[81.0533333,28.5525],[81.0616667,28.5591667],[81.0591667,28.5625],[81.0616667,28.5641667],[81.06,28.5666667],[81.0658333,28.5675],[81.0666667,28.57]]},{"type":"LineString","coordinates":[[81.0583333,28.5458333],[81.0666667,28.5483333],[81.0683333,28.5525],[81.0816667,28.5533333],[81.0841667,28.5575],[81.0933333,28.56],[81.0975,28.565],[81.105,28.5666667],[81.1125,28.565],[81.1208333,28.5758333],[81.1275,28.5758333],[81.135,28.5808333],[81.1341667,28.5841667],[81.1383333,28.5925],[81.1458333,28.5908333]]},{"type":"LineString","coordinates":[[81.5991667,28.5475],[81.6075,28.5483333]]},{"type":"LineString","coordinates":[[81.5991667,28.5475],[81.5983333,28.55],[81.6033333,28.5575],[81.5991667,28.5633333],[81.5991667,28.5666667],[81.605,28.5725],[81.6025,28.575]]},{"type":"LineString","coordinates":[[86.4625,28.5483333],[86.4541667,28.5458333],[86.4483333,28.54]]},{"type":"LineString","coordinates":[[86.4625,28.5483333],[86.4616667,28.5516667],[86.45,28.5558333]]},{"type":"LineString","coordinates":[[82.0125,28.5491667],[81.98,28.5291667],[81.9675,28.5275],[81.96,28.5316667],[81.9508333,28.5325],[81.9466667,28.5366667],[81.9408333,28.5358333],[81.9366667,28.5316667]]},{"type":"LineString","coordinates":[[82.0125,28.5491667],[82.0058333,28.5608333],[81.9958333,28.5666667],[81.995,28.5741667],[82.0033333,28.5783333],[82.0008333,28.5883333],[82.0083333,28.5916667],[82.0116667,28.5958333],[82.0033333,28.6133333],[82.015,28.615],[82.0241667,28.6125],[82.0275,28.6166667],[82.0225,28.6241667]]},{"type":"LineString","coordinates":[[87.8041667,28.5491667],[87.82,28.5566667]]},{"type":"LineString","coordinates":[[87.8041667,28.5491667],[87.8016667,28.5525],[87.8033333,28.5583333],[87.8158333,28.5708333]]},{"type":"LineString","coordinates":[[87.6841667,28.5516667],[87.6575,28.5591667]]},{"type":"LineString","coordinates":[[87.6841667,28.5516667],[87.6858333,28.5533333],[87.6808333,28.5608333],[87.6616667,28.5683333]]},{"type":"LineString","coordinates":[[84.2591667,28.5541667],[84.2458333,28.55],[84.235,28.5541667],[84.225,28.555],[84.2108333,28.5641667],[84.2091667,28.5675],[84.2,28.5675],[84.1966667,28.5708333],[84.1883333,28.5716667]]},{"type":"LineString","coordinates":[[84.2591667,28.5541667],[84.26,28.5591667],[84.2516667,28.5675],[84.2516667,28.5708333],[84.2441667,28.58],[84.2408333,28.5925]]},{"type":"LineString","coordinates":[[86.45,28.5558333],[86.43,28.55],[86.4075,28.5483333],[86.395,28.5566667],[86.3783333,28.5533333],[86.3658333,28.5458333],[86.3316667,28.5416667],[86.3283333,28.5366667],[86.3275,28.525],[86.3366667,28.5191667]]},{"type":"LineString","coordinates":[[86.45,28.5558333],[86.4358333,28.5575],[86.4191667,28.565],[86.4,28.5675],[86.3841667,28.5658333],[86.3683333,28.58]]},{"type":"LineString","coordinates":[[83.3858333,28.5566667],[83.3933333,28.5566667],[83.4058333,28.55],[83.4125,28.5491667],[83.4208333,28.5533333]]},{"type":"LineString","coordinates":[[83.3858333,28.5566667],[83.3833333,28.56],[83.3875,28.5666667],[83.3858333,28.5758333],[83.3883333,28.5825],[83.3858333,28.5916667],[83.3883333,28.6041667],[83.3925,28.6083333],[83.3933333,28.63]]},{"type":"LineString","coordinates":[[87.82,28.5566667],[87.8191667,28.5525],[87.8283333,28.5441667],[87.8266667,28.5383333],[87.8333333,28.5416667],[87.8408333,28.54],[87.8483333,28.5558333],[87.8533333,28.5591667],[87.8575,28.5575],[87.87,28.5675],[87.8708333,28.5725]]},{"type":"LineString","coordinates":[[87.82,28.5566667],[87.8241667,28.5625],[87.8341667,28.5658333],[87.8425,28.5791667],[87.8533333,28.5808333],[87.8625,28.5991667],[87.8666667,28.5983333],[87.8708333,28.6033333],[87.8741667,28.6016667],[87.8766667,28.605],[87.8825,28.6033333],[87.8841667,28.6058333],[87.8916667,28.6008333],[87.9,28.6066667]]},{"type":"LineString","coordinates":[[88.5475,28.5575],[88.5358333,28.5566667],[88.5283333,28.565]]},{"type":"LineString","coordinates":[[88.5475,28.5575],[88.5433333,28.5625],[88.5433333,28.5741667],[88.5491667,28.6166667],[88.5391667,28.6275],[88.5408333,28.6341667]]},{"type":"LineString","coordinates":[[85.8566667,28.5608333],[85.8558333,28.5533333]]},{"type":"LineString","coordinates":[[85.8566667,28.5608333],[85.87,28.5558333],[85.885,28.5408333]]},{"type":"LineString","coordinates":[[82.2891667,28.5616667],[82.2875,28.5291667]]},{"type":"LineString","coordinates":[[82.2891667,28.5616667],[82.2916667,28.56],[82.2966667,28.5625],[82.3016667,28.5616667],[82.305,28.5675],[82.31,28.5675],[82.3158333,28.5566667],[82.3191667,28.555]]},{"type":"LineString","coordinates":[[80.8191667,28.5633333],[80.83,28.5658333],[80.8283333,28.5683333],[80.835,28.58],[80.8408333,28.5825],[80.8358333,28.5875],[80.8375,28.5891667],[80.835,28.5925],[80.8375,28.595],[80.8358333,28.6033333],[80.8291667,28.6033333],[80.8308333,28.6091667],[80.8275,28.6091667],[80.835,28.6241667]]},{"type":"LineString","coordinates":[[80.8191667,28.5633333],[80.8191667,28.5733333],[80.8141667,28.5791667],[80.8175,28.5883333],[80.8141667,28.5916667],[80.8141667,28.5991667],[80.8083333,28.6008333],[80.8091667,28.6058333],[80.805,28.6141667],[80.8141667,28.6225],[80.8125,28.6275],[80.8091667,28.6291667],[80.8141667,28.635],[80.81,28.6391667],[80.8083333,28.6508333],[80.8225,28.6658333],[80.8191667,28.67],[80.8216667,28.68],[80.8183333,28.6816667],[80.8225,28.6858333],[80.8291667,28.6833333],[80.8283333,28.69]]},{"type":"LineString","coordinates":[[82.9158333,28.5633333],[82.9108333,28.53],[82.9166667,28.5241667],[82.92,28.5141667],[82.9291667,28.5091667],[82.9366667,28.5108333],[82.9475,28.5033333],[82.9575,28.505],[82.9991667,28.5041667],[83.0058333,28.5075],[83.015,28.5033333],[83.0225,28.5041667],[83.03,28.5016667],[83.035,28.4933333],[83.0416667,28.49],[83.0383333,28.4883333],[83.04,28.485],[83.0441667,28.4841667],[83.0466667,28.4808333],[83.0708333,28.4866667],[83.0791667,28.4925],[83.095,28.4891667],[83.1025,28.4925],[83.125,28.4925],[83.1308333,28.4958333]]},{"type":"LineString","coordinates":[[82.9158333,28.5633333],[82.9216667,28.5666667],[82.9341667,28.5641667]]},{"type":"LineString","coordinates":[[83.3275,28.5633333],[83.3233333,28.5641667],[83.3175,28.5608333],[83.315,28.57],[83.3025,28.5675],[83.295,28.5725],[83.2891667,28.5708333],[83.2866667,28.5741667]]},{"type":"LineString","coordinates":[[83.3275,28.5633333],[83.3308333,28.5683333],[83.33,28.58],[83.335,28.5883333],[83.3266667,28.6008333]]},{"type":"LineString","coordinates":[[85.2466667,28.5641667],[85.2475,28.5625],[85.2758333,28.5625],[85.295,28.5491667]]},{"type":"LineString","coordinates":[[85.2466667,28.5641667],[85.2575,28.5775],[85.2541667,28.5925],[85.2591667,28.5958333],[85.2583333,28.6041667],[85.265,28.615],[85.2725,28.6208333],[85.2658333,28.6341667],[85.2675,28.6416667],[85.2775,28.6516667]]},{"type":"LineString","coordinates":[[84.7366667,28.565],[84.7116667,28.5508333],[84.7033333,28.5358333]]},{"type":"LineString","coordinates":[[84.7366667,28.565],[84.73,28.5691667],[84.7166667,28.5708333],[84.6933333,28.58],[84.6758333,28.5816667],[84.6716667,28.5783333],[84.6675,28.5783333]]},{"type":"LineString","coordinates":[[84.4058333,28.5666667],[84.405,28.5691667]]},{"type":"LineString","coordinates":[[84.4058333,28.5666667],[84.415,28.5808333],[84.4191667,28.58],[84.42,28.5833333],[84.4175,28.585],[84.4191667,28.5916667]]},{"type":"LineString","coordinates":[[87.3983333,28.5683333],[87.3958333,28.5483333],[87.3883333,28.5358333]]},{"type":"LineString","coordinates":[[87.3983333,28.5683333],[87.3766667,28.58],[87.3716667,28.5866667],[87.3691667,28.5858333]]},{"type":"LineString","coordinates":[[87.6616667,28.5683333],[87.6525,28.585],[87.6441667,28.5933333]]},{"type":"LineString","coordinates":[[87.6616667,28.5683333],[87.6508333,28.5741667],[87.6391667,28.5866667],[87.6416667,28.5891667],[87.6325,28.6016667],[87.6308333,28.6116667],[87.605,28.6341667],[87.6008333,28.6416667],[87.6016667,28.6525],[87.5841667,28.675],[87.5825,28.6858333],[87.575,28.6975],[87.5558333,28.7125],[87.5441667,28.715],[87.5383333,28.7233333],[87.5366667,28.7275],[87.5416667,28.735],[87.5383333,28.7391667],[87.5441667,28.7516667],[87.5416667,28.7566667],[87.5491667,28.7616667]]},{"type":"LineString","coordinates":[[82.6458333,28.5691667],[82.6458333,28.5633333],[82.6508333,28.5541667],[82.6683333,28.5508333],[82.6658333,28.54],[82.6691667,28.5266667],[82.6883333,28.5133333],[82.7,28.51],[82.7141667,28.4866667],[82.7175,28.4858333]]},{"type":"LineString","coordinates":[[82.6458333,28.5691667],[82.665,28.5666667],[82.6808333,28.5575],[82.6858333,28.5516667],[82.7033333,28.55],[82.7175,28.555],[82.7241667,28.5533333],[82.7291667,28.5558333],[82.7425,28.555],[82.7616667,28.5466667],[82.7925,28.5216667],[82.8041667,28.5183333],[82.8133333,28.5091667],[82.8308333,28.5008333]]},{"type":"LineString","coordinates":[[81.0666667,28.57],[81.0641667,28.5691667],[81.0625,28.5725],[81.0641667,28.585]]},{"type":"LineString","coordinates":[[81.0666667,28.57],[81.0675,28.5758333],[81.0716667,28.5783333],[81.07,28.5833333],[81.0841667,28.5983333],[81.0916667,28.5991667],[81.0975,28.6041667],[81.1041667,28.6016667],[81.11,28.6025],[81.1133333,28.6],[81.1183333,28.6016667],[81.1208333,28.6075],[81.1233333,28.6066667],[81.1316667,28.6133333]]},{"type":"LineString","coordinates":[[81.7608333,28.5708333],[81.7691667,28.5708333],[81.7741667,28.5675],[81.7833333,28.5791667],[81.7875,28.5808333],[81.7933333,28.5741667]]},{"type":"LineString","coordinates":[[81.7608333,28.5708333],[81.76,28.5775],[81.7516667,28.5908333],[81.7525,28.5958333]]},{"type":"LineString","coordinates":[[87.8158333,28.5708333],[87.8141667,28.5833333],[87.8108333,28.5833333],[87.81,28.5883333]]},{"type":"LineString","coordinates":[[87.8158333,28.5708333],[87.8191667,28.5691667],[87.8266667,28.5741667],[87.8275,28.5783333],[87.8225,28.5825],[87.8216667,28.5891667],[87.83,28.5991667],[87.83,28.605]]},{"type":"LineString","coordinates":[[84.1883333,28.5716667],[84.185,28.5691667],[84.1866667,28.5633333],[84.1816667,28.5575]]},{"type":"LineString","coordinates":[[84.1883333,28.5716667],[84.1825,28.58],[84.1841667,28.585],[84.1883333,28.5875],[84.1875,28.5991667],[84.1766667,28.605],[84.1733333,28.6033333],[84.1691667,28.6066667],[84.1575,28.6083333],[84.1458333,28.6175]]},{"type":"LineString","coordinates":[[81.5466667,28.5725],[81.5458333,28.565],[81.5533333,28.555],[81.5541667,28.5483333],[81.5616667,28.54],[81.5641667,28.5308333],[81.5666667,28.5283333],[81.5733333,28.5283333],[81.5758333,28.5216667],[81.5941667,28.5066667],[81.6058333,28.5075]]},{"type":"LineString","coordinates":[[81.5466667,28.5725],[81.5475,28.5733333],[81.5516667,28.5716667],[81.5566667,28.5683333],[81.5608333,28.5625],[81.5741667,28.5533333],[81.5725,28.5525],[81.5775,28.5466667],[81.5866667,28.5408333],[81.5925,28.545],[81.5958333,28.5433333],[81.5991667,28.5475]]},{"type":"LineString","coordinates":[[88.1475,28.5733333],[88.1433333,28.5841667],[88.145,28.5883333]]},{"type":"LineString","coordinates":[[88.1475,28.5733333],[88.155,28.5858333],[88.165,28.5916667]]},{"type":"LineString","coordinates":[[81.7933333,28.5741667],[81.7983333,28.5625]]},{"type":"LineString","coordinates":[[81.7933333,28.5741667],[81.7958333,28.5733333],[81.8058333,28.5816667],[81.8025,28.5841667],[81.8066667,28.5891667],[81.8083333,28.6],[81.805,28.6],[81.8041667,28.6025],[81.8066667,28.6041667],[81.8058333,28.6066667],[81.8116667,28.6108333],[81.8108333,28.6141667],[81.8133333,28.6183333],[81.82,28.625],[81.8166667,28.6275],[81.8183333,28.6283333],[81.8166667,28.63],[81.8183333,28.6375],[81.815,28.64],[81.8225,28.6508333],[81.8291667,28.6666667]]},{"type":"LineString","coordinates":[[83.2866667,28.5741667],[83.28,28.5716667],[83.2516667,28.5783333]]},{"type":"LineString","coordinates":[[83.2866667,28.5741667],[83.2883333,28.5766667],[83.2858333,28.58],[83.2791667,28.5816667],[83.2825,28.5925]]},{"type":"LineString","coordinates":[[86.1716667,28.575],[86.1883333,28.555],[86.2033333,28.5433333]]},{"type":"LineString","coordinates":[[86.1716667,28.575],[86.2016667,28.5725],[86.23,28.5783333],[86.2425,28.5775],[86.2525,28.58],[86.2708333,28.5925]]},{"type":"LineString","coordinates":[[83.2516667,28.5783333],[83.25,28.5825],[83.2533333,28.5966667],[83.25,28.6008333],[83.25,28.6066667]]},{"type":"LineString","coordinates":[[83.2516667,28.5783333],[83.2375,28.5791667],[83.2358333,28.5825],[83.2266667,28.5866667],[83.2141667,28.5966667],[83.2066667,28.6066667],[83.2016667,28.6091667],[83.195,28.6083333],[83.1933333,28.6108333]]},{"type":"LineString","coordinates":[[84.6675,28.5783333],[84.66,28.57],[84.6591667,28.5625],[84.6541667,28.5583333],[84.655,28.5558333],[84.6416667,28.5466667],[84.64,28.5491667],[84.6333333,28.5416667],[84.6241667,28.5391667]]},{"type":"LineString","coordinates":[[84.6675,28.5783333],[84.6591667,28.5791667],[84.6458333,28.5858333],[84.6425,28.5891667],[84.6408333,28.5966667]]},{"type":"LineString","coordinates":[[86.5183333,28.5791667],[86.4866667,28.5483333],[86.4741667,28.5458333],[86.4625,28.5483333]]},{"type":"LineString","coordinates":[[86.5183333,28.5791667],[86.5,28.555],[86.4925,28.5241667],[86.4825,28.5116667],[86.4766667,28.495],[86.4558333,28.4816667],[86.44,28.4625]]},{"type":"LineString","coordinates":[[80.755,28.58],[80.7483333,28.5816667],[80.7375,28.5708333],[80.7375,28.5641667],[80.7291667,28.5633333],[80.7208333,28.5758333],[80.7125,28.5783333],[80.7075,28.5858333],[80.7033333,28.5875],[80.6933333,28.5858333],[80.6875,28.59],[80.695,28.5975],[80.6916667,28.6041667],[80.675,28.5975],[80.6625,28.6133333]]},{"type":"LineString","coordinates":[[80.755,28.58],[80.75,28.5858333],[80.74,28.5891667],[80.7375,28.5933333],[80.7408333,28.595],[80.7466667,28.5925],[80.74,28.6033333],[80.7425,28.6058333],[80.7483333,28.605],[80.7458333,28.61],[80.7516667,28.6166667],[80.7508333,28.6291667]]},{"type":"LineString","coordinates":[[85.1116667,28.58],[85.12,28.5816667],[85.1416667,28.5725]]},{"type":"LineString","coordinates":[[85.1116667,28.58],[85.1133333,28.5866667],[85.1058333,28.6033333],[85.1066667,28.6083333]]},{"type":"LineString","coordinates":[[86.12,28.5808333],[86.1258333,28.5775],[86.1316667,28.5608333],[86.1366667,28.5575]]},{"type":"LineString","coordinates":[[86.12,28.5808333],[86.1508333,28.5808333],[86.1716667,28.575]]},{"type":"LineString","coordinates":[[81.0641667,28.585],[81.0591667,28.5858333],[81.0591667,28.5966667],[81.0566667,28.5966667],[81.06,28.5983333],[81.0566667,28.6075],[81.0575,28.6116667],[81.06,28.6125],[81.0575,28.6233333],[81.0616667,28.6291667]]},{"type":"LineString","coordinates":[[81.0641667,28.585],[81.0708333,28.5883333],[81.0816667,28.6008333],[81.08,28.6041667],[81.0841667,28.6075],[81.0841667,28.6183333],[81.0916667,28.6283333],[81.09,28.6308333],[81.0925,28.6333333],[81.0916667,28.6358333],[81.0991667,28.6416667],[81.1066667,28.6408333],[81.1191667,28.6491667]]},{"type":"LineString","coordinates":[[81.5333333,28.585],[81.535,28.5808333],[81.5441667,28.5791667],[81.5466667,28.5725]]},{"type":"LineString","coordinates":[[81.5333333,28.585],[81.5366667,28.5883333],[81.5375,28.595],[81.5425,28.6],[81.54,28.6041667],[81.5408333,28.6125],[81.535,28.6158333],[81.5341667,28.6191667]]},{"type":"LineString","coordinates":[[87.3691667,28.5858333],[87.3675,28.5808333]]},{"type":"LineString","coordinates":[[87.3691667,28.5858333],[87.3525,28.5916667]]},{"type":"LineString","coordinates":[[86.0591667,28.5866667],[86.055,28.5733333],[86.0575,28.5383333]]},{"type":"LineString","coordinates":[[86.0591667,28.5866667],[86.0816667,28.5775],[86.1041667,28.5766667],[86.12,28.5808333]]},{"type":"LineString","coordinates":[[87.0516667,28.5866667],[87.0508333,28.5825]]},{"type":"LineString","coordinates":[[87.0516667,28.5866667],[87.0233333,28.5841667],[87.0208333,28.5875],[87.0066667,28.5891667]]},{"type":"LineString","coordinates":[[80.3301688,28.5870151],[80.3308333,28.5916667],[80.3233333,28.6041667],[80.3158333,28.6033333],[80.3103055,28.5992889]]},{"type":"LineString","coordinates":[[88.145,28.5883333],[88.1316667,28.6125],[88.1183333,28.6241667],[88.1225,28.6308333],[88.1233333,28.645]]},{"type":"LineString","coordinates":[[88.145,28.5883333],[88.1508333,28.6075],[88.1641667,28.6241667],[88.1716667,28.6516667]]},{"type":"LineString","coordinates":[[86.5825,28.5891667],[86.5725,28.5833333],[86.5725,28.5783333],[86.5633333,28.5716667],[86.5625,28.565],[86.555,28.565]]},{"type":"LineString","coordinates":[[86.5825,28.5891667],[86.585,28.5866667],[86.5775,28.5775],[86.5775,28.5716667],[86.5683333,28.5658333],[86.5616667,28.5566667],[86.5633333,28.555],[86.56,28.5508333],[86.5633333,28.5425],[86.56,28.5366667],[86.5625,28.5358333]]},{"type":"LineString","coordinates":[[87.0016667,28.5891667],[86.9975,28.5883333],[86.9916667,28.5941667],[86.9858333,28.5925],[86.9833333,28.5958333],[86.9775,28.5916667],[86.9733333,28.595],[86.9666667,28.5916667],[86.9625,28.5958333],[86.9558333,28.5933333],[86.9516667,28.5975]]},{"type":"LineString","coordinates":[[87.0016667,28.5891667],[87.0016667,28.5983333]]},{"type":"LineString","coordinates":[[87.0066667,28.5891667],[87.0016667,28.5891667]]},{"type":"LineString","coordinates":[[87.0066667,28.5891667],[87.0083333,28.5875],[86.9975,28.5741667],[86.995,28.5633333]]},{"type":"LineString","coordinates":[[84.4191667,28.5916667],[84.4325,28.5975],[84.4483333,28.5958333],[84.4608333,28.6016667]]},{"type":"LineString","coordinates":[[84.4191667,28.5916667],[84.4191667,28.61],[84.4116667,28.6216667],[84.3858333,28.635],[84.3866667,28.6375],[84.3825,28.6416667]]},{"type":"LineString","coordinates":[[86.59,28.5916667],[86.585,28.5808333],[86.5858333,28.5666667],[86.5783333,28.5416667]]},{"type":"LineString","coordinates":[[86.59,28.5916667],[86.5858333,28.595],[86.5825,28.5891667]]},{"type":"LineString","coordinates":[[87.3525,28.5916667],[87.32,28.5916667],[87.3166667,28.5966667],[87.3058333,28.6033333],[87.3025,28.6025],[87.3008333,28.6058333]]},{"type":"LineString","coordinates":[[87.3525,28.5916667],[87.365,28.6108333]]},{"type":"LineString","coordinates":[[88.165,28.5916667],[88.1741667,28.5941667],[88.1858333,28.59]]},{"type":"LineString","coordinates":[[88.165,28.5916667],[88.1683333,28.6016667],[88.1666667,28.6133333],[88.175,28.6233333],[88.1966667,28.6208333],[88.2166667,28.6116667],[88.2275,28.615]]},{"type":"LineString","coordinates":[[84.2408333,28.5925],[84.2508333,28.6033333],[84.2641667,28.605],[84.2733333,28.6116667]]},{"type":"LineString","coordinates":[[84.2408333,28.5925],[84.2308333,28.6041667],[84.2208333,28.61],[84.2158333,28.6158333],[84.2166667,28.6233333],[84.2341667,28.6375],[84.2358333,28.6483333],[84.2316667,28.655],[84.2308333,28.6616667]]},{"type":"LineString","coordinates":[[87.5475,28.5925],[87.5475,28.5958333]]},{"type":"LineString","coordinates":[[87.5475,28.5925],[87.5408333,28.5958333],[87.5366667,28.5941667],[87.5341667,28.6],[87.52,28.6066667]]},{"type":"LineString","coordinates":[[86.0466667,28.5933333],[86.04,28.5825],[86.0383333,28.5683333],[86.0291667,28.5433333],[86.0125,28.5308333],[85.9966667,28.525]]},{"type":"LineString","coordinates":[[86.0466667,28.5933333],[86.0591667,28.5866667]]},{"type":"LineString","coordinates":[[88.6066667,28.595],[88.59,28.6225]]},{"type":"LineString","coordinates":[[88.6066667,28.595],[88.6125,28.6075],[88.6166667,28.6091667],[88.6241667,28.6291667],[88.6291667,28.6258333],[88.6341667,28.63],[88.6316667,28.6316667],[88.6341667,28.635],[88.6325,28.64],[88.6358333,28.6391667],[88.6566667,28.66]]},{"type":"LineString","coordinates":[[86.5325,28.5958333],[86.5316667,28.5908333],[86.5183333,28.5791667]]},{"type":"LineString","coordinates":[[86.5325,28.5958333],[86.5275,28.5991667],[86.5075,28.6],[86.4966667,28.605]]},{"type":"LineString","coordinates":[[84.6408333,28.5966667],[84.6383333,28.5983333],[84.6266667,28.5958333]]},{"type":"LineString","coordinates":[[84.6408333,28.5966667],[84.6425,28.5991667],[84.64,28.6083333],[84.6408333,28.6233333],[84.6325,28.645]]},{"type":"LineString","coordinates":[[86.9516667,28.5975],[86.9383333,28.6008333],[86.9325,28.5983333]]},{"type":"LineString","coordinates":[[86.9516667,28.5975],[86.9541667,28.6008333],[86.9516667,28.6041667]]},{"type":"LineString","coordinates":[[86.9325,28.5983333],[86.9391667,28.5883333],[86.9341667,28.5808333],[86.9366667,28.5741667],[86.9325,28.5683333],[86.9333333,28.5625]]},{"type":"LineString","coordinates":[[86.9325,28.5983333],[86.9225,28.5983333],[86.9058333,28.6075],[86.8941667,28.6075],[86.8858333,28.5991667],[86.8541667,28.6016667]]},{"type":"LineString","coordinates":[[87.0708333,28.5983333],[87.0825,28.5858333],[87.0891667,28.5633333],[87.0866667,28.5541667],[87.0925,28.5491667]]},{"type":"LineString","coordinates":[[87.0708333,28.5983333],[87.0625,28.5941667],[87.0591667,28.6008333],[87.055,28.6008333],[87.0516667,28.5958333],[87.0516667,28.5866667]]},{"type":"LineString","coordinates":[[87.2058333,28.5983333],[87.2091667,28.5783333],[87.2016667,28.5608333]]},{"type":"LineString","coordinates":[[87.2058333,28.5983333],[87.1916667,28.5958333],[87.1858333,28.5991667],[87.1766667,28.5941667],[87.1675,28.5991667],[87.1608333,28.5991667]]},{"type":"LineString","coordinates":[[87.1608333,28.5991667],[87.1416667,28.6025],[87.1383333,28.6091667],[87.1275,28.6083333],[87.12,28.6125],[87.11,28.6075],[87.1075,28.6016667],[87.0991667,28.6058333],[87.0933333,28.6041667],[87.0766667,28.6075],[87.0716667,28.605],[87.0708333,28.5983333]]},{"type":"LineString","coordinates":[[87.1608333,28.5991667],[87.1541667,28.6233333],[87.1558333,28.6266667]]},{"type":"LineString","coordinates":[[86.5958333,28.6008333],[86.5933333,28.5983333],[86.5858333,28.6008333],[86.5758333,28.5983333],[86.5716667,28.6008333],[86.5691667,28.5983333],[86.545,28.6],[86.5325,28.5958333]]},{"type":"LineString","coordinates":[[86.5958333,28.6008333],[86.5966667,28.5983333],[86.59,28.5916667]]},{"type":"LineString","coordinates":[[87.2233333,28.6008333],[87.2191667,28.5791667]]},{"type":"LineString","coordinates":[[87.2233333,28.6008333],[87.215,28.6025],[87.2108333,28.5983333],[87.2058333,28.5983333]]},{"type":"LineString","coordinates":[[87.97,28.6008333],[87.9725,28.5958333],[87.9808333,28.5933333]]},{"type":"LineString","coordinates":[[87.97,28.6008333],[87.99,28.6175],[87.995,28.6175],[88.0158333,28.6308333],[88.0225,28.6308333]]},{"type":"LineString","coordinates":[[84.4608333,28.6016667],[84.4725,28.6016667]]},{"type":"LineString","coordinates":[[84.4608333,28.6016667],[84.4691667,28.6108333]]},{"type":"LineString","coordinates":[[86.8541667,28.6016667],[86.8533333,28.5925],[86.8583333,28.5858333],[86.8575,28.5783333],[86.84,28.5583333],[86.8391667,28.5508333],[86.8433333,28.5391667],[86.8325,28.5283333],[86.8241667,28.5266667]]},{"type":"LineString","coordinates":[[86.8541667,28.6016667],[86.8433333,28.6058333],[86.8333333,28.6025],[86.8258333,28.6041667],[86.825,28.6083333],[86.8175,28.6141667],[86.8125,28.61],[86.8091667,28.61],[86.8075,28.6141667],[86.7991667,28.6116667],[86.7858333,28.615],[86.775,28.6133333],[86.7666667,28.6033333],[86.7641667,28.6041667]]},{"type":"LineString","coordinates":[[86.6025,28.6033333],[86.5958333,28.6008333]]},{"type":"LineString","coordinates":[[86.6025,28.6033333],[86.5991667,28.5975],[86.6025,28.5908333],[86.5958333,28.5858333],[86.5991667,28.5825],[86.5908333,28.5758333],[86.6,28.5566667],[86.5991667,28.5491667],[86.605,28.5441667],[86.6016667,28.5408333]]},{"type":"LineString","coordinates":[[86.7641667,28.6041667],[86.7625,28.6066667]]},{"type":"LineString","coordinates":[[86.7641667,28.6041667],[86.7533333,28.6033333],[86.74,28.6133333],[86.7233333,28.6083333],[86.7191667,28.6116667],[86.7175,28.6091667],[86.7016667,28.6125],[86.675,28.6108333],[86.6675,28.6141667]]},{"type":"LineString","coordinates":[[86.4966667,28.605],[86.4925,28.6016667]]},{"type":"LineString","coordinates":[[86.4966667,28.605],[86.4741667,28.6191667],[86.4591667,28.635],[86.4583333,28.6425],[86.4525,28.6475],[86.4541667,28.6525],[86.4491667,28.6533333],[86.45,28.6575],[86.4458333,28.6583333],[86.4433333,28.6658333],[86.4391667,28.6683333],[86.44,28.6725],[86.435,28.675]]},{"type":"LineString","coordinates":[[87.83,28.605],[87.8283333,28.6141667],[87.8316667,28.6216667],[87.8391667,28.6266667],[87.8383333,28.6383333],[87.8466667,28.6616667],[87.845,28.665]]},{"type":"LineString","coordinates":[[87.83,28.605],[87.8375,28.6075],[87.8391667,28.6133333],[87.8425,28.6125],[87.8466667,28.625],[87.8525,28.6308333],[87.8591667,28.6316667],[87.8575,28.6375],[87.8608333,28.64],[87.86,28.6433333],[87.8708333,28.6541667],[87.8975,28.6541667],[87.9,28.6591667],[87.9141667,28.6591667],[87.9233333,28.6658333]]},{"type":"LineString","coordinates":[[82.4441667,28.6058333],[82.43,28.6033333]]},{"type":"LineString","coordinates":[[82.4441667,28.6058333],[82.4441667,28.5966667],[82.4408333,28.595],[82.4433333,28.5866667],[82.4341667,28.5758333]]},{"type":"LineString","coordinates":[[86.61,28.6058333],[86.6025,28.6033333]]},{"type":"LineString","coordinates":[[86.61,28.6058333],[86.605,28.6016667],[86.6075,28.5933333],[86.615,28.59],[86.635,28.5616667],[86.6433333,28.5333333],[86.6525,28.5191667],[86.6525,28.4983333],[86.6575,28.4708333]]},{"type":"LineString","coordinates":[[86.6183333,28.6058333],[86.6141667,28.6025],[86.61,28.6058333]]},{"type":"LineString","coordinates":[[86.6183333,28.6058333],[86.6216667,28.6025],[86.6241667,28.5833333],[86.635,28.5733333],[86.6341667,28.5675],[86.6516667,28.545],[86.6583333,28.5183333],[86.6741667,28.51]]},{"type":"LineString","coordinates":[[87.3008333,28.6058333],[87.2833333,28.6075]]},{"type":"LineString","coordinates":[[87.3008333,28.6058333],[87.32,28.635],[87.32,28.6433333],[87.3308333,28.6558333],[87.33,28.6633333],[87.3466667,28.6741667]]},{"type":"LineString","coordinates":[[87.2808333,28.6066667],[87.2858333,28.5558333]]},{"type":"LineString","coordinates":[[87.2808333,28.6066667],[87.2758333,28.6083333],[87.2675,28.6],[87.26,28.6],[87.2541667,28.6058333],[87.2366667,28.6041667],[87.235,28.6016667],[87.2275,28.6041667],[87.2233333,28.6008333]]},{"type":"LineString","coordinates":[[87.52,28.6066667],[87.5183333,28.6058333]]},{"type":"LineString","coordinates":[[87.52,28.6066667],[87.5241667,28.6108333],[87.5175,28.6208333]]},{"type":"LineString","coordinates":[[87.9,28.6066667],[87.9041667,28.6016667],[87.9058333,28.6041667],[87.9141667,28.6025],[87.9158333,28.5975],[87.9225,28.5983333],[87.9275,28.5941667],[87.9333333,28.5983333]]},{"type":"LineString","coordinates":[[87.9,28.6066667],[87.9133333,28.6133333]]},{"type":"LineString","coordinates":[[87.2833333,28.6075],[87.2808333,28.6066667]]},{"type":"LineString","coordinates":[[87.2833333,28.6075],[87.2725,28.62],[87.2683333,28.6333333],[87.27,28.6441667]]},{"type":"LineString","coordinates":[[85.1066667,28.6083333],[85.1066667,28.615],[85.1091667,28.6175],[85.1241667,28.6241667]]},{"type":"LineString","coordinates":[[85.1066667,28.6083333],[85.1016667,28.6158333],[85.0975,28.6175],[85.0775,28.6191667],[85.0691667,28.6241667],[85.0583333,28.6266667]]},{"type":"LineString","coordinates":[[84.4691667,28.6108333],[84.4708333,28.6116667]]},{"type":"LineString","coordinates":[[84.4691667,28.6108333],[84.465,28.6208333],[84.4633333,28.635],[84.4583333,28.645]]},{"type":"LineString","coordinates":[[87.365,28.6108333],[87.3733333,28.62],[87.3666667,28.6333333]]},{"type":"LineString","coordinates":[[87.365,28.6108333],[87.3791667,28.6233333],[87.3975,28.6325],[87.43,28.6716667]]},{"type":"LineString","coordinates":[[87.9558333,28.6108333],[87.96,28.6033333],[87.97,28.6008333]]},{"type":"LineString","coordinates":[[87.9558333,28.6108333],[87.9725,28.6166667],[88.0041667,28.6408333],[88.0158333,28.6658333],[88.0133333,28.6725],[88.0283333,28.695],[88.0358333,28.7016667],[88.0441667,28.7025],[88.0533333,28.7083333]]},{"type":"LineString","coordinates":[[80.2909356,28.6112577],[80.2862279,28.6141667]]},{"type":"LineString","coordinates":[[81.4933333,28.6116667],[81.49,28.6108333],[81.4908333,28.6058333],[81.4858333,28.6008333],[81.48,28.5991667],[81.4725,28.6041667]]},{"type":"LineString","coordinates":[[81.4933333,28.6116667],[81.5008333,28.6075],[81.5083333,28.5941667],[81.5158333,28.5941667],[81.5191667,28.5916667],[81.5158333,28.5858333],[81.52,28.5808333],[81.5266667,28.5783333],[81.5283333,28.5841667],[81.5333333,28.585]]},{"type":"LineString","coordinates":[[82.4433333,28.6116667],[82.4458333,28.6083333],[82.4441667,28.6058333]]},{"type":"LineString","coordinates":[[82.4433333,28.6116667],[82.46,28.6116667],[82.4733333,28.6058333],[82.4775,28.6008333],[82.4816667,28.6016667],[82.4866667,28.5983333],[82.4916667,28.5983333]]},{"type":"LineString","coordinates":[[84.4708333,28.6116667],[84.49,28.6066667],[84.4925,28.6033333]]},{"type":"LineString","coordinates":[[84.4708333,28.6116667],[84.4725,28.6133333],[84.4708333,28.6266667],[84.4733333,28.63],[84.4683333,28.645]]},{"type":"LineString","coordinates":[[86.6166667,28.6116667],[86.615,28.6091667],[86.6183333,28.6058333]]},{"type":"LineString","coordinates":[[86.6166667,28.6116667],[86.6091667,28.61],[86.6025,28.6166667],[86.5941667,28.6191667],[86.5833333,28.6375]]},{"type":"LineString","coordinates":[[80.935,28.6125],[80.9233333,28.6216667],[80.9241667,28.6283333],[80.9183333,28.6358333],[80.9041667,28.6408333],[80.9025,28.6483333],[80.9066667,28.6525],[80.905,28.6541667],[80.9066667,28.6558333],[80.8966667,28.66],[80.8933333,28.665],[80.8933333,28.6675],[80.9008333,28.6691667],[80.9016667,28.6725],[80.8925,28.6783333],[80.8875,28.6866667],[80.8883333,28.6883333],[80.895,28.6866667],[80.9033333,28.6883333],[80.9058333,28.6925],[80.9058333,28.7025],[80.915,28.7091667]]},{"type":"LineString","coordinates":[[80.935,28.6125],[80.9391667,28.615],[80.935,28.6175],[80.9375,28.6216667],[80.935,28.6225],[80.9341667,28.6283333],[80.9425,28.6341667],[80.9408333,28.6358333],[80.9425,28.6375],[80.9383333,28.6391667],[80.94,28.6408333],[80.93,28.6533333],[80.935,28.6566667],[80.935,28.6625],[80.9391667,28.6633333],[80.9416667,28.6583333],[80.9433333,28.6616667],[80.9416667,28.6633333],[80.9458333,28.6658333],[80.9458333,28.67],[80.9658333,28.6858333],[80.9666667,28.6916667],[80.9708333,28.6925],[80.9683333,28.695],[80.9708333,28.6966667],[80.97,28.7075],[80.9741667,28.7125],[80.9741667,28.7241667],[80.9825,28.7291667]]},{"type":"LineString","coordinates":[[80.6625,28.6133333],[80.6583333,28.6166667],[80.6533333,28.6183333],[80.6483333,28.6166667],[80.6425,28.62],[80.6383333,28.6175],[80.6375,28.6141667],[80.6441667,28.6075],[80.6391667,28.6066667]]},{"type":"LineString","coordinates":[[80.6625,28.6133333],[80.6641667,28.6166667],[80.6691667,28.6183333],[80.6766667,28.6108333],[80.6808333,28.6141667],[80.68,28.6175],[80.6716667,28.6241667],[80.6741667,28.6333333],[80.6683333,28.6375],[80.6575,28.6316667],[80.6516667,28.6316667],[80.6508333,28.635]]},{"type":"LineString","coordinates":[[82.16,28.6133333],[82.16,28.6108333],[82.1708333,28.6025],[82.19,28.5791667],[82.2025,28.5716667],[82.2158333,28.57],[82.2208333,28.56],[82.22,28.5566667],[82.23,28.5408333],[82.23,28.5358333]]},{"type":"LineString","coordinates":[[82.16,28.6133333],[82.1633333,28.6141667],[82.1641667,28.6116667],[82.1691667,28.6116667],[82.1716667,28.6166667],[82.18,28.6183333],[82.19,28.6275],[82.1908333,28.6325],[82.1866667,28.635],[82.1866667,28.6383333],[82.1916667,28.6391667],[82.1941667,28.6591667],[82.1983333,28.6633333],[82.1941667,28.6683333],[82.1983333,28.6775],[82.1966667,28.6816667],[82.1991667,28.6841667],[82.2025,28.6833333],[82.2066667,28.6758333]]},{"type":"LineString","coordinates":[[87.9133333,28.6133333],[87.9433333,28.6233333],[87.9516667,28.6116667],[87.9558333,28.6108333]]},{"type":"LineString","coordinates":[[87.9133333,28.6133333],[87.92,28.625],[87.9375,28.6325],[87.95,28.6441667]]},{"type":"LineString","coordinates":[[86.6675,28.6141667],[86.6633333,28.61],[86.6558333,28.6191667],[86.6508333,28.6183333],[86.6441667,28.6225],[86.6375,28.6208333],[86.6325,28.625],[86.63,28.6208333],[86.635,28.6141667],[86.6333333,28.6125],[86.6241667,28.6175],[86.6208333,28.6108333],[86.6166667,28.6116667]]},{"type":"LineString","coordinates":[[86.6675,28.6141667],[86.66,28.6283333],[86.6658333,28.635],[86.6658333,28.6433333],[86.6616667,28.6433333],[86.6641667,28.65],[86.66,28.6533333],[86.6633333,28.6566667]]},{"type":"LineString","coordinates":[[80.5,28.6158333],[80.4966667,28.615],[80.4941667,28.6191667],[80.495,28.6408333]]},{"type":"LineString","coordinates":[[80.5,28.6158333],[80.5041667,28.6191667],[80.5,28.635],[80.5041667,28.6541667],[80.5016667,28.6666667],[80.4958333,28.67]]},{"type":"LineString","coordinates":[[80.2808333,28.6175],[80.2766667,28.6233333],[80.2775,28.6333333],[80.28,28.635],[80.2791667,28.645],[80.2908333,28.665],[80.2866667,28.6708333],[80.2883333,28.675],[80.285,28.6816667]]},{"type":"LineString","coordinates":[[84.1458333,28.6175],[84.1375,28.6116667],[84.125,28.595]]},{"type":"LineString","coordinates":[[84.1458333,28.6175],[84.1383333,28.6208333],[84.1341667,28.6258333],[84.1325,28.6366667],[84.1133333,28.6341667],[84.085,28.6441667]]},{"type":"LineString","coordinates":[[87.5175,28.6208333],[87.52,28.6241667],[87.5183333,28.6341667],[87.5325,28.6525]]},{"type":"LineString","coordinates":[[87.5175,28.6208333],[87.5066667,28.63],[87.5066667,28.635],[87.5,28.6416667],[87.5,28.655],[87.4883333,28.6666667],[87.4916667,28.6775],[87.4883333,28.6941667]]},{"type":"LineString","coordinates":[[83.0166667,28.6216667],[83.0225,28.6141667]]},{"type":"LineString","coordinates":[[83.0166667,28.6216667],[83.0191667,28.6208333],[83.0258333,28.6266667],[83.0341667,28.625],[83.0433333,28.63],[83.0583333,28.62],[83.0666667,28.6233333],[83.0783333,28.6241667],[83.0841667,28.6308333],[83.0941667,28.635],[83.1125,28.6308333],[83.1275,28.6341667],[83.1475,28.6441667],[83.1675,28.6591667],[83.1683333,28.6683333],[83.1741667,28.6775],[83.1775,28.6916667],[83.1875,28.7008333],[83.1941667,28.7008333],[83.2008333,28.6975],[83.205,28.6916667],[83.2166667,28.6975],[83.2241667,28.6941667],[83.2358333,28.7058333]]},{"type":"LineString","coordinates":[[82.1266667,28.6225],[82.1341667,28.6258333],[82.1408333,28.6258333],[82.1433333,28.6216667],[82.1408333,28.6183333],[82.1416667,28.615],[82.16,28.6133333]]},{"type":"LineString","coordinates":[[82.1266667,28.6225],[82.1291667,28.6291667],[82.125,28.645],[82.1258333,28.6491667],[82.12,28.6566667],[82.1216667,28.6583333],[82.1158333,28.675],[82.1166667,28.6858333],[82.1241667,28.695]]},{"type":"LineString","coordinates":[[86.0266667,28.6225],[86.0208333,28.6133333],[86.0183333,28.6],[86.0091667,28.5866667]]},{"type":"LineString","coordinates":[[86.0266667,28.6225],[86.0466667,28.5933333]]},{"type":"LineString","coordinates":[[82.0225,28.6241667],[82.02,28.6225],[82.0141667,28.6266667],[81.99,28.6216667],[81.9758333,28.6216667],[81.9658333,28.6141667],[81.9558333,28.6133333],[81.9508333,28.6158333],[81.9458333,28.6108333],[81.9333333,28.6133333],[81.9191667,28.6125]]},{"type":"LineString","coordinates":[[82.0225,28.6241667],[82.0216667,28.6275],[82.0266667,28.6325],[82.0258333,28.6375],[82.0283333,28.6408333],[82.0366667,28.6375]]},{"type":"LineString","coordinates":[[85.1241667,28.6241667],[85.1308333,28.6258333],[85.14,28.6216667]]},{"type":"LineString","coordinates":[[85.1241667,28.6241667],[85.1258333,28.6325],[85.1233333,28.6366667]]},{"type":"LineString","coordinates":[[87.1558333,28.6266667],[87.1516667,28.6316667],[87.1333333,28.6325],[87.1233333,28.6391667]]},{"type":"LineString","coordinates":[[87.1558333,28.6266667],[87.1608333,28.6258333],[87.1741667,28.6316667],[87.1766667,28.6516667],[87.1891667,28.6758333],[87.1866667,28.685],[87.195,28.6983333],[87.2041667,28.7016667]]},{"type":"LineString","coordinates":[[80.3783333,28.6275],[80.3741667,28.6391667],[80.3691667,28.6433333],[80.3683333,28.6475],[80.3666667,28.6466667],[80.37,28.6533333],[80.3675,28.6583333]]},{"type":"LineString","coordinates":[[80.3783333,28.6275],[80.3633333,28.6233333],[80.36,28.6208333],[80.3616667,28.6175],[80.3591667,28.6158333],[80.3508333,28.6241667],[80.34,28.6241667],[80.3391667,28.6266667],[80.3341667,28.625],[80.3258333,28.6308333],[80.3291667,28.6366667],[80.3291667,28.6433333],[80.3216667,28.6508333],[80.3225,28.6558333],[80.32,28.66],[80.3241667,28.6675],[80.3233333,28.675],[80.3191667,28.6825],[80.32,28.6858333]]},{"type":"LineString","coordinates":[[80.7508333,28.6291667],[80.75,28.6341667],[80.7458333,28.6383333],[80.7433333,28.6366667],[80.7383333,28.6416667],[80.7325,28.6383333],[80.7325,28.6341667],[80.73,28.6333333],[80.7325,28.6283333]]},{"type":"LineString","coordinates":[[80.7508333,28.6291667],[80.7566667,28.6333333],[80.7508333,28.6383333],[80.7508333,28.6408333],[80.7575,28.6483333],[80.7558333,28.6516667],[80.75,28.6508333],[80.7525,28.6541667],[80.7525,28.66]]},{"type":"LineString","coordinates":[[81.0616667,28.6291667],[81.0675,28.6366667],[81.0658333,28.6391667],[81.0708333,28.6425],[81.075,28.6516667],[81.0691667,28.6608333],[81.075,28.6666667],[81.0716667,28.6733333],[81.0766667,28.6733333],[81.0775,28.6775]]},{"type":"LineString","coordinates":[[81.0616667,28.6291667],[81.0641667,28.6291667],[81.0658333,28.6316667],[81.0675,28.6308333],[81.0691667,28.635],[81.07,28.6333333],[81.075,28.6358333],[81.0766667,28.6341667],[81.0866667,28.6416667],[81.0858333,28.6441667],[81.09,28.6466667],[81.0958333,28.6583333],[81.095,28.6625],[81.1016667,28.6675],[81.1033333,28.6725],[81.1066667,28.6733333],[81.1075,28.6825]]},{"type":"LineString","coordinates":[[83.3933333,28.63],[83.4041667,28.6433333],[83.4083333,28.655],[83.42,28.6683333],[83.4183333,28.6708333],[83.425,28.6808333],[83.4233333,28.6825],[83.4258333,28.6866667]]},{"type":"LineString","coordinates":[[83.3933333,28.63],[83.38,28.635],[83.3616667,28.66],[83.3616667,28.6683333],[83.3566667,28.6783333],[83.3558333,28.6925],[83.3508333,28.7008333],[83.3358333,28.7125],[83.3258333,28.71],[83.3241667,28.7083333],[83.3258333,28.7066667],[83.3225,28.7083333]]},{"type":"LineString","coordinates":[[83.6191667,28.63],[83.6308333,28.6358333],[83.6366667,28.6483333],[83.6475,28.6516667]]},{"type":"LineString","coordinates":[[83.6191667,28.63],[83.6141667,28.6366667],[83.6108333,28.6366667],[83.6041667,28.6433333],[83.5941667,28.6475],[83.5916667,28.6666667],[83.6025,28.675]]},{"type":"LineString","coordinates":[[82.6208333,28.6316667],[82.6308333,28.625],[82.6375,28.6158333],[82.635,28.6066667],[82.6275,28.5958333],[82.6325,28.5866667],[82.6416667,28.5791667],[82.6408333,28.5766667],[82.6458333,28.5691667]]},{"type":"LineString","coordinates":[[82.6208333,28.6316667],[82.6366667,28.6333333],[82.6391667,28.6366667],[82.6375,28.6433333],[82.6516667,28.655],[82.66,28.6583333],[82.6633333,28.6625],[82.6641667,28.67],[82.6733333,28.6741667]]},{"type":"LineString","coordinates":[[82.7483333,28.6333333],[82.7583333,28.6266667],[82.7608333,28.6225],[82.7633333,28.6241667],[82.7683333,28.6225],[82.7741667,28.6141667],[82.7725,28.6033333],[82.7791667,28.5908333],[82.79,28.5908333],[82.7966667,28.5975],[82.8058333,28.5941667],[82.8158333,28.5858333],[82.8183333,28.5733333],[82.8366667,28.56],[82.8466667,28.5575],[82.8541667,28.5616667],[82.8608333,28.5616667],[82.8708333,28.5658333],[82.8816667,28.5758333],[82.8875,28.5775],[82.9033333,28.5758333],[82.9158333,28.5683333],[82.9158333,28.5633333]]},{"type":"LineString","coordinates":[[82.7483333,28.6333333],[82.7508333,28.6333333],[82.7566667,28.6408333],[82.765,28.6458333],[82.7691667,28.6458333],[82.7766667,28.6391667],[82.79,28.6366667],[82.7941667,28.6433333],[82.7975,28.6666667],[82.8033333,28.6666667]]},{"type":"LineString","coordinates":[[80.6508333,28.635],[80.6408333,28.6475],[80.6375,28.6441667],[80.6391667,28.6358333],[80.6116667,28.6341667],[80.6108333,28.6366667],[80.6175,28.6408333],[80.615,28.6466667],[80.5991667,28.6458333],[80.6016667,28.6516667],[80.585,28.6575],[80.5808333,28.6616667],[80.5783333,28.67],[80.5925,28.6725],[80.5941667,28.6783333],[80.585,28.68],[80.5808333,28.6841667],[80.58,28.6891667]]},{"type":"LineString","coordinates":[[80.6508333,28.635],[80.6541667,28.6358333],[80.6625,28.6466667],[80.655,28.65],[80.6533333,28.6566667],[80.6575,28.6633333],[80.6641667,28.66],[80.6683333,28.665],[80.6658333,28.685],[80.6675,28.6891667],[80.6725,28.6916667],[80.6725,28.6958333]]},{"type":"LineString","coordinates":[[82.0366667,28.6375],[82.045,28.6366667],[82.0466667,28.6425],[82.0583333,28.645],[82.0591667,28.6408333],[82.0533333,28.6358333],[82.0716667,28.6291667],[82.0841667,28.6166667],[82.0875,28.62],[82.0958333,28.6183333],[82.1016667,28.6216667],[82.1091667,28.6191667],[82.1183333,28.6233333],[82.1266667,28.6225]]},{"type":"LineString","coordinates":[[82.0366667,28.6375],[82.0408333,28.6416667],[82.0375,28.6466667],[82.0333333,28.6508333],[82.0275,28.6516667],[82.0233333,28.6583333],[82.0158333,28.6625]]},{"type":"LineString","coordinates":[[87.7141667,28.6375],[87.7141667,28.6516667],[87.7083333,28.6625],[87.7166667,28.67],[87.7208333,28.6841667]]},{"type":"LineString","coordinates":[[87.7141667,28.6375],[87.7033333,28.645],[87.6916667,28.6458333],[87.6833333,28.6558333],[87.6858333,28.6675],[87.6933333,28.6733333],[87.7,28.6741667],[87.7025,28.6783333],[87.6866667,28.705],[87.6716667,28.7166667],[87.6708333,28.7233333],[87.6658333,28.7258333]]},{"type":"LineString","coordinates":[[81.0083333,28.6391667],[81.0033333,28.6466667],[80.9983333,28.6491667],[80.9983333,28.6633333],[80.9941667,28.6691667],[80.9966667,28.6775]]},{"type":"LineString","coordinates":[[81.0083333,28.6391667],[81.0108333,28.6391667],[81.0166667,28.6441667],[81.0191667,28.64],[81.0208333,28.6416667],[81.0175,28.6533333],[81.0241667,28.6525],[81.0216667,28.6566667],[81.025,28.66],[81.0216667,28.6666667],[81.0266667,28.6725],[81.0325,28.6708333],[81.0316667,28.675],[81.0341667,28.6775]]},{"type":"LineString","coordinates":[[87.1233333,28.6391667],[87.1116667,28.6425],[87.1083333,28.6483333],[87.11,28.6525],[87.0908333,28.6675],[87.0691667,28.6675],[87.0566667,28.675],[87.0525,28.6816667],[87.0433333,28.6825],[87.035,28.69]]},{"type":"LineString","coordinates":[[87.1233333,28.6391667],[87.1241667,28.6566667],[87.1191667,28.67],[87.0941667,28.6858333],[87.0966667,28.7183333],[87.0908333,28.7308333],[87.09,28.745],[87.085,28.7525],[87.0858333,28.7658333],[87.0816667,28.7716667],[87.08,28.7941667],[87.0758333,28.8033333],[87.0658333,28.8125]]},{"type":"LineString","coordinates":[[82.42,28.6408333],[82.4258333,28.6341667],[82.4275,28.6275],[82.4433333,28.6116667]]},{"type":"LineString","coordinates":[[82.42,28.6408333],[82.4208333,28.6416667],[82.4241667,28.6408333],[82.4308333,28.6458333],[82.4333333,28.6533333],[82.4425,28.6591667],[82.45,28.6716667],[82.4558333,28.67]]},{"type":"LineString","coordinates":[[84.3825,28.6416667],[84.3733333,28.6458333]]},{"type":"LineString","coordinates":[[84.3825,28.6416667],[84.3725,28.6525],[84.3733333,28.6575],[84.3783333,28.6616667],[84.3816667,28.67]]},{"type":"LineString","coordinates":[[83.7825,28.6433333],[83.7891667,28.64],[83.7908333,28.6433333],[83.8083333,28.6408333],[83.815,28.6483333]]},{"type":"LineString","coordinates":[[83.7825,28.6433333],[83.7808333,28.6525]]},{"type":"LineString","coordinates":[[84.085,28.6441667],[84.0725,28.6475]]},{"type":"LineString","coordinates":[[84.085,28.6441667],[84.0833333,28.6491667],[84.0858333,28.6583333],[84.085,28.6675],[84.09,28.6725],[84.0883333,28.675]]},{"type":"LineString","coordinates":[[84.4583333,28.645],[84.4491667,28.655]]},{"type":"LineString","coordinates":[[84.4583333,28.645],[84.4633333,28.6525],[84.4616667,28.6575],[84.4641667,28.67],[84.4625,28.6725],[84.4675,28.6825],[84.4591667,28.6891667],[84.4533333,28.6991667],[84.455,28.705],[84.45,28.71],[84.4525,28.715]]},{"type":"LineString","coordinates":[[84.6325,28.645],[84.6366667,28.6491667]]},{"type":"LineString","coordinates":[[84.6325,28.645],[84.6316667,28.6508333],[84.6266667,28.6541667]]},{"type":"LineString","coordinates":[[82.5458333,28.6466667],[82.5558333,28.6433333],[82.5641667,28.6358333],[82.5875,28.6283333],[82.6141667,28.6291667],[82.6208333,28.6316667]]},{"type":"LineString","coordinates":[[82.5458333,28.6466667],[82.5441667,28.65],[82.5525,28.6666667],[82.5616667,28.6725],[82.5675,28.6816667],[82.5675,28.69],[82.575,28.6966667]]},{"type":"LineString","coordinates":[[84.0725,28.6475],[84.0658333,28.6416667],[84.0675,28.6366667],[84.055,28.6158333],[84.0558333,28.6058333]]},{"type":"LineString","coordinates":[[84.0725,28.6475],[84.0566667,28.6458333],[84.0508333,28.65],[84.0466667,28.65],[84.0375,28.6575],[84.0175,28.6633333]]},{"type":"LineString","coordinates":[[84.85,28.6475],[84.86,28.6566667],[84.8608333,28.6616667],[84.87,28.6741667]]},{"type":"LineString","coordinates":[[84.85,28.6475],[84.8433333,28.6641667],[84.8366667,28.6675],[84.8283333,28.6775],[84.8008333,28.6866667]]},{"type":"LineString","coordinates":[[84.6008333,28.6483333],[84.5933333,28.645]]},{"type":"LineString","coordinates":[[84.6008333,28.6483333],[84.5875,28.6558333],[84.5783333,28.6541667],[84.5691667,28.6583333]]},{"type":"LineString","coordinates":[[82.935,28.6491667],[82.9383333,28.6391667],[82.9416667,28.6366667],[82.95,28.6358333],[82.9591667,28.64],[82.965,28.6391667],[82.9716667,28.6325],[82.97,28.6291667],[82.9716667,28.6241667],[82.9775,28.6291667],[82.9841667,28.63],[82.99,28.625],[82.9933333,28.6266667],[83.005,28.6216667],[83.0075,28.6233333],[83.0166667,28.6216667]]},{"type":"LineString","coordinates":[[82.935,28.6491667],[82.9391667,28.6583333],[82.9525,28.6683333]]},{"type":"LineString","coordinates":[[85.2775,28.6516667],[85.2883333,28.66],[85.31,28.6558333]]},{"type":"LineString","coordinates":[[85.2775,28.6516667],[85.2775,28.6625],[85.2808333,28.6675]]},{"type":"LineString","coordinates":[[88.1716667,28.6516667],[88.1908333,28.6625],[88.2175,28.6666667]]},{"type":"LineString","coordinates":[[88.1716667,28.6516667],[88.175,28.6625],[88.1841667,28.6733333],[88.1941667,28.6941667],[88.205,28.7033333]]},{"type":"LineString","coordinates":[[86.0425,28.6525],[86.0266667,28.6291667],[86.0266667,28.6225]]},{"type":"LineString","coordinates":[[86.0425,28.6525],[85.9933333,28.655]]},{"type":"LineString","coordinates":[[86.0991667,28.6525],[86.0425,28.6525]]},{"type":"LineString","coordinates":[[86.0991667,28.6525],[86.0933333,28.6466667]]},{"type":"LineString","coordinates":[[84.6266667,28.6541667],[84.6216667,28.6558333],[84.6075,28.6533333],[84.6008333,28.6483333]]},{"type":"LineString","coordinates":[[84.6266667,28.6541667],[84.6266667,28.6616667],[84.6316667,28.6766667],[84.63,28.6891667],[84.6316667,28.6933333],[84.6283333,28.6991667],[84.6175,28.7066667],[84.6125,28.705],[84.6116667,28.7016667],[84.5866667,28.7058333]]},{"type":"LineString","coordinates":[[85.9933333,28.655],[85.965,28.6583333]]},{"type":"LineString","coordinates":[[85.9933333,28.655],[85.98,28.6741667],[85.9633333,28.685]]},{"type":"LineString","coordinates":[[86.6633333,28.6566667],[86.6691667,28.6566667]]},{"type":"LineString","coordinates":[[86.6633333,28.6566667],[86.66,28.66],[86.6566667,28.6566667],[86.6525,28.6591667]]},{"type":"LineString","coordinates":[[85.965,28.6583333],[85.9641667,28.6533333]]},{"type":"LineString","coordinates":[[85.965,28.6583333],[85.94,28.6641667],[85.9316667,28.6691667]]},{"type":"LineString","coordinates":[[86.6525,28.6591667],[86.6408333,28.6641667],[86.6408333,28.6675],[86.6258333,28.665],[86.62,28.6666667],[86.62,28.6708333],[86.6125,28.6691667],[86.615,28.6775],[86.6125,28.6758333],[86.6083333,28.6816667],[86.6116667,28.6866667],[86.6183333,28.6866667],[86.6133333,28.6925],[86.6133333,28.6983333],[86.6208333,28.7016667],[86.6233333,28.7116667],[86.6175,28.7191667]]},{"type":"LineString","coordinates":[[86.6525,28.6591667],[86.6566667,28.665],[86.6608333,28.6641667],[86.6633333,28.6675],[86.6616667,28.6708333],[86.6666667,28.6791667],[86.665,28.6825],[86.67,28.6883333],[86.6675,28.6908333],[86.67,28.6941667],[86.665,28.6966667],[86.6666667,28.7033333],[86.6733333,28.705],[86.6783333,28.7116667],[86.6766667,28.7166667],[86.6875,28.725],[86.6891667,28.7233333],[86.69,28.7291667]]},{"type":"LineString","coordinates":[[80.7525,28.66],[80.7483333,28.665],[80.7508333,28.6666667],[80.7491667,28.6708333],[80.7525,28.6725],[80.7508333,28.675],[80.7541667,28.6816667],[80.7466667,28.6925],[80.7491667,28.6941667],[80.7483333,28.6983333],[80.7433333,28.6991667],[80.7425,28.7058333],[80.7383333,28.7108333],[80.74,28.7125],[80.7366667,28.7141667],[80.7383333,28.7208333],[80.735,28.7191667],[80.7316667,28.7258333],[80.735,28.73],[80.7316667,28.7316667],[80.735,28.7416667]]},{"type":"LineString","coordinates":[[80.7525,28.66],[80.7616667,28.6658333],[80.7641667,28.6808333],[80.7566667,28.685],[80.7625,28.6875],[80.765,28.6916667],[80.7608333,28.6983333],[80.7608333,28.7041667],[80.7541667,28.7066667],[80.7533333,28.7141667],[80.75,28.7175],[80.7533333,28.7233333],[80.7516667,28.7266667],[80.76,28.7291667],[80.7633333,28.7408333],[80.755,28.75],[80.7591667,28.7566667]]},{"type":"LineString","coordinates":[[82.3508333,28.66],[82.3608333,28.6566667],[82.3708333,28.6566667],[82.3733333,28.6533333],[82.3875,28.6475],[82.4125,28.645],[82.42,28.6408333]]},{"type":"LineString","coordinates":[[82.3508333,28.66],[82.3591667,28.6725],[82.3808333,28.6766667],[82.3883333,28.69]]},{"type":"LineString","coordinates":[[88.6566667,28.66],[88.6366667,28.6766667]]},{"type":"LineString","coordinates":[[88.6566667,28.66],[88.665,28.6608333],[88.6616667,28.6691667],[88.6633333,28.6733333],[88.6658333,28.6716667],[88.6816667,28.6783333],[88.6875,28.69],[88.6808333,28.695],[88.6816667,28.6983333],[88.6658333,28.7033333],[88.6591667,28.7108333],[88.6608333,28.7141667]]},{"type":"LineString","coordinates":[[84.2308333,28.6616667],[84.2308333,28.6683333],[84.2283333,28.6708333]]},{"type":"LineString","coordinates":[[84.2308333,28.6616667],[84.21,28.665],[84.1958333,28.6791667],[84.1891667,28.6775]]},{"type":"LineString","coordinates":[[82.0158333,28.6625],[82.0025,28.6658333],[81.9866667,28.6666667],[81.98,28.6633333],[81.975,28.6658333],[81.9675,28.6641667],[81.9658333,28.6675],[81.9533333,28.6666667],[81.95,28.6716667],[81.9391667,28.6725],[81.9391667,28.6758333],[81.9241667,28.6916667],[81.9066667,28.6983333],[81.9008333,28.7091667],[81.8875,28.7083333],[81.8791667,28.7116667]]},{"type":"LineString","coordinates":[[82.0158333,28.6625],[82.0166667,28.6675],[82.0141667,28.6708333],[82.0016667,28.6808333],[82.0033333,28.6833333],[82.0025,28.6941667],[82.0058333,28.6966667],[82.0108333,28.7091667],[82.0241667,28.7233333]]},{"type":"LineString","coordinates":[[84.0175,28.6633333],[84.015,28.6575],[84.0041667,28.6516667],[84.0016667,28.6466667],[83.9933333,28.6433333],[83.9766667,28.6483333]]},{"type":"LineString","coordinates":[[84.0175,28.6633333],[84.0158333,28.6666667],[84.0041667,28.6691667]]},{"type":"LineString","coordinates":[[87.845,28.665],[87.8483333,28.675],[87.84,28.6833333],[87.84,28.6933333],[87.85,28.7116667],[87.8516667,28.7258333],[87.8566667,28.735],[87.8558333,28.7583333]]},{"type":"LineString","coordinates":[[87.845,28.665],[87.8375,28.675],[87.8308333,28.6766667],[87.8216667,28.6866667],[87.8141667,28.6875],[87.7933333,28.7091667],[87.7883333,28.7108333],[87.7725,28.7375],[87.745,28.7541667],[87.7475,28.7575],[87.7375,28.7716667]]},{"type":"LineString","coordinates":[[82.8033333,28.6666667],[82.825,28.6758333],[82.83,28.6833333],[82.8433333,28.6908333],[82.8533333,28.6908333],[82.8633333,28.685],[82.8633333,28.6808333]]},{"type":"LineString","coordinates":[[82.8033333,28.6666667],[82.8,28.6791667],[82.7958333,28.6875],[82.79,28.6916667],[82.7891667,28.6966667]]},{"type":"LineString","coordinates":[[85.2808333,28.6675],[85.2858333,28.6708333],[85.2841667,28.6841667],[85.28,28.6925],[85.2808333,28.6966667]]},{"type":"LineString","coordinates":[[85.2808333,28.6675],[85.2658333,28.6725],[85.2566667,28.685],[85.2425,28.6925],[85.235,28.6916667],[85.2266667,28.695],[85.2108333,28.6925],[85.1691667,28.7]]},{"type":"LineString","coordinates":[[86.125,28.6675],[86.1133333,28.6558333],[86.0991667,28.6525]]},{"type":"LineString","coordinates":[[86.125,28.6675],[86.1275,28.6616667],[86.1383333,28.6525],[86.1475,28.6516667],[86.1558333,28.645],[86.2225,28.645]]},{"type":"LineString","coordinates":[[82.9525,28.6683333],[82.9575,28.6683333],[82.965,28.6558333],[82.9716667,28.6541667]]},{"type":"LineString","coordinates":[[82.9525,28.6683333],[82.9533333,28.6725],[82.9441667,28.6825],[82.9466667,28.6883333],[82.955,28.6941667],[82.9566667,28.7008333],[82.9616667,28.7041667]]},{"type":"LineString","coordinates":[[84.0041667,28.6691667],[84.0016667,28.6675],[83.9925,28.67],[83.9733333,28.6666667],[83.9525,28.675],[83.9258333,28.675],[83.9216667,28.6708333],[83.9158333,28.67],[83.9108333,28.675]]},{"type":"LineString","coordinates":[[84.0041667,28.6691667],[83.9991667,28.6733333],[83.9975,28.6791667],[83.985,28.69],[83.9833333,28.7],[83.9758333,28.71],[83.9733333,28.7208333],[83.9675,28.7275]]},{"type":"LineString","coordinates":[[85.9316667,28.6691667],[85.9308333,28.6583333],[85.9341667,28.6566667],[85.9316667,28.6425],[85.9125,28.6208333]]},{"type":"LineString","coordinates":[[85.9316667,28.6691667],[85.92,28.675],[85.9116667,28.6733333]]},{"type":"LineString","coordinates":[[80.4958333,28.67],[80.4966667,28.6733333],[80.4916667,28.6783333]]},{"type":"LineString","coordinates":[[80.4958333,28.67],[80.4883333,28.6725],[80.4758333,28.6833333],[80.465,28.6833333],[80.4608333,28.6916667],[80.455,28.6975],[80.4508333,28.6975],[80.4491667,28.7016667],[80.4433333,28.7058333],[80.4341667,28.7041667],[80.4233333,28.7116667],[80.4183333,28.7091667],[80.4125,28.7108333],[80.4091667,28.7166667],[80.3966667,28.7241667],[80.4016667,28.7333333],[80.4025,28.7425]]},{"type":"LineString","coordinates":[[82.4558333,28.67],[82.4608333,28.6691667],[82.4625,28.6716667],[82.4691667,28.67],[82.4758333,28.6725]]},{"type":"LineString","coordinates":[[82.4558333,28.67],[82.4591667,28.6725],[82.4566667,28.6766667],[82.4575,28.6866667],[82.455,28.6933333]]},{"type":"LineString","coordinates":[[84.2283333,28.6708333],[84.2441667,28.6941667],[84.2566667,28.705]]},{"type":"LineString","coordinates":[[84.2283333,28.6708333],[84.2183333,28.6758333],[84.2158333,28.6858333],[84.2066667,28.6916667],[84.2075,28.695],[84.2025,28.7],[84.2025,28.7108333],[84.1983333,28.7175]]},{"type":"LineString","coordinates":[[81.285,28.6725],[81.2908333,28.675],[81.295,28.6725],[81.3,28.6741667],[81.3033333,28.6708333],[81.3075,28.6733333],[81.3166667,28.6708333],[81.3258333,28.665],[81.3283333,28.6658333],[81.3308333,28.6625]]},{"type":"LineString","coordinates":[[81.285,28.6725],[81.2816667,28.695],[81.2666667,28.7033333],[81.2733333,28.7175],[81.2716667,28.7291667],[81.2558333,28.73],[81.2541667,28.7341667],[81.2591667,28.7408333]]},{"type":"LineString","coordinates":[[82.4758333,28.6725],[82.4875,28.6733333],[82.5008333,28.6683333],[82.505,28.6625],[82.51,28.66],[82.5208333,28.66],[82.525,28.655],[82.5391667,28.6466667],[82.5458333,28.6466667]]},{"type":"LineString","coordinates":[[82.4758333,28.6725],[82.4733333,28.6741667],[82.4741667,28.6775],[82.4808333,28.6816667],[82.4825,28.6875],[82.4866667,28.6908333],[82.485,28.7033333],[82.4916667,28.7058333],[82.4975,28.7116667]]},{"type":"LineString","coordinates":[[81.425,28.6733333],[81.4258333,28.6716667],[81.4191667,28.6675],[81.4233333,28.6658333],[81.4208333,28.6575],[81.4233333,28.6558333],[81.4225,28.65]]},{"type":"LineString","coordinates":[[81.425,28.6733333],[81.4316667,28.6758333],[81.4366667,28.6825],[81.4408333,28.6816667],[81.4575,28.6616667],[81.455,28.655],[81.4441667,28.6491667],[81.4475,28.6425],[81.455,28.6341667],[81.4616667,28.6375],[81.4716667,28.6191667],[81.4691667,28.6141667],[81.4758333,28.6091667],[81.4791667,28.6108333],[81.4833333,28.6183333],[81.4941667,28.6175],[81.4933333,28.6116667]]},{"type":"LineString","coordinates":[[85.9116667,28.6733333],[85.8716667,28.62],[85.8733333,28.615],[85.8683333,28.6058333],[85.8666667,28.5891667],[85.855,28.5733333],[85.8566667,28.5608333]]},{"type":"LineString","coordinates":[[85.9116667,28.6733333],[85.9016667,28.685],[85.8833333,28.6833333]]},{"type":"LineString","coordinates":[[82.6733333,28.6741667],[82.6808333,28.6766667],[82.6925,28.675]]},{"type":"LineString","coordinates":[[82.6733333,28.6741667],[82.6625,28.68],[82.66,28.6833333],[82.6608333,28.6875],[82.65,28.6975]]},{"type":"LineString","coordinates":[[84.87,28.6741667],[84.8783333,28.6641667],[84.8808333,28.6575],[84.8966667,28.6458333]]},{"type":"LineString","coordinates":[[84.87,28.6741667],[84.895,28.6816667]]},{"type":"LineString","coordinates":[[82.6925,28.675],[82.7025,28.6575],[82.7266667,28.64],[82.7333333,28.6408333],[82.7458333,28.6325],[82.7483333,28.6333333]]},{"type":"LineString","coordinates":[[82.6925,28.675],[82.6958333,28.6766667],[82.6983333,28.685]]},{"type":"LineString","coordinates":[[83.6025,28.675],[83.6025,28.6808333]]},{"type":"LineString","coordinates":[[83.6025,28.675],[83.6141667,28.6816667],[83.6241667,28.6941667],[83.6258333,28.6925],[83.6341667,28.6966667],[83.6341667,28.6991667],[83.6416667,28.7041667]]},{"type":"LineString","coordinates":[[83.9108333,28.675],[83.9058333,28.6741667],[83.8925,28.66]]},{"type":"LineString","coordinates":[[83.9108333,28.675],[83.9075,28.6791667],[83.8908333,28.67],[83.8733333,28.6691667],[83.8633333,28.6733333],[83.8633333,28.6758333],[83.8525,28.6866667],[83.8533333,28.6916667]]},{"type":"LineString","coordinates":[[86.435,28.675],[86.4325,28.6758333]]},{"type":"LineString","coordinates":[[86.435,28.675],[86.4366667,28.68],[86.4333333,28.6866667]]},{"type":"LineString","coordinates":[[82.2066667,28.6758333],[82.2091667,28.6675],[82.2083333,28.6616667],[82.2225,28.6441667],[82.2416667,28.6391667],[82.2458333,28.6433333],[82.2541667,28.6441667],[82.2583333,28.64],[82.265,28.64],[82.2725,28.6358333],[82.2725,28.6216667],[82.2825,28.6166667],[82.2833333,28.6108333],[82.2891667,28.6058333],[82.2858333,28.5966667],[82.295,28.5916667],[82.295,28.5866667],[82.29,28.58],[82.2925,28.575],[82.2891667,28.5616667]]},{"type":"LineString","coordinates":[[82.2066667,28.6758333],[82.2091667,28.6758333],[82.2116667,28.6783333],[82.2116667,28.6841667],[82.2141667,28.6866667],[82.2166667,28.6883333],[82.2191667,28.685],[82.225,28.6858333],[82.2308333,28.6891667],[82.2308333,28.6933333]]},{"type":"LineString","coordinates":[[86.4325,28.6758333],[86.4275,28.6783333],[86.42,28.6733333]]},{"type":"LineString","coordinates":[[86.4325,28.6758333],[86.4291667,28.6816667],[86.4158333,28.6883333]]},{"type":"LineString","coordinates":[[84.9616667,28.6766667],[84.9641667,28.6575],[84.9675,28.6525],[84.9666667,28.6475]]},{"type":"LineString","coordinates":[[84.9616667,28.6766667],[84.9716667,28.6716667],[84.9783333,28.6741667],[84.9916667,28.6833333],[84.9975,28.705],[85.0016667,28.71],[85.015,28.7191667],[85.0466667,28.7266667]]},{"type":"LineString","coordinates":[[81.0341667,28.6775],[81.045,28.6775]]},{"type":"LineString","coordinates":[[81.0341667,28.6775],[81.0341667,28.6825],[81.0266667,28.6816667],[81.025,28.6833333],[81.0275,28.6866667],[81.025,28.6933333],[81.0291667,28.6941667]]},{"type":"LineString","coordinates":[[80.4916667,28.6783333],[80.4925,28.6808333],[80.4891667,28.6833333],[80.4916667,28.6858333],[80.4891667,28.6891667],[80.4958333,28.6966667],[80.49,28.7058333]]},{"type":"LineString","coordinates":[[80.4916667,28.6783333],[80.4816667,28.6841667],[80.4741667,28.695],[80.4625,28.7],[80.4625,28.7058333],[80.46,28.7083333],[80.4625,28.7125],[80.4583333,28.7191667],[80.46,28.7241667],[80.4566667,28.7283333],[80.465,28.7325],[80.4633333,28.7358333],[80.4708333,28.7441667],[80.4716667,28.7525]]},{"type":"LineString","coordinates":[[82.8633333,28.6808333],[82.8708333,28.6733333],[82.8758333,28.6641667],[82.8758333,28.6583333],[82.8791667,28.6558333],[82.89,28.6541667],[82.8941667,28.6591667],[82.8975,28.6591667],[82.9008333,28.6525],[82.9083333,28.6525],[82.9158333,28.6458333],[82.935,28.6491667]]},{"type":"LineString","coordinates":[[82.8633333,28.6808333],[82.8683333,28.69],[82.8633333,28.705],[82.8658333,28.7108333],[82.8725,28.7158333],[82.8608333,28.7308333]]},{"type":"LineString","coordinates":[[80.285,28.6816667],[80.2825,28.6766667],[80.2808333,28.68],[80.2766667,28.6791667],[80.2716667,28.6833333],[80.2666667,28.68],[80.265,28.6675],[80.2616667,28.6633333],[80.2525,28.6608333],[80.2498927,28.6548927]]},{"type":"LineString","coordinates":[[80.285,28.6816667],[80.28,28.6883333],[80.2675,28.69],[80.265,28.6875],[80.2583333,28.6875]]},{"type":"LineString","coordinates":[[84.895,28.6816667],[84.9058333,28.6858333],[84.9216667,28.6808333],[84.9258333,28.6825],[84.9383333,28.6783333],[84.9616667,28.6766667]]},{"type":"LineString","coordinates":[[84.895,28.6816667],[84.8933333,28.6908333],[84.9041667,28.7025],[84.915,28.7066667]]},{"type":"LineString","coordinates":[[86.1375,28.6825],[86.1333333,28.6725],[86.125,28.6675]]},{"type":"LineString","coordinates":[[86.1375,28.6825],[86.1408333,28.6791667]]},{"type":"LineString","coordinates":[[85.8833333,28.6833333],[85.86,28.6741667],[85.855,28.6766667],[85.8508333,28.6683333],[85.8475,28.6691667],[85.845,28.665],[85.8366667,28.6616667]]},{"type":"LineString","coordinates":[[85.8833333,28.6833333],[85.875,28.6941667],[85.8891667,28.6991667],[85.8966667,28.7166667],[85.8908333,28.7258333],[85.8633333,28.7316667],[85.8508333,28.7191667],[85.8475,28.7191667],[85.8366667,28.7208333],[85.835,28.7266667],[85.8291667,28.7291667],[85.8225,28.725],[85.8133333,28.7266667],[85.8033333,28.7241667],[85.7833333,28.7133333],[85.7783333,28.7066667],[85.77,28.6791667],[85.7608333,28.6666667]]},{"type":"LineString","coordinates":[[82.6983333,28.685],[82.7091667,28.6958333]]},{"type":"LineString","coordinates":[[82.6983333,28.685],[82.7025,28.6958333],[82.6966667,28.6991667],[82.6958333,28.705],[82.69,28.7125],[82.6891667,28.7291667],[82.6866667,28.7333333]]},{"type":"LineString","coordinates":[[80.32,28.6858333],[80.3216667,28.6883333],[80.3191667,28.6958333],[80.315,28.6975],[80.3158333,28.7],[80.3075,28.7033333],[80.3033333,28.7091667],[80.3033333,28.72],[80.3083333,28.7266667],[80.3016667,28.7375],[80.3025,28.7416667],[80.2966667,28.7458333]]},{"type":"LineString","coordinates":[[80.32,28.6858333],[80.3216667,28.6875],[80.325,28.685],[80.3241667,28.6966667],[80.3341667,28.7025],[80.3358333,28.7108333],[80.3458333,28.7258333],[80.3408333,28.7341667],[80.3458333,28.7375],[80.3358333,28.7425],[80.3258333,28.7516667],[80.3208333,28.7508333],[80.3208333,28.7566667],[80.3275,28.76],[80.3283333,28.7641667]]},{"type":"LineString","coordinates":[[83.4258333,28.6866667],[83.4258333,28.6891667]]},{"type":"LineString","coordinates":[[83.4258333,28.6866667],[83.4408333,28.6966667],[83.4375,28.7025],[83.4391667,28.7066667],[83.4375,28.7116667],[83.4416667,28.7216667],[83.4466667,28.7266667],[83.4458333,28.7308333],[83.4525,28.7383333],[83.4625,28.74],[83.4641667,28.7441667],[83.4741667,28.7516667],[83.4841667,28.7466667],[83.4908333,28.7508333],[83.4983333,28.7458333]]},{"type":"LineString","coordinates":[[84.8008333,28.6866667],[84.8033333,28.6916667]]},{"type":"LineString","coordinates":[[84.8008333,28.6866667],[84.7916667,28.695],[84.7866667,28.6933333],[84.7783333,28.6991667]]},{"type":"LineString","coordinates":[[80.2583333,28.6875],[80.24,28.6891667],[80.2275,28.6966667],[80.2191667,28.6958333],[80.2102251,28.7028323]]},{"type":"LineString","coordinates":[[80.2583333,28.6875],[80.2541667,28.6933333],[80.26,28.7025],[80.2575,28.7091667],[80.26,28.7191667],[80.2533333,28.725],[80.25,28.725]]},{"type":"LineString","coordinates":[[86.4158333,28.6883333],[86.4191667,28.6816667],[86.4083333,28.6791667],[86.39,28.6666667],[86.3733333,28.6725],[86.3675,28.6675],[86.3516667,28.6675],[86.3425,28.6591667],[86.3266667,28.655]]},{"type":"LineString","coordinates":[[86.4158333,28.6883333],[86.4141667,28.7008333],[86.4091667,28.7025]]},{"type":"LineString","coordinates":[[80.58,28.6891667],[80.5833333,28.69],[80.5833333,28.6983333],[80.5858333,28.7],[80.5808333,28.7025],[80.5808333,28.7075],[80.5783333,28.7075],[80.58,28.7191667]]},{"type":"LineString","coordinates":[[80.58,28.6891667],[80.5766667,28.6908333],[80.5716667,28.6816667],[80.5633333,28.6816667],[80.5508333,28.695],[80.5441667,28.6966667],[80.5425,28.7058333],[80.5375,28.7133333],[80.5391667,28.7166667],[80.5425,28.7166667],[80.545,28.7116667],[80.5491667,28.71],[80.55,28.7133333],[80.5466667,28.7166667],[80.5566667,28.7208333],[80.555,28.7225],[80.5566667,28.7283333],[80.5533333,28.7325],[80.5375,28.7375],[80.5391667,28.74],[80.5483333,28.7416667],[80.5541667,28.7483333],[80.5441667,28.7525],[80.5408333,28.7566667],[80.5425,28.7608333],[80.5341667,28.7675],[80.5358333,28.7708333],[80.545,28.77],[80.5491667,28.7725],[80.5483333,28.7816667],[80.545,28.7858333]]},{"type":"LineString","coordinates":[[80.8283333,28.69],[80.8308333,28.6908333],[80.8333333,28.6883333],[80.84,28.6941667],[80.8383333,28.6958333],[80.8508333,28.7066667],[80.8475,28.71],[80.85,28.715]]},{"type":"LineString","coordinates":[[80.8283333,28.69],[80.825,28.6991667],[80.8208333,28.7016667],[80.8266667,28.7033333],[80.8266667,28.7108333],[80.8225,28.7158333],[80.8225,28.72],[80.8191667,28.7216667],[80.8225,28.7266667],[80.8216667,28.7341667],[80.8158333,28.7408333],[80.8166667,28.7466667],[80.82,28.7491667],[80.8191667,28.7525],[80.8225,28.755],[80.82,28.7608333],[80.825,28.7633333],[80.8241667,28.7658333]]},{"type":"LineString","coordinates":[[87.035,28.69],[87.0308333,28.6883333],[87.0225,28.6933333],[87.0158333,28.6916667],[87.0133333,28.695],[87.0041667,28.695],[87.0025,28.6975],[86.9875,28.6933333],[86.9758333,28.7008333],[86.9658333,28.6983333],[86.9408333,28.7041667],[86.9183333,28.7033333]]},{"type":"LineString","coordinates":[[87.035,28.69],[87.0141667,28.7308333],[87.0133333,28.7391667],[87.0033333,28.7525],[87.0058333,28.775],[86.99,28.7883333]]},{"type":"LineString","coordinates":[[82.2308333,28.6933333],[82.2325,28.7033333],[82.245,28.7125],[82.2608333,28.7075],[82.2608333,28.7033333],[82.265,28.6991667],[82.2708333,28.6983333],[82.2733333,28.6925],[82.2791667,28.6933333]]},{"type":"LineString","coordinates":[[82.2308333,28.6933333],[82.205,28.7091667],[82.2083333,28.7141667],[82.2083333,28.7216667],[82.2108333,28.7233333],[82.2016667,28.7266667],[82.2,28.7366667],[82.1966667,28.7416667]]},{"type":"LineString","coordinates":[[82.2791667,28.6933333],[82.3108333,28.6766667],[82.3241667,28.675],[82.3508333,28.66]]},{"type":"LineString","coordinates":[[82.2791667,28.6933333],[82.2808333,28.6983333],[82.2758333,28.7066667],[82.285,28.715],[82.2883333,28.7275],[82.2833333,28.7325],[82.29,28.7375],[82.2891667,28.7416667],[82.2841667,28.7466667],[82.29,28.7566667],[82.2833333,28.7625],[82.2925,28.775],[82.2933333,28.7841667],[82.2958333,28.7858333]]},{"type":"LineString","coordinates":[[80.6725,28.6958333],[80.6808333,28.7016667],[80.6825,28.7141667],[80.685,28.7158333],[80.6816667,28.7216667],[80.6833333,28.7266667],[80.6766667,28.7291667],[80.675,28.735],[80.685,28.7383333],[80.6833333,28.7416667],[80.6791667,28.7425],[80.6783333,28.7466667],[80.685,28.7466667],[80.6858333,28.7491667],[80.6783333,28.755],[80.6866667,28.7558333],[80.6875,28.7583333],[80.6816667,28.76],[80.6958333,28.7641667],[80.6991667,28.7683333],[80.6983333,28.7716667],[80.7016667,28.7766667],[80.6975,28.7833333],[80.7041667,28.7958333]]},{"type":"LineString","coordinates":[[80.6725,28.6958333],[80.67,28.7025],[80.6741667,28.7075],[80.6741667,28.7166667],[80.6675,28.7191667],[80.6666667,28.7175],[80.6641667,28.72],[80.66,28.7291667],[80.6608333,28.7358333],[80.6525,28.7441667],[80.6558333,28.7466667],[80.6566667,28.76],[80.6625,28.765],[80.6625,28.7691667],[80.6525,28.7725],[80.645,28.7691667],[80.64,28.7766667],[80.6316667,28.7825],[80.6325,28.7933333],[80.6408333,28.8183333],[80.6475,28.85],[80.6641667,28.8616667],[80.6716667,28.87],[80.6708333,28.875],[80.6758333,28.8783333],[80.6708333,28.8875],[80.6716667,28.895],[80.675,28.8983333],[80.67,28.9025],[80.6725,28.9091667],[80.6708333,28.9108333],[80.6716667,28.9225]]},{"type":"LineString","coordinates":[[85.2808333,28.6966667],[85.3058333,28.7041667],[85.325,28.7058333],[85.33,28.7008333],[85.3416667,28.6966667],[85.35,28.69],[85.3516667,28.67]]},{"type":"LineString","coordinates":[[85.2808333,28.6966667],[85.2791667,28.7033333],[85.2816667,28.7075],[85.28,28.7091667],[85.2883333,28.7233333],[85.29,28.7341667],[85.2958333,28.7391667]]},{"type":"LineString","coordinates":[[81.725,28.6983333],[81.7308333,28.6966667],[81.7366667,28.6991667],[81.7375,28.6916667],[81.7416667,28.685],[81.7483333,28.6841667],[81.7516667,28.6783333],[81.7591667,28.6758333],[81.7625,28.6808333],[81.7658333,28.6816667]]},{"type":"LineString","coordinates":[[81.725,28.6983333],[81.7283333,28.705],[81.7341667,28.7091667]]},{"type":"LineString","coordinates":[[84.775,28.6991667],[84.7725,28.6958333],[84.7725,28.6866667],[84.765,28.6791667],[84.7591667,28.665]]},{"type":"LineString","coordinates":[[84.775,28.6991667],[84.7708333,28.7008333],[84.745,28.6991667],[84.74,28.7025],[84.7275,28.7016667],[84.7183333,28.7041667],[84.7158333,28.7116667],[84.7041667,28.7216667],[84.6891667,28.7266667],[84.6808333,28.735],[84.6725,28.7375],[84.6683333,28.7433333],[84.6525,28.7516667],[84.6458333,28.7591667],[84.6308333,28.7666667],[84.6266667,28.7708333],[84.625,28.7833333],[84.6158333,28.7975]]},{"type":"LineString","coordinates":[[84.7783333,28.6991667],[84.775,28.6991667]]},{"type":"LineString","coordinates":[[84.7783333,28.6991667],[84.7741667,28.7225],[84.7708333,28.7291667],[84.7716667,28.7425],[84.7666667,28.75],[84.7675,28.755]]},{"type":"LineString","coordinates":[[87.2041667,28.7016667],[87.2108333,28.7116667],[87.21,28.725],[87.2158333,28.7325]]},{"type":"LineString","coordinates":[[87.2041667,28.7016667],[87.205,28.7325],[87.1966667,28.7475],[87.1866667,28.755],[87.1808333,28.7641667],[87.1766667,28.79],[87.1766667,28.8141667],[87.1975,28.835],[87.2,28.8425],[87.1916667,28.8575],[87.1758333,28.8633333]]},{"type":"LineString","coordinates":[[86.4091667,28.7025],[86.4066667,28.7025],[86.405,28.7083333],[86.3933333,28.7141667],[86.3825,28.7108333]]},{"type":"LineString","coordinates":[[86.4091667,28.7025],[86.4116667,28.71],[86.4083333,28.7116667],[86.4141667,28.7158333],[86.4108333,28.7191667],[86.4125,28.7208333]]},{"type":"LineString","coordinates":[[86.9183333,28.7033333],[86.9141667,28.7083333],[86.9183333,28.7133333],[86.9158333,28.72],[86.9108333,28.7208333],[86.9133333,28.7333333],[86.9091667,28.7391667],[86.9091667,28.7466667],[86.8958333,28.7591667]]},{"type":"LineString","coordinates":[[86.9183333,28.7033333],[86.9141667,28.7008333],[86.9066667,28.7066667],[86.8983333,28.7058333],[86.8916667,28.71],[86.8808333,28.7066667],[86.8716667,28.715],[86.8641667,28.7166667],[86.8466667,28.7133333],[86.8383333,28.7208333],[86.8333333,28.7191667],[86.8216667,28.7258333],[86.8091667,28.7233333],[86.795,28.7291667],[86.7958333,28.74],[86.8033333,28.7441667],[86.8091667,28.755],[86.8025,28.775]]},{"type":"LineString","coordinates":[[82.9616667,28.7041667],[82.9708333,28.705],[82.98,28.7016667],[82.9933333,28.7066667],[83.0133333,28.7091667],[83.02,28.7141667],[83.0266667,28.7141667],[83.03,28.7116667],[83.0491667,28.7133333]]},{"type":"LineString","coordinates":[[82.9616667,28.7041667],[82.9633333,28.71],[82.9608333,28.7125],[82.9441667,28.7208333],[82.9458333,28.7275],[82.9541667,28.735],[82.9616667,28.7358333],[82.9725,28.7433333],[82.985,28.7475],[83.0008333,28.765]]},{"type":"LineString","coordinates":[[83.6416667,28.7041667],[83.6566667,28.71],[83.6591667,28.7141667]]},{"type":"LineString","coordinates":[[83.6416667,28.7041667],[83.645,28.7225],[83.6391667,28.725],[83.6358333,28.7308333],[83.6216667,28.7358333],[83.6058333,28.7533333]]},{"type":"LineString","coordinates":[[84.2566667,28.705],[84.2733333,28.7125],[84.2925,28.7041667]]},{"type":"LineString","coordinates":[[84.2566667,28.705],[84.2575,28.7183333],[84.2608333,28.7225],[84.2625,28.7316667]]},{"type":"LineString","coordinates":[[84.915,28.7066667],[84.9125,28.7133333]]},{"type":"LineString","coordinates":[[84.915,28.7066667],[84.9175,28.7066667],[84.9308333,28.7133333],[84.9391667,28.7133333],[84.9466667,28.7183333],[84.9591667,28.7408333],[84.96,28.7508333],[84.9633333,28.7575],[84.9725,28.7666667],[84.9741667,28.7741667],[84.9666667,28.8008333],[84.9658333,28.8116667]]},{"type":"LineString","coordinates":[[80.2053723,28.708697],[80.1990914,28.7162876]]},{"type":"LineString","coordinates":[[80.915,28.7091667],[80.915,28.7125],[80.9083333,28.7166667],[80.9058333,28.725]]},{"type":"LineString","coordinates":[[80.915,28.7091667],[80.9283333,28.7141667],[80.9366667,28.725],[80.9433333,28.725],[80.9491667,28.7283333],[80.9533333,28.7333333],[80.9566667,28.7458333]]},{"type":"LineString","coordinates":[[83.0491667,28.7133333],[83.0633333,28.7041667],[83.07,28.695],[83.0866667,28.6866667],[83.1008333,28.6866667],[83.1083333,28.6908333]]},{"type":"LineString","coordinates":[[83.0491667,28.7133333],[83.075,28.7308333]]},{"type":"LineString","coordinates":[[83.6591667,28.7141667],[83.665,28.7116667]]},{"type":"LineString","coordinates":[[83.6591667,28.7141667],[83.6766667,28.7266667],[83.68,28.7383333],[83.6875,28.7433333],[83.6875,28.7466667],[83.6958333,28.7541667]]},{"type":"LineString","coordinates":[[84.1983333,28.7175],[84.1883333,28.7166667],[84.175,28.7216667],[84.1675,28.7316667],[84.1358333,28.75],[84.1325,28.7475],[84.0975,28.7483333],[84.0908333,28.7508333],[84.0883333,28.755],[84.0783333,28.7566667]]},{"type":"LineString","coordinates":[[84.1983333,28.7175],[84.1991667,28.725],[84.1958333,28.7308333],[84.1958333,28.7366667],[84.1841667,28.7491667],[84.1841667,28.7558333],[84.1791667,28.7666667],[84.1683333,28.7816667],[84.1625,28.7833333],[84.155,28.79],[84.1408333,28.7925],[84.1333333,28.7975],[84.1233333,28.795],[84.1208333,28.7983333],[84.1041667,28.8016667],[84.0983333,28.8058333]]},{"type":"LineString","coordinates":[[80.197301,28.7184514],[80.1991667,28.7291667],[80.1941667,28.7375],[80.1958333,28.74],[80.2058333,28.7416667],[80.205,28.7458333],[80.2008333,28.7491667],[80.2008333,28.7558333],[80.2133333,28.7691667],[80.2191667,28.7883333]]},{"type":"LineString","coordinates":[[86.4125,28.7208333],[86.4041667,28.7316667],[86.3966667,28.73],[86.395,28.7341667],[86.3858333,28.7366667]]},{"type":"LineString","coordinates":[[86.4125,28.7208333],[86.4175,28.7225],[86.4158333,28.7291667],[86.42,28.7308333],[86.4175,28.735],[86.4225,28.7375],[86.42,28.74],[86.4241667,28.7425]]},{"type":"LineString","coordinates":[[81.6891667,28.7216667],[81.6858333,28.7183333],[81.6866667,28.7141667]]},{"type":"LineString","coordinates":[[81.6891667,28.7216667],[81.7108333,28.7091667],[81.7133333,28.705],[81.7166667,28.705],[81.7216667,28.6983333],[81.725,28.6983333]]},{"type":"LineString","coordinates":[[82.0241667,28.7233333],[82.0208333,28.7275],[82.0125,28.73],[81.9966667,28.7291667],[81.97,28.7366667],[81.9533333,28.7375],[81.9366667,28.7416667]]},{"type":"LineString","coordinates":[[82.0241667,28.7233333],[82.0325,28.7308333],[82.0383333,28.7308333],[82.0425,28.7341667],[82.0575,28.75],[82.0575,28.7566667],[82.0608333,28.7608333]]},{"type":"LineString","coordinates":[[80.9058333,28.725],[80.91,28.7325],[80.9183333,28.7333333],[80.9133333,28.7441667],[80.9141667,28.7558333],[80.9108333,28.7616667]]},{"type":"LineString","coordinates":[[80.9058333,28.725],[80.8966667,28.7375],[80.8883333,28.7425],[80.8825,28.7541667],[80.8808333,28.7891667],[80.8866667,28.805],[80.8866667,28.8233333],[80.8916667,28.83],[80.8883333,28.8341667],[80.8916667,28.8366667],[80.8991667,28.8358333],[80.905,28.8475],[80.9191667,28.8466667],[80.9208333,28.8483333],[80.9141667,28.8525],[80.905,28.8525],[80.8975,28.8625]]},{"type":"LineString","coordinates":[[85.0466667,28.7266667],[85.0591667,28.7166667],[85.0683333,28.7141667]]},{"type":"LineString","coordinates":[[85.0466667,28.7266667],[85.0575,28.735],[85.0641667,28.7441667],[85.0716667,28.7475]]},{"type":"LineString","coordinates":[[81.42,28.7275],[81.4116667,28.7233333],[81.4083333,28.7183333],[81.4183333,28.7016667],[81.4116667,28.7025],[81.4083333,28.6975],[81.4041667,28.6966667],[81.3983333,28.6991667],[81.3966667,28.695],[81.3883333,28.6891667],[81.3875,28.685],[81.3916667,28.6825],[81.405,28.685],[81.4108333,28.6783333],[81.425,28.6733333]]},{"type":"LineString","coordinates":[[81.42,28.7275],[81.4208333,28.72],[81.435,28.7108333],[81.4358333,28.7166667],[81.4391667,28.72],[81.4491667,28.7266667],[81.4575,28.7283333],[81.4708333,28.7191667],[81.4741667,28.7116667],[81.4791667,28.7075],[81.485,28.7083333],[81.49,28.705],[81.5058333,28.7083333],[81.5175,28.7166667],[81.5216667,28.725],[81.525,28.7258333],[81.5291667,28.7225],[81.5325,28.7233333],[81.54,28.72],[81.5558333,28.7033333],[81.5641667,28.6891667],[81.5883333,28.6725]]},{"type":"LineString","coordinates":[[83.9675,28.7275],[83.9508333,28.7266667]]},{"type":"LineString","coordinates":[[83.9675,28.7275],[83.9708333,28.7416667],[83.9675,28.7508333],[83.9666667,28.765],[83.9758333,28.7758333],[83.975,28.7833333],[83.9725,28.785]]},{"type":"LineString","coordinates":[[86.69,28.7291667],[86.7008333,28.735],[86.7033333,28.7333333],[86.715,28.7416667]]},{"type":"LineString","coordinates":[[86.69,28.7291667],[86.6883333,28.7333333],[86.6916667,28.735],[86.6916667,28.7391667],[86.6858333,28.7491667]]},{"type":"LineString","coordinates":[[82.8608333,28.7308333],[82.8591667,28.7325],[82.8508333,28.73],[82.8483333,28.7325],[82.8416667,28.7483333],[82.8408333,28.7566667],[82.8316667,28.765],[82.8308333,28.7708333],[82.82,28.7808333]]},{"type":"LineString","coordinates":[[82.8608333,28.7308333],[82.8591667,28.7333333],[82.8625,28.7358333],[82.8833333,28.7416667],[82.8875,28.7466667],[82.89,28.7541667],[82.8866667,28.755],[82.8825,28.7625],[82.8891667,28.7766667],[82.9175,28.7958333],[82.9316667,28.7991667]]},{"type":"LineString","coordinates":[[84.2625,28.7316667],[84.2658333,28.7425],[84.2791667,28.75],[84.2808333,28.76],[84.275,28.7658333],[84.2741667,28.7716667]]},{"type":"LineString","coordinates":[[84.2625,28.7316667],[84.245,28.745],[84.23,28.7691667],[84.2158333,28.78],[84.2125,28.7908333],[84.2133333,28.8008333],[84.21,28.8033333],[84.2091667,28.8116667]]},{"type":"LineString","coordinates":[[87.2158333,28.7325],[87.2333333,28.7291667],[87.255,28.7308333],[87.2816667,28.7191667],[87.2866667,28.72],[87.3125,28.7475],[87.3241667,28.7491667]]},{"type":"LineString","coordinates":[[87.2158333,28.7325],[87.2333333,28.7475],[87.2358333,28.7641667],[87.2425,28.7741667]]},{"type":"LineString","coordinates":[[82.6866667,28.7333333],[82.6908333,28.7375],[82.6966667,28.7366667],[82.7008333,28.74],[82.705,28.7391667],[82.71,28.7433333],[82.7091667,28.745],[82.7141667,28.7483333],[82.7133333,28.7508333],[82.7183333,28.7608333],[82.7225,28.7633333]]},{"type":"LineString","coordinates":[[82.6866667,28.7333333],[82.6833333,28.7383333],[82.6775,28.7408333],[82.6791667,28.7475],[82.6733333,28.7533333],[82.675,28.7583333],[82.6725,28.7625],[82.6766667,28.7708333],[82.6741667,28.7758333],[82.6825,28.7833333],[82.6966667,28.79],[82.6975,28.7925]]},{"type":"LineString","coordinates":[[86.3858333,28.7366667],[86.3816667,28.7316667],[86.3758333,28.7316667],[86.3566667,28.7225],[86.3491667,28.7158333],[86.3391667,28.7183333]]},{"type":"LineString","coordinates":[[86.3858333,28.7366667],[86.3858333,28.7391667],[86.3833333,28.7366667],[86.3808333,28.74],[86.3716667,28.7383333],[86.37,28.745],[86.3658333,28.745],[86.3541667,28.7541667],[86.3375,28.7508333],[86.32,28.755],[86.285,28.7433333],[86.2791667,28.725]]},{"type":"LineString","coordinates":[[86.1483333,28.7383333],[86.1375,28.6825]]},{"type":"LineString","coordinates":[[86.1483333,28.7383333],[86.1175,28.7375],[86.1075,28.7425]]},{"type":"LineString","coordinates":[[85.2958333,28.7391667],[85.3183333,28.7266667],[85.33,28.7266667],[85.335,28.7233333]]},{"type":"LineString","coordinates":[[85.2958333,28.7391667],[85.3016667,28.7425],[85.2991667,28.7475],[85.305,28.7566667],[85.3033333,28.7591667]]},{"type":"LineString","coordinates":[[81.2591667,28.7408333],[81.2675,28.74],[81.275,28.7475],[81.2816667,28.75],[81.285,28.755],[81.2941667,28.76],[81.2966667,28.765],[81.2991667,28.7641667],[81.3033333,28.7675],[81.3075,28.7766667],[81.32,28.7808333],[81.325,28.78]]},{"type":"LineString","coordinates":[[81.2591667,28.7408333],[81.2616667,28.7491667],[81.2516667,28.7541667],[81.2483333,28.7591667],[81.2508333,28.7691667],[81.2491667,28.7775],[81.245,28.7825],[81.2316667,28.7866667]]},{"type":"LineString","coordinates":[[80.4025,28.7425],[80.415,28.7483333],[80.4175,28.7516667]]},{"type":"LineString","coordinates":[[80.4025,28.7425],[80.4008333,28.7466667],[80.3916667,28.7508333],[80.3933333,28.7616667],[80.39,28.765],[80.3841667,28.7675],[80.3775,28.7658333],[80.37,28.7733333],[80.3625,28.7725],[80.36,28.7783333]]},{"type":"LineString","coordinates":[[86.4241667,28.7425],[86.4283333,28.745],[86.4375,28.7416667],[86.4491667,28.73],[86.4658333,28.7225],[86.4816667,28.7375],[86.4983333,28.7375],[86.5116667,28.7458333],[86.5233333,28.7475]]},{"type":"LineString","coordinates":[[86.4241667,28.7425],[86.4183333,28.7541667],[86.4216667,28.7575],[86.415,28.7658333]]},{"type":"LineString","coordinates":[[80.2966667,28.7458333],[80.295,28.75],[80.2991667,28.7583333],[80.2975,28.7641667],[80.3,28.7641667],[80.3025,28.7683333],[80.3,28.7708333],[80.3025,28.7766667],[80.2975,28.7775],[80.2975,28.7808333],[80.3,28.7791667],[80.3016667,28.7808333],[80.3008333,28.7866667],[80.2958333,28.7891667],[80.295,28.7966667],[80.2908333,28.7983333]]},{"type":"LineString","coordinates":[[80.2966667,28.7458333],[80.2891667,28.7441667],[80.2891667,28.7466667],[80.2866667,28.7475],[80.2791667,28.7441667],[80.2708333,28.7483333],[80.2708333,28.7516667],[80.2666667,28.7516667],[80.2708333,28.7575],[80.2625,28.7658333],[80.2516667,28.7683333],[80.2525,28.775],[80.2566667,28.7783333],[80.2541667,28.7875],[80.2641667,28.7966667],[80.2741667,28.8233333]]},{"type":"LineString","coordinates":[[86.6858333,28.7491667],[86.68,28.7475],[86.675,28.75],[86.67,28.7583333]]},{"type":"LineString","coordinates":[[86.6858333,28.7491667],[86.6833333,28.7541667],[86.6908333,28.7633333],[86.6916667,28.7725],[86.7025,28.7841667],[86.7016667,28.7883333]]},{"type":"LineString","coordinates":[[83.6958333,28.7541667],[83.6958333,28.7608333],[83.6991667,28.765],[83.7141667,28.7725]]},{"type":"LineString","coordinates":[[83.6958333,28.7541667],[83.6891667,28.76],[83.6841667,28.7691667],[83.6783333,28.7708333],[83.6625,28.7841667]]},{"type":"LineString","coordinates":[[84.7675,28.755],[84.7525,28.7591667],[84.7258333,28.7583333]]},{"type":"LineString","coordinates":[[84.7675,28.755],[84.7783333,28.7766667],[84.8033333,28.7891667],[84.8083333,28.7966667]]},{"type":"LineString","coordinates":[[80.7591667,28.7566667],[80.7633333,28.7575],[80.7691667,28.7683333],[80.7741667,28.7708333],[80.7783333,28.7691667],[80.7783333,28.7758333],[80.7908333,28.7958333]]},{"type":"LineString","coordinates":[[80.7591667,28.7566667],[80.7683333,28.8066667]]},{"type":"LineString","coordinates":[[86.67,28.7583333],[86.66,28.7675],[86.6341667,28.765],[86.6266667,28.7733333],[86.62,28.7733333]]},{"type":"LineString","coordinates":[[86.67,28.7583333],[86.67,28.7675],[86.6525,28.7833333]]},{"type":"LineString","coordinates":[[87.8558333,28.7583333],[87.8533333,28.7641667],[87.855,28.775]]},{"type":"LineString","coordinates":[[87.8558333,28.7583333],[87.8775,28.77],[87.8841667,28.7808333],[87.9041667,28.7975],[87.9175,28.8]]},{"type":"LineString","coordinates":[[85.3033333,28.7591667],[85.3075,28.7666667]]},{"type":"LineString","coordinates":[[85.3033333,28.7591667],[85.3008333,28.7575],[85.2958333,28.7591667],[85.2908333,28.7616667],[85.2866667,28.7675],[85.2733333,28.765],[85.2683333,28.77],[85.2633333,28.765],[85.2458333,28.7608333],[85.2325,28.7525],[85.2225,28.7533333],[85.2125,28.7508333],[85.2033333,28.7525]]},{"type":"LineString","coordinates":[[82.0608333,28.7608333],[82.055,28.7625],[82.0383333,28.7775],[82.0316667,28.7775],[82.03,28.78],[82.015,28.7841667]]},{"type":"LineString","coordinates":[[82.0608333,28.7608333],[82.07,28.7658333],[82.0766667,28.7666667],[82.08,28.7733333],[82.0991667,28.7833333],[82.1016667,28.7825],[82.1041667,28.7858333],[82.1033333,28.79],[82.1075,28.7933333],[82.1191667,28.7941667],[82.1241667,28.7975]]},{"type":"LineString","coordinates":[[81.6616667,28.7616667],[81.6683333,28.7483333],[81.6783333,28.7433333],[81.6758333,28.7366667],[81.6808333,28.735],[81.68,28.7308333],[81.6841667,28.7291667],[81.6833333,28.7258333],[81.6891667,28.7216667]]},{"type":"LineString","coordinates":[[81.6616667,28.7616667],[81.665,28.7658333],[81.6708333,28.7658333],[81.68,28.7733333]]},{"type":"LineString","coordinates":[[86.185,28.7641667],[86.1608333,28.7516667],[86.1483333,28.7383333]]},{"type":"LineString","coordinates":[[86.185,28.7641667],[86.1766667,28.7766667]]},{"type":"LineString","coordinates":[[86.415,28.7658333],[86.4108333,28.7675]]},{"type":"LineString","coordinates":[[86.415,28.7658333],[86.4175,28.7683333],[86.415,28.7725],[86.42,28.7808333],[86.415,28.7883333],[86.4166667,28.7925],[86.4141667,28.7975],[86.4108333,28.7991667],[86.4258333,28.8216667],[86.4283333,28.8358333],[86.4258333,28.8375],[86.43,28.8433333],[86.4266667,28.8491667],[86.43,28.8541667]]},{"type":"LineString","coordinates":[[85.3075,28.7666667],[85.3216667,28.7616667],[85.3325,28.7625]]},{"type":"LineString","coordinates":[[85.3075,28.7666667],[85.3116667,28.7741667],[85.3066667,28.78]]},{"type":"LineString","coordinates":[[86.2083333,28.7666667],[86.1991667,28.76],[86.185,28.7641667]]},{"type":"LineString","coordinates":[[86.2083333,28.7666667],[86.2166667,28.7558333],[86.2125,28.7366667],[86.2166667,28.7316667]]},{"type":"LineString","coordinates":[[86.4108333,28.7675],[86.4041667,28.7716667],[86.3908333,28.7691667],[86.3833333,28.7741667],[86.3608333,28.7783333],[86.3516667,28.79],[86.3391667,28.7983333],[86.3225,28.8008333],[86.3141667,28.8083333],[86.2775,28.8125],[86.2708333,28.8058333],[86.2341667,28.7941667],[86.2166667,28.7716667],[86.2083333,28.7666667]]},{"type":"LineString","coordinates":[[86.4108333,28.7675],[86.4016667,28.7966667],[86.405,28.7991667],[86.4016667,28.8016667],[86.4016667,28.8058333],[86.4066667,28.81],[86.405,28.8125],[86.4008333,28.8133333],[86.395,28.8225],[86.3891667,28.8225],[86.3841667,28.8275],[86.3691667,28.8241667],[86.3666667,28.82],[86.3616667,28.8191667]]},{"type":"LineString","coordinates":[[81.6283333,28.77],[81.6308333,28.7591667],[81.6275,28.755]]},{"type":"LineString","coordinates":[[81.6283333,28.77],[81.6358333,28.7691667],[81.64,28.7616667],[81.6508333,28.7625],[81.6558333,28.76],[81.6616667,28.7616667]]},{"type":"LineString","coordinates":[[84.2741667,28.7716667],[84.28,28.7816667],[84.29,28.7908333]]},{"type":"LineString","coordinates":[[84.2741667,28.7716667],[84.2733333,28.7766667],[84.2791667,28.7858333],[84.2766667,28.7958333],[84.28,28.8033333],[84.2775,28.8075],[84.2783333,28.8125],[84.2691667,28.8225],[84.2666667,28.8466667],[84.2558333,28.8566667],[84.235,28.865]]},{"type":"LineString","coordinates":[[83.7141667,28.7725],[83.7133333,28.7733333]]},{"type":"LineString","coordinates":[[83.7141667,28.7725],[83.7158333,28.7716667],[83.7175,28.7733333],[83.7308333,28.76],[83.7375,28.7583333],[83.7433333,28.7625],[83.76,28.755],[83.7641667,28.7558333],[83.77,28.7508333],[83.7766667,28.7508333]]},{"type":"LineString","coordinates":[[81.68,28.7733333],[81.6941667,28.7675]]},{"type":"LineString","coordinates":[[81.68,28.7733333],[81.6833333,28.7816667],[81.6841667,28.7958333],[81.6875,28.7983333],[81.685,28.8008333],[81.6858333,28.8033333]]},{"type":"LineString","coordinates":[[83.7133333,28.7733333],[83.715,28.7758333],[83.7225,28.7775],[83.7283333,28.7841667],[83.7508333,28.7883333],[83.7566667,28.7933333],[83.7591667,28.7991667],[83.7625,28.8],[83.7633333,28.8066667]]},{"type":"LineString","coordinates":[[83.7133333,28.7733333],[83.71,28.7816667],[83.6991667,28.7916667],[83.69,28.8108333],[83.6866667,28.8116667],[83.6775,28.8225]]},{"type":"LineString","coordinates":[[87.2425,28.7741667],[87.2491667,28.775],[87.2625,28.7683333]]},{"type":"LineString","coordinates":[[87.2425,28.7741667],[87.2608333,28.8033333]]},{"type":"LineString","coordinates":[[86.8025,28.775],[86.7975,28.7766667],[86.7966667,28.7825]]},{"type":"LineString","coordinates":[[86.8025,28.775],[86.8083333,28.7766667],[86.8158333,28.7875],[86.8158333,28.7925],[86.8283333,28.8008333]]},{"type":"LineString","coordinates":[[87.855,28.775],[87.8491667,28.7791667],[87.8408333,28.7766667],[87.8091667,28.7866667]]},{"type":"LineString","coordinates":[[87.855,28.775],[87.8558333,28.7866667],[87.8466667,28.7916667],[87.8508333,28.8],[87.8433333,28.8108333],[87.845,28.815],[87.84,28.8191667],[87.8408333,28.8275],[87.8375,28.8308333],[87.8325,28.8541667]]},{"type":"LineString","coordinates":[[86.1766667,28.7766667],[86.1275,28.7875],[86.1141667,28.7983333],[86.1083333,28.8083333]]},{"type":"LineString","coordinates":[[86.1766667,28.7766667],[86.1833333,28.8],[86.1758333,28.8191667]]},{"type":"LineString","coordinates":[[81.3275,28.7775],[81.3333333,28.7716667],[81.3483333,28.7708333],[81.3591667,28.7658333],[81.3666667,28.7558333],[81.38,28.7558333],[81.3816667,28.7533333],[81.3791667,28.7475],[81.3816667,28.745],[81.3941667,28.7433333],[81.4025,28.7466667],[81.4083333,28.7441667],[81.41,28.7341667],[81.4175,28.7341667],[81.4233333,28.7308333],[81.42,28.7275]]},{"type":"LineString","coordinates":[[81.3275,28.7775],[81.3358333,28.7791667],[81.3391667,28.775],[81.3433333,28.775],[81.35,28.78],[81.3558333,28.7775],[81.3583333,28.7791667],[81.3633333,28.7758333],[81.375,28.7791667],[81.3875,28.7775],[81.39,28.7833333],[81.4025,28.7825],[81.4083333,28.785]]},{"type":"LineString","coordinates":[[80.36,28.7783333],[80.3583333,28.78],[80.3608333,28.785],[80.3591667,28.7875],[80.3625,28.7925],[80.3533333,28.8025],[80.355,28.8066667]]},{"type":"LineString","coordinates":[[80.36,28.7783333],[80.365,28.7816667],[80.3675,28.7916667],[80.3808333,28.805],[80.3825,28.81],[80.3783333,28.8166667],[80.38,28.8216667],[80.3858333,28.8216667],[80.3866667,28.815],[80.3908333,28.8125],[80.4,28.8175],[80.4075,28.8183333],[80.4158333,28.83],[80.4141667,28.8391667],[80.4333333,28.8466667],[80.435,28.8575],[80.4408333,28.8608333],[80.4475,28.8608333],[80.4466667,28.8641667],[80.4516667,28.875],[80.4716667,28.8925],[80.4966667,28.9058333],[80.5058333,28.9166667],[80.5133333,28.9216667],[80.5183333,28.93],[80.5341667,28.9316667],[80.5391667,28.9375],[80.5366667,28.9408333],[80.54,28.945],[80.5391667,28.9491667],[80.5425,28.9516667],[80.54,28.9558333],[80.5466667,28.9575]]},{"type":"LineString","coordinates":[[81.58,28.7791667],[81.5841667,28.7833333]]},{"type":"LineString","coordinates":[[81.58,28.7791667],[81.5566667,28.7975],[81.5525,28.8141667],[81.5433333,28.8308333],[81.5375,28.8366667],[81.535,28.8491667],[81.5233333,28.8675]]},{"type":"LineString","coordinates":[[81.325,28.78],[81.3275,28.7775]]},{"type":"LineString","coordinates":[[81.325,28.78],[81.33,28.7858333],[81.3275,28.7958333],[81.3341667,28.805],[81.3333333,28.8066667]]},{"type":"LineString","coordinates":[[85.3066667,28.78],[85.3208333,28.7891667]]},{"type":"LineString","coordinates":[[85.3066667,28.78],[85.2983333,28.78],[85.295,28.7858333],[85.2975,28.7958333],[85.2966667,28.8008333],[85.2925,28.8033333],[85.29,28.81],[85.2916667,28.8258333]]},{"type":"LineString","coordinates":[[81.5841667,28.7833333],[81.595,28.7866667],[81.6,28.7816667],[81.61,28.7783333],[81.6108333,28.7758333],[81.6283333,28.77]]},{"type":"LineString","coordinates":[[81.5841667,28.7833333],[81.5791667,28.7908333],[81.5791667,28.795],[81.5825,28.7983333]]},{"type":"LineString","coordinates":[[82.015,28.7841667],[81.995,28.7908333],[81.9883333,28.79],[81.9841667,28.7941667],[81.9783333,28.7933333],[81.9741667,28.7983333],[81.9716667,28.7975],[81.9708333,28.8],[81.96,28.8058333],[81.9575,28.8108333],[81.9516667,28.8133333],[81.945,28.835]]},{"type":"LineString","coordinates":[[82.015,28.7841667],[82.0216667,28.7925],[82.0208333,28.7983333],[82.025,28.805],[82.025,28.8141667],[82.0275,28.8158333],[82.0241667,28.8241667],[82.0283333,28.8291667],[82.0283333,28.84],[82.0225,28.8458333],[82.025,28.8525],[82.02,28.865],[82.0225,28.8716667],[82.0208333,28.88],[82.0233333,28.8841667],[82.0225,28.9],[82.0283333,28.9066667]]},{"type":"LineString","coordinates":[[80.545,28.7858333],[80.5383333,28.79],[80.5383333,28.7941667]]},{"type":"LineString","coordinates":[[80.545,28.7858333],[80.555,28.7883333],[80.5566667,28.7908333],[80.555,28.7941667],[80.56,28.8041667],[80.5641667,28.805],[80.5691667,28.8016667],[80.5733333,28.8083333],[80.5783333,28.8083333],[80.5791667,28.8125],[80.5833333,28.8125],[80.5833333,28.815],[80.5883333,28.8175],[80.59,28.8241667],[80.5933333,28.825]]},{"type":"LineString","coordinates":[[82.2958333,28.7858333],[82.3091667,28.7875],[82.3366667,28.7841667],[82.3408333,28.7866667],[82.345,28.7858333],[82.3466667,28.79]]},{"type":"LineString","coordinates":[[82.2958333,28.7858333],[82.2991667,28.7916667]]},{"type":"LineString","coordinates":[[82.5191667,28.7858333],[82.5266667,28.7783333],[82.5408333,28.7808333],[82.5558333,28.7741667],[82.5575,28.7708333],[82.5608333,28.7725],[82.5691667,28.7708333],[82.575,28.775]]},{"type":"LineString","coordinates":[[82.5191667,28.7858333],[82.5375,28.8033333],[82.5666667,28.8158333]]},{"type":"LineString","coordinates":[[81.2316667,28.7866667],[81.2291667,28.7841667],[81.2166667,28.7833333],[81.2125,28.7891667],[81.205,28.79],[81.2016667,28.7941667],[81.1908333,28.7875]]},{"type":"LineString","coordinates":[[81.2316667,28.7866667],[81.2258333,28.7966667],[81.2383333,28.8025],[81.2416667,28.8116667],[81.23,28.8166667],[81.2291667,28.825],[81.2333333,28.8291667],[81.2316667,28.8325],[81.2075,28.8483333],[81.205,28.8533333],[81.2083333,28.8591667],[81.205,28.8633333],[81.2025,28.8641667],[81.1983333,28.8608333],[81.2,28.85],[81.195,28.835],[81.2075,28.8233333],[81.2066667,28.8191667],[81.2025,28.8166667],[81.18,28.8258333],[81.1733333,28.835],[81.165,28.835],[81.1566667,28.8283333],[81.1541667,28.8291667],[81.1525,28.8325],[81.1575,28.845],[81.1508333,28.85],[81.1475,28.8558333],[81.1441667,28.8725],[81.1383333,28.8725]]},{"type":"LineString","coordinates":[[87.8091667,28.7866667],[87.7975,28.7883333]]},{"type":"LineString","coordinates":[[87.8091667,28.7866667],[87.8033333,28.7908333]]},{"type":"LineString","coordinates":[[80.2191667,28.7883333],[80.2175,28.79],[80.2175,28.7925],[80.2208333,28.7941667],[80.2191667,28.8],[80.2166667,28.8016667],[80.2083333,28.7991667],[80.2,28.805],[80.1975,28.8125],[80.1891667,28.8233333],[80.19,28.8266667],[80.1841667,28.8291667]]},{"type":"LineString","coordinates":[[80.2191667,28.7883333],[80.2425,28.7958333],[80.2458333,28.8025],[80.2458333,28.815],[80.2541667,28.82],[80.2533333,28.8266667],[80.2475,28.8258333],[80.2475,28.8275],[80.25,28.8341667],[80.2525,28.8316667],[80.255,28.8366667]]},{"type":"LineString","coordinates":[[86.7016667,28.7883333],[86.7025,28.795],[86.7091667,28.8008333],[86.7558333,28.8116667]]},{"type":"LineString","coordinates":[[86.7016667,28.7883333],[86.6975,28.7916667],[86.6891667,28.7908333],[86.6816667,28.8066667],[86.6816667,28.8108333],[86.69,28.8191667],[86.6925,28.8433333],[86.6875,28.8508333],[86.6808333,28.8533333]]},{"type":"LineString","coordinates":[[82.3466667,28.79],[82.3516667,28.7875],[82.3541667,28.7783333],[82.3533333,28.7708333],[82.3558333,28.7675],[82.3716667,28.7633333],[82.3933333,28.7516667]]},{"type":"LineString","coordinates":[[82.3466667,28.79],[82.35,28.7933333],[82.3575,28.7916667],[82.3633333,28.795],[82.3641667,28.7991667],[82.3683333,28.8025],[82.3683333,28.81],[82.3741667,28.8158333],[82.3758333,28.8225],[82.3866667,28.8291667],[82.3891667,28.8341667],[82.3975,28.8375],[82.4008333,28.8425],[82.4125,28.845],[82.4166667,28.8483333]]},{"type":"LineString","coordinates":[[84.29,28.7908333],[84.3133333,28.7891667],[84.3308333,28.7775],[84.3408333,28.7783333],[84.36,28.7633333]]},{"type":"LineString","coordinates":[[84.29,28.7908333],[84.2966667,28.7958333],[84.3183333,28.7941667],[84.3308333,28.7991667],[84.34,28.7983333],[84.3625,28.8108333]]},{"type":"LineString","coordinates":[[82.2991667,28.7916667],[82.2908333,28.7991667],[82.2791667,28.805],[82.2725,28.8033333],[82.2691667,28.8058333],[82.2575,28.8033333],[82.2475,28.8141667],[82.245,28.8141667]]},{"type":"LineString","coordinates":[[82.2991667,28.7916667],[82.3041667,28.7991667],[82.3033333,28.805],[82.2991667,28.8083333],[82.3075,28.8241667],[82.2991667,28.8325],[82.2966667,28.8375],[82.2975,28.8425],[82.2883333,28.8533333],[82.29,28.8566667],[82.2883333,28.86],[82.2933333,28.8675],[82.2925,28.8758333],[82.2883333,28.8825]]},{"type":"LineString","coordinates":[[82.6975,28.7925],[82.7075,28.8016667],[82.7158333,28.8025]]},{"type":"LineString","coordinates":[[82.6975,28.7925],[82.695,28.795],[82.6958333,28.8008333],[82.6883333,28.8066667],[82.6841667,28.8166667]]},{"type":"LineString","coordinates":[[80.5383333,28.7941667],[80.5325,28.7958333],[80.5208333,28.81],[80.5158333,28.8108333],[80.5108333,28.8158333],[80.5175,28.8191667],[80.5141667,28.8241667],[80.5175,28.8266667],[80.5183333,28.8316667],[80.515,28.835],[80.5125,28.8316667],[80.5075,28.8325],[80.5058333,28.8366667],[80.5075,28.84],[80.5033333,28.8416667],[80.5025,28.8475]]},{"type":"LineString","coordinates":[[80.5383333,28.7941667],[80.5441667,28.7941667],[80.545,28.8016667],[80.5416667,28.8125],[80.5433333,28.8158333],[80.54,28.82],[80.5458333,28.8233333],[80.5416667,28.83],[80.5416667,28.8375],[80.5475,28.8408333],[80.565,28.8716667],[80.5875,28.8825],[80.5925,28.8866667],[80.5933333,28.8916667]]},{"type":"LineString","coordinates":[[80.7041667,28.7958333],[80.7033333,28.7991667]]},{"type":"LineString","coordinates":[[80.7041667,28.7958333],[80.7116667,28.7975],[80.7166667,28.8025]]},{"type":"LineString","coordinates":[[84.8083333,28.7966667],[84.8166667,28.8],[84.8341667,28.795]]},{"type":"LineString","coordinates":[[84.8083333,28.7966667],[84.7958333,28.805],[84.7833333,28.8075],[84.7725,28.8141667],[84.7608333,28.815],[84.7475,28.8233333],[84.7408333,28.8325],[84.7391667,28.8391667],[84.7558333,28.8591667]]},{"type":"LineString","coordinates":[[82.1241667,28.7975],[82.1275,28.81],[82.1183333,28.8258333],[82.1183333,28.8325],[82.1108333,28.84],[82.0925,28.8391667]]},{"type":"LineString","coordinates":[[82.1241667,28.7975],[82.1258333,28.7958333],[82.1308333,28.7983333],[82.1375,28.7975],[82.1416667,28.8008333],[82.1475,28.7991667],[82.15,28.8058333],[82.155,28.8108333],[82.1575,28.8225],[82.1558333,28.825],[82.1591667,28.8258333],[82.1566667,28.8308333],[82.1566667,28.8441667],[82.16,28.8566667],[82.1666667,28.8625],[82.1666667,28.8691667],[82.17,28.8708333],[82.1683333,28.8758333],[82.1725,28.8866667],[82.1708333,28.8958333],[82.1566667,28.91],[82.1508333,28.9116667],[82.1383333,28.9233333],[82.1375,28.9275],[82.1291667,28.9375],[82.1308333,28.945]]},{"type":"LineString","coordinates":[[84.6158333,28.7975],[84.595,28.8033333],[84.5908333,28.8],[84.5883333,28.8016667],[84.5733333,28.795],[84.56,28.7933333],[84.5566667,28.79],[84.5508333,28.79],[84.5416667,28.785],[84.525,28.7833333],[84.5125,28.7783333]]},{"type":"LineString","coordinates":[[84.6158333,28.7975],[84.6158333,28.8008333],[84.6225,28.8091667],[84.6233333,28.8175],[84.6291667,28.8241667],[84.6283333,28.83]]},{"type":"LineString","coordinates":[[81.6858333,28.8033333],[81.6941667,28.8033333],[81.6991667,28.8075],[81.7066667,28.8058333],[81.71,28.8025],[81.7183333,28.8016667],[81.7166667,28.805],[81.7183333,28.8066667],[81.7325,28.81],[81.7366667,28.8133333]]},{"type":"LineString","coordinates":[[81.6858333,28.8033333],[81.6833333,28.8091667],[81.6883333,28.8133333],[81.6883333,28.8166667],[81.685,28.8183333],[81.6816667,28.8166667],[81.6758333,28.825],[81.6808333,28.8266667],[81.6758333,28.8325],[81.6783333,28.84]]},{"type":"LineString","coordinates":[[87.2608333,28.8033333],[87.26,28.8075]]},{"type":"LineString","coordinates":[[87.2608333,28.8033333],[87.2875,28.8133333],[87.3075,28.8083333],[87.3158333,28.81]]},{"type":"LineString","coordinates":[[84.0983333,28.8058333],[84.0891667,28.8008333]]},{"type":"LineString","coordinates":[[84.0983333,28.8058333],[84.0933333,28.8141667],[84.0958333,28.8158333],[84.0966667,28.8283333],[84.1008333,28.8333333]]},{"type":"LineString","coordinates":[[80.355,28.8066667],[80.3516667,28.8116667],[80.3541667,28.8166667],[80.35,28.8258333],[80.3475,28.8283333],[80.3425,28.8283333],[80.3458333,28.8333333],[80.3433333,28.8358333],[80.3483333,28.8408333],[80.3408333,28.8416667],[80.3383333,28.8483333]]},{"type":"LineString","coordinates":[[80.355,28.8066667],[80.3583333,28.8058333],[80.36,28.8075],[80.3633333,28.815],[80.37,28.8133333],[80.3708333,28.8208333],[80.3816667,28.8266667],[80.3916667,28.8391667],[80.3975,28.8375],[80.4008333,28.8416667],[80.3983333,28.8483333],[80.405,28.8525],[80.4058333,28.8558333]]},{"type":"LineString","coordinates":[[81.3333333,28.8066667],[81.3291667,28.8075],[81.3283333,28.8116667],[81.325,28.8125]]},{"type":"LineString","coordinates":[[81.3333333,28.8066667],[81.3308333,28.8116667],[81.3341667,28.8125],[81.335,28.8166667],[81.3308333,28.8183333],[81.3375,28.8266667],[81.33,28.8341667],[81.3308333,28.8358333]]},{"type":"LineString","coordinates":[[83.7633333,28.8066667],[83.7725,28.8033333],[83.7983333,28.8033333],[83.805,28.7991667],[83.815,28.7975],[83.825,28.7858333],[83.8425,28.7833333],[83.855,28.7775]]},{"type":"LineString","coordinates":[[83.7633333,28.8066667],[83.7683333,28.8108333],[83.77,28.8183333],[83.7808333,28.8283333],[83.7808333,28.8358333],[83.7841667,28.8391667]]},{"type":"LineString","coordinates":[[87.26,28.8075],[87.2566667,28.8166667]]},{"type":"LineString","coordinates":[[87.26,28.8075],[87.2683333,28.8133333],[87.2925,28.8191667],[87.3016667,28.825],[87.3033333,28.8491667],[87.3,28.8483333],[87.2908333,28.8541667]]},{"type":"LineString","coordinates":[[86.1083333,28.8083333],[86.0991667,28.8158333],[86.085,28.8175],[86.0758333,28.8175],[86.0641667,28.81],[86.0575,28.8091667],[86.0525,28.8091667],[86.0466667,28.8141667],[86.0308333,28.815]]},{"type":"LineString","coordinates":[[86.1083333,28.8083333],[86.1091667,28.8283333],[86.1058333,28.8341667],[86.0916667,28.835],[86.0866667,28.8325],[86.0791667,28.8358333],[86.0558333,28.8358333]]},{"type":"LineString","coordinates":[[87.3158333,28.81],[87.3208333,28.8058333],[87.3333333,28.8066667],[87.3416667,28.8016667],[87.3608333,28.8016667],[87.3683333,28.7908333],[87.3766667,28.7866667]]},{"type":"LineString","coordinates":[[87.3158333,28.81],[87.3325,28.8241667],[87.3325,28.8483333]]},{"type":"LineString","coordinates":[[84.3625,28.8108333],[84.3691667,28.8125],[84.3791667,28.8066667]]},{"type":"LineString","coordinates":[[84.3625,28.8108333],[84.3658333,28.8183333]]},{"type":"LineString","coordinates":[[84.9658333,28.8116667],[84.9741667,28.8208333]]},{"type":"LineString","coordinates":[[84.9658333,28.8116667],[84.9533333,28.8233333],[84.9416667,28.8233333],[84.9325,28.8275],[84.93,28.8316667],[84.9141667,28.8275],[84.9075,28.8283333]]},{"type":"LineString","coordinates":[[87.0658333,28.8125],[87.0483333,28.8225]]},{"type":"LineString","coordinates":[[87.0658333,28.8125],[87.0633333,28.8166667],[87.0691667,28.8266667],[87.0658333,28.8308333],[87.0758333,28.8508333]]},{"type":"LineString","coordinates":[[81.7366667,28.8133333],[81.7375,28.81],[81.7416667,28.8133333],[81.7516667,28.8091667],[81.755,28.8125],[81.7716667,28.8058333],[81.775,28.8066667],[81.7758333,28.8033333],[81.7783333,28.8041667],[81.7875,28.795],[81.7958333,28.7916667],[81.7991667,28.7866667],[81.8016667,28.7875],[81.8091667,28.7833333],[81.8133333,28.785],[81.8191667,28.7833333],[81.8308333,28.7875],[81.8366667,28.785],[81.8383333,28.7883333],[81.8425,28.7866667],[81.8475,28.7883333],[81.8491667,28.7925],[81.8458333,28.795],[81.8475,28.8],[81.8433333,28.8133333],[81.8433333,28.8241667],[81.8458333,28.8283333]]},{"type":"LineString","coordinates":[[81.7366667,28.8133333],[81.7408333,28.8241667],[81.745,28.8275],[81.745,28.8358333],[81.7483333,28.8391667],[81.7458333,28.8416667],[81.7533333,28.8458333],[81.7608333,28.8583333],[81.7716667,28.8675]]},{"type":"LineString","coordinates":[[80.1126816,28.8207166],[80.1108333,28.8266667],[80.105,28.83]]},{"type":"LineString","coordinates":[[87.0483333,28.8225],[87.0408333,28.8316667]]},{"type":"LineString","coordinates":[[87.0483333,28.8225],[87.0391667,28.8241667],[87.0191667,28.835],[87.0066667,28.8375],[87.0008333,28.835],[86.9833333,28.84]]},{"type":"LineString","coordinates":[[83.4,28.8233333],[83.4066667,28.8166667],[83.4116667,28.8066667]]},{"type":"LineString","coordinates":[[83.4,28.8233333],[83.405,28.825],[83.4158333,28.8191667],[83.4258333,28.8191667],[83.4408333,28.8341667],[83.4416667,28.8383333]]},{"type":"LineString","coordinates":[[85.2916667,28.8258333],[85.2941667,28.8391667]]},{"type":"LineString","coordinates":[[85.2916667,28.8258333],[85.2641667,28.8391667],[85.2591667,28.8366667],[85.2383333,28.8408333],[85.2225,28.8391667],[85.2108333,28.8441667],[85.1916667,28.8341667],[85.1908333,28.8316667],[85.1791667,28.8275],[85.1741667,28.8208333],[85.1775,28.815]]},{"type":"LineString","coordinates":[[80.1841667,28.8291667],[80.1958333,28.8325],[80.1933333,28.8375],[80.1941667,28.8408333],[80.1983333,28.8433333],[80.1958333,28.8458333],[80.2008333,28.85],[80.2008333,28.8533333]]},{"type":"LineString","coordinates":[[80.1841667,28.8291667],[80.175,28.835],[80.1708333,28.8341667],[80.1625,28.8383333],[80.16,28.8358333],[80.155,28.8391667],[80.1583333,28.8433333],[80.1616667,28.8433333],[80.1583333,28.8508333],[80.16,28.8533333],[80.1525,28.8616667],[80.1508333,28.86],[80.1466667,28.8625],[80.145,28.86],[80.1425,28.8616667],[80.14,28.86],[80.1391667,28.8625],[80.1416667,28.8641667],[80.14,28.8658333],[80.145,28.8675],[80.1441667,28.8716667]]},{"type":"LineString","coordinates":[[80.105,28.83],[80.0978309,28.8303309]]},{"type":"LineString","coordinates":[[80.105,28.83],[80.1058333,28.8341667],[80.1008333,28.8391667],[80.1,28.8433333],[80.1016667,28.85],[80.1141667,28.8658333],[80.115,28.8708333],[80.1175,28.8683333],[80.1208333,28.8708333],[80.1191667,28.8841667],[80.125,28.8858333],[80.1225,28.8941667],[80.1066667,28.9091667],[80.1033333,28.915],[80.1033333,28.9208333],[80.0991667,28.9258333],[80.1091667,28.9341667],[80.1141667,28.9425],[80.115,28.9516667],[80.1116667,28.9533333],[80.1141667,28.9641667]]},{"type":"LineString","coordinates":[[84.6283333,28.83],[84.6308333,28.83],[84.6341667,28.8366667],[84.6483333,28.8491667]]},{"type":"LineString","coordinates":[[84.6283333,28.83],[84.6283333,28.8383333],[84.6233333,28.8441667],[84.6191667,28.8575],[84.6091667,28.8666667],[84.5958333,28.8725],[84.5891667,28.8783333],[84.5858333,28.885]]},{"type":"LineString","coordinates":[[85.1016667,28.8308333],[85.0958333,28.83]]},{"type":"LineString","coordinates":[[85.1016667,28.8308333],[85.0941667,28.82],[85.0875,28.7983333]]},{"type":"LineString","coordinates":[[80.076339,28.8313228],[80.0716667,28.84],[80.0583333,28.8483333],[80.0591667,28.8575],[80.07,28.8591667],[80.0725,28.8616667],[80.0733333,28.8741667],[80.0691667,28.8833333],[80.0608333,28.8858333],[80.0541667,28.8775],[80.0516667,28.88],[80.0533333,28.8841667],[80.0483333,28.8933333],[80.0291667,28.9041667],[80.03,28.9175],[80.0175,28.93],[80.02,28.9491667],[80.0375,28.9641667]]},{"type":"LineString","coordinates":[[81.945,28.835],[81.9416667,28.8325],[81.9383333,28.8341667]]},{"type":"LineString","coordinates":[[81.945,28.835],[81.9425,28.8391667],[81.9516667,28.8533333],[81.9491667,28.8575],[81.9508333,28.8625],[81.9491667,28.8858333],[81.945,28.8916667],[81.9558333,28.9],[81.9591667,28.9075],[81.9683333,28.9116667],[81.9675,28.9158333],[81.9708333,28.9166667],[81.9716667,28.9208333],[81.9816667,28.9258333],[81.98,28.9308333],[81.9825,28.9333333],[81.9825,28.9425],[81.9858333,28.9483333],[81.9825,28.9691667],[81.9941667,28.9825]]},{"type":"LineString","coordinates":[[80.255,28.8366667],[80.2575,28.8416667],[80.255,28.8458333],[80.2575,28.8491667]]},{"type":"LineString","coordinates":[[80.255,28.8366667],[80.2541667,28.8433333],[80.2508333,28.8466667],[80.2433333,28.8491667],[80.2383333,28.8475],[80.2375,28.8533333],[80.24,28.8591667],[80.2325,28.8641667],[80.2341667,28.8666667],[80.2283333,28.8675],[80.2316667,28.8708333],[80.23,28.88],[80.2391667,28.8866667],[80.2325,28.8933333],[80.235,28.8983333]]},{"type":"LineString","coordinates":[[83.7841667,28.8391667],[83.7991667,28.835],[83.8016667,28.8316667],[83.815,28.8325],[83.8233333,28.8258333],[83.8375,28.8266667],[83.8408333,28.8225],[83.845,28.8216667],[83.8591667,28.825],[83.875,28.82]]},{"type":"LineString","coordinates":[[83.7841667,28.8391667],[83.7925,28.8658333],[83.7958333,28.87],[83.7925,28.8783333]]},{"type":"LineString","coordinates":[[85.2941667,28.8391667],[85.3041667,28.8416667],[85.3158333,28.8366667],[85.3333333,28.8383333]]},{"type":"LineString","coordinates":[[85.2941667,28.8391667],[85.295,28.845]]},{"type":"LineString","coordinates":[[81.6783333,28.84],[81.6716667,28.8441667],[81.665,28.845],[81.6666667,28.8483333],[81.6625,28.8516667],[81.6583333,28.8475],[81.655,28.8475]]},{"type":"LineString","coordinates":[[81.6783333,28.84],[81.685,28.8466667],[81.6841667,28.8533333]]},{"type":"LineString","coordinates":[[85.295,28.845],[85.2883333,28.8583333],[85.2708333,28.875],[85.2458333,28.8791667]]},{"type":"LineString","coordinates":[[85.295,28.845],[85.2991667,28.8516667],[85.3058333,28.8516667],[85.3091667,28.8541667],[85.3108333,28.8625],[85.3166667,28.8708333],[85.3125,28.8816667]]},{"type":"LineString","coordinates":[[87.3441667,28.8466667],[87.35,28.8408333],[87.3625,28.8375],[87.37,28.8258333],[87.38,28.8175],[87.3908333,28.815]]},{"type":"LineString","coordinates":[[87.3441667,28.8466667],[87.3508333,28.8516667],[87.3675,28.8525],[87.4008333,28.8391667],[87.4108333,28.8425],[87.4141667,28.8366667],[87.4191667,28.8358333]]},{"type":"LineString","coordinates":[[80.3383333,28.8483333],[80.3433333,28.8625],[80.3383333,28.8733333],[80.3483333,28.8816667],[80.3475,28.8875],[80.3525,28.8941667],[80.3491667,28.9041667],[80.3641667,28.915],[80.3741667,28.9133333]]},{"type":"LineString","coordinates":[[80.3383333,28.8483333],[80.3358333,28.8508333],[80.3333333,28.8475],[80.3316667,28.8483333],[80.3308333,28.8533333],[80.3241667,28.8625],[80.3241667,28.8758333],[80.3141667,28.8825],[80.3191667,28.89],[80.315,28.905],[80.3208333,28.9075],[80.3191667,28.9133333],[80.3225,28.9158333],[80.3266667,28.9141667],[80.3366667,28.9216667],[80.3358333,28.925],[80.3391667,28.9266667],[80.3408333,28.9333333],[80.3375,28.9383333],[80.3383333,28.9466667],[80.345,28.9466667]]},{"type":"LineString","coordinates":[[82.4166667,28.8483333],[82.42,28.8466667],[82.4216667,28.8408333],[82.425,28.8383333],[82.4258333,28.8308333],[82.4308333,28.825],[82.4391667,28.8233333],[82.4475,28.825],[82.4525,28.8208333],[82.4658333,28.8191667],[82.4708333,28.815],[82.4766667,28.8158333],[82.4916667,28.8116667],[82.495,28.8058333],[82.4941667,28.7975],[82.4983333,28.7925],[82.5125,28.7833333],[82.5191667,28.7858333]]},{"type":"LineString","coordinates":[[82.4166667,28.8483333],[82.4275,28.8491667],[82.4433333,28.8658333],[82.4508333,28.8691667]]},{"type":"LineString","coordinates":[[87.3325,28.8483333],[87.3375,28.85],[87.3441667,28.8466667]]},{"type":"LineString","coordinates":[[87.3325,28.8483333],[87.3308333,28.85],[87.3341667,28.8533333],[87.3466667,28.8566667],[87.3591667,28.8691667],[87.3941667,28.8775]]},{"type":"LineString","coordinates":[[81.6841667,28.8533333],[81.6916667,28.8583333],[81.6925,28.8625],[81.7075,28.8716667],[81.7091667,28.8775]]},{"type":"LineString","coordinates":[[81.6841667,28.8533333],[81.6791667,28.8583333],[81.6766667,28.8716667],[81.6691667,28.8741667],[81.6666667,28.8783333],[81.6633333,28.8791667],[81.665,28.8816667],[81.6616667,28.8816667],[81.66,28.8891667],[81.6558333,28.8916667],[81.6558333,28.8991667],[81.6525,28.9008333],[81.6533333,28.9041667],[81.6508333,28.9058333],[81.6533333,28.9091667],[81.6525,28.915],[81.6558333,28.9241667],[81.6608333,28.9266667],[81.6691667,28.9391667]]},{"type":"LineString","coordinates":[[86.6808333,28.8533333],[86.6741667,28.8533333]]},{"type":"LineString","coordinates":[[86.6808333,28.8533333],[86.6816667,28.8666667]]},{"type":"LineString","coordinates":[[86.43,28.8541667],[86.4291667,28.8658333],[86.4216667,28.8741667]]},{"type":"LineString","coordinates":[[86.43,28.8541667],[86.4341667,28.8633333],[86.4525,28.8758333],[86.4716667,28.8725],[86.5108333,28.885]]},{"type":"LineString","coordinates":[[80.4058333,28.8558333],[80.4091667,28.8625],[80.4125,28.8625],[80.4166667,28.8683333],[80.4216667,28.8683333],[80.4225,28.8716667],[80.4308333,28.8766667],[80.4375,28.8966667]]},{"type":"LineString","coordinates":[[80.4058333,28.8558333],[80.4,28.8658333],[80.3941667,28.8691667],[80.3966667,28.8783333],[80.3908333,28.885],[80.3983333,28.89],[80.395,28.8991667],[80.4008333,28.9033333],[80.4,28.9091667],[80.4066667,28.9166667],[80.41,28.9275],[80.4083333,28.9341667],[80.4166667,28.9458333],[80.4141667,28.9475],[80.415,28.9525],[80.4216667,28.9641667]]},{"type":"LineString","coordinates":[[83.2933333,28.8608333],[83.2933333,28.8566667],[83.2975,28.8516667],[83.2966667,28.8441667],[83.3,28.8391667],[83.3025,28.8233333],[83.3133333,28.8033333],[83.3275,28.7925],[83.3275,28.7891667],[83.3291667,28.7866667],[83.3316667,28.7883333],[83.3325,28.7841667],[83.3366667,28.7866667],[83.3408333,28.785]]},{"type":"LineString","coordinates":[[83.2933333,28.8608333],[83.2958333,28.8616667],[83.3016667,28.8591667],[83.3175,28.8591667],[83.3316667,28.86],[83.3366667,28.8625]]},{"type":"LineString","coordinates":[[83.2783333,28.8625],[83.2825,28.8166667],[83.28,28.8083333],[83.2825,28.7858333],[83.2808333,28.7725],[83.2833333,28.765]]},{"type":"LineString","coordinates":[[83.2783333,28.8625],[83.2841667,28.8633333],[83.2916667,28.8625],[83.2933333,28.8608333]]},{"type":"LineString","coordinates":[[83.3366667,28.8625],[83.3441667,28.8516667],[83.3675,28.8325],[83.3708333,28.8308333],[83.3783333,28.8333333],[83.3875,28.8325],[83.4,28.8233333]]},{"type":"LineString","coordinates":[[83.3366667,28.8625],[83.34,28.8625],[83.3466667,28.8658333],[83.35,28.8691667],[83.3541667,28.8683333],[83.3625,28.8741667]]},{"type":"LineString","coordinates":[[81.5233333,28.8675],[81.5283333,28.87],[81.5283333,28.8725],[81.5391667,28.8825],[81.5383333,28.8891667],[81.5416667,28.8975],[81.5458333,28.9008333],[81.5541667,28.9],[81.5583333,28.9041667],[81.5716667,28.9066667],[81.5816667,28.8983333],[81.5841667,28.9016667],[81.5941667,28.9008333],[81.6058333,28.9083333]]},{"type":"LineString","coordinates":[[81.5233333,28.8675],[81.515,28.8741667],[81.5083333,28.89],[81.5,28.8891667],[81.4933333,28.8925],[81.485,28.9],[81.4783333,28.9116667]]},{"type":"LineString","coordinates":[[81.7716667,28.8675],[81.7775,28.8725],[81.78,28.8808333]]},{"type":"LineString","coordinates":[[81.7716667,28.8675],[81.7691667,28.8716667],[81.7733333,28.8825],[81.7708333,28.8916667],[81.775,28.8958333],[81.77,28.8983333],[81.7708333,28.9033333]]},{"type":"LineString","coordinates":[[82.4508333,28.8691667],[82.46,28.875],[82.4691667,28.8675],[82.4733333,28.8683333],[82.4758333,28.8716667],[82.4866667,28.8725],[82.4983333,28.88],[82.5008333,28.8883333],[82.5075,28.895]]},{"type":"LineString","coordinates":[[82.4508333,28.8691667],[82.45,28.8741667],[82.4408333,28.8808333],[82.4358333,28.8883333],[82.4391667,28.8975],[82.4441667,28.9025],[82.445,28.9083333],[82.4383333,28.9133333],[82.4391667,28.915]]},{"type":"LineString","coordinates":[[81.1383333,28.8725],[81.1275,28.8633333],[81.1275,28.855],[81.125,28.8508333],[81.1091667,28.8491667],[81.1033333,28.845],[81.0925,28.8558333],[81.0891667,28.8625],[81.0725,28.865],[81.0741667,28.8733333]]},{"type":"LineString","coordinates":[[81.1383333,28.8725],[81.1341667,28.8766667]]},{"type":"LineString","coordinates":[[84.0175,28.8725],[84.0208333,28.8583333]]},{"type":"LineString","coordinates":[[84.0175,28.8725],[84.0225,28.8708333]]},{"type":"LineString","coordinates":[[81.0741667,28.8733333],[81.0716667,28.8775],[81.06,28.8733333],[81.0525,28.8758333]]},{"type":"LineString","coordinates":[[81.0741667,28.8733333],[81.0833333,28.8783333],[81.0883333,28.8858333]]},{"type":"LineString","coordinates":[[83.3625,28.8741667],[83.3708333,28.8666667],[83.38,28.8666667],[83.4008333,28.8791667]]},{"type":"LineString","coordinates":[[83.3625,28.8741667],[83.3733333,28.9016667],[83.3791667,28.9075],[83.3783333,28.92]]},{"type":"LineString","coordinates":[[86.4216667,28.8741667],[86.4241667,28.8783333],[86.4191667,28.8833333],[86.4258333,28.8916667]]},{"type":"LineString","coordinates":[[86.4216667,28.8741667],[86.415,28.8816667],[86.4175,28.8858333],[86.4133333,28.8933333],[86.405,28.9033333]]},{"type":"LineString","coordinates":[[81.0525,28.8758333],[81.0508333,28.865],[81.0458333,28.8583333],[81.0275,28.85],[81.0233333,28.845],[81.02,28.8466667],[81.0091667,28.8366667]]},{"type":"LineString","coordinates":[[81.0525,28.8758333],[81.0475,28.8841667],[81.04,28.8891667],[81.0308333,28.9041667],[81.0308333,28.9083333],[81.025,28.9125],[81.0208333,28.92],[81.0075,28.9275],[80.995,28.93],[80.9816667,28.9391667]]},{"type":"LineString","coordinates":[[86.1775,28.8766667],[86.1516667,28.8766667],[86.145,28.8725],[86.1308333,28.8733333],[86.1175,28.8675]]},{"type":"LineString","coordinates":[[86.1775,28.8766667],[86.1758333,28.8958333],[86.1791667,28.9075],[86.195,28.9166667],[86.1983333,28.9266667],[86.1841667,28.9558333],[86.1791667,28.9775],[86.1541667,28.9833333],[86.1316667,28.98],[86.1241667,28.9825],[86.1208333,28.9791667]]},{"type":"LineString","coordinates":[[87.3941667,28.8775],[87.4033333,28.8683333],[87.4108333,28.865],[87.4133333,28.8666667],[87.425,28.86]]},{"type":"LineString","coordinates":[[87.3941667,28.8775],[87.4083333,28.8933333],[87.4158333,28.8941667]]},{"type":"LineString","coordinates":[[83.7925,28.8783333],[83.7766667,28.8908333],[83.7683333,28.8941667],[83.7666667,28.8975],[83.7625,28.8983333],[83.7608333,28.9016667],[83.7558333,28.9008333],[83.7441667,28.91],[83.7183333,28.9083333],[83.7075,28.9033333],[83.695,28.9025],[83.6833333,28.9083333],[83.67,28.91],[83.6625,28.9066667],[83.6541667,28.9116667]]},{"type":"LineString","coordinates":[[83.7925,28.8783333],[83.8008333,28.8891667],[83.8,28.8958333],[83.815,28.9066667],[83.815,28.9158333],[83.8183333,28.9175]]},{"type":"LineString","coordinates":[[85.1291667,28.8783333],[85.1233333,28.8691667],[85.1166667,28.8675],[85.11,28.8616667],[85.0966667,28.8616667],[85.0783333,28.8575],[85.065,28.8583333],[85.0575,28.8633333],[85.0391667,28.8666667],[85.0183333,28.865],[84.9866667,28.8825]]},{"type":"LineString","coordinates":[[85.1291667,28.8783333],[85.1266667,28.8808333],[85.1091667,28.8791667],[85.1008333,28.8816667],[85.08,28.8766667],[85.0758333,28.8791667],[85.07,28.8775],[85.0533333,28.88],[85.04,28.8883333],[85.0275,28.9008333],[85.0166667,28.9066667],[85.0141667,28.9141667],[85.0183333,28.9258333]]},{"type":"LineString","coordinates":[[83.0,28.8791667],[83.005,28.8525],[83.015,28.8466667],[83.0466667,28.8375],[83.0525,28.83]]},{"type":"LineString","coordinates":[[83.0,28.8791667],[83.0025,28.8775],[83.02,28.8816667],[83.0366667,28.8958333]]},{"type":"LineString","coordinates":[[85.2458333,28.8791667],[85.2391667,28.8841667],[85.2266667,28.8858333],[85.2241667,28.8891667],[85.2116667,28.8891667],[85.195,28.8933333],[85.1875,28.8891667]]},{"type":"LineString","coordinates":[[85.2458333,28.8791667],[85.2475,28.8825],[85.2458333,28.8891667],[85.235,28.8925],[85.2308333,28.8966667]]},{"type":"LineString","coordinates":[[81.78,28.8808333],[81.7858333,28.8766667],[81.7875,28.8716667],[81.79,28.8716667]]},{"type":"LineString","coordinates":[[81.78,28.8808333],[81.7875,28.89],[81.785,28.8941667],[81.7883333,28.8975],[81.7925,28.8958333],[81.7958333,28.9025],[81.8083333,28.905],[81.8158333,28.9108333]]},{"type":"LineString","coordinates":[[85.3125,28.8816667],[85.2916667,28.8991667],[85.2933333,28.9083333]]},{"type":"LineString","coordinates":[[85.3125,28.8816667],[85.3325,28.9025],[85.3316667,28.905],[85.3425,28.9233333],[85.355,28.9225],[85.3608333,28.9258333],[85.3666667,28.925],[85.3725,28.93],[85.3725,28.9366667]]},{"type":"LineString","coordinates":[[82.2883333,28.8825],[82.2958333,28.8875],[82.3041667,28.8875],[82.3108333,28.8916667],[82.3225,28.8908333],[82.325,28.895],[82.3366667,28.8908333],[82.3525,28.9033333]]},{"type":"LineString","coordinates":[[82.2883333,28.8825],[82.2875,28.8858333],[82.2833333,28.8883333],[82.28,28.8991667],[82.2816667,28.9208333],[82.2783333,28.93]]},{"type":"LineString","coordinates":[[86.2958333,28.8833333],[86.2825,28.8716667],[86.2816667,28.8741667],[86.2791667,28.87],[86.265,28.8658333],[86.2525,28.8558333],[86.2333333,28.8508333],[86.2108333,28.8525],[86.2016667,28.8566667],[86.1775,28.8766667]]},{"type":"LineString","coordinates":[[86.2958333,28.8833333],[86.2866667,28.8858333],[86.2708333,28.9016667]]},{"type":"LineString","coordinates":[[83.1975,28.8841667],[83.1975,28.8666667],[83.2058333,28.8508333],[83.1983333,28.825],[83.2041667,28.8025],[83.2133333,28.7858333],[83.2125,28.7775]]},{"type":"LineString","coordinates":[[83.1975,28.8841667],[83.2033333,28.8841667],[83.2191667,28.875],[83.23,28.8766667],[83.2425,28.8733333],[83.2483333,28.8741667],[83.2666667,28.865],[83.2783333,28.8625]]},{"type":"LineString","coordinates":[[83.1033333,28.885],[83.1,28.8783333],[83.1033333,28.8716667],[83.1141667,28.8608333],[83.12,28.86],[83.1241667,28.8558333],[83.1358333,28.8383333],[83.1375,28.8316667],[83.1358333,28.8183333],[83.145,28.81],[83.1441667,28.8066667],[83.1491667,28.7983333]]},{"type":"LineString","coordinates":[[83.1033333,28.885],[83.1191667,28.8775],[83.1316667,28.8783333],[83.1366667,28.875],[83.1483333,28.8758333],[83.1516667,28.8733333],[83.1716667,28.89],[83.1725,28.8975],[83.1758333,28.9],[83.1825,28.8983333],[83.1908333,28.8875],[83.1975,28.8841667]]},{"type":"LineString","coordinates":[[86.5108333,28.885],[86.5225,28.8533333],[86.5175,28.8458333],[86.5225,28.8316667]]},{"type":"LineString","coordinates":[[86.5108333,28.885],[86.5216667,28.8908333]]},{"type":"LineString","coordinates":[[85.1875,28.8891667],[85.18,28.8733333],[85.1758333,28.87],[85.1691667,28.8691667],[85.1675,28.8641667],[85.1533333,28.85],[85.1441667,28.8441667],[85.14,28.8441667],[85.1325,28.84],[85.1125,28.835],[85.1058333,28.8308333],[85.1016667,28.8308333]]},{"type":"LineString","coordinates":[[85.1875,28.8891667],[85.18,28.8916667],[85.1666667,28.8891667],[85.1641667,28.8908333]]},{"type":"LineString","coordinates":[[85.1641667,28.8908333],[85.1533333,28.8933333],[85.1425,28.8825],[85.1316667,28.8825],[85.1291667,28.8783333]]},{"type":"LineString","coordinates":[[85.1641667,28.8908333],[85.1666667,28.8933333],[85.1658333,28.9],[85.1708333,28.9083333],[85.1708333,28.9133333],[85.1491667,28.9366667],[85.1441667,28.9466667],[85.1383333,28.9525]]},{"type":"LineString","coordinates":[[83.585,28.8933333],[83.5841667,28.8833333],[83.5866667,28.8791667],[83.5866667,28.8691667],[83.5841667,28.8633333],[83.5858333,28.855],[83.5833333,28.8475],[83.585,28.8458333],[83.5816667,28.835],[83.585,28.8258333],[83.5833333,28.8158333],[83.5691667,28.8091667],[83.5408333,28.79]]},{"type":"LineString","coordinates":[[83.585,28.8933333],[83.5708333,28.9083333]]},{"type":"LineString","coordinates":[[87.4158333,28.8941667],[87.4241667,28.8875],[87.4291667,28.8891667],[87.4433333,28.8808333],[87.4533333,28.8675]]},{"type":"LineString","coordinates":[[87.4158333,28.8941667],[87.42,28.9025],[87.4291667,28.9083333],[87.4291667,28.9166667]]},{"type":"LineString","coordinates":[[82.5075,28.895],[82.5316667,28.8733333],[82.5541667,28.8641667]]},{"type":"LineString","coordinates":[[82.5075,28.895],[82.5075,28.8983333]]},{"type":"LineString","coordinates":[[82.895,28.895],[82.8941667,28.89]]},{"type":"LineString","coordinates":[[82.895,28.895],[82.88,28.8916667]]},{"type":"LineString","coordinates":[[83.0366667,28.8958333],[83.045,28.8991667],[83.06,28.8991667],[83.0691667,28.8958333]]},{"type":"LineString","coordinates":[[83.0366667,28.8958333],[83.03,28.9008333],[83.0325,28.9033333],[83.0316667,28.9183333],[83.0391667,28.9266667],[83.0691667,28.9466667],[83.0691667,28.9516667],[83.075,28.9641667],[83.0833333,28.9708333],[83.0891667,28.98],[83.0858333,28.9933333]]},{"type":"LineString","coordinates":[[83.0691667,28.8958333],[83.0766667,28.8908333],[83.0916667,28.8908333],[83.1033333,28.885]]},{"type":"LineString","coordinates":[[83.0691667,28.8958333],[83.0758333,28.8991667],[83.0933333,28.9016667],[83.1125,28.9108333],[83.1166667,28.9091667],[83.1191667,28.9116667],[83.1425,28.9116667],[83.1533333,28.9175],[83.1583333,28.9241667],[83.1791667,28.9216667],[83.1866667,28.9175],[83.1958333,28.9216667],[83.1991667,28.9258333],[83.2058333,28.9225],[83.2141667,28.925],[83.2208333,28.9233333],[83.2325,28.9291667],[83.2358333,28.9333333]]},{"type":"LineString","coordinates":[[85.2308333,28.8966667],[85.2266667,28.8991667],[85.2283333,28.9183333],[85.2266667,28.9325],[85.2191667,28.9441667],[85.2191667,28.95]]},{"type":"LineString","coordinates":[[85.2308333,28.8966667],[85.23,28.8991667],[85.2358333,28.9041667],[85.2391667,28.915],[85.2366667,28.9225],[85.2375,28.9308333],[85.2325,28.94],[85.2308333,28.9516667]]},{"type":"LineString","coordinates":[[80.235,28.8983333],[80.2391667,28.9008333],[80.2366667,28.9066667],[80.2375,28.9133333],[80.24,28.915]]},{"type":"LineString","coordinates":[[80.235,28.8983333],[80.2316667,28.9],[80.2316667,28.9033333],[80.23,28.9025],[80.2266667,28.9091667],[80.2208333,28.91],[80.2216667,28.9141667],[80.2191667,28.9183333],[80.2141667,28.9175],[80.2083333,28.9225],[80.2058333,28.9308333],[80.2075,28.9391667],[80.2,28.9433333]]},{"type":"LineString","coordinates":[[82.5075,28.8983333],[82.5266667,28.9083333],[82.5383333,28.9075]]},{"type":"LineString","coordinates":[[82.5075,28.8983333],[82.5075,28.9108333],[82.5041667,28.9208333],[82.5158333,28.9308333],[82.5133333,28.95],[82.5416667,28.9808333],[82.5516667,28.9875],[82.5558333,28.9891667],[82.57,28.9875],[82.5741667,28.9916667],[82.58,28.9891667]]},{"type":"LineString","coordinates":[[83.6141667,28.8983333],[83.6108333,28.8958333],[83.5975,28.8983333],[83.5941667,28.895],[83.585,28.8933333]]},{"type":"LineString","coordinates":[[83.6141667,28.8983333],[83.6116667,28.905],[83.6058333,28.9075],[83.605,28.9125],[83.5958333,28.9166667]]},{"type":"LineString","coordinates":[[86.405,28.9033333],[86.3991667,28.9016667],[86.39,28.9058333],[86.3633333,28.9091667]]},{"type":"LineString","coordinates":[[86.405,28.9033333],[86.405,28.9225],[86.4008333,28.9258333],[86.4016667,28.9291667],[86.3991667,28.9283333]]},{"type":"LineString","coordinates":[[86.3633333,28.9091667],[86.3583333,28.9066667],[86.3458333,28.9091667],[86.3433333,28.905],[86.3341667,28.9041667],[86.315,28.8933333],[86.3116667,28.8958333],[86.3083333,28.8891667],[86.305,28.8908333],[86.3016667,28.885],[86.2958333,28.8833333]]},{"type":"LineString","coordinates":[[86.3633333,28.9091667],[86.3466667,28.9291667],[86.3258333,28.9425],[86.305,28.9416667],[86.2991667,28.9483333],[86.2708333,28.945],[86.25,28.9508333],[86.2458333,28.9558333],[86.2458333,28.9658333],[86.2383333,28.9808333],[86.225,28.9933333],[86.205,29.0208333]]},{"type":"LineString","coordinates":[[81.8158333,28.9108333],[81.8283333,28.915],[81.8416667,28.9116667],[81.845,28.9141667],[81.8583333,28.91],[81.8658333,28.9133333],[81.8741667,28.9225],[81.8833333,28.9241667],[81.8833333,28.9275],[81.8858333,28.9283333]]},{"type":"LineString","coordinates":[[81.8158333,28.9108333],[81.8158333,28.9241667],[81.8133333,28.9258333],[81.8125,28.9325],[81.8075,28.9375],[81.8083333,28.9433333],[81.805,28.9458333],[81.8083333,28.9541667],[81.8058333,28.9566667],[81.7983333,28.955],[81.795,28.9591667],[81.7916667,28.9583333],[81.7858333,28.9625]]},{"type":"LineString","coordinates":[[81.4783333,28.9116667],[81.4825,28.9125],[81.4825,28.9158333],[81.4858333,28.9141667],[81.49,28.9183333]]},{"type":"LineString","coordinates":[[81.4783333,28.9116667],[81.4658333,28.9291667],[81.455,28.9308333],[81.455,28.9358333],[81.45,28.9408333],[81.4441667,28.9408333],[81.445,28.955],[81.4425,28.96],[81.4375,28.9566667],[81.4325,28.9566667],[81.4283333,28.9641667],[81.4241667,28.9658333]]},{"type":"LineString","coordinates":[[83.6541667,28.9116667],[83.6308333,28.9041667],[83.6258333,28.905],[83.6225,28.9],[83.6141667,28.8983333]]},{"type":"LineString","coordinates":[[83.6541667,28.9116667],[83.655,28.9158333],[83.6641667,28.9266667],[83.6775,28.96],[83.67,28.975],[83.6625,28.9816667],[83.6483333,28.9883333]]},{"type":"LineString","coordinates":[[80.24,28.915],[80.2441667,28.91],[80.2483333,28.915]]},{"type":"LineString","coordinates":[[80.24,28.915],[80.2425,28.9183333],[80.2391667,28.9183333],[80.2341667,28.925]]},{"type":"LineString","coordinates":[[80.2483333,28.915],[80.255,28.9158333],[80.2608333,28.9133333],[80.2616667,28.9208333],[80.285,28.9316667]]},{"type":"LineString","coordinates":[[80.2483333,28.915],[80.2475,28.9166667],[80.2583333,28.9258333],[80.2608333,28.9308333],[80.2575,28.9358333],[80.2566667,28.9433333],[80.2525,28.9466667],[80.2541667,28.9533333]]},{"type":"LineString","coordinates":[[81.2425,28.915],[81.2508333,28.9141667],[81.26,28.9033333],[81.2666667,28.9025],[81.2725,28.9075],[81.275,28.915],[81.285,28.9225],[81.3025,28.9258333],[81.31,28.92],[81.3158333,28.9208333],[81.3233333,28.9083333],[81.335,28.9083333],[81.3383333,28.8966667],[81.3475,28.89],[81.3741667,28.8916667],[81.3866667,28.8991667],[81.3941667,28.9083333],[81.405,28.9091667],[81.4133333,28.9141667],[81.4241667,28.9091667],[81.4316667,28.91],[81.4408333,28.9],[81.4658333,28.8925],[81.4666667,28.885],[81.4616667,28.8775],[81.4675,28.8608333],[81.4625,28.8533333],[81.4741667,28.8491667],[81.4825,28.8425],[81.4891667,28.8416667],[81.4975,28.8216667],[81.5091667,28.81],[81.5225,28.8033333],[81.5233333,28.7991667],[81.5166667,28.7916667],[81.5158333,28.7791667],[81.5183333,28.7766667],[81.5266667,28.7758333],[81.535,28.7608333],[81.5216667,28.7525],[81.52,28.7483333],[81.5458333,28.7483333],[81.5791667,28.7558333],[81.5816667,28.7591667],[81.58,28.7791667]]},{"type":"LineString","coordinates":[[81.2425,28.915],[81.2466667,28.9233333],[81.2566667,28.9283333],[81.2616667,28.9383333],[81.2733333,28.9441667],[81.2758333,28.9491667],[81.2708333,28.9533333],[81.2775,28.96]]},{"type":"LineString","coordinates":[[82.4391667,28.915],[82.4408333,28.9241667],[82.4275,28.9266667],[82.425,28.9325]]},{"type":"LineString","coordinates":[[82.4391667,28.915],[82.445,28.9175],[82.4533333,28.9391667],[82.4566667,28.9425]]},{"type":"LineString","coordinates":[[82.9116667,28.9158333],[82.9125,28.9033333],[82.9158333,28.9008333],[82.9233333,28.9008333],[82.9291667,28.895]]},{"type":"LineString","coordinates":[[82.9116667,28.9158333],[82.9091667,28.915],[82.905,28.905],[82.895,28.895]]},{"type":"LineString","coordinates":[[83.905,28.9158333],[83.9116667,28.9116667],[83.9158333,28.9041667],[83.9233333,28.8983333]]},{"type":"LineString","coordinates":[[83.905,28.9158333],[83.9208333,28.9216667],[83.9241667,28.92],[83.9316667,28.9216667],[83.9408333,28.915],[83.9533333,28.9125]]},{"type":"LineString","coordinates":[[83.8183333,28.9175],[83.8216667,28.9133333],[83.83,28.91],[83.84,28.9091667],[83.8575,28.9166667],[83.8691667,28.915],[83.8783333,28.92],[83.8816667,28.9266667],[83.8866667,28.9275],[83.905,28.9158333]]},{"type":"LineString","coordinates":[[83.8183333,28.9175],[83.8216667,28.92],[83.8216667,28.9233333],[83.8291667,28.9283333],[83.8308333,28.9358333],[83.8283333,28.9391667],[83.8325,28.9458333],[83.83,28.9508333]]},{"type":"LineString","coordinates":[[81.49,28.9183333],[81.4875,28.9208333],[81.4891667,28.9225],[81.4875,28.9291667],[81.495,28.9375],[81.5008333,28.94],[81.5,28.9441667]]},{"type":"LineString","coordinates":[[81.49,28.9183333],[81.4966667,28.925],[81.5175,28.9325],[81.5241667,28.94],[81.53,28.9408333],[81.535,28.945],[81.5416667,28.9541667],[81.5416667,28.9608333],[81.5458333,28.9691667],[81.55,28.9708333],[81.5533333,28.9766667]]},{"type":"LineString","coordinates":[[83.3783333,28.92],[83.3866667,28.9241667],[83.3866667,28.9266667],[83.3925,28.9308333]]},{"type":"LineString","coordinates":[[83.3783333,28.92],[83.3791667,28.9258333],[83.3758333,28.9291667],[83.375,28.9366667],[83.37,28.9441667],[83.3625,28.9483333],[83.3525,28.9591667],[83.3475,28.9708333],[83.3458333,28.9833333],[83.3491667,28.9866667],[83.35,28.9933333],[83.3458333,28.9975],[83.3425,29.0066667],[83.3466667,29.0191667],[83.3475,29.0308333],[83.3391667,29.0416667],[83.3408333,29.045],[83.3358333,29.0491667],[83.3366667,29.0583333]]},{"type":"LineString","coordinates":[[80.6716667,28.9225],[80.6766667,28.9225],[80.68,28.9291667]]},{"type":"LineString","coordinates":[[80.6716667,28.9225],[80.6566667,28.9391667]]},{"type":"LineString","coordinates":[[86.3991667,28.9283333],[86.4,28.935],[86.3966667,28.9341667],[86.3941667,28.9383333]]},{"type":"LineString","coordinates":[[86.3991667,28.9283333],[86.3866667,28.9283333],[86.3808333,28.935],[86.3841667,28.9433333],[86.3816667,28.9475],[86.385,28.9508333],[86.3766667,28.96]]},{"type":"LineString","coordinates":[[80.8191667,28.93],[80.815,28.9283333],[80.8175,28.925],[80.8166667,28.9191667],[80.8058333,28.9116667]]},{"type":"LineString","coordinates":[[80.8191667,28.93],[80.8158333,28.9391667],[80.8116667,28.9391667],[80.81,28.9433333],[80.805,28.945],[80.8083333,28.9483333],[80.81,28.9558333],[80.8041667,28.9591667],[80.8066667,28.9683333],[80.8041667,28.9725],[80.7875,28.98],[80.7825,28.985],[80.7708333,28.985],[80.7616667,28.9883333],[80.76,28.995],[80.7633333,29.0016667],[80.7616667,29.0033333],[80.7516667,29.0025],[80.7483333,29.0058333]]},{"type":"LineString","coordinates":[[82.2783333,28.93],[82.2708333,28.9333333],[82.2583333,28.9441667]]},{"type":"LineString","coordinates":[[82.2783333,28.93],[82.2858333,28.935],[82.2958333,28.9258333],[82.3041667,28.9258333],[82.3166667,28.9441667],[82.3158333,28.95],[82.32,28.9583333],[82.3266667,28.96],[82.3325,28.97]]},{"type":"LineString","coordinates":[[82.8225,28.9316667],[82.8075,28.9291667],[82.7866667,28.91],[82.7725,28.9066667],[82.7641667,28.8991667],[82.7583333,28.8983333]]},{"type":"LineString","coordinates":[[82.8225,28.9316667],[82.8225,28.9133333],[82.815,28.9025],[82.8091667,28.8983333],[82.8108333,28.8916667]]},{"type":"LineString","coordinates":[[83.2358333,28.9333333],[83.2475,28.93]]},{"type":"LineString","coordinates":[[83.2358333,28.9333333],[83.24,28.945],[83.24,28.95],[83.235,28.9583333],[83.2358333,28.9658333],[83.2391667,28.9691667],[83.2375,28.975]]},{"type":"LineString","coordinates":[[82.9108333,28.9341667],[82.9108333,28.93],[82.915,28.9241667],[82.915,28.92],[82.9116667,28.9158333]]},{"type":"LineString","coordinates":[[82.9108333,28.9341667],[82.9166667,28.9308333],[82.9283333,28.9366667],[82.9458333,28.94],[82.9558333,28.9366667]]},{"type":"LineString","coordinates":[[82.9558333,28.9366667],[82.96,28.935],[82.9666667,28.9241667],[82.9725,28.9075],[82.985,28.8916667],[82.9866667,28.885],[83.0,28.8791667]]},{"type":"LineString","coordinates":[[82.9558333,28.9366667],[82.9691667,28.9475]]},{"type":"LineString","coordinates":[[86.3941667,28.9383333],[86.39,28.9433333],[86.3925,28.9491667],[86.3883333,28.9516667],[86.39,28.965]]},{"type":"LineString","coordinates":[[86.3941667,28.9383333],[86.4,28.9433333],[86.4025,28.9533333],[86.41,28.96],[86.4258333,28.9683333],[86.4408333,28.9708333],[86.4641667,28.9883333],[86.4733333,28.9908333],[86.4925,28.9883333],[86.4983333,28.9933333],[86.5041667,28.9925],[86.5125,29.0025]]},{"type":"LineString","coordinates":[[80.9816667,28.9391667],[81.0,28.9558333],[81.0091667,28.9575],[81.02,28.9525],[81.03,28.9641667],[81.035,28.9666667]]},{"type":"LineString","coordinates":[[80.9816667,28.9391667],[80.965,28.9408333],[80.9533333,28.935],[80.9308333,28.945],[80.9183333,28.9375],[80.9125,28.9308333],[80.9066667,28.94],[80.8958333,28.9341667],[80.8925,28.935],[80.8908333,28.9391667],[80.8825,28.9408333],[80.8808333,28.9441667],[80.885,28.9566667],[80.8833333,28.9658333],[80.8758333,28.9691667],[80.8666667,28.9683333],[80.8616667,28.975],[80.8541667,28.9775],[80.8375,28.9558333],[80.8391667,28.9491667],[80.8316667,28.9408333],[80.8316667,28.9366667],[80.8283333,28.9325],[80.8191667,28.93]]},{"type":"LineString","coordinates":[[81.6691667,28.9391667],[81.6783333,28.9475],[81.6816667,28.9475],[81.6833333,28.9533333],[81.6908333,28.9608333],[81.7016667,28.9616667],[81.7108333,28.97]]},{"type":"LineString","coordinates":[[81.6691667,28.9391667],[81.6608333,28.9441667],[81.6608333,28.9483333],[81.6533333,28.955],[81.6491667,28.9641667],[81.6491667,28.9716667],[81.6525,28.975],[81.6508333,28.9766667],[81.6525,28.9808333],[81.65,28.9833333],[81.6525,28.9958333]]},{"type":"LineString","coordinates":[[82.2583333,28.9441667],[82.2458333,28.9416667]]},{"type":"LineString","coordinates":[[82.2583333,28.9441667],[82.25,28.9483333],[82.2466667,28.9583333],[82.2483333,28.9641667]]},{"type":"LineString","coordinates":[[83.83,28.9508333],[83.8275,28.9491667],[83.8233333,28.9533333],[83.8158333,28.955],[83.81,28.9608333]]},{"type":"LineString","coordinates":[[83.83,28.9508333],[83.8291667,28.955],[83.8325,28.9566667],[83.8333333,28.9658333]]},{"type":"LineString","coordinates":[[80.2541667,28.9533333],[80.2508333,28.955],[80.25,28.9591667],[80.245,28.9625],[80.2441667,28.9683333],[80.2408333,28.97]]},{"type":"LineString","coordinates":[[80.2541667,28.9533333],[80.2633333,28.9608333],[80.2758333,28.9616667],[80.2766667,28.965],[80.2825,28.9658333],[80.2825,28.9708333]]},{"type":"LineString","coordinates":[[80.5466667,28.9575],[80.56,28.9608333],[80.595,28.9983333]]},{"type":"LineString","coordinates":[[80.5466667,28.9575],[80.5458333,28.9625],[80.5316667,28.9608333],[80.5291667,28.9625],[80.53,28.9725],[80.5275,28.9833333],[80.5241667,28.9875],[80.5175,28.99],[80.52,29.005],[80.5358333,29.015],[80.5341667,29.0208333]]},{"type":"LineString","coordinates":[[80.0375,28.9641667],[80.06,28.9666667]]},{"type":"LineString","coordinates":[[80.0375,28.9641667],[80.0341667,28.9658333],[80.035,28.9708333],[80.0416667,28.9716667],[80.0475,28.98],[80.0458333,28.9825],[80.0466667,28.995]]},{"type":"LineString","coordinates":[[82.2483333,28.9641667],[82.2433333,28.9691667],[82.2458333,28.9708333],[82.245,28.9733333],[82.2358333,28.9725]]},{"type":"LineString","coordinates":[[82.2483333,28.9641667],[82.25,28.965],[82.2533333,28.9625],[82.2616667,28.965],[82.2683333,28.9633333],[82.2833333,28.9683333],[82.28,28.9841667]]},{"type":"LineString","coordinates":[[83.5033333,28.965],[83.4966667,28.9566667]]},{"type":"LineString","coordinates":[[83.5033333,28.965],[83.51,28.9641667],[83.5141667,28.9516667],[83.5183333,28.9475],[83.525,28.9433333],[83.53,28.9433333]]},{"type":"LineString","coordinates":[[86.39,28.965],[86.395,28.9708333]]},{"type":"LineString","coordinates":[[86.39,28.965],[86.3908333,28.9716667],[86.3841667,28.9758333],[86.3816667,28.9933333],[86.3708333,29.01],[86.3641667,29.0058333],[86.34,29.0033333]]},{"type":"LineString","coordinates":[[81.1041667,28.9658333],[81.1183333,28.9641667],[81.1266667,28.9575],[81.1333333,28.9475],[81.1408333,28.9458333],[81.1466667,28.9375],[81.1558333,28.9333333],[81.1683333,28.9216667],[81.1833333,28.915],[81.195,28.9158333],[81.2041667,28.9075],[81.2325,28.905],[81.2375,28.9058333],[81.2425,28.915]]},{"type":"LineString","coordinates":[[81.1041667,28.9658333],[81.1025,28.9708333],[81.1058333,28.9775],[81.1191667,28.9741667],[81.13,28.98],[81.1358333,28.9891667],[81.1433333,28.99],[81.1475,29.0033333],[81.15,29.005],[81.145,29.0141667],[81.1441667,29.0208333]]},{"type":"LineString","coordinates":[[81.4241667,28.9658333],[81.4225,28.9625],[81.4066667,28.96]]},{"type":"LineString","coordinates":[[81.4241667,28.9658333],[81.4216667,28.9725],[81.425,28.975],[81.4258333,28.98],[81.4208333,28.9833333],[81.42,28.9883333],[81.415,28.9941667],[81.4116667,28.995]]},{"type":"LineString","coordinates":[[83.8333333,28.9658333],[83.8258333,28.9683333],[83.8266667,28.975]]},{"type":"LineString","coordinates":[[83.8333333,28.9658333],[83.835,28.9691667],[83.8416667,28.9716667],[83.8566667,28.9691667],[83.8583333,28.975],[83.8641667,28.9816667],[83.8716667,28.9816667]]},{"type":"LineString","coordinates":[[80.06,28.9666667],[80.0675,28.9658333],[80.0783333,28.97],[80.0958333,28.9925],[80.1058333,28.9975]]},{"type":"LineString","coordinates":[[80.06,28.9666667],[80.0533333,28.9766667],[80.055,28.9808333],[80.0533333,28.9866667],[80.0625,28.9941667],[80.0608333,29.0033333],[80.0675,29.0041667],[80.0675,29.0066667],[80.0658333,29.0058333],[80.0633333,29.0091667],[80.0666667,29.0116667],[80.0666667,29.0175]]},{"type":"LineString","coordinates":[[81.035,28.9666667],[81.0433333,28.9708333],[81.05,28.9783333],[81.065,28.97],[81.0908333,28.9675],[81.1,28.9633333],[81.1041667,28.9658333]]},{"type":"LineString","coordinates":[[81.035,28.9666667],[81.0308333,28.9708333],[81.0216667,28.9725],[81.0158333,28.9791667],[81.0008333,28.9766667],[80.9933333,28.9825],[80.985,28.98],[80.985,28.9825],[80.98,28.9858333],[80.9841667,28.995],[80.9825,28.9966667],[80.985,29.0016667],[80.9833333,29.0058333],[80.9866667,29.0083333],[80.9833333,29.0125],[80.9833333,29.0175],[80.9775,29.02],[80.9783333,29.0225],[80.9691667,29.0325],[80.96,29.03],[80.96,29.0333333],[80.9558333,29.0358333]]},{"type":"LineString","coordinates":[[82.3325,28.97],[82.3366667,28.9708333]]},{"type":"LineString","coordinates":[[82.3325,28.97],[82.3316667,28.9783333],[82.3291667,28.98],[82.33,29.0025],[82.3275,29.0108333],[82.3225,29.0141667]]},{"type":"LineString","coordinates":[[82.6241667,28.97],[82.6133333,28.9575],[82.6125,28.9533333]]},{"type":"LineString","coordinates":[[82.6241667,28.97],[82.6291667,28.9666667],[82.6291667,28.9608333],[82.6383333,28.9541667],[82.635,28.95],[82.6341667,28.9358333],[82.6458333,28.9225],[82.6541667,28.9166667],[82.6608333,28.905]]},{"type":"LineString","coordinates":[[86.395,28.9708333],[86.4041667,28.9708333],[86.4183333,28.9783333],[86.4266667,28.9866667],[86.4425,28.9933333]]},{"type":"LineString","coordinates":[[86.395,28.9708333],[86.3933333,28.9741667],[86.3966667,28.9833333],[86.3941667,28.9866667],[86.3966667,28.9908333],[86.3925,28.9966667],[86.3941667,29.0],[86.3883333,29.0158333]]},{"type":"LineString","coordinates":[[82.2358333,28.9725],[82.225,28.9725],[82.2183333,28.9775],[82.2058333,28.99],[82.1991667,29.0025]]},{"type":"LineString","coordinates":[[82.2358333,28.9725],[82.2341667,28.985],[82.2316667,28.9875],[82.23,29.0066667],[82.235,29.0158333],[82.2283333,29.0308333],[82.2275,29.0458333],[82.22,29.0525],[82.2175,29.0591667]]},{"type":"LineString","coordinates":[[82.8758333,28.9725],[82.8866667,28.9633333],[82.8858333,28.96],[82.89,28.9558333],[82.895,28.955],[82.9033333,28.9383333],[82.9108333,28.9341667]]},{"type":"LineString","coordinates":[[82.8758333,28.9725],[82.8875,28.9841667],[82.905,29.0133333],[82.9075,29.0316667],[82.9033333,29.04]]},{"type":"LineString","coordinates":[[82.8675,28.9741667],[82.8666667,28.9683333],[82.8541667,28.9616667],[82.8333333,28.9383333],[82.8225,28.9316667]]},{"type":"LineString","coordinates":[[82.8675,28.9741667],[82.8758333,28.9725]]},{"type":"LineString","coordinates":[[81.5533333,28.9766667],[81.555,28.975],[81.5633333,28.9758333],[81.5716667,28.9808333],[81.5783333,28.9783333],[81.5875,28.9858333]]},{"type":"LineString","coordinates":[[81.5533333,28.9766667],[81.5533333,28.9833333],[81.5566667,28.9858333],[81.5533333,28.995],[81.555,29.005]]},{"type":"LineString","coordinates":[[82.6141667,28.9783333],[82.6241667,28.97]]},{"type":"LineString","coordinates":[[82.6141667,28.9783333],[82.6358333,28.975],[82.6541667,28.9841667],[82.6541667,28.9866667],[82.6591667,28.9908333],[82.6666667,28.99],[82.6741667,28.9958333]]},{"type":"LineString","coordinates":[[83.8716667,28.9816667],[83.8725,28.9883333],[83.8675,28.9925]]},{"type":"LineString","coordinates":[[83.8716667,28.9816667],[83.8791667,28.9825],[83.8841667,28.9866667],[83.8933333,28.9858333],[83.9033333,29.0016667],[83.9058333,29.0083333],[83.9041667,29.01]]},{"type":"LineString","coordinates":[[84.1416667,28.9825],[84.1508333,28.975],[84.1791667,28.97],[84.2033333,28.955],[84.205,28.9375],[84.2,28.9275],[84.1933333,28.9225]]},{"type":"LineString","coordinates":[[84.1416667,28.9825],[84.1475,28.9891667],[84.1583333,28.9891667],[84.1641667,28.9933333],[84.1758333,28.995]]},{"type":"LineString","coordinates":[[82.58,28.9891667],[82.5883333,28.9866667],[82.5933333,28.9808333],[82.6016667,28.9825],[82.6108333,28.9775],[82.6141667,28.9783333]]},{"type":"LineString","coordinates":[[82.58,28.9891667],[82.5791667,29.0041667],[82.5683333,29.0091667],[82.5633333,29.015],[82.5625,29.025],[82.5575,29.03],[82.56,29.0391667],[82.5675,29.0483333],[82.5725,29.05],[82.5716667,29.0566667]]},{"type":"LineString","coordinates":[[84.0791667,28.99],[84.0758333,28.9833333],[84.0775,28.9783333]]},{"type":"LineString","coordinates":[[84.0791667,28.99],[84.095,28.9925]]},{"type":"LineString","coordinates":[[84.095,28.9925],[84.1158333,28.9841667],[84.1416667,28.9825]]},{"type":"LineString","coordinates":[[84.095,28.9925],[84.1,28.9983333],[84.1016667,29.0083333],[84.105,29.0133333],[84.1133333,29.0183333],[84.1191667,29.0183333],[84.1241667,29.0258333],[84.1333333,29.0325],[84.1316667,29.04]]},{"type":"LineString","coordinates":[[82.6966667,28.9933333],[82.6983333,28.9875],[82.7083333,28.9791667],[82.7075,28.975],[82.7191667,28.9675],[82.7208333,28.9625]]},{"type":"LineString","coordinates":[[82.6966667,28.9933333],[82.7025,28.9983333],[82.71,28.9983333],[82.7125,29.0016667],[82.7275,29.005],[82.7316667,29.0083333],[82.735,29.0075],[82.7375,29.0108333],[82.7666667,29.02],[82.7758333,29.025]]},{"type":"LineString","coordinates":[[83.0858333,28.9933333],[83.0925,28.9975],[83.1033333,28.9983333],[83.1066667,28.995],[83.1133333,28.9983333],[83.1208333,28.9983333]]},{"type":"LineString","coordinates":[[83.0858333,28.9933333],[83.09,29.0083333],[83.0958333,29.0133333],[83.0966667,29.0175],[83.1083333,29.0241667],[83.12,29.0266667],[83.1258333,29.0325],[83.1241667,29.0375],[83.13,29.0441667]]},{"type":"LineString","coordinates":[[81.4116667,28.995],[81.4083333,28.99],[81.4025,28.9891667]]},{"type":"LineString","coordinates":[[81.4116667,28.995],[81.4108333,28.9966667],[81.415,28.9983333],[81.4191667,29.0041667],[81.4133333,29.0166667],[81.4141667,29.02],[81.4166667,29.0225],[81.4241667,29.0216667],[81.4275,29.0266667]]},{"type":"LineString","coordinates":[[84.1758333,28.995],[84.1775,29.0]]},{"type":"LineString","coordinates":[[84.1758333,28.995],[84.1825,28.9958333],[84.1833333,28.995],[84.19,29.0025],[84.1983333,29.0033333],[84.2191667,28.9966667]]},{"type":"LineString","coordinates":[[82.6741667,28.9958333],[82.6925,28.9958333],[82.6966667,28.9933333]]},{"type":"LineString","coordinates":[[82.6741667,28.9958333],[82.6666667,29.0041667]]},{"type":"LineString","coordinates":[[80.1058333,28.9975],[80.1108333,28.9966667],[80.1133333,28.9991667],[80.1108333,29.0041667],[80.1158333,29.01],[80.1183333,29.0083333],[80.1175,29.0125]]},{"type":"LineString","coordinates":[[80.1058333,28.9975],[80.1041667,29.0008333],[80.1066667,29.0041667],[80.1058333,29.0083333],[80.1041667,29.01],[80.1025,29.0083333],[80.0966667,29.0166667],[80.1025,29.0266667],[80.1016667,29.0325],[80.1183333,29.0466667],[80.1191667,29.0566667],[80.1225,29.0591667],[80.1216667,29.0791667]]},{"type":"LineString","coordinates":[[83.4741667,29.0016667],[83.4808333,28.9866667],[83.4858333,28.9808333],[83.4883333,28.9816667],[83.49,28.9775],[83.5033333,28.965]]},{"type":"LineString","coordinates":[[83.4741667,29.0016667],[83.46,28.9966667],[83.4433333,29.005],[83.425,29.0083333],[83.4191667,29.015]]},{"type":"LineString","coordinates":[[82.1991667,29.0025],[82.1816667,29.0025]]},{"type":"LineString","coordinates":[[82.1991667,29.0025],[82.1966667,29.025]]},{"type":"LineString","coordinates":[[80.7483333,29.0058333],[80.7366667,29.0108333]]},{"type":"LineString","coordinates":[[80.7483333,29.0058333],[80.7525,29.0166667],[80.7558333,29.0125],[80.7633333,29.0158333],[80.7641667,29.0125],[80.7683333,29.015],[80.7816667,29.01],[80.7833333,29.0141667],[80.7925,29.0141667],[80.8016667,29.02],[80.8108333,29.02],[80.81,29.0283333],[80.8158333,29.0325],[80.8216667,29.0316667],[80.8266667,29.0375],[80.8291667,29.0341667],[80.8341667,29.0333333],[80.8358333,29.0408333]]},{"type":"LineString","coordinates":[[83.9441667,29.0091667],[83.9433333,28.9958333],[83.9583333,28.9783333],[83.955,28.9725],[83.9575,28.9675],[83.955,28.9566667],[83.9633333,28.9425],[83.9633333,28.935],[83.97,28.9275],[83.9766667,28.9241667],[83.9816667,28.9158333],[83.9858333,28.9141667],[83.9958333,28.8958333],[84.0175,28.8725]]},{"type":"LineString","coordinates":[[83.9441667,29.0091667],[83.9491667,29.0075],[83.9658333,29.0133333],[83.9708333,29.01],[83.9841667,29.0075],[83.9883333,29.0],[84.0008333,28.99],[84.0083333,28.98],[84.0075,28.9783333],[84.0208333,28.97],[84.0283333,28.9525],[84.035,28.9466667],[84.0441667,28.9233333]]},{"type":"LineString","coordinates":[[83.9041667,29.01],[83.9066667,29.02],[83.9133333,29.0275],[83.9158333,29.0266667]]},{"type":"LineString","coordinates":[[83.9041667,29.01],[83.9016667,29.015],[83.9041667,29.0266667],[83.9008333,29.035],[83.8933333,29.045],[83.8866667,29.0466667],[83.8841667,29.0533333],[83.8758333,29.0608333]]},{"type":"LineString","coordinates":[[80.7366667,29.0108333],[80.7241667,29.0108333],[80.72,29.0066667],[80.7175,29.01],[80.7041667,29.0091667],[80.695,29.0116667],[80.6916667,29.015],[80.6775,29.015],[80.6741667,29.0208333],[80.67,29.0183333],[80.6425,29.0283333],[80.6341667,29.0358333],[80.6325,29.0425]]},{"type":"LineString","coordinates":[[80.7366667,29.0108333],[80.7375,29.015],[80.74,29.0141667],[80.7383333,29.0183333],[80.7408333,29.0216667],[80.7408333,29.0283333],[80.74,29.0341667],[80.7358333,29.0375],[80.7375,29.0408333],[80.7358333,29.045],[80.7408333,29.0483333],[80.74,29.0508333],[80.7433333,29.0516667],[80.7458333,29.0566667],[80.7491667,29.0575],[80.7491667,29.0616667]]},{"type":"LineString","coordinates":[[82.3225,29.0141667],[82.3141667,29.0141667],[82.3158333,29.0208333],[82.3066667,29.0283333],[82.3016667,29.0383333],[82.3016667,29.0433333],[82.3075,29.0558333],[82.3033333,29.0675]]},{"type":"LineString","coordinates":[[82.3225,29.0141667],[82.3258333,29.0183333],[82.3241667,29.0258333],[82.3358333,29.0333333],[82.3366667,29.0508333],[82.3433333,29.0558333],[82.3475,29.0541667],[82.3516667,29.0575],[82.3533333,29.0716667]]},{"type":"LineString","coordinates":[[86.3883333,29.0158333],[86.3925,29.0275]]},{"type":"LineString","coordinates":[[86.3883333,29.0158333],[86.3825,29.02],[86.3833333,29.0308333]]},{"type":"LineString","coordinates":[[80.0666667,29.0175],[80.0725,29.0241667],[80.0691667,29.0283333],[80.075,29.0325],[80.0716667,29.0375],[80.0775,29.0408333],[80.0758333,29.0541667],[80.0816667,29.0583333],[80.0775,29.06],[80.0791667,29.0625],[80.0758333,29.0675],[80.0725,29.0675],[80.0725,29.0708333],[80.0691667,29.0716667],[80.0658333,29.0791667]]},{"type":"LineString","coordinates":[[80.0666667,29.0175],[80.0641667,29.02],[80.0641667,29.025],[80.0291667,29.065],[80.0191667,29.0816667],[80.0175,29.0925],[80.0141667,29.0966667],[80.0141667,29.1058333],[80.005,29.1241667],[80.005,29.1275],[80.0108333,29.1325],[80.01,29.1375],[79.9975,29.1391667],[79.9866667,29.145],[79.9758333,29.1458333],[79.97,29.1425],[79.9575,29.1433333],[79.9575,29.145]]},{"type":"LineString","coordinates":[[81.1441667,29.0208333],[81.1408333,29.0191667]]},{"type":"LineString","coordinates":[[81.1441667,29.0208333],[81.145,29.0241667]]},{"type":"LineString","coordinates":[[82.7808333,29.0233333],[82.7858333,29.0233333],[82.7916667,29.0166667],[82.8025,29.0125],[82.8066667,29.005],[82.815,28.9975],[82.8258333,28.995],[82.8316667,28.9875],[82.8358333,28.9866667],[82.8458333,28.9783333],[82.8591667,28.98],[82.8675,28.9741667]]},{"type":"LineString","coordinates":[[82.7808333,29.0233333],[82.7883333,29.0291667],[82.7858333,29.0383333],[82.7666667,29.0491667],[82.7658333,29.0566667],[82.7591667,29.0675]]},{"type":"LineString","coordinates":[[81.145,29.0241667],[81.1533333,29.0233333],[81.1633333,29.0275],[81.1758333,29.0258333],[81.1783333,29.0291667],[81.1858333,29.0266667]]},{"type":"LineString","coordinates":[[81.145,29.0241667],[81.145,29.035],[81.1366667,29.0416667],[81.1358333,29.0483333],[81.1308333,29.0541667],[81.1316667,29.0583333],[81.1208333,29.065],[81.12,29.0725],[81.1216667,29.0741667]]},{"type":"LineString","coordinates":[[82.7758333,29.025],[82.7808333,29.0233333]]},{"type":"LineString","coordinates":[[82.7758333,29.025],[82.7733333,29.0333333],[82.7658333,29.04],[82.7516667,29.0466667],[82.7425,29.0475],[82.7366667,29.0516667],[82.7233333,29.0541667],[82.7091667,29.0625]]},{"type":"LineString","coordinates":[[81.1858333,29.0266667],[81.1833333,29.0233333],[81.1858333,29.015]]},{"type":"LineString","coordinates":[[81.1858333,29.0266667],[81.1916667,29.025],[81.2,29.0366667],[81.21,29.0408333],[81.225,29.0383333],[81.2283333,29.0425],[81.2333333,29.0433333]]},{"type":"LineString","coordinates":[[81.4275,29.0266667],[81.42,29.0291667],[81.405,29.04]]},{"type":"LineString","coordinates":[[81.4275,29.0266667],[81.4325,29.0366667],[81.4408333,29.0408333],[81.44,29.0466667],[81.4441667,29.0541667],[81.4533333,29.06]]},{"type":"LineString","coordinates":[[83.9158333,29.0266667],[83.9233333,29.0108333],[83.9316667,29.0141667],[83.9441667,29.0091667]]},{"type":"LineString","coordinates":[[83.9158333,29.0266667],[83.9191667,29.03],[83.9283333,29.0308333],[83.9316667,29.0375],[83.9416667,29.0466667],[83.9416667,29.0533333],[83.9358333,29.0591667],[83.9358333,29.065],[83.9416667,29.0725]]},{"type":"LineString","coordinates":[[86.3833333,29.0308333],[86.3916667,29.0508333]]},{"type":"LineString","coordinates":[[86.3833333,29.0308333],[86.3766667,29.0375],[86.3725,29.0533333],[86.3475,29.0716667]]},{"type":"LineString","coordinates":[[82.9566667,29.0325],[82.9675,29.0191667],[82.9775,29.015]]},{"type":"LineString","coordinates":[[82.9566667,29.0325],[82.9583333,29.0316667],[82.97,29.035],[82.9741667,29.0375],[82.9858333,29.0525]]},{"type":"LineString","coordinates":[[81.2658333,29.04],[81.2658333,29.0341667],[81.2741667,29.0325],[81.2791667,29.025],[81.2775,29.0191667]]},{"type":"LineString","coordinates":[[81.2658333,29.04],[81.2766667,29.0383333],[81.28,29.0425],[81.2866667,29.0441667]]},{"type":"LineString","coordinates":[[81.405,29.04],[81.3991667,29.0391667],[81.3966667,29.0416667],[81.3925,29.0391667],[81.3841667,29.0416667]]},{"type":"LineString","coordinates":[[81.405,29.04],[81.4,29.0475],[81.4016667,29.0558333],[81.4,29.0616667],[81.395,29.0625],[81.3891667,29.0708333]]},{"type":"LineString","coordinates":[[82.9033333,29.04],[82.9108333,29.0433333]]},{"type":"LineString","coordinates":[[82.9033333,29.04],[82.8975,29.0566667],[82.8891667,29.0641667],[82.885,29.0883333],[82.8791667,29.09],[82.8733333,29.0991667],[82.88,29.1108333],[82.8958333,29.1258333],[82.8975,29.1333333]]},{"type":"LineString","coordinates":[[80.8358333,29.0408333],[80.8425,29.0425],[80.8475,29.04],[80.8508333,29.0441667],[80.855,29.04],[80.8591667,29.04],[80.8625,29.0433333],[80.865,29.0408333],[80.8666667,29.0425],[80.8675,29.0383333],[80.8708333,29.0358333]]},{"type":"LineString","coordinates":[[80.8358333,29.0408333],[80.8366667,29.0483333],[80.8433333,29.0525],[80.8425,29.0625],[80.8458333,29.0666667]]},{"type":"LineString","coordinates":[[80.6325,29.0425],[80.6291667,29.0433333],[80.6241667,29.0483333],[80.6233333,29.0525],[80.61,29.0633333]]},{"type":"LineString","coordinates":[[80.6325,29.0425],[80.6333333,29.0433333],[80.6383333,29.0408333],[80.6416667,29.0416667],[80.6391667,29.0433333],[80.6408333,29.0516667],[80.6458333,29.0575],[80.65,29.0558333],[80.6541667,29.0608333],[80.6608333,29.0583333],[80.6683333,29.0608333],[80.6641667,29.0658333],[80.6658333,29.0691667],[80.6633333,29.0741667],[80.655,29.08],[80.6591667,29.0883333]]},{"type":"LineString","coordinates":[[81.2333333,29.0433333],[81.2425,29.0458333],[81.2458333,29.0508333],[81.2541667,29.0433333],[81.26,29.0458333],[81.2658333,29.04]]},{"type":"LineString","coordinates":[[81.2333333,29.0433333],[81.2341667,29.0658333],[81.2366667,29.0683333],[81.235,29.0716667],[81.2375,29.0741667],[81.2483333,29.0733333],[81.25,29.0758333],[81.2566667,29.0741667],[81.2625,29.0816667],[81.275,29.0875]]},{"type":"LineString","coordinates":[[82.9108333,29.0433333],[82.9241667,29.0358333],[82.93,29.035],[82.9333333,29.0383333],[82.9425,29.0383333],[82.9566667,29.0325]]},{"type":"LineString","coordinates":[[82.9108333,29.0433333],[82.9141667,29.0458333],[82.9208333,29.045]]},{"type":"LineString","coordinates":[[83.13,29.0441667],[83.125,29.0483333]]},{"type":"LineString","coordinates":[[83.13,29.0441667],[83.1341667,29.0508333],[83.1441667,29.0566667],[83.155,29.0675]]},{"type":"LineString","coordinates":[[83.125,29.0483333],[83.1166667,29.0508333],[83.1083333,29.0483333],[83.1016667,29.0491667],[83.0808333,29.0616667],[83.0566667,29.0625]]},{"type":"LineString","coordinates":[[83.125,29.0483333],[83.1241667,29.0608333],[83.1183333,29.0691667],[83.1116667,29.0733333]]},{"type":"LineString","coordinates":[[81.9191667,29.0508333],[81.9183333,29.0441667],[81.9258333,29.035],[81.9258333,29.025]]},{"type":"LineString","coordinates":[[81.9191667,29.0508333],[81.9358333,29.0383333]]},{"type":"LineString","coordinates":[[82.5716667,29.0566667],[82.5691667,29.06],[82.5425,29.0566667],[82.5283333,29.065],[82.5133333,29.0633333],[82.5083333,29.06],[82.5033333,29.0641667],[82.5008333,29.0633333]]},{"type":"LineString","coordinates":[[82.5716667,29.0566667],[82.5816667,29.0625],[82.5925,29.0633333],[82.5991667,29.0675],[82.6008333,29.0708333],[82.5983333,29.08]]},{"type":"LineString","coordinates":[[83.3366667,29.0583333],[83.3233333,29.0591667],[83.3133333,29.0666667]]},{"type":"LineString","coordinates":[[83.3366667,29.0583333],[83.3483333,29.0833333],[83.3625,29.0966667],[83.3725,29.0975],[83.3758333,29.095],[83.39,29.095],[83.4091667,29.0891667],[83.4166667,29.0891667]]},{"type":"LineString","coordinates":[[81.4533333,29.06],[81.4558333,29.0558333],[81.4608333,29.0558333],[81.4633333,29.0525],[81.4791667,29.0466667]]},{"type":"LineString","coordinates":[[81.4533333,29.06],[81.4591667,29.065],[81.4675,29.0675],[81.4683333,29.0766667]]},{"type":"LineString","coordinates":[[83.7475,29.0608333],[83.7325,29.05],[83.7191667,29.0491667],[83.7,29.0516667]]},{"type":"LineString","coordinates":[[83.7475,29.0608333],[83.7391667,29.0666667],[83.7133333,29.0716667],[83.695,29.0691667],[83.6708333,29.0766667]]},{"type":"LineString","coordinates":[[83.8758333,29.0608333],[83.8758333,29.0641667],[83.8708333,29.0666667],[83.8691667,29.0708333],[83.8483333,29.0716667]]},{"type":"LineString","coordinates":[[83.8758333,29.0608333],[83.8841667,29.0716667],[83.8841667,29.0808333],[83.8791667,29.0841667],[83.8783333,29.0925],[83.8716667,29.0975],[83.865,29.0975]]},{"type":"LineString","coordinates":[[80.7491667,29.0616667],[80.755,29.0616667],[80.7633333,29.0683333]]},{"type":"LineString","coordinates":[[80.7491667,29.0616667],[80.7516667,29.0691667],[80.7533333,29.0708333],[80.755,29.0675],[80.7575,29.07],[80.7616667,29.0816667],[80.7641667,29.0825],[80.7616667,29.0866667],[80.7666667,29.0891667],[80.765,29.0925],[80.7666667,29.0991667],[80.7633333,29.1025],[80.7658333,29.105],[80.7675,29.1058333],[80.7691667,29.1025],[80.775,29.1033333],[80.7766667,29.1058333],[80.7741667,29.1083333],[80.7775,29.1116667],[80.7966667,29.1158333],[80.7991667,29.1191667],[80.8058333,29.12],[80.8133333,29.1258333]]},{"type":"LineString","coordinates":[[82.5008333,29.0633333],[82.5,29.0583333],[82.4958333,29.0541667],[82.4883333,29.055],[82.47,29.0475]]},{"type":"LineString","coordinates":[[82.5008333,29.0633333],[82.4875,29.0683333]]},{"type":"LineString","coordinates":[[83.155,29.0675],[83.1958333,29.0666667],[83.2041667,29.055],[83.2133333,29.05]]},{"type":"LineString","coordinates":[[83.155,29.0675],[83.1566667,29.0758333],[83.1616667,29.0816667],[83.1633333,29.0958333]]},{"type":"LineString","coordinates":[[82.4875,29.0683333],[82.4758333,29.0741667],[82.47,29.0741667],[82.4666667,29.0783333],[82.4625,29.0758333]]},{"type":"LineString","coordinates":[[82.4875,29.0683333],[82.4891667,29.0966667],[82.5033333,29.115]]},{"type":"LineString","coordinates":[[83.4591667,29.0716667],[83.4675,29.0641667],[83.4691667,29.0458333],[83.4725,29.0408333],[83.4725,29.0308333],[83.4758333,29.0216667],[83.4741667,29.0016667]]},{"type":"LineString","coordinates":[[83.4591667,29.0716667],[83.47,29.0683333],[83.4791667,29.0716667],[83.505,29.0733333],[83.5083333,29.0716667]]},{"type":"LineString","coordinates":[[83.5083333,29.0716667],[83.51,29.0658333],[83.5391667,29.0483333],[83.5458333,29.0391667],[83.5541667,29.0175],[83.5591667,29.0141667]]},{"type":"LineString","coordinates":[[83.5083333,29.0716667],[83.5091667,29.0725],[83.5125,29.0708333],[83.5241667,29.0766667]]},{"type":"LineString","coordinates":[[83.8483333,29.0716667],[83.8475,29.0675],[83.8291667,29.065],[83.7833333,29.0708333],[83.7475,29.0608333]]},{"type":"LineString","coordinates":[[83.8483333,29.0716667],[83.8416667,29.0716667],[83.8266667,29.0775],[83.8091667,29.0883333],[83.7775,29.0858333],[83.765,29.1041667],[83.7525,29.1133333],[83.745,29.1133333],[83.7408333,29.1166667]]},{"type":"LineString","coordinates":[[83.9416667,29.0725],[83.9575,29.0683333],[83.9875,29.0683333],[83.995,29.0625],[84.0016667,29.0633333],[84.0066667,29.0608333],[84.0058333,29.0583333],[84.0175,29.0558333],[84.0333333,29.0375],[84.0416667,29.0333333],[84.0458333,29.0225],[84.0533333,29.0133333],[84.0541667,29.0058333],[84.0591667,29.0],[84.07,28.9941667],[84.0733333,28.995],[84.0791667,28.99]]},{"type":"LineString","coordinates":[[83.9416667,29.0725],[83.9425,29.0733333]]},{"type":"LineString","coordinates":[[83.9425,29.0733333],[83.9391667,29.0775],[83.9391667,29.0891667]]},{"type":"LineString","coordinates":[[83.9425,29.0733333],[83.95,29.0783333],[83.9533333,29.0866667],[83.9641667,29.0883333],[83.9733333,29.1016667]]},{"type":"LineString","coordinates":[[81.1216667,29.0741667],[81.1075,29.0733333],[81.1033333,29.0658333],[81.0975,29.0633333],[81.0941667,29.065],[81.0916667,29.06],[81.0791667,29.0616667],[81.0733333,29.06],[81.0725,29.0558333],[81.0675,29.0541667]]},{"type":"LineString","coordinates":[[81.1216667,29.0741667],[81.1241667,29.0741667],[81.1291667,29.0816667],[81.1158333,29.085],[81.11,29.0841667],[81.11,29.0966667],[81.1058333,29.0991667]]},{"type":"LineString","coordinates":[[82.4625,29.0758333],[82.4475,29.0625]]},{"type":"LineString","coordinates":[[82.4625,29.0758333],[82.4608333,29.0833333],[82.4525,29.085]]},{"type":"LineString","coordinates":[[81.4683333,29.0766667],[81.4591667,29.08],[81.4591667,29.0825],[81.4425,29.0866667]]},{"type":"LineString","coordinates":[[81.4683333,29.0766667],[81.4733333,29.0808333],[81.4825,29.0825],[81.5016667,29.0916667],[81.5108333,29.0908333],[81.5183333,29.0958333],[81.5233333,29.1041667],[81.5375,29.1066667],[81.5516667,29.12],[81.5675,29.1266667]]},{"type":"LineString","coordinates":[[83.5241667,29.0766667],[83.525,29.0841667],[83.5366667,29.1025],[83.5358333,29.1066667],[83.5391667,29.1083333],[83.5416667,29.12],[83.555,29.1316667]]},{"type":"LineString","coordinates":[[83.5241667,29.0766667],[83.5333333,29.0766667],[83.5441667,29.085],[83.5475,29.085],[83.555,29.0908333],[83.5575,29.0975],[83.565,29.1058333],[83.5841667,29.1216667],[83.6016667,29.1291667],[83.6183333,29.1408333],[83.6241667,29.1408333]]},{"type":"LineString","coordinates":[[80.1216667,29.0791667],[80.1116667,29.0883333],[80.1116667,29.0916667],[80.1091667,29.0908333],[80.1016667,29.0991667]]},{"type":"LineString","coordinates":[[80.1216667,29.0791667],[80.1266667,29.0883333],[80.1341667,29.0883333],[80.1375,29.0966667],[80.1441667,29.1033333],[80.165,29.1166667],[80.1683333,29.1266667],[80.1775,29.1275],[80.1833333,29.1375],[80.1975,29.13],[80.2025,29.13],[80.2091667,29.1216667],[80.2258333,29.12],[80.2325,29.1158333],[80.2358333,29.1166667],[80.2391667,29.1216667]]},{"type":"LineString","coordinates":[[83.4366667,29.0791667],[83.4591667,29.0716667]]},{"type":"LineString","coordinates":[[83.4366667,29.0791667],[83.4433333,29.0841667],[83.4625,29.1083333],[83.4725,29.115],[83.4741667,29.12],[83.48,29.1216667],[83.4841667,29.13],[83.5066667,29.1425],[83.5291667,29.1633333]]},{"type":"LineString","coordinates":[[82.0775,29.0858333],[82.0658333,29.0783333],[82.0633333,29.0691667],[82.0583333,29.0633333]]},{"type":"LineString","coordinates":[[82.0775,29.0858333],[82.0766667,29.0683333],[82.0841667,29.0566667],[82.0808333,29.0425],[82.0833333,29.0325],[82.0825,29.0233333],[82.0858333,29.0158333]]},{"type":"LineString","coordinates":[[81.4425,29.0866667],[81.4375,29.0858333],[81.4325,29.0891667]]},{"type":"LineString","coordinates":[[81.4425,29.0866667],[81.4416667,29.09],[81.4483333,29.0958333],[81.45,29.1008333],[81.4483333,29.1041667],[81.4516667,29.1075]]},{"type":"LineString","coordinates":[[80.6591667,29.0883333],[80.6625,29.0883333],[80.6641667,29.0941667],[80.6716667,29.1]]},{"type":"LineString","coordinates":[[80.6591667,29.0883333],[80.655,29.0925],[80.65,29.0908333],[80.64,29.0933333],[80.6375,29.0916667],[80.635,29.0966667],[80.625,29.0958333],[80.6283333,29.1033333],[80.6233333,29.105],[80.6241667,29.1083333],[80.6191667,29.1141667]]},{"type":"LineString","coordinates":[[83.4166667,29.0891667],[83.4366667,29.0791667]]},{"type":"LineString","coordinates":[[83.4166667,29.0891667],[83.4175,29.0966667],[83.4291667,29.1041667]]},{"type":"LineString","coordinates":[[83.9391667,29.0891667],[83.9391667,29.1],[83.95,29.1208333],[83.9491667,29.1341667],[83.9458333,29.1408333]]},{"type":"LineString","coordinates":[[83.9391667,29.0891667],[83.93,29.1033333],[83.8933333,29.1175],[83.8925,29.125],[83.8841667,29.1358333],[83.8766667,29.1383333],[83.8716667,29.1366667],[83.8575,29.1425],[83.8441667,29.1541667],[83.8141667,29.17],[83.8125,29.1741667],[83.7983333,29.1875]]},{"type":"LineString","coordinates":[[81.9116667,29.0941667],[81.9125,29.0758333],[81.9183333,29.0616667],[81.9191667,29.0508333]]},{"type":"LineString","coordinates":[[81.9116667,29.0941667],[81.9333333,29.1008333],[81.9391667,29.1083333],[81.9525,29.115],[81.9575,29.1141667],[81.965,29.1025],[81.97,29.1],[81.9758333,29.1016667],[81.9841667,29.0975]]},{"type":"LineString","coordinates":[[83.1633333,29.0958333],[83.1408333,29.1116667]]},{"type":"LineString","coordinates":[[83.1633333,29.0958333],[83.1725,29.1133333],[83.1858333,29.1275]]},{"type":"LineString","coordinates":[[81.7583333,29.0975],[81.765,29.0891667],[81.7583333,29.0816667],[81.7558333,29.0708333],[81.765,29.0616667],[81.7691667,29.0516667],[81.7816667,29.0425],[81.8008333,29.0391667],[81.8066667,29.0416667],[81.8133333,29.0391667],[81.82,29.0325],[81.8208333,29.0241667]]},{"type":"LineString","coordinates":[[81.7583333,29.0975],[81.7658333,29.0966667],[81.7758333,29.0983333],[81.795,29.1066667],[81.7983333,29.1033333],[81.805,29.105],[81.8133333,29.1016667],[81.8608333,29.1025],[81.8691667,29.0983333],[81.8858333,29.095],[81.9083333,29.0983333],[81.9116667,29.0941667]]},{"type":"LineString","coordinates":[[81.1058333,29.0991667],[81.0991667,29.1025]]},{"type":"LineString","coordinates":[[81.1058333,29.0991667],[81.1075,29.1025],[81.1158333,29.1008333],[81.1183333,29.1041667],[81.125,29.1041667],[81.1325,29.1108333],[81.1383333,29.1108333],[81.1466667,29.1183333],[81.1525,29.12],[81.1566667,29.1291667],[81.1625,29.1283333],[81.1633333,29.1316667],[81.17,29.135],[81.1725,29.1391667],[81.1816667,29.1383333],[81.1858333,29.1425],[81.1958333,29.1425],[81.1966667,29.1491667],[81.1991667,29.15],[81.2041667,29.1458333],[81.2075,29.1491667],[81.2058333,29.155],[81.21,29.1591667]]},{"type":"LineString","coordinates":[[80.6716667,29.1],[80.6675,29.1041667],[80.6633333,29.1033333],[80.6616667,29.105],[80.6633333,29.1075],[80.6566667,29.1091667],[80.6541667,29.1141667]]},{"type":"LineString","coordinates":[[80.6716667,29.1],[80.68,29.1116667],[80.6841667,29.1125],[80.6841667,29.1175],[80.6891667,29.1183333],[80.6925,29.1225]]},{"type":"LineString","coordinates":[[82.0875,29.1],[82.0775,29.0858333]]},{"type":"LineString","coordinates":[[82.0875,29.1],[82.1083333,29.0933333]]},{"type":"LineString","coordinates":[[83.9733333,29.1016667],[83.9775,29.0975],[83.9866667,29.0975],[83.9916667,29.0941667],[83.9966667,29.0941667],[84.0058333,29.0875],[84.0141667,29.0891667],[84.03,29.0833333],[84.0375,29.085],[84.0508333,29.0808333]]},{"type":"LineString","coordinates":[[83.9733333,29.1016667],[83.9766667,29.1033333],[83.9816667,29.1175],[83.985,29.1183333],[83.9908333,29.1366667],[84.0008333,29.1516667],[83.9991667,29.1558333],[84.0008333,29.1566667]]},{"type":"LineString","coordinates":[[81.0991667,29.1025],[81.095,29.0966667],[81.0908333,29.0966667],[81.0875,29.0925],[81.0841667,29.0966667],[81.08,29.0933333],[81.0733333,29.1016667],[81.0691667,29.0991667],[81.065,29.1],[81.065,29.1033333],[81.0608333,29.1033333],[81.0583333,29.1058333],[81.0591667,29.1083333],[81.0533333,29.1125],[81.0508333,29.1108333],[81.0458333,29.1125],[81.0391667,29.1066667],[81.0425,29.1041667],[81.0383333,29.0983333],[81.035,29.1016667],[81.0266667,29.0966667],[81.0233333,29.0991667],[81.0166667,29.0958333],[81.0141667,29.1],[81.0075,29.0975],[81.0041667,29.1016667],[81.0041667,29.0975],[81.0016667,29.0975],[80.9966667,29.1016667],[80.985,29.1],[80.9766667,29.1041667],[80.9725,29.1008333]]},{"type":"LineString","coordinates":[[81.0991667,29.1025],[81.0975,29.1066667],[81.0725,29.1283333],[81.0708333,29.1341667],[81.065,29.1358333],[81.0675,29.1433333],[81.055,29.15],[81.0591667,29.1566667],[81.0566667,29.1616667],[81.0483333,29.1633333],[81.0491667,29.17],[81.0433333,29.175],[81.0458333,29.1833333],[81.0366667,29.1891667],[81.0325,29.185]]},{"type":"LineString","coordinates":[[83.4291667,29.1041667],[83.4258333,29.1125],[83.4116667,29.125]]},{"type":"LineString","coordinates":[[83.4291667,29.1041667],[83.4316667,29.1083333],[83.4408333,29.11],[83.4458333,29.115],[83.4525,29.1316667],[83.4416667,29.1558333],[83.4408333,29.1625]]},{"type":"LineString","coordinates":[[81.7425,29.11],[81.7516667,29.105],[81.7516667,29.1],[81.755,29.1008333],[81.7583333,29.0975]]},{"type":"LineString","coordinates":[[81.7425,29.11],[81.7625,29.1258333],[81.765,29.1316667],[81.7741667,29.1391667],[81.7758333,29.145],[81.7816667,29.1458333],[81.7908333,29.1416667],[81.7925,29.1358333],[81.8016667,29.1283333],[81.8191667,29.1325],[81.8216667,29.1341667],[81.8266667,29.1591667],[81.8325,29.1625],[81.8408333,29.1591667],[81.875,29.165],[81.8783333,29.1675],[81.88,29.1775],[81.8841667,29.1833333],[81.9075,29.1866667],[81.9108333,29.2008333]]},{"type":"LineString","coordinates":[[82.6008333,29.1133333],[82.6025,29.1158333],[82.5908333,29.1241667],[82.5883333,29.1291667]]},{"type":"LineString","coordinates":[[82.6008333,29.1133333],[82.6058333,29.1191667],[82.6141667,29.1183333],[82.62,29.125],[82.64,29.135],[82.645,29.1425]]},{"type":"LineString","coordinates":[[81.6616667,29.1141667],[81.6591667,29.1108333],[81.66,29.1],[81.6566667,29.09]]},{"type":"LineString","coordinates":[[81.6616667,29.1141667],[81.6641667,29.11],[81.6741667,29.1091667],[81.6775,29.1066667],[81.69,29.1083333],[81.6991667,29.1041667],[81.7108333,29.1058333],[81.7141667,29.1033333],[81.725,29.1083333],[81.7333333,29.1075],[81.7425,29.11]]},{"type":"LineString","coordinates":[[82.5033333,29.115],[82.5108333,29.1191667],[82.5208333,29.1166667],[82.5266667,29.1125],[82.5366667,29.1116667],[82.5533333,29.1225],[82.5775,29.1183333],[82.5941667,29.1116667],[82.6008333,29.1133333]]},{"type":"LineString","coordinates":[[82.5033333,29.115],[82.4941667,29.1266667]]},{"type":"LineString","coordinates":[[81.6125,29.1208333],[81.6133333,29.1141667],[81.6066667,29.1066667],[81.6033333,29.0975],[81.5941667,29.0908333]]},{"type":"LineString","coordinates":[[81.6125,29.1208333],[81.6191667,29.1191667],[81.6266667,29.1216667],[81.6425,29.1158333],[81.6508333,29.1175],[81.6541667,29.1141667],[81.6616667,29.1141667]]},{"type":"LineString","coordinates":[[80.2391667,29.1216667],[80.2491667,29.1125],[80.2558333,29.11],[80.26,29.1],[80.275,29.0941667]]},{"type":"LineString","coordinates":[[80.2391667,29.1216667],[80.2441667,29.1283333],[80.2475,29.1266667],[80.2508333,29.1283333],[80.2533333,29.1383333],[80.2566667,29.14],[80.2708333,29.1383333],[80.2733333,29.1441667]]},{"type":"LineString","coordinates":[[80.6925,29.1225],[80.695,29.125],[80.6933333,29.13],[80.6975,29.1308333],[80.6975,29.1358333]]},{"type":"LineString","coordinates":[[80.6925,29.1225],[80.6933333,29.1216667],[80.695,29.1233333],[80.6975,29.12],[80.7016667,29.1208333],[80.705,29.1175],[80.7116667,29.1191667],[80.7091667,29.1233333],[80.71,29.1291667],[80.7191667,29.13],[80.7208333,29.1375]]},{"type":"LineString","coordinates":[[81.5675,29.1266667],[81.58,29.1366667]]},{"type":"LineString","coordinates":[[81.5675,29.1266667],[81.5608333,29.1333333],[81.5583333,29.1425],[81.5633333,29.1516667],[81.5616667,29.1641667],[81.5566667,29.1691667],[81.5583333,29.1775],[81.55,29.1858333],[81.55,29.1908333],[81.5433333,29.195],[81.5458333,29.1991667],[81.5433333,29.2016667]]},{"type":"LineString","coordinates":[[83.1858333,29.1275],[83.2066667,29.1316667],[83.2175,29.1283333]]},{"type":"LineString","coordinates":[[83.1858333,29.1275],[83.1841667,29.1375],[83.17,29.1483333],[83.1591667,29.1658333]]},{"type":"LineString","coordinates":[[80.3875,29.1308333],[80.3933333,29.1333333],[80.4075,29.1333333],[80.4108333,29.1308333],[80.4275,29.1283333],[80.4391667,29.1291667],[80.445,29.1266667],[80.4558333,29.1266667],[80.4591667,29.1241667],[80.4633333,29.1283333],[80.47,29.1275],[80.475,29.1308333],[80.4816667,29.1308333]]},{"type":"LineString","coordinates":[[80.3875,29.1308333],[80.3933333,29.1491667]]},{"type":"LineString","coordinates":[[80.4816667,29.1308333],[80.5,29.1141667],[80.5066667,29.1158333],[80.5133333,29.1141667],[80.5183333,29.1091667],[80.5266667,29.1058333]]},{"type":"LineString","coordinates":[[80.4816667,29.1308333],[80.49,29.1341667],[80.4975,29.1308333],[80.51,29.1333333],[80.5158333,29.1366667],[80.5125,29.1416667],[80.5208333,29.1475],[80.5216667,29.1516667],[80.52,29.1525]]},{"type":"LineString","coordinates":[[82.8975,29.1333333],[82.8816667,29.1425],[82.8783333,29.1475]]},{"type":"LineString","coordinates":[[82.8975,29.1333333],[82.9041667,29.14],[82.925,29.1458333],[82.9291667,29.1491667]]},{"type":"LineString","coordinates":[[80.3333333,29.1358333],[80.3333333,29.1158333],[80.3383333,29.1075],[80.3475,29.105],[80.3591667,29.0916667],[80.3641667,29.0916667],[80.3658333,29.0866667],[80.3683333,29.0883333],[80.3708333,29.0858333],[80.375,29.0883333],[80.3808333,29.0841667],[80.3883333,29.0833333],[80.3933333,29.0858333],[80.4033333,29.0833333],[80.4083333,29.0775],[80.4158333,29.0741667],[80.4183333,29.0758333],[80.4258333,29.0708333],[80.425,29.0583333],[80.4325,29.0575],[80.4375,29.0608333],[80.44,29.0591667],[80.4408333,29.0625],[80.4633333,29.0591667]]},{"type":"LineString","coordinates":[[80.3333333,29.1358333],[80.335,29.1366667],[80.3391667,29.1333333],[80.3608333,29.135],[80.3716667,29.1308333],[80.3875,29.1308333]]},{"type":"LineString","coordinates":[[81.58,29.1366667],[81.5883333,29.1333333],[81.5958333,29.1333333],[81.5983333,29.1291667],[81.6041667,29.1275],[81.6125,29.1208333]]},{"type":"LineString","coordinates":[[81.58,29.1366667],[81.5808333,29.1466667],[81.585,29.1558333],[81.6083333,29.165],[81.6125,29.1733333]]},{"type":"LineString","coordinates":[[82.2016667,29.1366667],[82.2,29.1341667],[82.2041667,29.1258333],[82.2,29.1225]]},{"type":"LineString","coordinates":[[82.2016667,29.1366667],[82.2058333,29.1341667],[82.2133333,29.1358333]]},{"type":"LineString","coordinates":[[84.0616667,29.1408333],[84.06,29.1391667],[84.065,29.1316667],[84.0766667,29.125]]},{"type":"LineString","coordinates":[[84.0616667,29.1408333],[84.0683333,29.1383333],[84.0766667,29.1441667],[84.0808333,29.1433333],[84.0841667,29.1458333],[84.1016667,29.1416667],[84.1066667,29.135],[84.1133333,29.1333333],[84.12,29.1241667],[84.1258333,29.1241667],[84.1308333,29.1191667],[84.1525,29.1258333]]},{"type":"LineString","coordinates":[[82.645,29.1425],[82.6533333,29.1458333],[82.6608333,29.1433333],[82.6666667,29.1441667],[82.7,29.1625],[82.7125,29.1616667],[82.7183333,29.1658333],[82.7291667,29.1683333],[82.7333333,29.1725]]},{"type":"LineString","coordinates":[[82.645,29.1425],[82.6466667,29.145],[82.645,29.1625],[82.6483333,29.1733333],[82.6458333,29.1908333]]},{"type":"LineString","coordinates":[[80.2733333,29.1441667],[80.2775,29.1433333],[80.2883333,29.1491667],[80.3116667,29.1508333],[80.3233333,29.1408333],[80.3316667,29.1391667],[80.3333333,29.1358333]]},{"type":"LineString","coordinates":[[80.2733333,29.1441667],[80.2575,29.1666667],[80.26,29.1716667],[80.2591667,29.1858333],[80.2525,29.195],[80.2416667,29.2016667]]},{"type":"LineString","coordinates":[[82.8783333,29.1475],[82.865,29.1483333],[82.8458333,29.1375],[82.8241667,29.1416667]]},{"type":"LineString","coordinates":[[82.8783333,29.1475],[82.8716667,29.1641667],[82.8533333,29.185],[82.8425,29.1916667],[82.8358333,29.2016667]]},{"type":"LineString","coordinates":[[82.9291667,29.1491667],[82.9341667,29.145],[82.9483333,29.1458333],[82.9566667,29.1416667],[82.9691667,29.1441667],[82.975,29.1408333],[82.9808333,29.1408333],[82.9925,29.1458333],[82.9958333,29.1433333]]},{"type":"LineString","coordinates":[[82.9291667,29.1491667],[82.9325,29.1583333],[82.9266667,29.1625],[82.9275,29.165],[82.9383333,29.17],[82.9408333,29.1816667],[82.9525,29.195],[82.9525,29.2016667]]},{"type":"LineString","coordinates":[[80.52,29.1525],[80.5116667,29.155],[80.5158333,29.1583333]]},{"type":"LineString","coordinates":[[80.52,29.1525],[80.5208333,29.155],[80.5275,29.1558333],[80.5283333,29.1591667],[80.5333333,29.1608333],[80.5358333,29.165],[80.5475,29.1658333],[80.5525,29.175],[80.5566667,29.1741667],[80.56,29.1766667]]},{"type":"LineString","coordinates":[[84.0008333,29.1566667],[84.0116667,29.1658333],[84.0166667,29.1658333],[84.0225,29.1616667],[84.0291667,29.1625],[84.0333333,29.1658333]]},{"type":"LineString","coordinates":[[84.0008333,29.1566667],[84.0,29.1616667],[83.9908333,29.1666667]]},{"type":"LineString","coordinates":[[80.5158333,29.1583333],[80.51,29.1641667],[80.5066667,29.1633333],[80.505,29.1666667],[80.4908333,29.1725],[80.4891667,29.1758333],[80.485,29.175],[80.4833333,29.18]]},{"type":"LineString","coordinates":[[80.5158333,29.1583333],[80.5216667,29.1583333],[80.5208333,29.1625],[80.5266667,29.1691667],[80.5233333,29.1716667],[80.5241667,29.1741667],[80.5316667,29.1791667],[80.5316667,29.1825],[80.5275,29.1858333],[80.5325,29.1883333]]},{"type":"LineString","coordinates":[[81.21,29.1591667],[81.2175,29.1583333],[81.2333333,29.1666667],[81.2375,29.1625],[81.25,29.1633333],[81.2541667,29.16],[81.2608333,29.1633333],[81.2633333,29.1675],[81.2691667,29.1633333],[81.2766667,29.165],[81.285,29.1633333],[81.2875,29.1666667],[81.2975,29.1616667],[81.3066667,29.1616667],[81.3075,29.1666667],[81.3125,29.1641667],[81.3216667,29.1658333],[81.3258333,29.1633333],[81.3283333,29.1658333],[81.3316667,29.1641667],[81.3583333,29.1691667],[81.3608333,29.1666667],[81.3691667,29.1658333],[81.38,29.1691667],[81.3866667,29.1758333]]},{"type":"LineString","coordinates":[[81.21,29.1591667],[81.2166667,29.17],[81.2133333,29.175],[81.2125,29.1833333],[81.2075,29.1875],[81.2083333,29.1966667],[81.2033333,29.2008333],[81.2033333,29.2058333],[81.2066667,29.21],[81.205,29.2166667]]},{"type":"LineString","coordinates":[[83.1591667,29.1658333],[83.1391667,29.1775]]},{"type":"LineString","coordinates":[[83.1591667,29.1658333],[83.1625,29.1741667],[83.1625,29.1833333]]},{"type":"LineString","coordinates":[[84.0333333,29.1658333],[84.0575,29.1516667],[84.0616667,29.1408333]]},{"type":"LineString","coordinates":[[84.0333333,29.1658333],[84.0425,29.1758333],[84.0541667,29.1766667],[84.0558333,29.1808333],[84.0783333,29.1808333]]},{"type":"LineString","coordinates":[[83.9908333,29.1666667],[83.985,29.1683333],[83.98,29.1741667]]},{"type":"LineString","coordinates":[[83.9908333,29.1666667],[83.99,29.1691667],[83.9958333,29.1808333],[83.9941667,29.1883333],[83.9975,29.1991667],[84.0175,29.2133333],[84.0191667,29.2175],[84.0341667,29.2308333],[84.0416667,29.245]]},{"type":"LineString","coordinates":[[81.6125,29.1733333],[81.6183333,29.1725],[81.6216667,29.1766667],[81.6341667,29.1758333],[81.6458333,29.1791667]]},{"type":"LineString","coordinates":[[81.6125,29.1733333],[81.6183333,29.1833333],[81.6183333,29.19],[81.6141667,29.1941667],[81.6133333,29.2],[81.6225,29.21],[81.6333333,29.2158333]]},{"type":"LineString","coordinates":[[82.3675,29.1733333],[82.365,29.1666667]]},{"type":"LineString","coordinates":[[82.3675,29.1733333],[82.3758333,29.1683333],[82.375,29.165],[82.3775,29.1625],[82.3908333,29.1575],[82.3975,29.1483333]]},{"type":"LineString","coordinates":[[83.98,29.1741667],[83.9675,29.1758333],[83.9583333,29.18],[83.95,29.18],[83.9466667,29.1825],[83.9283333,29.1783333]]},{"type":"LineString","coordinates":[[83.98,29.1741667],[83.98,29.1816667],[83.9766667,29.1875],[83.9666667,29.1933333],[83.9691667,29.2008333],[83.9675,29.2033333],[83.9708333,29.205],[83.9716667,29.2091667]]},{"type":"LineString","coordinates":[[81.3866667,29.1758333],[81.3825,29.1816667],[81.3825,29.1858333]]},{"type":"LineString","coordinates":[[81.3866667,29.1758333],[81.3916667,29.1783333],[81.4008333,29.1783333],[81.4091667,29.1858333]]},{"type":"LineString","coordinates":[[82.4633333,29.1766667],[82.4675,29.1766667],[82.48,29.1683333],[82.4966667,29.1666667]]},{"type":"LineString","coordinates":[[82.4633333,29.1766667],[82.4683333,29.1816667]]},{"type":"LineString","coordinates":[[84.0783333,29.1808333],[84.0816667,29.1808333],[84.0916667,29.1683333],[84.1,29.165]]},{"type":"LineString","coordinates":[[84.0783333,29.1808333],[84.0816667,29.1891667],[84.0983333,29.2033333]]},{"type":"LineString","coordinates":[[81.0325,29.185],[81.0266667,29.1891667],[81.0275,29.195]]},{"type":"LineString","coordinates":[[81.0325,29.185],[81.03,29.1816667],[81.0225,29.1825],[81.02,29.185],[81.0225,29.1908333],[81.015,29.1916667],[81.0075,29.2],[81.0066667,29.2041667],[80.9966667,29.2075],[80.99,29.22],[80.985,29.2225],[80.9791667,29.22]]},{"type":"LineString","coordinates":[[81.4091667,29.1858333],[81.4266667,29.1866667]]},{"type":"LineString","coordinates":[[81.4091667,29.1858333],[81.4133333,29.1941667],[81.425,29.2075],[81.4266667,29.215],[81.43,29.2166667],[81.4291667,29.2241667],[81.4333333,29.2341667],[81.43,29.2375]]},{"type":"LineString","coordinates":[[83.7983333,29.1875],[83.7875,29.1891667],[83.7783333,29.1841667],[83.7666667,29.1825],[83.7525,29.175],[83.7291667,29.1708333]]},{"type":"LineString","coordinates":[[83.7983333,29.1875],[83.7933333,29.1933333],[83.7916667,29.2066667],[83.7866667,29.2133333],[83.7725,29.2208333],[83.7675,29.2266667],[83.7541667,29.23],[83.7475,29.235],[83.7366667,29.235],[83.7108333,29.2258333]]},{"type":"LineString","coordinates":[[82.6458333,29.1908333],[82.6525,29.1933333],[82.6616667,29.1875],[82.6683333,29.1908333]]},{"type":"LineString","coordinates":[[82.6458333,29.1908333],[82.6425,29.205],[82.6441667,29.2075]]},{"type":"LineString","coordinates":[[83.2975,29.1925],[83.2975,29.1875],[83.2925,29.1775],[83.3008333,29.1658333]]},{"type":"LineString","coordinates":[[83.2975,29.1925],[83.3083333,29.1816667],[83.3183333,29.1816667],[83.3258333,29.1916667],[83.3375,29.19],[83.355,29.195],[83.3591667,29.1983333],[83.3733333,29.2],[83.4058333,29.2241667],[83.4325,29.2366667],[83.45,29.2358333],[83.4775,29.23]]},{"type":"LineString","coordinates":[[80.2875,29.195],[80.29,29.1858333],[80.2975,29.1833333],[80.3025,29.1858333],[80.3066667,29.1941667],[80.3075,29.1916667],[80.3141667,29.1891667],[80.31,29.1858333],[80.3108333,29.18],[80.3141667,29.1816667],[80.3141667,29.1783333],[80.3175,29.1758333],[80.3208333,29.1791667],[80.325,29.1716667],[80.3291667,29.1716667],[80.3341667,29.1675],[80.3391667,29.1691667],[80.3408333,29.1666667],[80.3466667,29.1683333],[80.35,29.1741667],[80.36,29.1808333],[80.3641667,29.1775],[80.3758333,29.185],[80.3775,29.1808333],[80.38,29.1825],[80.3833333,29.18],[80.3841667,29.185],[80.3933333,29.195]]},{"type":"LineString","coordinates":[[80.2875,29.195],[80.2916667,29.195],[80.2983333,29.2058333],[80.2941667,29.2108333],[80.2966667,29.2216667],[80.2908333,29.2316667],[80.3008333,29.2416667],[80.2983333,29.25],[80.3,29.2625],[80.305,29.275],[80.305,29.2866667],[80.3091667,29.2891667]]},{"type":"LineString","coordinates":[[81.0275,29.195],[81.0375,29.2],[81.0483333,29.1975],[81.0575,29.1991667]]},{"type":"LineString","coordinates":[[81.0275,29.195],[81.03,29.2],[81.0266667,29.205],[81.0308333,29.2083333],[81.0275,29.2158333],[81.0325,29.22],[81.035,29.2258333],[81.0333333,29.2275],[81.0383333,29.2316667],[81.0366667,29.2341667],[81.0466667,29.2441667],[81.0533333,29.2616667],[81.0525,29.28]]},{"type":"LineString","coordinates":[[80.0575,29.1966667],[80.0475,29.2108333],[80.0475,29.2166667],[80.0441667,29.2191667],[80.0466667,29.2233333],[80.045,29.2258333],[80.05,29.23],[80.0466667,29.2333333],[80.0466667,29.2391667],[80.0441667,29.2425],[80.0525,29.2458333],[80.045,29.25],[80.0466667,29.2575],[80.0433333,29.2616667],[80.0483333,29.2658333],[80.0441667,29.27]]},{"type":"LineString","coordinates":[[80.0575,29.1966667],[80.0525,29.1991667],[80.0325,29.1983333],[80.0208333,29.205],[80.0166667,29.2025],[80.0158333,29.1983333],[80.0116667,29.1975],[80.0108333,29.2008333],[80.0066667,29.2025],[80.0066667,29.2058333],[79.9975,29.2116667],[79.9933333,29.2083333],[79.9891667,29.21],[79.98,29.2066667],[79.9783333,29.21],[79.97,29.2058333],[79.9608333,29.2241667],[79.9516667,29.2275],[79.94,29.24],[79.9358333,29.24],[79.9391667,29.2441667],[79.9383333,29.2466667],[79.9308333,29.2475],[79.9258333,29.2558333],[79.9133333,29.2558333],[79.9108333,29.2616667],[79.895,29.27],[79.89,29.2783333],[79.8766667,29.2891667],[79.8775,29.2908333]]},{"type":"LineString","coordinates":[[82.3633333,29.1991667],[82.3683333,29.1908333],[82.3691667,29.1833333],[82.3658333,29.18],[82.3675,29.1733333]]},{"type":"LineString","coordinates":[[82.3633333,29.1991667],[82.375,29.2058333],[82.3825,29.2058333],[82.3991667,29.2108333],[82.4175,29.2075],[82.4233333,29.2025]]},{"type":"LineString","coordinates":[[81.9108333,29.2008333],[81.9091667,29.2041667]]},{"type":"LineString","coordinates":[[81.9108333,29.2008333],[81.915,29.2],[81.9225,29.2066667],[81.9283333,29.2075],[81.945,29.2216667]]},{"type":"LineString","coordinates":[[80.2416667,29.2016667],[80.2391667,29.1991667],[80.2266667,29.2],[80.2108333,29.2066667],[80.195,29.21],[80.1733333,29.2066667],[80.1633333,29.215],[80.1566667,29.2166667],[80.15,29.215]]},{"type":"LineString","coordinates":[[80.2416667,29.2016667],[80.2433333,29.2116667],[80.2483333,29.2158333],[80.2475,29.22],[80.255,29.2216667],[80.2575,29.2175],[80.2566667,29.2125],[80.2616667,29.2058333],[80.2766667,29.2075],[80.2808333,29.2],[80.2875,29.195]]},{"type":"LineString","coordinates":[[81.5433333,29.2016667],[81.54,29.1983333]]},{"type":"LineString","coordinates":[[81.5433333,29.2016667],[81.54,29.2075],[81.5425,29.2125],[81.5391667,29.2166667],[81.5425,29.2233333],[81.5375,29.2266667],[81.5408333,29.2341667],[81.5308333,29.2441667],[81.5308333,29.2466667],[81.5241667,29.25],[81.5241667,29.255]]},{"type":"LineString","coordinates":[[82.8358333,29.2016667],[82.8266667,29.2075],[82.8,29.2075]]},{"type":"LineString","coordinates":[[82.8358333,29.2016667],[82.8391667,29.2225],[82.8325,29.2325],[82.8216667,29.24]]},{"type":"LineString","coordinates":[[82.9525,29.2016667],[82.9566667,29.2041667],[82.9666667,29.2025],[82.985,29.2066667],[82.9908333,29.2133333]]},{"type":"LineString","coordinates":[[82.9525,29.2016667],[82.9391667,29.2216667],[82.9308333,29.225],[82.92,29.2391667],[82.9141667,29.2433333],[82.9125,29.2483333],[82.9075,29.2525],[82.9016667,29.2725],[82.8916667,29.2841667]]},{"type":"LineString","coordinates":[[82.4233333,29.2025],[82.4333333,29.1958333],[82.4366667,29.1908333],[82.4633333,29.1766667]]},{"type":"LineString","coordinates":[[82.4233333,29.2025],[82.4308333,29.2083333],[82.4375,29.2083333],[82.4508333,29.2183333]]},{"type":"LineString","coordinates":[[84.0983333,29.2033333],[84.1,29.2108333]]},{"type":"LineString","coordinates":[[84.0983333,29.2033333],[84.0991667,29.2041667],[84.1016667,29.2033333],[84.1108333,29.2108333],[84.1291667,29.2166667]]},{"type":"LineString","coordinates":[[81.9091667,29.2041667],[81.9016667,29.2133333],[81.895,29.2133333],[81.875,29.2275],[81.87,29.225]]},{"type":"LineString","coordinates":[[81.9091667,29.2041667],[81.9091667,29.21],[81.9125,29.2166667],[81.9325,29.2316667],[81.9483333,29.2491667],[81.9516667,29.2566667],[81.9508333,29.265],[81.9808333,29.2875],[81.9816667,29.2941667],[81.9858333,29.3],[81.9808333,29.305],[81.9833333,29.3158333]]},{"type":"LineString","coordinates":[[82.6441667,29.2075],[82.6283333,29.2166667],[82.6233333,29.2233333],[82.6108333,29.2291667],[82.6041667,29.2358333],[82.6058333,29.2375],[82.6041667,29.2441667],[82.5966667,29.2516667],[82.595,29.2583333],[82.5883333,29.2633333]]},{"type":"LineString","coordinates":[[82.6441667,29.2075],[82.6533333,29.2425],[82.6666667,29.2625],[82.68,29.2691667]]},{"type":"LineString","coordinates":[[83.9716667,29.2091667],[83.97,29.2125],[83.9633333,29.2116667],[83.9483333,29.2175],[83.9375,29.2183333],[83.93,29.225],[83.9233333,29.2275],[83.9091667,29.2283333],[83.8983333,29.2258333],[83.895,29.2291667],[83.8841667,29.2291667]]},{"type":"LineString","coordinates":[[83.9716667,29.2091667],[83.9791667,29.2166667],[83.9783333,29.2241667],[83.9741667,29.23]]},{"type":"LineString","coordinates":[[82.3133333,29.2108333],[82.3125,29.2041667],[82.3058333,29.1966667],[82.305,29.1841667],[82.3091667,29.1708333]]},{"type":"LineString","coordinates":[[82.3133333,29.2108333],[82.3108333,29.2116667]]},{"type":"LineString","coordinates":[[82.9908333,29.2133333],[83.0191667,29.2125],[83.03,29.2075],[83.0333333,29.2083333],[83.05,29.1991667],[83.0508333,29.1925],[83.0541667,29.19]]},{"type":"LineString","coordinates":[[82.9908333,29.2133333],[82.9933333,29.2183333],[83.0041667,29.2275],[83.0116667,29.24],[83.0108333,29.2491667],[83.0125,29.25],[83.0066667,29.2575]]},{"type":"LineString","coordinates":[[80.15,29.215],[80.1466667,29.2125],[80.1408333,29.2125],[80.1333333,29.205],[80.1225,29.2091667],[80.1108333,29.1975],[80.1083333,29.1975],[80.1041667,29.2033333],[80.1008333,29.1975],[80.0966667,29.1991667],[80.0933333,29.1975],[80.095,29.1933333],[80.0875,29.1933333],[80.085,29.1975],[80.0808333,29.1941667],[80.0741667,29.1966667],[80.0575,29.1966667]]},{"type":"LineString","coordinates":[[80.15,29.215],[80.1458333,29.2175],[80.14,29.23]]},{"type":"LineString","coordinates":[[81.6333333,29.2158333],[81.6391667,29.22],[81.6483333,29.22],[81.6691667,29.2375],[81.6841667,29.2466667]]},{"type":"LineString","coordinates":[[81.6333333,29.2158333],[81.63,29.2216667],[81.62,29.23],[81.6175,29.2475],[81.605,29.2533333],[81.5991667,29.2591667],[81.5958333,29.2675],[81.5958333,29.2758333],[81.5891667,29.285],[81.5791667,29.2916667]]},{"type":"LineString","coordinates":[[81.205,29.2166667],[81.2033333,29.2158333],[81.1975,29.2233333],[81.1908333,29.2208333]]},{"type":"LineString","coordinates":[[81.205,29.2166667],[81.2116667,29.2258333],[81.2133333,29.2325]]},{"type":"LineString","coordinates":[[80.9791667,29.22],[80.9825,29.2175],[80.9791667,29.2116667],[80.9808333,29.2058333],[80.975,29.1966667],[80.9825,29.195]]},{"type":"LineString","coordinates":[[80.9791667,29.22],[80.9733333,29.2216667],[80.975,29.2275],[80.9683333,29.2316667],[80.9608333,29.2316667],[80.96,29.2408333],[80.9558333,29.2458333],[80.9516667,29.245],[80.945,29.2533333]]},{"type":"LineString","coordinates":[[82.3316667,29.2208333],[82.3266667,29.2158333],[82.3133333,29.2108333]]},{"type":"LineString","coordinates":[[82.3316667,29.2208333],[82.34,29.2191667],[82.3633333,29.1991667]]},{"type":"LineString","coordinates":[[81.945,29.2216667],[81.9483333,29.2183333],[81.9575,29.2191667],[81.96,29.2141667],[81.9591667,29.2066667],[81.9691667,29.1958333],[81.9683333,29.1941667],[81.985,29.1833333],[81.9866667,29.1733333],[81.9841667,29.17],[81.9825,29.1491667]]},{"type":"LineString","coordinates":[[81.945,29.2216667],[81.9533333,29.2283333],[81.9633333,29.2316667],[81.9875,29.2275],[81.9925,29.2241667]]},{"type":"LineString","coordinates":[[81.9925,29.2241667],[81.9908333,29.2225],[81.9941667,29.2183333],[82.0066667,29.2116667],[82.0283333,29.2066667],[82.0425,29.2],[82.045,29.1966667],[82.0558333,29.1975],[82.0625,29.1925],[82.0591667,29.1841667],[82.06,29.1758333],[82.0716667,29.1625],[82.0791667,29.1308333],[82.0866667,29.12],[82.0875,29.1041667],[82.0858333,29.1016667],[82.0875,29.1]]},{"type":"LineString","coordinates":[[81.9925,29.2241667],[82.0008333,29.2233333],[82.005,29.2275],[82.0125,29.2258333],[82.0191667,29.2291667],[82.0275,29.2275],[82.0325,29.2308333],[82.0383333,29.2283333],[82.055,29.2283333],[82.06,29.2341667],[82.0733333,29.2383333],[82.0791667,29.2375],[82.085,29.24],[82.0891667,29.2383333],[82.0933333,29.2408333],[82.0958333,29.2375],[82.1058333,29.2391667]]},{"type":"LineString","coordinates":[[80.14,29.23],[80.1333333,29.2383333]]},{"type":"LineString","coordinates":[[80.14,29.23],[80.1441667,29.2333333],[80.1533333,29.235],[80.1533333,29.2483333]]},{"type":"LineString","coordinates":[[83.9741667,29.23],[83.9658333,29.2366667],[83.9566667,29.2341667],[83.9458333,29.2433333],[83.9358333,29.2466667],[83.9325,29.2516667],[83.9341667,29.2558333],[83.9325,29.2591667],[83.9241667,29.26],[83.9216667,29.2666667],[83.9158333,29.2658333]]},{"type":"LineString","coordinates":[[83.9741667,29.23],[83.9683333,29.2383333],[83.9633333,29.2525],[83.9558333,29.2566667],[83.9458333,29.2691667],[83.9441667,29.2775],[83.955,29.285],[83.9566667,29.2908333],[83.9483333,29.2975],[83.9408333,29.3],[83.9383333,29.3041667]]},{"type":"LineString","coordinates":[[81.2133333,29.2325],[81.2208333,29.2325],[81.235,29.2216667],[81.2483333,29.2166667]]},{"type":"LineString","coordinates":[[81.2133333,29.2325],[81.2125,29.235]]},{"type":"LineString","coordinates":[[81.2125,29.235],[81.1808333,29.2383333],[81.1691667,29.245],[81.1525,29.2475]]},{"type":"LineString","coordinates":[[81.2125,29.235],[81.2125,29.24],[81.22,29.25],[81.2308333,29.2541667]]},{"type":"LineString","coordinates":[[82.1058333,29.2391667],[82.115,29.2366667],[82.125,29.2383333],[82.1333333,29.2333333],[82.1616667,29.23],[82.17,29.2241667],[82.1758333,29.2158333],[82.18,29.2016667],[82.1775,29.1983333],[82.1791667,29.1925],[82.1733333,29.1891667],[82.1633333,29.1891667],[82.1558333,29.1925],[82.1458333,29.1858333],[82.145,29.18],[82.1516667,29.1675],[82.165,29.165],[82.1716667,29.1608333],[82.1833333,29.16],[82.1866667,29.1558333],[82.2,29.1541667],[82.2033333,29.1475],[82.2016667,29.1366667]]},{"type":"LineString","coordinates":[[82.1058333,29.2391667],[82.1116667,29.245],[82.1375,29.2516667],[82.1383333,29.255]]},{"type":"LineString","coordinates":[[83.235,29.2408333],[83.2275,29.2391667]]},{"type":"LineString","coordinates":[[83.235,29.2408333],[83.2358333,29.2266667],[83.2316667,29.2216667]]},{"type":"LineString","coordinates":[[80.9058333,29.2466667],[80.9033333,29.2458333],[80.9025,29.2416667],[80.8975,29.2433333],[80.8966667,29.2391667],[80.8883333,29.2408333],[80.8891667,29.2366667],[80.8841667,29.2291667],[80.8791667,29.225],[80.8733333,29.225],[80.8708333,29.2216667],[80.8716667,29.2091667],[80.8608333,29.2]]},{"type":"LineString","coordinates":[[80.9058333,29.2466667],[80.9058333,29.2516667],[80.8983333,29.2516667],[80.8941667,29.255],[80.8925,29.2658333],[80.89,29.2683333],[80.8825,29.2725],[80.8766667,29.2691667],[80.8716667,29.27],[80.8658333,29.2766667],[80.8675,29.2825],[80.8633333,29.2858333],[80.8641667,29.2875],[80.8616667,29.29],[80.855,29.2875]]},{"type":"LineString","coordinates":[[80.9233333,29.2466667],[80.9291667,29.2416667],[80.9258333,29.24],[80.9275,29.2375],[80.9258333,29.2341667],[80.9308333,29.2325],[80.9291667,29.23],[80.9325,29.2266667],[80.9175,29.2108333],[80.9166667,29.2083333],[80.92,29.2066667],[80.92,29.2041667],[80.9158333,29.2008333],[80.9175,29.1983333],[80.9141667,29.19],[80.9158333,29.1825],[80.9108333,29.18],[80.9141667,29.1783333],[80.9091667,29.1691667]]},{"type":"LineString","coordinates":[[80.9233333,29.2466667],[80.9183333,29.2475],[80.9091667,29.2375],[80.9066667,29.2383333],[80.9058333,29.2466667]]},{"type":"LineString","coordinates":[[81.6841667,29.2466667],[81.695,29.2566667],[81.7033333,29.2608333],[81.7041667,29.2675],[81.71,29.2708333]]},{"type":"LineString","coordinates":[[81.6841667,29.2466667],[81.68,29.255],[81.6641667,29.2566667],[81.66,29.26],[81.6591667,29.2833333],[81.6558333,29.2891667]]},{"type":"LineString","coordinates":[[80.945,29.2533333],[80.9366667,29.2533333],[80.935,29.2575],[80.9308333,29.2591667]]},{"type":"LineString","coordinates":[[80.945,29.2533333],[80.9533333,29.2658333],[80.9508333,29.27],[80.9533333,29.2783333],[80.9508333,29.2808333],[80.9558333,29.2875]]},{"type":"LineString","coordinates":[[81.2308333,29.2541667],[81.22,29.2608333],[81.2066667,29.2616667],[81.2058333,29.2725],[81.2033333,29.2716667],[81.2008333,29.2758333],[81.1925,29.2783333]]},{"type":"LineString","coordinates":[[81.2308333,29.2541667],[81.2308333,29.2691667],[81.2391667,29.2733333],[81.2408333,29.2766667],[81.2441667,29.2766667],[81.2516667,29.2858333]]},{"type":"LineString","coordinates":[[82.1383333,29.255],[82.1358333,29.2541667],[82.1316667,29.2575],[82.1241667,29.2691667]]},{"type":"LineString","coordinates":[[82.1383333,29.255],[82.145,29.2616667],[82.1525,29.26],[82.1566667,29.265],[82.1658333,29.2691667],[82.1691667,29.2691667],[82.1716667,29.2658333],[82.1841667,29.27]]},{"type":"LineString","coordinates":[[80.9308333,29.2591667],[80.9291667,29.2575],[80.9308333,29.2508333],[80.9233333,29.2466667]]},{"type":"LineString","coordinates":[[80.9308333,29.2591667],[80.9283333,29.2683333],[80.93,29.2808333],[80.925,29.29],[80.9258333,29.2958333]]},{"type":"LineString","coordinates":[[82.2433333,29.2616667],[82.2416667,29.2541667]]},{"type":"LineString","coordinates":[[82.2433333,29.2616667],[82.25,29.2558333],[82.2583333,29.2583333],[82.2675,29.2541667],[82.2816667,29.2591667],[82.2833333,29.2625],[82.2875,29.2591667],[82.2908333,29.2616667],[82.3016667,29.26],[82.3116667,29.2525],[82.3183333,29.2391667],[82.3316667,29.2275],[82.3316667,29.2208333]]},{"type":"LineString","coordinates":[[82.68,29.2691667],[82.6866667,29.27],[82.7008333,29.2666667],[82.7075,29.2608333],[82.7283333,29.26],[82.7308333,29.2641667],[82.7591667,29.2858333]]},{"type":"LineString","coordinates":[[82.68,29.2691667],[82.6833333,29.2883333],[82.6775,29.295],[82.6783333,29.2975]]},{"type":"LineString","coordinates":[[80.0441667,29.27],[80.0416667,29.275],[80.0475,29.28],[80.0475,29.2833333]]},{"type":"LineString","coordinates":[[80.0441667,29.27],[80.0333333,29.2691667],[80.0333333,29.2741667],[80.0183333,29.2875],[80.0016667,29.28],[79.9958333,29.2833333],[79.9966667,29.29]]},{"type":"LineString","coordinates":[[82.1841667,29.27],[82.19,29.2716667],[82.1975,29.2691667],[82.205,29.2741667]]},{"type":"LineString","coordinates":[[82.1841667,29.27],[82.1816667,29.2766667],[82.1833333,29.28],[82.1825,29.2958333],[82.1775,29.3058333],[82.1783333,29.3141667],[82.175,29.3158333]]},{"type":"LineString","coordinates":[[81.71,29.2708333],[81.7108333,29.2575],[81.7158333,29.2525],[81.7175,29.245],[81.7341667,29.2291667]]},{"type":"LineString","coordinates":[[81.71,29.2708333],[81.7166667,29.2708333],[81.7258333,29.2733333],[81.735,29.285],[81.7491667,29.2958333],[81.7483333,29.3041667],[81.7525,29.3075]]},{"type":"LineString","coordinates":[[83.2466667,29.2733333],[83.2425,29.2633333],[83.2408333,29.25],[83.235,29.2408333]]},{"type":"LineString","coordinates":[[83.2466667,29.2733333],[83.2316667,29.2766667],[83.22,29.2825]]},{"type":"LineString","coordinates":[[82.205,29.2741667],[82.2125,29.2725],[82.2158333,29.2683333],[82.2308333,29.2666667],[82.2433333,29.2616667]]},{"type":"LineString","coordinates":[[82.205,29.2741667],[82.2108333,29.2883333],[82.2291667,29.3033333],[82.2308333,29.3083333],[82.2616667,29.3158333],[82.2741667,29.3083333],[82.2908333,29.305],[82.2991667,29.3075],[82.305,29.3058333],[82.3133333,29.3091667],[82.3366667,29.2958333]]},{"type":"LineString","coordinates":[[81.0525,29.28],[81.0533333,29.2825],[81.0458333,29.2883333],[81.045,29.2941667]]},{"type":"LineString","coordinates":[[81.0525,29.28],[81.06,29.2808333],[81.0691667,29.2783333],[81.0816667,29.29],[81.095,29.2916667],[81.1,29.2958333],[81.1016667,29.315],[81.1041667,29.3183333]]},{"type":"LineString","coordinates":[[82.8916667,29.2841667],[82.8866667,29.2825],[82.8741667,29.285],[82.8675,29.2808333],[82.8566667,29.2791667],[82.8383333,29.2875],[82.8283333,29.2891667],[82.8191667,29.2991667],[82.81,29.3033333]]},{"type":"LineString","coordinates":[[82.8916667,29.2841667],[82.8875,29.2916667],[82.8925,29.3066667],[82.8908333,29.3108333]]},{"type":"LineString","coordinates":[[81.2516667,29.2858333],[81.2525,29.2908333],[81.2616667,29.3025],[81.2691667,29.3016667]]},{"type":"LineString","coordinates":[[81.2516667,29.2858333],[81.2475,29.2875],[81.2475,29.2916667],[81.2433333,29.2916667],[81.2383333,29.2975],[81.2325,29.2975],[81.2275,29.3016667],[81.2266667,29.305],[81.2291667,29.3075],[81.2266667,29.3166667],[81.2233333,29.3158333],[81.2166667,29.3216667],[81.21,29.3225]]},{"type":"LineString","coordinates":[[80.855,29.2875],[80.8566667,29.285],[80.8441667,29.2725],[80.8358333,29.2741667],[80.8291667,29.2658333],[80.8233333,29.2666667],[80.8225,29.2633333],[80.8175,29.26],[80.8183333,29.2566667],[80.815,29.2516667],[80.8066667,29.2491667],[80.8058333,29.2425],[80.7983333,29.2458333],[80.7908333,29.2425],[80.7825,29.245],[80.7758333,29.2441667],[80.7683333,29.2358333]]},{"type":"LineString","coordinates":[[80.855,29.2875],[80.8433333,29.2858333],[80.835,29.2908333],[80.8316667,29.2966667],[80.8241667,29.2991667],[80.8025,29.3]]},{"type":"LineString","coordinates":[[80.3091667,29.2891667],[80.3116667,29.2866667],[80.3116667,29.2816667],[80.3208333,29.2783333],[80.3216667,29.2733333],[80.325,29.2716667],[80.33,29.2741667],[80.3341667,29.27],[80.3383333,29.2733333],[80.3408333,29.2808333],[80.345,29.28],[80.3441667,29.2825],[80.3483333,29.2866667],[80.3516667,29.2825],[80.3558333,29.285],[80.3566667,29.2816667],[80.3608333,29.2808333],[80.3675,29.2866667],[80.3733333,29.28]]},{"type":"LineString","coordinates":[[80.3091667,29.2891667],[80.3191667,29.3033333],[80.3158333,29.3075],[80.3166667,29.3141667]]},{"type":"LineString","coordinates":[[79.9966667,29.29],[79.9958333,29.2908333]]},{"type":"LineString","coordinates":[[79.9966667,29.29],[79.9975,29.2908333],[80.0,29.29],[80.0016667,29.295],[80.0,29.3008333],[80.0025,29.3075],[80.0066667,29.3075],[80.0083333,29.315],[80.0158333,29.3225]]},{"type":"LineString","coordinates":[[79.8775,29.2908333],[79.8816667,29.29],[79.8816667,29.2941667],[79.885,29.2966667],[79.8933333,29.2975],[79.895,29.3033333],[79.9008333,29.3066667],[79.8975,29.3075],[79.8966667,29.3108333],[79.9,29.3133333],[79.8983333,29.32],[79.9,29.3225],[79.9033333,29.3225],[79.905,29.3191667],[79.9083333,29.32],[79.905,29.3275],[79.9058333,29.3308333],[79.9008333,29.3366667],[79.9041667,29.3466667],[79.8991667,29.3591667]]},{"type":"LineString","coordinates":[[79.8775,29.2908333],[79.8733333,29.2991667],[79.8658333,29.3041667],[79.865,29.3158333],[79.8633333,29.3175],[79.8583333,29.3158333],[79.855,29.3208333],[79.8516667,29.3216667],[79.85,29.3283333],[79.845,29.3316667],[79.8458333,29.3358333],[79.8425,29.3391667],[79.845,29.3416667],[79.8433333,29.3458333],[79.8283333,29.3583333],[79.81,29.3791667]]},{"type":"LineString","coordinates":[[81.5791667,29.2916667],[81.5633333,29.2908333]]},{"type":"LineString","coordinates":[[81.5791667,29.2916667],[81.5825,29.3225],[81.5866667,29.3241667]]},{"type":"LineString","coordinates":[[82.3366667,29.2958333],[82.3475,29.2958333]]},{"type":"LineString","coordinates":[[82.3366667,29.2958333],[82.3408333,29.3016667],[82.3408333,29.3058333],[82.3516667,29.3158333],[82.36,29.3183333],[82.37,29.3325]]},{"type":"LineString","coordinates":[[82.3475,29.2958333],[82.3541667,29.29],[82.3541667,29.2816667],[82.3691667,29.2675],[82.3716667,29.2591667],[82.3958333,29.2433333],[82.4025,29.2425],[82.4108333,29.245],[82.4175,29.25],[82.4316667,29.2491667],[82.4525,29.26],[82.485,29.2641667]]},{"type":"LineString","coordinates":[[82.3475,29.2958333],[82.3566667,29.2966667],[82.3716667,29.3066667],[82.3833333,29.3058333],[82.4016667,29.3125],[82.4066667,29.3091667],[82.4091667,29.3116667],[82.4208333,29.3133333],[82.4283333,29.3208333],[82.4333333,29.3225],[82.4366667,29.3283333],[82.44,29.3283333],[82.4583333,29.3441667],[82.4791667,29.3525],[82.49,29.3608333]]},{"type":"LineString","coordinates":[[82.6783333,29.2975],[82.6858333,29.31],[82.6858333,29.315],[82.6908333,29.3191667],[82.6916667,29.3308333],[82.6958333,29.3383333],[82.6983333,29.3533333]]},{"type":"LineString","coordinates":[[82.6783333,29.2975],[82.6583333,29.3033333],[82.6491667,29.3125],[82.6425,29.3141667],[82.635,29.3258333],[82.6225,29.3283333],[82.6175,29.3325],[82.6108333,29.3308333],[82.6083333,29.3366667],[82.5975,29.3475],[82.5958333,29.355],[82.5925,29.3583333],[82.5933333,29.3641667],[82.5833333,29.3766667]]},{"type":"LineString","coordinates":[[80.8025,29.3],[80.8033333,29.295],[80.8008333,29.2891667],[80.7916667,29.2833333],[80.7875,29.2775],[80.7816667,29.2775],[80.7741667,29.2716667]]},{"type":"LineString","coordinates":[[80.8025,29.3],[80.7775,29.2975],[80.7725,29.3016667]]},{"type":"LineString","coordinates":[[80.5025,29.3008333],[80.505,29.2975],[80.5083333,29.2983333],[80.5133333,29.2941667],[80.5091667,29.2891667],[80.51,29.2841667],[80.5075,29.2791667],[80.515,29.275]]},{"type":"LineString","coordinates":[[80.5025,29.3008333],[80.5041667,29.3],[80.5083333,29.3033333],[80.5108333,29.3016667],[80.5133333,29.3033333],[80.5141667,29.2991667],[80.5175,29.2966667],[80.5166667,29.2933333],[80.525,29.2858333],[80.535,29.29],[80.5341667,29.285],[80.54,29.2816667],[80.5433333,29.2833333],[80.5466667,29.2741667],[80.5833333,29.2883333],[80.5891667,29.2875],[80.5916667,29.2833333],[80.5975,29.2833333]]},{"type":"LineString","coordinates":[[80.7725,29.3016667],[80.7658333,29.3016667],[80.7633333,29.3058333],[80.7525,29.3083333]]},{"type":"LineString","coordinates":[[80.7725,29.3016667],[80.7716667,29.3108333],[80.7758333,29.315],[80.7708333,29.3183333],[80.77,29.3233333],[80.7625,29.325],[80.7591667,29.3316667],[80.7625,29.335],[80.7625,29.3391667],[80.7575,29.3475],[80.7625,29.3508333],[80.7616667,29.3616667],[80.7633333,29.3633333],[80.7691667,29.3566667],[80.7741667,29.3641667]]},{"type":"LineString","coordinates":[[81.2691667,29.3016667],[81.28,29.3091667],[81.2933333,29.31]]},{"type":"LineString","coordinates":[[81.2691667,29.3016667],[81.2683333,29.3066667],[81.2608333,29.3133333],[81.2583333,29.3216667],[81.2533333,29.3266667],[81.2575,29.3291667],[81.2591667,29.3375],[81.2508333,29.3458333],[81.25,29.35],[81.2425,29.3541667],[81.2375,29.3525],[81.2358333,29.3566667],[81.23,29.3575],[81.2241667,29.3616667]]},{"type":"LineString","coordinates":[[83.2741667,29.3016667],[83.2466667,29.2733333]]},{"type":"LineString","coordinates":[[83.2741667,29.3016667],[83.2775,29.2858333],[83.2675,29.2625],[83.27,29.2408333],[83.265,29.2316667],[83.2641667,29.225],[83.27,29.2216667],[83.2791667,29.2075],[83.2866667,29.2041667],[83.2975,29.1925]]},{"type":"LineString","coordinates":[[83.0758333,29.3025],[83.0766667,29.2925]]},{"type":"LineString","coordinates":[[83.0758333,29.3025],[83.0641667,29.3033333],[83.0575,29.3108333]]},{"type":"LineString","coordinates":[[80.6691667,29.3058333],[80.6683333,29.3],[80.6616667,29.295],[80.6583333,29.2966667],[80.6541667,29.2925],[80.6583333,29.2791667],[80.6616667,29.2783333],[80.6608333,29.2758333],[80.6641667,29.2733333],[80.6625,29.2708333],[80.6641667,29.2658333],[80.6608333,29.2525],[80.6541667,29.2425],[80.6558333,29.2358333],[80.6525,29.2325],[80.6533333,29.2216667],[80.6466667,29.2175],[80.6483333,29.2158333]]},{"type":"LineString","coordinates":[[80.6691667,29.3058333],[80.665,29.3075],[80.6625,29.3125],[80.6583333,29.31],[80.6425,29.3133333],[80.6283333,29.3225]]},{"type":"LineString","coordinates":[[81.7525,29.3075],[81.7508333,29.3058333],[81.7525,29.3041667],[81.765,29.3058333],[81.7691667,29.3008333],[81.7725,29.3008333],[81.7883333,29.2825]]},{"type":"LineString","coordinates":[[81.7525,29.3075],[81.7533333,29.3108333]]},{"type":"LineString","coordinates":[[80.7525,29.3083333],[80.7483333,29.3025],[80.7383333,29.3025],[80.7325,29.2941667],[80.7316667,29.2883333]]},{"type":"LineString","coordinates":[[80.7525,29.3083333],[80.7508333,29.3125],[80.7366667,29.3183333],[80.7341667,29.3125],[80.7266667,29.315],[80.7233333,29.3108333],[80.7191667,29.3133333],[80.7183333,29.3091667],[80.7141667,29.31],[80.71,29.3066667],[80.6975,29.3116667],[80.6941667,29.3058333],[80.6908333,29.305],[80.685,29.3116667],[80.6825,29.3116667],[80.6691667,29.3058333]]},{"type":"LineString","coordinates":[[81.2933333,29.31],[81.2925,29.3066667],[81.2966667,29.3033333],[81.2966667,29.2991667],[81.2925,29.2966667],[81.2975,29.2908333],[81.2966667,29.2766667],[81.3075,29.2691667],[81.3141667,29.2558333]]},{"type":"LineString","coordinates":[[81.2933333,29.31],[81.295,29.3091667],[81.295,29.3133333],[81.2991667,29.315],[81.3025,29.3216667]]},{"type":"LineString","coordinates":[[81.7533333,29.3108333],[81.7558333,29.3133333],[81.7658333,29.3133333],[81.7816667,29.3233333],[81.79,29.325],[81.7933333,29.3291667],[81.8025,29.3291667],[81.8133333,29.3333333]]},{"type":"LineString","coordinates":[[81.7533333,29.3108333],[81.7516667,29.3166667],[81.7533333,29.3316667],[81.7491667,29.3383333],[81.7508333,29.3416667],[81.7425,29.3441667],[81.7425,29.3475],[81.7341667,29.3541667],[81.7266667,29.3658333],[81.7258333,29.3716667]]},{"type":"LineString","coordinates":[[83.1116667,29.3125],[83.1075,29.3083333],[83.1025,29.3091667],[83.095,29.3041667],[83.0816667,29.3066667],[83.0758333,29.3025]]},{"type":"LineString","coordinates":[[83.1116667,29.3125],[83.1366667,29.2775]]},{"type":"LineString","coordinates":[[80.3166667,29.3141667],[80.3091667,29.3225],[80.2991667,29.3233333]]},{"type":"LineString","coordinates":[[80.3166667,29.3141667],[80.3241667,29.3083333],[80.3283333,29.3091667],[80.335,29.3133333],[80.3333333,29.3191667],[80.3425,29.3241667],[80.3441667,29.3275],[80.3491667,29.3266667],[80.3516667,29.3333333],[80.3541667,29.3341667],[80.3541667,29.3308333],[80.3616667,29.3266667],[80.3625,29.3325],[80.3716667,29.3375],[80.3658333,29.3408333],[80.3683333,29.3491667],[80.3725,29.3475],[80.3741667,29.35],[80.3766667,29.3491667],[80.38,29.3541667],[80.3833333,29.3525],[80.3875,29.3566667],[80.3983333,29.3575],[80.4008333,29.3608333],[80.4033333,29.3591667],[80.4025,29.3558333],[80.4058333,29.3566667]]},{"type":"LineString","coordinates":[[81.9833333,29.3158333],[81.99,29.3083333],[81.9975,29.3116667],[82.0083333,29.3116667],[82.0133333,29.3083333],[82.0216667,29.3091667],[82.0233333,29.3075]]},{"type":"LineString","coordinates":[[81.9833333,29.3158333],[81.9841667,29.3233333],[81.9808333,29.3258333],[81.9825,29.3325],[81.9741667,29.3458333],[81.9766667,29.3566667],[81.97,29.3608333],[81.9683333,29.3666667],[81.9766667,29.3716667],[81.9766667,29.38],[81.9825,29.3858333]]},{"type":"LineString","coordinates":[[81.3025,29.3216667],[81.305,29.3208333],[81.3091667,29.325],[81.3166667,29.3233333],[81.3175,29.3191667],[81.3225,29.3141667],[81.33,29.3133333],[81.3325,29.3041667],[81.34,29.3],[81.3433333,29.2916667],[81.3475,29.2908333],[81.3541667,29.2841667],[81.3575,29.285]]},{"type":"LineString","coordinates":[[81.3025,29.3216667],[81.3241667,29.3483333]]},{"type":"LineString","coordinates":[[80.2991667,29.3233333],[80.2966667,29.3191667],[80.2858333,29.3133333],[80.2808333,29.3125],[80.2775,29.315],[80.2675,29.3],[80.2666667,29.2941667],[80.2633333,29.295],[80.2608333,29.2908333],[80.2541667,29.2883333],[80.2541667,29.2941667],[80.2483333,29.3033333],[80.24,29.2975],[80.2358333,29.2975],[80.2341667,29.3],[80.2275,29.2966667],[80.2266667,29.3],[80.2333333,29.305],[80.2333333,29.31],[80.2283333,29.3075],[80.2258333,29.315],[80.2225,29.3141667],[80.2225,29.3183333],[80.2108333,29.3208333],[80.21,29.3233333],[80.215,29.3258333],[80.2108333,29.3266667],[80.2091667,29.3308333],[80.2033333,29.3291667],[80.2008333,29.3258333],[80.1975,29.3308333],[80.195,29.3266667],[80.1916667,29.335],[80.1858333,29.3333333],[80.1858333,29.3383333],[80.1808333,29.3375],[80.175,29.345],[80.1716667,29.3416667],[80.1616667,29.3466667],[80.1491667,29.3441667],[80.1441667,29.3525],[80.14,29.3533333],[80.14,29.3575],[80.1333333,29.3558333],[80.1275,29.3583333]]},{"type":"LineString","coordinates":[[80.2991667,29.3233333],[80.2941667,29.3258333],[80.29,29.3325],[80.2916667,29.3358333],[80.2858333,29.3391667],[80.28,29.3466667],[80.28,29.3591667],[80.2716667,29.3633333],[80.2716667,29.3725]]},{"type":"LineString","coordinates":[[83.33,29.3233333],[83.3366667,29.3191667],[83.3383333,29.3141667],[83.3583333,29.3058333],[83.365,29.2933333],[83.3816667,29.2741667],[83.3833333,29.2691667],[83.3883333,29.2666667],[83.4016667,29.2675]]},{"type":"LineString","coordinates":[[83.33,29.3233333],[83.3483333,29.3275],[83.3516667,29.3308333],[83.3525,29.3375],[83.3583333,29.3425],[83.3708333,29.3433333]]},{"type":"LineString","coordinates":[[80.4475,29.3291667],[80.4466667,29.3233333],[80.4491667,29.3241667],[80.46,29.3141667],[80.4708333,29.3125],[80.4766667,29.3066667],[80.4808333,29.3066667],[80.4825,29.3016667],[80.495,29.2966667],[80.5025,29.3008333]]},{"type":"LineString","coordinates":[[80.4475,29.3291667],[80.4508333,29.3266667],[80.4641667,29.325],[80.4658333,29.3275],[80.4816667,29.3291667],[80.4841667,29.3316667]]},{"type":"LineString","coordinates":[[80.4841667,29.3316667],[80.485,29.3416667],[80.4825,29.3466667]]},{"type":"LineString","coordinates":[[80.4841667,29.3316667],[80.4883333,29.325],[80.4875,29.3175],[80.4916667,29.3116667],[80.4966667,29.3125],[80.4983333,29.3091667],[80.505,29.3108333],[80.5058333,29.3133333],[80.5091667,29.3116667],[80.5116667,29.3158333],[80.5158333,29.3133333],[80.52,29.3183333],[80.525,29.3141667],[80.5308333,29.3183333],[80.54,29.3191667],[80.5466667,29.3116667],[80.5483333,29.3141667],[80.5508333,29.31],[80.5575,29.3175],[80.5675,29.3183333],[80.5725,29.3258333],[80.5683333,29.3283333],[80.5691667,29.3325],[80.5625,29.34],[80.5675,29.3475]]},{"type":"LineString","coordinates":[[81.8133333,29.3333333],[81.8158333,29.33],[81.8225,29.3291667],[81.8275,29.3233333],[81.8375,29.3216667]]},{"type":"LineString","coordinates":[[81.8133333,29.3333333],[81.815,29.3341667],[81.8266667,29.3333333],[81.8316667,29.3366667],[81.8375,29.3416667],[81.8391667,29.3525]]},{"type":"LineString","coordinates":[[81.3241667,29.3483333],[81.3316667,29.3533333]]},{"type":"LineString","coordinates":[[81.3241667,29.3483333],[81.32,29.3516667],[81.3133333,29.365],[81.3141667,29.3691667],[81.3091667,29.3758333],[81.3091667,29.3825],[81.3025,29.3908333],[81.3008333,29.4016667],[81.29,29.4083333]]},{"type":"LineString","coordinates":[[81.8391667,29.3525],[81.8433333,29.3575],[81.8525,29.3541667],[81.8666667,29.3608333],[81.8808333,29.3766667],[81.8816667,29.3875],[81.8866667,29.3916667],[81.8883333,29.3991667]]},{"type":"LineString","coordinates":[[81.8391667,29.3525],[81.8383333,29.3616667],[81.8333333,29.3658333],[81.83,29.3708333],[81.83,29.3758333],[81.8183333,29.3891667],[81.82,29.3933333],[81.8175,29.3966667],[81.815,29.4116667],[81.8208333,29.42]]},{"type":"LineString","coordinates":[[81.3316667,29.3533333],[81.3466667,29.3425],[81.3591667,29.3408333],[81.3625,29.3433333],[81.3775,29.3366667],[81.3816667,29.3375],[81.4066667,29.3275],[81.4125,29.3275],[81.42,29.3216667],[81.4308333,29.3216667],[81.4441667,29.3108333],[81.4466667,29.3125],[81.4516667,29.3125],[81.4541667,29.31],[81.4633333,29.3116667],[81.4675,29.3166667],[81.475,29.3175]]},{"type":"LineString","coordinates":[[81.3316667,29.3533333],[81.3475,29.3625],[81.3591667,29.3783333],[81.3725,29.3825],[81.3766667,29.3875],[81.3891667,29.3916667],[81.3958333,29.3983333]]},{"type":"LineString","coordinates":[[82.6983333,29.3533333],[82.7,29.3525]]},{"type":"LineString","coordinates":[[82.6983333,29.3533333],[82.6958333,29.3583333],[82.6983333,29.3675],[82.6958333,29.3766667],[82.7016667,29.3816667]]},{"type":"LineString","coordinates":[[80.4058333,29.3566667],[80.4075,29.3541667],[80.4033333,29.3508333],[80.405,29.3475],[80.4083333,29.3483333],[80.4116667,29.3433333],[80.4166667,29.3458333],[80.4308333,29.335],[80.435,29.3366667],[80.4475,29.3291667]]},{"type":"LineString","coordinates":[[80.4058333,29.3566667],[80.4108333,29.36],[80.4141667,29.3558333],[80.4158333,29.3575],[80.4191667,29.3683333],[80.4158333,29.3733333],[80.4183333,29.3733333],[80.42,29.3791667],[80.425,29.38],[80.425,29.385],[80.4316667,29.3925],[80.4366667,29.3941667],[80.4416667,29.3858333],[80.4433333,29.3891667],[80.4458333,29.3891667],[80.4466667,29.3941667],[80.455,29.3933333],[80.4675,29.405],[80.4716667,29.4058333],[80.47,29.4108333],[80.4658333,29.4125],[80.47,29.415],[80.4741667,29.4133333],[80.4783333,29.4175],[80.4758333,29.4233333],[80.4683333,29.425],[80.4741667,29.4291667],[80.4733333,29.4341667]]},{"type":"LineString","coordinates":[[80.1275,29.3583333],[80.1208333,29.3516667],[80.115,29.3491667],[80.1108333,29.35],[80.11,29.3466667],[80.1025,29.3416667]]},{"type":"LineString","coordinates":[[80.1275,29.3583333],[80.1266667,29.3616667],[80.1225,29.3616667],[80.125,29.3666667],[80.1216667,29.37],[80.1208333,29.3758333],[80.1175,29.3775],[80.1141667,29.375],[80.1108333,29.3791667],[80.1116667,29.3825],[80.1058333,29.3808333],[80.1016667,29.39],[80.0975,29.3908333],[80.0941667,29.3875],[80.085,29.3991667]]},{"type":"LineString","coordinates":[[79.8991667,29.3591667],[79.8966667,29.3591667]]},{"type":"LineString","coordinates":[[79.8991667,29.3591667],[79.9016667,29.3708333],[79.9,29.3741667],[79.9208333,29.3825],[79.9283333,29.3816667],[79.9333333,29.3783333],[79.9291667,29.3675],[79.9358333,29.3608333],[79.94,29.3591667],[79.9433333,29.3625],[79.945,29.36]]},{"type":"LineString","coordinates":[[82.49,29.3608333],[82.5125,29.3591667],[82.5266667,29.3525],[82.54,29.3433333],[82.5458333,29.3341667]]},{"type":"LineString","coordinates":[[82.49,29.3608333],[82.4933333,29.3775]]},{"type":"LineString","coordinates":[[80.7741667,29.3641667],[80.785,29.3658333]]},{"type":"LineString","coordinates":[[80.7741667,29.3641667],[80.7675,29.3733333],[80.7558333,29.3825],[80.7425,29.3858333],[80.7191667,29.385],[80.7183333,29.3875],[80.7141667,29.3883333],[80.7133333,29.3925],[80.7091667,29.395],[80.7033333,29.3925],[80.695,29.4041667],[80.69,29.405]]},{"type":"LineString","coordinates":[[80.8141667,29.365],[80.8166667,29.3608333],[80.8275,29.3566667],[80.8433333,29.3608333],[80.8475,29.365],[80.8558333,29.3658333],[80.8641667,29.3716667],[80.88,29.3716667],[80.8858333,29.375],[80.8908333,29.3691667],[80.9025,29.365],[80.9066667,29.3675],[80.9191667,29.3683333],[80.9258333,29.3641667],[80.9341667,29.3633333],[80.9366667,29.36],[80.9475,29.3616667],[80.95,29.365],[80.9558333,29.365],[80.9691667,29.3716667],[80.9733333,29.3675],[80.9766667,29.3683333],[80.9808333,29.365],[80.9891667,29.3666667]]},{"type":"LineString","coordinates":[[80.8141667,29.365],[80.8158333,29.365],[80.82,29.3691667],[80.8258333,29.3708333],[80.835,29.3808333],[80.8433333,29.3758333],[80.8516667,29.3766667],[80.86,29.3925],[80.86,29.3983333],[80.8516667,29.4066667],[80.8591667,29.4091667],[80.8616667,29.4141667],[80.8675,29.4116667]]},{"type":"LineString","coordinates":[[80.785,29.3658333],[80.8141667,29.365]]},{"type":"LineString","coordinates":[[80.785,29.3658333],[80.7841667,29.375],[80.7808333,29.3758333],[80.7783333,29.38],[80.7625,29.3858333],[80.7625,29.3916667],[80.7683333,29.4],[80.7675,29.4041667],[80.7583333,29.4133333],[80.74,29.4158333],[80.7366667,29.42],[80.7358333,29.4283333]]},{"type":"LineString","coordinates":[[80.9891667,29.3666667],[80.9883333,29.365]]},{"type":"LineString","coordinates":[[80.9891667,29.3666667],[80.9883333,29.3691667],[80.9916667,29.37],[80.9983333,29.3783333],[81.0066667,29.3783333],[81.0175,29.3833333],[81.0216667,29.3816667],[81.0325,29.385],[81.0558333,29.3858333],[81.0683333,29.3841667],[81.0766667,29.38],[81.0825,29.3841667]]},{"type":"LineString","coordinates":[[83.285,29.3675],[83.2875,29.3608333],[83.2883333,29.3366667],[83.2791667,29.3225],[83.2741667,29.3016667]]},{"type":"LineString","coordinates":[[83.285,29.3675],[83.2916667,29.3683333],[83.3066667,29.3525],[83.315,29.3475],[83.3233333,29.3366667],[83.3266667,29.3241667],[83.33,29.3233333]]},{"type":"LineString","coordinates":[[81.7258333,29.3716667],[81.6925,29.3566667]]},{"type":"LineString","coordinates":[[81.7258333,29.3716667],[81.7225,29.3758333],[81.7233333,29.3941667],[81.7166667,29.4008333],[81.7183333,29.4066667]]},{"type":"LineString","coordinates":[[80.2716667,29.3725],[80.2666667,29.37],[80.2591667,29.3766667],[80.2541667,29.3775],[80.2383333,29.3675],[80.2341667,29.3675],[80.2341667,29.3691667],[80.2291667,29.365],[80.225,29.3658333],[80.2191667,29.3616667],[80.2183333,29.3633333]]},{"type":"LineString","coordinates":[[80.2716667,29.3725],[80.2791667,29.3783333],[80.2733333,29.385],[80.2758333,29.3916667],[80.2483333,29.4058333],[80.2425,29.4116667],[80.2466667,29.4158333],[80.2441667,29.4241667],[80.2475,29.4308333],[80.2475,29.4375],[80.2433333,29.4441667]]},{"type":"LineString","coordinates":[[82.4933333,29.3775],[82.51,29.3858333]]},{"type":"LineString","coordinates":[[82.4933333,29.3775],[82.4741667,29.4091667],[82.4758333,29.425],[82.4816667,29.4316667]]},{"type":"LineString","coordinates":[[79.81,29.3791667],[79.805,29.3808333]]},{"type":"LineString","coordinates":[[79.81,29.3791667],[79.8133333,29.3891667],[79.8075,29.3933333],[79.8083333,29.395]]},{"type":"LineString","coordinates":[[81.9825,29.3858333],[81.9716667,29.3966667]]},{"type":"LineString","coordinates":[[81.9825,29.3858333],[81.9858333,29.3916667],[81.9983333,29.3966667],[82.005,29.4025]]},{"type":"LineString","coordinates":[[83.27,29.3883333],[83.2741667,29.385],[83.2825,29.3683333],[83.285,29.3675]]},{"type":"LineString","coordinates":[[83.27,29.3883333],[83.2766667,29.3908333],[83.2941667,29.3858333],[83.31,29.3891667],[83.3241667,29.3891667],[83.3516667,29.3975],[83.3658333,29.3958333],[83.37,29.3933333]]},{"type":"LineString","coordinates":[[81.3958333,29.3983333],[81.4033333,29.3966667]]},{"type":"LineString","coordinates":[[81.3958333,29.3983333],[81.4008333,29.4025],[81.4166667,29.4066667]]},{"type":"LineString","coordinates":[[82.005,29.4025],[82.015,29.4083333],[82.0191667,29.4083333],[82.0225,29.4125],[82.0266667,29.41]]},{"type":"LineString","coordinates":[[82.005,29.4025],[82.0033333,29.4041667],[82.005,29.4225]]},{"type":"LineString","coordinates":[[81.4166667,29.4066667],[81.4241667,29.4116667],[81.4258333,29.4191667]]},{"type":"LineString","coordinates":[[81.4166667,29.4066667],[81.415,29.4083333],[81.4166667,29.4208333],[81.4083333,29.4358333],[81.405,29.4358333],[81.4025,29.44],[81.3816667,29.4366667]]},{"type":"LineString","coordinates":[[81.7183333,29.4066667],[81.7216667,29.4041667],[81.7325,29.4058333]]},{"type":"LineString","coordinates":[[81.7183333,29.4066667],[81.7175,29.41]]},{"type":"LineString","coordinates":[[82.3108333,29.4091667],[82.32,29.405],[82.3358333,29.405],[82.3433333,29.4025],[82.3591667,29.4066667],[82.3908333,29.405],[82.3991667,29.4091667]]},{"type":"LineString","coordinates":[[82.3108333,29.4091667],[82.315,29.4216667],[82.325,29.4291667],[82.3308333,29.4375]]},{"type":"LineString","coordinates":[[81.7175,29.41],[81.7091667,29.4041667],[81.6991667,29.4025],[81.6883333,29.4116667],[81.6841667,29.4125],[81.6783333,29.4233333],[81.675,29.4241667],[81.67,29.4166667],[81.6591667,29.4141667],[81.6516667,29.4066667],[81.6391667,29.4083333],[81.6341667,29.4],[81.6233333,29.4041667],[81.6191667,29.4025]]},{"type":"LineString","coordinates":[[81.7175,29.41],[81.715,29.4225],[81.7175,29.43],[81.7091667,29.4358333],[81.71,29.4416667],[81.7058333,29.4583333],[81.7075,29.4675],[81.715,29.475]]},{"type":"LineString","coordinates":[[82.0266667,29.41],[82.0291667,29.4016667],[82.0383333,29.3958333],[82.0575,29.3866667],[82.0716667,29.3866667],[82.0733333,29.3841667],[82.0691667,29.3783333],[82.07,29.375],[82.0766667,29.3683333],[82.0841667,29.3666667]]},{"type":"LineString","coordinates":[[82.0266667,29.41],[82.0291667,29.41],[82.0391667,29.415],[82.0416667,29.4175],[82.0475,29.4175],[82.0516667,29.4216667],[82.0608333,29.42],[82.0758333,29.4225],[82.0833333,29.4191667],[82.0933333,29.4258333],[82.1,29.4258333],[82.1175,29.4141667],[82.1225,29.4083333],[82.1558333,29.3908333],[82.1675,29.3875],[82.18,29.3883333],[82.18,29.3866667],[82.1925,29.3925],[82.2025,29.3833333],[82.2041667,29.385],[82.2116667,29.3816667],[82.2241667,29.385],[82.2383333,29.38],[82.24,29.3775],[82.2433333,29.3791667],[82.2533333,29.375],[82.2791667,29.3833333],[82.2891667,29.3933333],[82.295,29.4033333],[82.3058333,29.405],[82.3108333,29.4091667]]},{"type":"LineString","coordinates":[[80.8675,29.4116667],[80.875,29.4116667],[80.885,29.4225],[80.89,29.4233333],[80.9016667,29.4366667],[80.9058333,29.4375],[80.9075,29.4425],[80.9116667,29.4458333]]},{"type":"LineString","coordinates":[[80.8675,29.4116667],[80.87,29.4183333],[80.8675,29.4233333],[80.8716667,29.4325],[80.865,29.4408333],[80.865,29.4441667],[80.8591667,29.4475],[80.8533333,29.445],[80.8458333,29.4525],[80.8416667,29.4508333],[80.8333333,29.4533333],[80.8275,29.4575],[80.8258333,29.4633333],[80.8175,29.4691667],[80.8183333,29.475],[80.8158333,29.48],[80.8108333,29.4816667],[80.8033333,29.4791667],[80.8016667,29.4866667],[80.7933333,29.4941667]]},{"type":"LineString","coordinates":[[83.1683333,29.4141667],[83.1616667,29.4033333],[83.1625,29.3925],[83.1658333,29.3908333]]},{"type":"LineString","coordinates":[[83.1683333,29.4141667],[83.2166667,29.3875]]},{"type":"LineString","coordinates":[[83.0808333,29.4158333],[83.0616667,29.4025],[83.0466667,29.3958333]]},{"type":"LineString","coordinates":[[83.0808333,29.4158333],[83.0808333,29.4108333],[83.0858333,29.4033333],[83.095,29.3991667],[83.0983333,29.3925],[83.1083333,29.3841667],[83.1083333,29.3808333],[83.1183333,29.3716667],[83.1325,29.3633333],[83.14,29.3533333],[83.1375,29.3383333],[83.13,29.3283333],[83.12,29.3225],[83.1116667,29.3125]]},{"type":"LineString","coordinates":[[81.4258333,29.4191667],[81.4291667,29.4191667],[81.4366667,29.41],[81.4466667,29.4033333],[81.4633333,29.3958333],[81.4725,29.3966667],[81.4816667,29.3941667],[81.4858333,29.3975],[81.4941667,29.3975],[81.5041667,29.3908333]]},{"type":"LineString","coordinates":[[81.4258333,29.4191667],[81.4266667,29.4216667],[81.4358333,29.4191667],[81.4441667,29.4283333],[81.4508333,29.4308333],[81.4533333,29.4391667],[81.4575,29.4416667],[81.4608333,29.45]]},{"type":"LineString","coordinates":[[80.7358333,29.4283333],[80.7183333,29.4391667],[80.7116667,29.4375],[80.7016667,29.4391667],[80.695,29.4341667],[80.6891667,29.4391667],[80.685,29.4375]]},{"type":"LineString","coordinates":[[80.7358333,29.4283333],[80.7375,29.4358333],[80.7341667,29.4475]]},{"type":"LineString","coordinates":[[83.2133333,29.43],[83.2133333,29.4283333],[83.2241667,29.43],[83.2533333,29.4166667],[83.265,29.4033333],[83.2675,29.39],[83.27,29.3883333]]},{"type":"LineString","coordinates":[[83.2133333,29.43],[83.2166667,29.4308333],[83.2225,29.4466667],[83.2308333,29.45],[83.2375,29.4558333],[83.2433333,29.4558333],[83.2475,29.4591667],[83.2583333,29.4616667],[83.2816667,29.4583333],[83.3075,29.4641667]]},{"type":"LineString","coordinates":[[80.4733333,29.4341667],[80.4666667,29.4391667]]},{"type":"LineString","coordinates":[[80.4733333,29.4341667],[80.4775,29.4366667],[80.4783333,29.4391667],[80.4758333,29.4416667],[80.4808333,29.4466667],[80.4858333,29.4466667],[80.4891667,29.4433333]]},{"type":"LineString","coordinates":[[82.3308333,29.4375],[82.3283333,29.4408333]]},{"type":"LineString","coordinates":[[82.3308333,29.4375],[82.3383333,29.4408333],[82.3633333,29.4616667]]},{"type":"LineString","coordinates":[[80.4891667,29.4433333],[80.4975,29.4383333],[80.5016667,29.4383333],[80.505,29.4425],[80.5116667,29.4425],[80.5091667,29.4441667],[80.5183333,29.4516667],[80.525,29.4508333],[80.5291667,29.4566667],[80.5325,29.4558333],[80.5333333,29.4516667],[80.54,29.45]]},{"type":"LineString","coordinates":[[80.4891667,29.4433333],[80.4933333,29.4525],[80.49,29.4541667],[80.4925,29.4575],[80.4916667,29.4658333],[80.485,29.4666667],[80.4833333,29.47],[80.4891667,29.4741667],[80.4875,29.4775]]},{"type":"LineString","coordinates":[[80.2433333,29.4441667],[80.2458333,29.4466667],[80.255,29.4475],[80.2575,29.4516667],[80.2658333,29.4483333],[80.27,29.4508333],[80.275,29.45],[80.27,29.455],[80.2708333,29.4566667]]},{"type":"LineString","coordinates":[[80.2433333,29.4441667],[80.2133333,29.4533333],[80.2041667,29.4516667],[80.1966667,29.4591667],[80.1833333,29.4566667]]},{"type":"LineString","coordinates":[[80.9116667,29.4458333],[80.9133333,29.4508333],[80.9116667,29.455],[80.9216667,29.4575],[80.93,29.4641667],[80.9441667,29.4591667],[80.9466667,29.4616667],[80.9491667,29.46],[80.9533333,29.4625],[80.9641667,29.4625],[80.9725,29.4666667],[80.985,29.4625],[80.99,29.4675]]},{"type":"LineString","coordinates":[[80.9116667,29.4458333],[80.9083333,29.4508333],[80.905,29.4508333],[80.9041667,29.455],[80.8958333,29.465],[80.895,29.4741667],[80.8983333,29.4816667],[80.8966667,29.4933333],[80.8841667,29.5075],[80.8783333,29.5083333],[80.8766667,29.5108333],[80.8791667,29.5158333],[80.8783333,29.5316667],[80.8733333,29.5341667],[80.87,29.5416667],[80.86,29.5425],[80.8625,29.57],[80.8575,29.5816667]]},{"type":"LineString","coordinates":[[83.185,29.4466667],[83.2075,29.4375],[83.2133333,29.43]]},{"type":"LineString","coordinates":[[83.185,29.4466667],[83.1883333,29.4525],[83.2025,29.465]]},{"type":"LineString","coordinates":[[80.54,29.45],[80.55,29.4408333],[80.5491667,29.4391667],[80.5541667,29.4391667],[80.5658333,29.4325],[80.57,29.4275],[80.5758333,29.4275]]},{"type":"LineString","coordinates":[[80.54,29.45],[80.555,29.4575],[80.5575,29.4641667],[80.555,29.4825],[80.5675,29.4883333],[80.57,29.4975],[80.575,29.5],[80.5775,29.505]]},{"type":"LineString","coordinates":[[81.4608333,29.45],[81.4666667,29.45],[81.4716667,29.4541667],[81.4725,29.4616667],[81.4775,29.465],[81.4841667,29.4641667],[81.4883333,29.4583333]]},{"type":"LineString","coordinates":[[81.4608333,29.45],[81.455,29.4533333],[81.4525,29.4616667],[81.4391667,29.4675],[81.4366667,29.4833333]]},{"type":"LineString","coordinates":[[82.8866667,29.45],[82.8925,29.4441667],[82.895,29.4325],[82.9033333,29.4225],[82.9125,29.4216667],[82.915,29.4175],[82.9316667,29.4058333],[82.9416667,29.3916667],[82.9566667,29.3808333],[82.9641667,29.3525],[82.9741667,29.3466667],[82.985,29.3441667]]},{"type":"LineString","coordinates":[[82.8866667,29.45],[82.8875,29.4525],[82.8983333,29.4558333],[82.915,29.4508333],[82.9333333,29.4516667],[82.94,29.4541667]]},{"type":"LineString","coordinates":[[81.1641667,29.4508333],[81.1616667,29.4416667],[81.1583333,29.4391667]]},{"type":"LineString","coordinates":[[81.1641667,29.4508333],[81.1691667,29.4458333],[81.1783333,29.4475],[81.1866667,29.4433333],[81.1941667,29.4433333],[81.2,29.4375],[81.2083333,29.435],[81.2133333,29.435],[81.2191667,29.4433333],[81.2241667,29.445],[81.2366667,29.4441667]]},{"type":"LineString","coordinates":[[82.8325,29.4516667],[82.8383333,29.4433333],[82.8366667,29.4416667],[82.8383333,29.4375],[82.8375,29.42],[82.845,29.4083333],[82.845,29.4025],[82.8416667,29.3991667],[82.8441667,29.3691667]]},{"type":"LineString","coordinates":[[82.8325,29.4516667],[82.8366667,29.4516667],[82.8516667,29.465],[82.8575,29.4633333],[82.86,29.4658333],[82.8666667,29.465]]},{"type":"LineString","coordinates":[[80.1833333,29.4566667],[80.1808333,29.4516667],[80.185,29.4491667],[80.1866667,29.44],[80.1808333,29.4341667],[80.18,29.4291667],[80.1858333,29.4225],[80.1791667,29.42]]},{"type":"LineString","coordinates":[[80.1833333,29.4566667],[80.1808333,29.4591667],[80.1808333,29.4641667],[80.1775,29.4658333],[80.1666667,29.4641667],[80.1616667,29.4691667],[80.1608333,29.475],[80.15,29.4716667],[80.1491667,29.4775],[80.1391667,29.4875],[80.1275,29.4925]]},{"type":"LineString","coordinates":[[80.2708333,29.4566667],[80.2791667,29.4583333],[80.2808333,29.4508333],[80.2883333,29.45],[80.2933333,29.4533333],[80.3016667,29.4508333],[80.3033333,29.4525],[80.3016667,29.4566667],[80.295,29.4625],[80.2866667,29.4758333],[80.2941667,29.48],[80.2975,29.49],[80.3016667,29.49],[80.3041667,29.4858333],[80.3108333,29.485]]},{"type":"LineString","coordinates":[[80.2708333,29.4566667],[80.265,29.46],[80.2641667,29.4691667],[80.2708333,29.4825],[80.2758333,29.4858333],[80.2716667,29.4875],[80.2733333,29.4908333],[80.2716667,29.4975],[80.28,29.51],[80.2725,29.5216667],[80.275,29.5325],[80.2708333,29.5358333],[80.2716667,29.5391667],[80.2691667,29.5408333],[80.27,29.5458333],[80.2741667,29.5466667],[80.2708333,29.5508333],[80.2566667,29.5541667],[80.2558333,29.5566667],[80.2591667,29.5591667],[80.25,29.5691667],[80.2525,29.5741667],[80.2483333,29.5775],[80.2491667,29.5816667],[80.2466667,29.5841667]]},{"type":"LineString","coordinates":[[81.4883333,29.4583333],[81.4875,29.4541667],[81.4933333,29.45]]},{"type":"LineString","coordinates":[[81.4883333,29.4583333],[81.4991667,29.4566667],[81.5041667,29.4616667],[81.5141667,29.4591667],[81.5308333,29.465]]},{"type":"LineString","coordinates":[[82.7966667,29.4633333],[82.7791667,29.4441667],[82.7658333,29.4425],[82.76,29.4375]]},{"type":"LineString","coordinates":[[82.7966667,29.4633333],[82.8016667,29.46],[82.8066667,29.46],[82.81,29.4558333],[82.8175,29.4566667],[82.8175,29.455],[82.8283333,29.4541667],[82.8325,29.4516667]]},{"type":"LineString","coordinates":[[82.8666667,29.465],[82.8783333,29.4533333],[82.8866667,29.45]]},{"type":"LineString","coordinates":[[82.8666667,29.465],[82.865,29.4708333],[82.8691667,29.4733333],[82.8766667,29.4933333],[82.8741667,29.4983333],[82.8808333,29.515],[82.89,29.5258333]]},{"type":"LineString","coordinates":[[80.99,29.4675],[81.005,29.47],[81.0108333,29.48],[81.0141667,29.4825],[81.0175,29.48]]},{"type":"LineString","coordinates":[[80.99,29.4675],[80.9875,29.485],[80.9775,29.4966667],[80.9775,29.5058333],[80.9725,29.5116667],[80.975,29.5191667]]},{"type":"LineString","coordinates":[[81.715,29.475],[81.7183333,29.4775],[81.7183333,29.4841667],[81.7233333,29.4883333]]},{"type":"LineString","coordinates":[[81.715,29.475],[81.6916667,29.4958333],[81.6833333,29.5],[81.6616667,29.4991667],[81.6541667,29.5016667]]},{"type":"LineString","coordinates":[[79.9716667,29.4775],[79.9683333,29.47],[79.9708333,29.4675],[79.9708333,29.4583333],[79.975,29.4541667],[79.9683333,29.4475]]},{"type":"LineString","coordinates":[[79.9716667,29.4775],[79.9683333,29.4783333],[79.9658333,29.4758333],[79.96,29.4775],[79.9566667,29.4741667],[79.9516667,29.4783333],[79.9466667,29.4766667],[79.9441667,29.4791667],[79.9375,29.4766667],[79.935,29.48],[79.9333333,29.4758333],[79.9308333,29.4766667],[79.925,29.4725],[79.9191667,29.475],[79.9175,29.4816667],[79.9141667,29.4833333],[79.915,29.4875],[79.9116667,29.4866667],[79.9083333,29.49],[79.8983333,29.485],[79.895,29.4866667]]},{"type":"LineString","coordinates":[[83.1425,29.4791667],[83.1425,29.4733333],[83.1516667,29.4616667],[83.1458333,29.4383333],[83.155,29.4308333],[83.1683333,29.4141667]]},{"type":"LineString","coordinates":[[83.1425,29.4791667],[83.16,29.475],[83.1775,29.4516667],[83.185,29.4466667]]},{"type":"LineString","coordinates":[[81.0175,29.48],[81.0158333,29.4783333],[81.0191667,29.4758333],[81.02,29.4708333],[81.025,29.4725],[81.0275,29.4658333],[81.0383333,29.4633333]]},{"type":"LineString","coordinates":[[81.0175,29.48],[81.0275,29.4775],[81.035,29.48],[81.0458333,29.4791667],[81.055,29.4866667],[81.0541667,29.4891667]]},{"type":"LineString","coordinates":[[83.1308333,29.4808333],[83.1383333,29.4816667],[83.1425,29.4791667]]},{"type":"LineString","coordinates":[[83.1308333,29.4808333],[83.1308333,29.4833333],[83.1366667,29.4883333],[83.1525,29.4908333],[83.1666667,29.4975],[83.175,29.5091667],[83.1975,29.5208333],[83.21,29.5425],[83.2116667,29.5416667],[83.2191667,29.5491667]]},{"type":"LineString","coordinates":[[81.4366667,29.4833333],[81.4316667,29.485],[81.4258333,29.4808333],[81.4191667,29.4808333],[81.4008333,29.4725],[81.3816667,29.4733333],[81.375,29.4691667],[81.3658333,29.4733333],[81.365,29.4808333]]},{"type":"LineString","coordinates":[[81.4366667,29.4833333],[81.445,29.4933333],[81.4433333,29.5066667]]},{"type":"LineString","coordinates":[[79.9808333,29.485],[79.985,29.4816667],[79.9816667,29.4766667],[79.9808333,29.4683333],[79.9975,29.4525],[79.9933333,29.4483333],[79.9975,29.4416667],[79.9966667,29.4391667],[80.005,29.435],[80.0116667,29.4358333],[80.0225,29.4275]]},{"type":"LineString","coordinates":[[79.9808333,29.485],[79.9758333,29.485],[79.9758333,29.4816667],[79.9716667,29.4775]]},{"type":"LineString","coordinates":[[80.3108333,29.485],[80.3125,29.4808333],[80.3166667,29.4791667],[80.3175,29.4741667],[80.315,29.4691667],[80.3166667,29.465],[80.3341667,29.465],[80.3433333,29.46],[80.3525,29.4508333],[80.3616667,29.4483333],[80.3641667,29.4441667]]},{"type":"LineString","coordinates":[[80.3108333,29.485],[80.3133333,29.4841667],[80.315,29.4875],[80.3133333,29.495],[80.315,29.5],[80.3291667,29.505],[80.3333333,29.5133333],[80.3383333,29.51],[80.3441667,29.5116667],[80.35,29.5191667],[80.3483333,29.5241667],[80.3575,29.53]]},{"type":"LineString","coordinates":[[79.895,29.4866667],[79.8908333,29.4825],[79.8875,29.4841667],[79.885,29.4791667],[79.8766667,29.4733333],[79.8708333,29.4608333],[79.865,29.4566667],[79.8666667,29.455],[79.86,29.4475],[79.8558333,29.45],[79.8575,29.4508333],[79.8566667,29.4558333],[79.8508333,29.4516667]]},{"type":"LineString","coordinates":[[79.895,29.4866667],[79.8916667,29.49],[79.8925,29.4941667],[79.8866667,29.4966667],[79.8783333,29.505],[79.8758333,29.5041667],[79.8716667,29.5108333],[79.8633333,29.5108333],[79.8533333,29.5041667],[79.84,29.5083333],[79.8308333,29.5058333],[79.8275,29.51],[79.8191667,29.5066667],[79.8141667,29.5091667],[79.81,29.5033333],[79.8041667,29.505],[79.7991667,29.5016667]]},{"type":"LineString","coordinates":[[80.0066667,29.4883333],[79.9991667,29.485],[79.995,29.4883333],[79.9925,29.4866667],[79.9875,29.4891667],[79.985,29.485],[79.9816667,29.4858333],[79.9808333,29.485]]},{"type":"LineString","coordinates":[[80.0066667,29.4883333],[79.9983333,29.4975],[79.9933333,29.4991667],[79.9925,29.5025],[79.9816667,29.505],[79.98,29.51],[79.9641667,29.5141667],[79.9633333,29.5175],[79.9525,29.5175],[79.9416667,29.5216667],[79.9375,29.52],[79.9383333,29.5258333],[79.9358333,29.5291667]]},{"type":"LineString","coordinates":[[81.7233333,29.4883333],[81.7166667,29.4908333],[81.7133333,29.495],[81.7158333,29.4991667],[81.7125,29.5016667],[81.7125,29.5116667],[81.7075,29.5166667],[81.6975,29.52],[81.695,29.5241667]]},{"type":"LineString","coordinates":[[81.7233333,29.4883333],[81.7333333,29.49],[81.7408333,29.495],[81.7591667,29.5],[81.7616667,29.505],[81.77,29.51],[81.78,29.5083333],[81.7808333,29.5108333],[81.7766667,29.5166667],[81.7808333,29.52],[81.7841667,29.5275],[81.7916667,29.5291667]]},{"type":"LineString","coordinates":[[83.1133333,29.4883333],[83.1308333,29.4808333]]},{"type":"LineString","coordinates":[[83.1133333,29.4883333],[83.1208333,29.5],[83.1283333,29.5058333],[83.1275,29.5333333],[83.1308333,29.54],[83.14,29.5466667],[83.1475,29.565]]},{"type":"LineString","coordinates":[[81.0541667,29.4891667],[81.0616667,29.49],[81.0675,29.495],[81.0741667,29.4916667],[81.08,29.4958333]]},{"type":"LineString","coordinates":[[81.0541667,29.4891667],[81.05,29.4933333],[81.0533333,29.5066667],[81.0516667,29.5141667],[81.0441667,29.525],[81.0458333,29.53]]},{"type":"LineString","coordinates":[[83.07,29.4908333],[83.08,29.4775],[83.0775,29.47],[83.0791667,29.4558333],[83.0741667,29.4516667],[83.0758333,29.4458333],[83.0741667,29.4358333],[83.075,29.4283333],[83.0808333,29.4158333]]},{"type":"LineString","coordinates":[[83.07,29.4908333],[83.0766667,29.4916667],[83.0841667,29.4908333],[83.0916667,29.4933333],[83.1133333,29.4883333]]},{"type":"LineString","coordinates":[[80.1275,29.4925],[80.1225,29.49],[80.105,29.4983333],[80.0966667,29.4858333],[80.0975,29.48]]},{"type":"LineString","coordinates":[[80.1275,29.4925],[80.125,29.4975],[80.13,29.5041667],[80.1275,29.5083333],[80.1158333,29.5141667]]},{"type":"LineString","coordinates":[[83.06,29.4933333],[83.07,29.4908333]]},{"type":"LineString","coordinates":[[83.06,29.4933333],[83.0633333,29.4958333],[83.0666667,29.5058333],[83.0808333,29.5166667],[83.0875,29.5275],[83.0866667,29.5325],[83.0891667,29.5358333]]},{"type":"LineString","coordinates":[[80.7933333,29.4941667],[80.7816667,29.4991667],[80.7675,29.5108333]]},{"type":"LineString","coordinates":[[80.7933333,29.4941667],[80.8008333,29.5075],[80.7958333,29.5125],[80.8008333,29.52]]},{"type":"LineString","coordinates":[[81.08,29.4958333],[81.075,29.5033333]]},{"type":"LineString","coordinates":[[81.08,29.4958333],[81.0841667,29.4975],[81.0941667,29.4958333],[81.1116667,29.5033333],[81.1158333,29.5008333],[81.12,29.5041667],[81.1233333,29.5016667],[81.1325,29.5033333]]},{"type":"LineString","coordinates":[[81.6541667,29.5016667],[81.6391667,29.4975],[81.6225,29.4791667]]},{"type":"LineString","coordinates":[[81.6541667,29.5016667],[81.6541667,29.505],[81.6483333,29.5083333],[81.6408333,29.5075],[81.6308333,29.5108333],[81.6108333,29.5258333]]},{"type":"LineString","coordinates":[[81.1325,29.5033333],[81.1333333,29.49],[81.1283333,29.485],[81.1283333,29.4783333],[81.1366667,29.475],[81.1533333,29.4541667],[81.1608333,29.4558333],[81.1641667,29.4508333]]},{"type":"LineString","coordinates":[[81.1325,29.5033333],[81.1391667,29.5016667],[81.1441667,29.505],[81.1475,29.5125],[81.1533333,29.515],[81.1633333,29.5258333]]},{"type":"LineString","coordinates":[[80.5775,29.505],[80.5891667,29.5025],[80.6,29.5033333],[80.6025,29.4975],[80.6058333,29.4966667],[80.61,29.4891667],[80.6133333,29.4883333]]},{"type":"LineString","coordinates":[[80.5775,29.505],[80.5758333,29.5066667],[80.5775,29.5125]]},{"type":"LineString","coordinates":[[82.1558333,29.505],[82.1475,29.5008333],[82.1391667,29.5025]]},{"type":"LineString","coordinates":[[82.1558333,29.505],[82.1516667,29.4991667],[82.1508333,29.4891667],[82.1583333,29.4816667],[82.165,29.4625],[82.1783333,29.445]]},{"type":"LineString","coordinates":[[81.4433333,29.5066667],[81.4425,29.5091667],[81.4358333,29.51],[81.4316667,29.5066667],[81.4158333,29.5066667],[81.4083333,29.5125]]},{"type":"LineString","coordinates":[[81.4433333,29.5066667],[81.45,29.51],[81.4533333,29.5133333],[81.4525,29.5166667],[81.46,29.5225],[81.4566667,29.5291667],[81.4533333,29.53],[81.4541667,29.5366667],[81.4525,29.5375],[81.4608333,29.5441667]]},{"type":"LineString","coordinates":[[81.905,29.5075],[81.9166667,29.5016667],[81.9166667,29.4925],[81.9216667,29.4858333]]},{"type":"LineString","coordinates":[[81.905,29.5075],[81.9283333,29.5191667],[81.9383333,29.5275],[81.9508333,29.5266667],[81.955,29.5291667],[81.9591667,29.5275],[81.975,29.5325],[81.9833333,29.5308333],[81.9941667,29.5166667],[82.0175,29.5258333],[82.025,29.5258333],[82.0341667,29.5216667],[82.0483333,29.5216667],[82.0583333,29.5291667],[82.0716667,29.5275]]},{"type":"LineString","coordinates":[[80.5775,29.5125],[80.5666667,29.5141667]]},{"type":"LineString","coordinates":[[80.5775,29.5125],[80.585,29.5183333],[80.5941667,29.5208333],[80.6033333,29.5175],[80.6108333,29.5183333],[80.615,29.5233333],[80.6225,29.5225],[80.6275,29.5308333],[80.6333333,29.5266667],[80.6391667,29.5266667],[80.6416667,29.5308333]]},{"type":"LineString","coordinates":[[80.1158333,29.5141667],[80.1116667,29.515],[80.1091667,29.5216667],[80.1041667,29.5241667]]},{"type":"LineString","coordinates":[[80.1158333,29.5141667],[80.1175,29.5225],[80.1216667,29.5225],[80.1241667,29.5258333],[80.1283333,29.5266667],[80.1308333,29.5241667],[80.1358333,29.5275],[80.1383333,29.5258333],[80.1466667,29.5283333],[80.1533333,29.5266667],[80.16,29.5366667],[80.1675,29.5341667],[80.1691667,29.5358333],[80.1658333,29.5416667],[80.1708333,29.5475]]},{"type":"LineString","coordinates":[[80.0783333,29.5216667],[80.0625,29.5158333],[80.0591667,29.5125],[80.0433333,29.5083333],[80.0308333,29.5083333],[80.0291667,29.4991667],[80.0066667,29.4883333]]},{"type":"LineString","coordinates":[[80.0783333,29.5216667],[80.065,29.5283333],[80.0666667,29.5383333],[80.0566667,29.5408333],[80.0541667,29.5441667],[80.0366667,29.5483333],[80.0325,29.5516667],[80.0216667,29.55],[80.0108333,29.5516667],[80.0091667,29.5558333],[79.9991667,29.5608333],[79.9975,29.5733333]]},{"type":"LineString","coordinates":[[80.1041667,29.5241667],[80.0933333,29.5191667],[80.0841667,29.5225],[80.0783333,29.5216667]]},{"type":"LineString","coordinates":[[80.1041667,29.5241667],[80.1025,29.5291667],[80.1066667,29.53],[80.1091667,29.5341667],[80.1058333,29.5358333],[80.1066667,29.54],[80.0966667,29.5491667],[80.0991667,29.5566667],[80.0966667,29.5658333],[80.1058333,29.5791667],[80.1016667,29.5883333],[80.1025,29.5991667],[80.0991667,29.6033333],[80.11,29.6258333]]},{"type":"LineString","coordinates":[[81.1633333,29.5258333],[81.1691667,29.515],[81.1775,29.51],[81.1766667,29.5025],[81.1825,29.5]]},{"type":"LineString","coordinates":[[81.1633333,29.5258333],[81.175,29.5358333],[81.185,29.5341667],[81.1958333,29.5391667],[81.1958333,29.5491667]]},{"type":"LineString","coordinates":[[81.6108333,29.5258333],[81.605,29.5266667],[81.5941667,29.5183333]]},{"type":"LineString","coordinates":[[81.6108333,29.5258333],[81.6108333,29.5316667],[81.6233333,29.5408333],[81.6233333,29.5541667],[81.6166667,29.5608333],[81.6141667,29.5683333],[81.5941667,29.5866667],[81.5783333,29.5908333]]},{"type":"LineString","coordinates":[[82.89,29.5258333],[82.8983333,29.5358333],[82.9041667,29.5375]]},{"type":"LineString","coordinates":[[82.89,29.5258333],[82.8858333,29.54],[82.8783333,29.5466667],[82.8683333,29.5483333],[82.8608333,29.56],[82.84,29.5791667],[82.8375,29.5866667],[82.8316667,29.5908333],[82.8291667,29.6083333],[82.8341667,29.6208333]]},{"type":"LineString","coordinates":[[82.5466667,29.5266667],[82.5408333,29.5208333],[82.5375,29.5091667],[82.5316667,29.5058333],[82.5283333,29.4941667],[82.5258333,29.4933333],[82.5216667,29.4825],[82.5183333,29.4533333],[82.5208333,29.4466667],[82.5308333,29.4358333]]},{"type":"LineString","coordinates":[[82.5466667,29.5266667],[82.5683333,29.5166667]]},{"type":"LineString","coordinates":[[82.6808333,29.5266667],[82.6883333,29.5166667],[82.685,29.5025],[82.6875,29.4983333],[82.6858333,29.4808333],[82.6791667,29.4491667],[82.67,29.4366667]]},{"type":"LineString","coordinates":[[82.6808333,29.5266667],[82.6858333,29.5258333],[82.6983333,29.5291667],[82.7116667,29.5416667],[82.7133333,29.5458333]]},{"type":"LineString","coordinates":[[81.7916667,29.5291667],[81.8066667,29.5175],[81.8175,29.5166667],[81.82,29.5183333],[81.8266667,29.5158333],[81.8358333,29.5183333],[81.8375,29.5125],[81.8416667,29.5108333],[81.8541667,29.5141667],[81.8625,29.505],[81.875,29.5066667],[81.8775,29.5091667],[81.8841667,29.5083333],[81.8866667,29.5116667],[81.905,29.5075]]},{"type":"LineString","coordinates":[[81.7916667,29.5291667],[81.7925,29.5341667],[81.79,29.5408333],[81.7933333,29.5483333],[81.7975,29.5516667],[81.7991667,29.5583333],[81.7983333,29.5775],[81.79,29.5891667],[81.79,29.5958333],[81.7766667,29.6],[81.7733333,29.6066667]]},{"type":"LineString","coordinates":[[80.3575,29.53],[80.3658333,29.5283333],[80.3791667,29.5358333],[80.3858333,29.5333333],[80.3925,29.535],[80.4,29.5333333]]},{"type":"LineString","coordinates":[[80.3575,29.53],[80.3583333,29.5325],[80.3516667,29.5358333],[80.35,29.54],[80.3433333,29.5391667],[80.3416667,29.5416667]]},{"type":"LineString","coordinates":[[81.0458333,29.53],[81.0475,29.5341667]]},{"type":"LineString","coordinates":[[81.0458333,29.53],[81.035,29.5416667],[81.0358333,29.5441667],[81.0291667,29.5575],[81.0241667,29.5633333],[81.0225,29.575],[81.0266667,29.5783333]]},{"type":"LineString","coordinates":[[82.9883333,29.5333333],[83.0083333,29.5283333],[83.0141667,29.5208333],[83.02,29.52],[83.0333333,29.5083333],[83.0391667,29.5083333],[83.0533333,29.5008333],[83.06,29.4933333]]},{"type":"LineString","coordinates":[[82.9883333,29.5333333],[82.9866667,29.5358333],[82.9991667,29.5575],[83.01,29.56],[83.0133333,29.5633333]]},{"type":"LineString","coordinates":[[82.9466667,29.5366667],[82.9591667,29.54],[82.9666667,29.535],[82.9883333,29.5333333]]},{"type":"LineString","coordinates":[[82.9466667,29.5366667],[82.9516667,29.5583333],[82.9508333,29.5658333],[82.9533333,29.5691667],[82.9516667,29.5891667],[82.9533333,29.5966667],[82.9716667,29.6],[82.9775,29.605],[82.9883333,29.605]]},{"type":"LineString","coordinates":[[82.9041667,29.5375],[82.92,29.5375],[82.9266667,29.5333333],[82.9416667,29.5341667],[82.9466667,29.5366667]]},{"type":"LineString","coordinates":[[82.9041667,29.5375],[82.9041667,29.5475],[82.8883333,29.565],[82.8816667,29.5766667],[82.875,29.6033333],[82.8783333,29.61],[82.8866667,29.6166667],[82.8958333,29.6358333],[82.895,29.6441667],[82.9008333,29.6541667]]},{"type":"LineString","coordinates":[[82.6508333,29.5408333],[82.6458333,29.5366667],[82.6383333,29.5233333],[82.6333333,29.5133333],[82.6325,29.5058333],[82.63,29.505],[82.625,29.4891667],[82.62,29.4816667]]},{"type":"LineString","coordinates":[[82.6508333,29.5408333],[82.6708333,29.5333333],[82.6808333,29.5266667]]},{"type":"LineString","coordinates":[[80.3416667,29.5416667],[80.3325,29.54],[80.3258333,29.5483333]]},{"type":"LineString","coordinates":[[80.3416667,29.5416667],[80.3458333,29.5475],[80.3425,29.5525],[80.3508333,29.5558333],[80.3641667,29.5566667],[80.3633333,29.5641667],[80.3783333,29.5608333],[80.3791667,29.5708333],[80.3883333,29.5716667],[80.3908333,29.575],[80.3908333,29.5808333],[80.3983333,29.5875],[80.4025,29.5883333],[80.4075,29.595]]},{"type":"LineString","coordinates":[[81.4608333,29.5441667],[81.4691667,29.5458333],[81.4791667,29.5383333],[81.4958333,29.5341667],[81.5166667,29.5483333]]},{"type":"LineString","coordinates":[[81.4608333,29.5441667],[81.4591667,29.5466667],[81.4608333,29.5508333],[81.4533333,29.555],[81.4566667,29.5583333],[81.455,29.5633333],[81.4575,29.565],[81.4566667,29.5708333]]},{"type":"LineString","coordinates":[[82.7133333,29.5458333],[82.7166667,29.5483333],[82.7233333,29.5466667],[82.7316667,29.5425],[82.735,29.5375],[82.7483333,29.5341667],[82.7533333,29.5225],[82.7641667,29.5166667],[82.765,29.5133333],[82.7675,29.5141667],[82.7733333,29.5033333],[82.79,29.495],[82.79,29.4808333],[82.7933333,29.4733333],[82.7916667,29.47],[82.7966667,29.4633333]]},{"type":"LineString","coordinates":[[82.7133333,29.5458333],[82.7058333,29.56]]},{"type":"LineString","coordinates":[[81.1958333,29.5491667],[81.2008333,29.5483333],[81.2025,29.55],[81.2008333,29.555],[81.2033333,29.5566667],[81.2058333,29.555]]},{"type":"LineString","coordinates":[[81.1958333,29.5491667],[81.1941667,29.5583333],[81.1808333,29.5616667],[81.165,29.5775],[81.1641667,29.585],[81.16,29.5908333]]},{"type":"LineString","coordinates":[[82.1966667,29.5516667],[82.1966667,29.5391667]]},{"type":"LineString","coordinates":[[82.1966667,29.5516667],[82.2083333,29.55],[82.225,29.5575],[82.2325,29.5558333]]},{"type":"LineString","coordinates":[[82.1716667,29.5533333],[82.1633333,29.5416667],[82.1641667,29.5141667],[82.1558333,29.5083333],[82.1558333,29.505]]},{"type":"LineString","coordinates":[[82.1716667,29.5533333],[82.1775,29.5516667],[82.1808333,29.5533333],[82.1866667,29.55],[82.1966667,29.5516667]]},{"type":"LineString","coordinates":[[81.2058333,29.555],[81.205,29.5533333],[81.21,29.55],[81.2266667,29.5466667],[81.2375,29.5358333],[81.2441667,29.5241667],[81.2525,29.5225]]},{"type":"LineString","coordinates":[[81.2058333,29.555],[81.2191667,29.5591667],[81.2216667,29.5683333]]},{"type":"LineString","coordinates":[[82.2325,29.5558333],[82.2366667,29.5291667],[82.245,29.525],[82.245,29.5191667],[82.2508333,29.5116667],[82.2508333,29.505],[82.2575,29.4991667]]},{"type":"LineString","coordinates":[[82.2325,29.5558333],[82.2358333,29.5558333],[82.2433333,29.5591667],[82.2466667,29.5683333],[82.2516667,29.5725],[82.2741667,29.5825]]},{"type":"LineString","coordinates":[[82.6316667,29.56],[82.6508333,29.5408333]]},{"type":"LineString","coordinates":[[82.6316667,29.56],[82.6375,29.5641667],[82.6383333,29.5708333],[82.6433333,29.5766667],[82.6433333,29.5841667],[82.6425,29.5925],[82.6308333,29.6083333]]},{"type":"LineString","coordinates":[[82.7058333,29.56],[82.7141667,29.5616667],[82.72,29.57],[82.7291667,29.5766667],[82.7416667,29.5758333]]},{"type":"LineString","coordinates":[[82.7058333,29.56],[82.7,29.57],[82.7033333,29.575],[82.7033333,29.58],[82.6916667,29.5925],[82.6891667,29.6041667],[82.6975,29.6208333],[82.6975,29.63],[82.7033333,29.6433333]]},{"type":"LineString","coordinates":[[82.5525,29.5633333],[82.5516667,29.545],[82.5475,29.5408333],[82.5466667,29.5266667]]},{"type":"LineString","coordinates":[[82.5525,29.5633333],[82.5625,29.5683333],[82.5716667,29.5675],[82.5725,29.5641667],[82.5791667,29.5658333],[82.5841667,29.5641667],[82.5941667,29.5683333],[82.6066667,29.57],[82.6241667,29.5633333],[82.6275,29.56],[82.6291667,29.5616667],[82.6316667,29.56]]},{"type":"LineString","coordinates":[[81.2216667,29.5683333],[81.2383333,29.5491667],[81.2458333,29.5441667],[81.2583333,29.55],[81.2658333,29.5425],[81.275,29.5425],[81.2841667,29.5391667]]},{"type":"LineString","coordinates":[[81.2216667,29.5683333],[81.23,29.575]]},{"type":"LineString","coordinates":[[82.3708333,29.57],[82.3675,29.56],[82.3675,29.5441667]]},{"type":"LineString","coordinates":[[82.3708333,29.57],[82.3866667,29.5716667],[82.3975,29.5783333]]},{"type":"LineString","coordinates":[[81.4566667,29.5708333],[81.4583333,29.575],[81.4558333,29.5758333],[81.4558333,29.5816667],[81.465,29.5925],[81.4658333,29.6033333],[81.4625,29.6066667],[81.4633333,29.61]]},{"type":"LineString","coordinates":[[81.4566667,29.5708333],[81.4575,29.57],[81.4758333,29.5725],[81.4808333,29.5691667],[81.4875,29.5716667],[81.4883333,29.5775],[81.5033333,29.5908333],[81.5033333,29.5941667],[81.51,29.5991667],[81.5125,29.6066667],[81.5216667,29.6191667]]},{"type":"LineString","coordinates":[[82.5225,29.5716667],[82.52,29.565],[82.51,29.555],[82.5125,29.5475],[82.5091667,29.5391667],[82.5025,29.5325],[82.5016667,29.5275],[82.4975,29.525]]},{"type":"LineString","coordinates":[[82.5225,29.5716667],[82.5425,29.5716667],[82.5525,29.5633333]]},{"type":"LineString","coordinates":[[79.9975,29.5733333],[79.9891667,29.5708333]]},{"type":"LineString","coordinates":[[79.9975,29.5733333],[79.995,29.5841667],[79.9916667,29.5883333],[79.9933333,29.5933333],[79.99,29.5975],[79.9875,29.6125]]},{"type":"LineString","coordinates":[[81.23,29.575],[81.235,29.5825],[81.2416667,29.5866667],[81.24,29.5916667],[81.2425,29.5941667]]},{"type":"LineString","coordinates":[[81.23,29.575],[81.2275,29.5825],[81.2125,29.5941667],[81.2116667,29.605],[81.2183333,29.6133333],[81.2091667,29.6225],[81.2125,29.6275],[81.2108333,29.6291667],[81.2125,29.6433333],[81.2208333,29.6533333],[81.2216667,29.6833333],[81.2108333,29.6891667],[81.2091667,29.6925],[81.2116667,29.6966667],[81.2066667,29.7],[81.2058333,29.7108333],[81.2016667,29.71],[81.2,29.715],[81.1958333,29.7133333],[81.1933333,29.7233333],[81.1875,29.7283333],[81.1816667,29.7283333],[81.1641667,29.7483333],[81.1591667,29.75]]},{"type":"LineString","coordinates":[[82.1366667,29.575],[82.155,29.5633333],[82.1608333,29.5558333],[82.1716667,29.5533333]]},{"type":"LineString","coordinates":[[82.1366667,29.575],[82.14,29.58]]},{"type":"LineString","coordinates":[[82.3975,29.5783333],[82.4008333,29.575],[82.4008333,29.57],[82.3958333,29.5541667],[82.3983333,29.5508333],[82.3975,29.545],[82.4,29.5416667],[82.4016667,29.5208333],[82.4083333,29.4925]]},{"type":"LineString","coordinates":[[82.3975,29.5783333],[82.4183333,29.5891667],[82.435,29.59]]},{"type":"LineString","coordinates":[[82.14,29.58],[82.13,29.5983333],[82.1316667,29.6075]]},{"type":"LineString","coordinates":[[82.14,29.58],[82.1425,29.5808333],[82.1483333,29.5775],[82.1658333,29.5791667],[82.1916667,29.5983333],[82.195,29.6075]]},{"type":"LineString","coordinates":[[80.8575,29.5816667],[80.8541667,29.5875],[80.8558333,29.5941667],[80.85,29.6008333]]},{"type":"LineString","coordinates":[[80.8575,29.5816667],[80.8591667,29.5883333],[80.8675,29.595],[80.8741667,29.5941667],[80.8775,29.5966667],[80.9,29.595],[80.905,29.6],[80.905,29.6066667],[80.9091667,29.6108333],[80.9158333,29.6125]]},{"type":"LineString","coordinates":[[82.2741667,29.5825],[82.2858333,29.5916667],[82.2941667,29.5941667]]},{"type":"LineString","coordinates":[[82.2741667,29.5825],[82.2566667,29.5966667]]},{"type":"LineString","coordinates":[[82.435,29.59],[82.4416667,29.5858333],[82.4458333,29.5733333],[82.4583333,29.5683333],[82.4658333,29.5683333],[82.475,29.5741667],[82.5033333,29.5808333],[82.5108333,29.5791667],[82.5175,29.5725],[82.5225,29.5716667]]},{"type":"LineString","coordinates":[[82.435,29.59],[82.4416667,29.5925],[82.455,29.5925],[82.4708333,29.6016667]]},{"type":"LineString","coordinates":[[81.16,29.5908333],[81.1408333,29.6058333],[81.1308333,29.6091667],[81.1225,29.6083333],[81.125,29.62],[81.1233333,29.6233333],[81.1083333,29.6166667],[81.1033333,29.6225],[81.1025,29.6308333],[81.0908333,29.63],[81.075,29.6416667]]},{"type":"LineString","coordinates":[[81.16,29.5908333],[81.1575,29.5966667],[81.1633333,29.6091667],[81.1583333,29.6133333],[81.1575,29.6183333],[81.1633333,29.6258333],[81.1525,29.6341667],[81.1508333,29.6425],[81.1583333,29.6716667],[81.1541667,29.68]]},{"type":"LineString","coordinates":[[81.2425,29.5941667],[81.2508333,29.5933333],[81.2908333,29.5725]]},{"type":"LineString","coordinates":[[81.2425,29.5941667],[81.245,29.5991667],[81.2633333,29.6033333],[81.2658333,29.6066667],[81.27,29.6033333],[81.2716667,29.6066667],[81.28,29.6083333],[81.29,29.6058333],[81.2983333,29.6083333]]},{"type":"LineString","coordinates":[[82.2941667,29.5941667],[82.3075,29.5925],[82.3275,29.5833333],[82.335,29.5775],[82.3491667,29.5733333],[82.3616667,29.5741667],[82.3708333,29.57]]},{"type":"LineString","coordinates":[[82.2941667,29.5941667],[82.2941667,29.6016667],[82.3,29.6141667],[82.3175,29.6283333],[82.3275,29.64],[82.3308333,29.6466667],[82.3291667,29.6591667]]},{"type":"LineString","coordinates":[[80.4075,29.595],[80.4158333,29.59],[80.4216667,29.59],[80.4325,29.5825],[80.4375,29.575],[80.4516667,29.5791667],[80.4541667,29.575],[80.465,29.5733333],[80.4675,29.5691667],[80.4775,29.5691667]]},{"type":"LineString","coordinates":[[80.4075,29.595],[80.4091667,29.5958333],[80.4083333,29.6041667]]},{"type":"LineString","coordinates":[[80.7016667,29.6],[80.7116667,29.5816667]]},{"type":"LineString","coordinates":[[80.7016667,29.6],[80.7225,29.605]]},{"type":"LineString","coordinates":[[80.85,29.6008333],[80.8416667,29.6041667],[80.8316667,29.5991667],[80.8266667,29.5991667]]},{"type":"LineString","coordinates":[[80.85,29.6008333],[80.85,29.605],[80.8433333,29.6133333],[80.8441667,29.6175],[80.8383333,29.6208333],[80.8341667,29.6275],[80.8283333,29.6283333],[80.8216667,29.6341667]]},{"type":"LineString","coordinates":[[82.4708333,29.6016667],[82.4858333,29.6133333],[82.4958333,29.6366667]]},{"type":"LineString","coordinates":[[82.4708333,29.6016667],[82.4683333,29.6083333],[82.4525,29.6166667],[82.4325,29.6391667]]},{"type":"LineString","coordinates":[[80.4083333,29.6041667],[80.4083333,29.61],[80.4058333,29.6125]]},{"type":"LineString","coordinates":[[80.4083333,29.6041667],[80.4166667,29.605],[80.4183333,29.6141667],[80.4266667,29.6116667],[80.43,29.6183333],[80.4366667,29.62],[80.4433333,29.6166667],[80.45,29.6258333],[80.4591667,29.6258333],[80.4683333,29.62]]},{"type":"LineString","coordinates":[[81.7733333,29.6066667],[81.74,29.6058333],[81.7341667,29.6083333],[81.73,29.6141667],[81.7216667,29.6158333],[81.7183333,29.6208333]]},{"type":"LineString","coordinates":[[81.7733333,29.6066667],[81.7766667,29.6175],[81.7816667,29.6191667],[81.7833333,29.6233333]]},{"type":"LineString","coordinates":[[81.2983333,29.6083333],[81.2991667,29.6041667],[81.3283333,29.6033333],[81.3383333,29.6008333],[81.3525,29.6016667],[81.3583333,29.6066667],[81.37,29.6108333]]},{"type":"LineString","coordinates":[[81.2983333,29.6083333],[81.3016667,29.6108333],[81.305,29.6225],[81.3033333,29.6316667],[81.3083333,29.6441667],[81.3083333,29.65],[81.3125,29.655],[81.3116667,29.6616667],[81.3158333,29.6658333],[81.315,29.6708333],[81.3258333,29.6783333]]},{"type":"LineString","coordinates":[[79.9875,29.6125],[79.9808333,29.6091667],[79.9775,29.6033333],[79.9733333,29.6075],[79.9616667,29.5991667]]},{"type":"LineString","coordinates":[[79.9875,29.6125],[79.9833333,29.6166667],[79.9825,29.6233333],[79.97,29.6433333]]},{"type":"LineString","coordinates":[[80.4058333,29.6125],[80.3891667,29.6066667],[80.3691667,29.6058333],[80.3633333,29.6075],[80.3566667,29.6133333],[80.3508333,29.6141667],[80.3466667,29.6183333],[80.3408333,29.6191667]]},{"type":"LineString","coordinates":[[80.4058333,29.6125],[80.41,29.6241667],[80.4133333,29.6266667],[80.4175,29.6258333],[80.4208333,29.6291667],[80.4191667,29.6333333],[80.4208333,29.6383333],[80.4141667,29.6433333],[80.4166667,29.6508333],[80.4141667,29.6541667],[80.4108333,29.6533333],[80.4066667,29.66],[80.3991667,29.6583333],[80.3975,29.66],[80.3991667,29.6616667],[80.39,29.665],[80.39,29.6683333]]},{"type":"LineString","coordinates":[[80.9158333,29.6125],[80.9166667,29.615],[80.9083333,29.6225]]},{"type":"LineString","coordinates":[[80.9158333,29.6125],[80.9241667,29.615],[80.9308333,29.6108333],[80.9366667,29.6166667],[80.935,29.625],[80.9375,29.6316667],[80.945,29.6333333],[80.9491667,29.6375],[80.955,29.6341667],[80.9716667,29.6441667],[80.9908333,29.6641667],[80.9908333,29.6675],[80.995,29.6716667],[80.9983333,29.67],[81.0,29.6783333],[81.0066667,29.6833333],[81.015,29.6975],[81.02,29.7075],[81.0183333,29.7108333],[81.0225,29.7141667],[81.0241667,29.72],[81.0341667,29.72],[81.0441667,29.725],[81.0533333,29.7366667],[81.0716667,29.7508333],[81.075,29.7558333]]},{"type":"LineString","coordinates":[[80.4683333,29.62],[80.4708333,29.6158333],[80.4775,29.6166667],[80.4925,29.6116667],[80.5025,29.5991667],[80.5075,29.6016667],[80.5166667,29.5958333],[80.5225,29.5991667],[80.5508333,29.585]]},{"type":"LineString","coordinates":[[80.4683333,29.62],[80.4758333,29.6208333],[80.4783333,29.6233333],[80.495,29.6241667],[80.4991667,29.6325],[80.5058333,29.6383333]]},{"type":"LineString","coordinates":[[81.8541667,29.62],[81.885,29.6108333],[81.8916667,29.6141667],[81.9025,29.6133333],[81.9175,29.6166667],[81.9325,29.6133333],[81.9433333,29.6075],[81.9633333,29.6133333],[81.9716667,29.6083333],[81.9883333,29.6066667],[82.0058333,29.5975],[82.015,29.5975],[82.0191667,29.5925],[82.0258333,29.5908333],[82.0466667,29.6],[82.0491667,29.6033333],[82.0533333,29.6008333],[82.0516667,29.5975],[82.0533333,29.5941667],[82.07,29.5958333],[82.095,29.5916667],[82.1066667,29.595],[82.1116667,29.5933333],[82.1183333,29.5833333],[82.1266667,29.5833333],[82.1325,29.5758333],[82.1366667,29.575]]},{"type":"LineString","coordinates":[[81.8541667,29.62],[81.8666667,29.6333333],[81.8733333,29.6366667],[81.8725,29.6425],[81.8808333,29.6525]]},{"type":"LineString","coordinates":[[81.7183333,29.6208333],[81.7108333,29.6133333],[81.7058333,29.6141667],[81.7033333,29.6183333],[81.69,29.615],[81.6808333,29.6158333]]},{"type":"LineString","coordinates":[[81.7183333,29.6208333],[81.71,29.6266667],[81.71,29.6316667],[81.7033333,29.6375],[81.7016667,29.6425],[81.7,29.6416667],[81.7025,29.6458333]]},{"type":"LineString","coordinates":[[81.7833333,29.6233333],[81.7916667,29.6275],[81.7983333,29.6233333],[81.8091667,29.6216667],[81.8175,29.6233333],[81.8233333,29.62],[81.8416667,29.6216667],[81.8541667,29.62]]},{"type":"LineString","coordinates":[[81.7833333,29.6233333],[81.7791667,29.6233333],[81.7691667,29.6358333],[81.7708333,29.6391667],[81.7691667,29.6491667],[81.7725,29.6516667],[81.7516667,29.6675]]},{"type":"LineString","coordinates":[[80.11,29.6258333],[80.1033333,29.63],[80.1025,29.635],[80.0991667,29.6333333],[80.0875,29.64],[80.0833333,29.64],[80.0825,29.6441667],[80.0783333,29.6466667]]},{"type":"LineString","coordinates":[[80.11,29.6258333],[80.1116667,29.6275],[80.1233333,29.6266667],[80.1191667,29.635],[80.1283333,29.6425],[80.1325,29.6425],[80.1366667,29.6483333],[80.14,29.6483333],[80.14,29.6558333],[80.1466667,29.6616667]]},{"type":"LineString","coordinates":[[80.8216667,29.6341667],[80.8091667,29.645]]},{"type":"LineString","coordinates":[[80.8216667,29.6341667],[80.8316667,29.6508333],[80.8383333,29.65],[80.8475,29.6525],[80.8575,29.6591667],[80.8583333,29.6675],[80.8691667,29.6791667],[80.8691667,29.6866667],[80.8758333,29.695],[80.8941667,29.6975],[80.905,29.7041667]]},{"type":"LineString","coordinates":[[82.4958333,29.6366667],[82.5075,29.6391667],[82.5208333,29.6525]]},{"type":"LineString","coordinates":[[82.4958333,29.6366667],[82.48,29.6525],[82.4808333,29.6541667],[82.4716667,29.6641667],[82.4708333,29.6683333],[82.4416667,29.7116667],[82.44,29.7241667],[82.4333333,29.7391667],[82.4375,29.7583333]]},{"type":"LineString","coordinates":[[80.5058333,29.6383333],[80.5133333,29.6408333],[80.5208333,29.6383333],[80.5266667,29.64],[80.5341667,29.6358333],[80.5458333,29.6383333],[80.5508333,29.6341667],[80.555,29.6375],[80.5666667,29.6366667],[80.5716667,29.6391667],[80.5741667,29.6383333],[80.5741667,29.6325],[80.5916667,29.6341667],[80.5983333,29.6275],[80.6025,29.6275],[80.6058333,29.6208333],[80.6158333,29.6166667],[80.6275,29.62],[80.64,29.6183333],[80.6425,29.6216667],[80.645,29.62],[80.6516667,29.6233333],[80.6525,29.6183333],[80.6566667,29.6175],[80.6591667,29.6125],[80.6641667,29.6158333],[80.6708333,29.6133333],[80.6725,29.6091667],[80.675,29.6116667],[80.68,29.6091667],[80.6833333,29.6108333],[80.6933333,29.6025],[80.7016667,29.6]]},{"type":"LineString","coordinates":[[80.5058333,29.6383333],[80.5058333,29.6441667],[80.5175,29.6525],[80.5283333,29.6566667],[80.5433333,29.6666667],[80.5466667,29.6658333],[80.56,29.6708333],[80.5691667,29.6791667],[80.5733333,29.6875],[80.6025,29.6916667],[80.6083333,29.6866667]]},{"type":"LineString","coordinates":[[79.97,29.6433333],[79.9658333,29.6391667],[79.9541667,29.6416667],[79.9433333,29.6366667],[79.9408333,29.6433333],[79.9358333,29.6483333],[79.9308333,29.6416667],[79.9241667,29.6425],[79.9175,29.6466667],[79.9008333,29.6308333]]},{"type":"LineString","coordinates":[[79.97,29.6433333],[79.9683333,29.65]]},{"type":"LineString","coordinates":[[82.7033333,29.6433333],[82.7133333,29.6475],[82.7208333,29.6583333],[82.7333333,29.6625],[82.7375,29.6625],[82.7458333,29.6566667],[82.7575,29.6541667],[82.76,29.6516667],[82.785,29.6533333]]},{"type":"LineString","coordinates":[[82.7033333,29.6433333],[82.7025,29.6608333],[82.6958333,29.6683333]]},{"type":"LineString","coordinates":[[81.7025,29.6458333],[81.6933333,29.6466667],[81.6908333,29.65]]},{"type":"LineString","coordinates":[[81.7025,29.6458333],[81.7008333,29.6483333],[81.7025,29.6558333],[81.6991667,29.6608333],[81.6966667,29.6791667],[81.7083333,29.6983333],[81.7125,29.7183333]]},{"type":"LineString","coordinates":[[79.9683333,29.65],[79.9808333,29.6641667],[79.9833333,29.6625],[79.9833333,29.6583333],[79.9891667,29.6541667],[79.9941667,29.655],[79.995,29.6591667],[80.0025,29.6625]]},{"type":"LineString","coordinates":[[79.9683333,29.65],[79.9583333,29.6566667],[79.9633333,29.6641667],[79.9575,29.6691667],[79.9591667,29.6758333],[79.9558333,29.68],[79.9458333,29.685],[79.9425,29.6816667],[79.9375,29.6891667],[79.9283333,29.6941667],[79.925,29.6991667],[79.9191667,29.6958333],[79.915,29.6975]]},{"type":"LineString","coordinates":[[81.6908333,29.65],[81.675,29.6458333],[81.6725,29.6416667],[81.6625,29.6433333]]},{"type":"LineString","coordinates":[[81.6908333,29.65],[81.6816667,29.6533333],[81.6758333,29.66],[81.6758333,29.6725],[81.6666667,29.6758333],[81.6633333,29.68],[81.6508333,29.6816667],[81.6433333,29.6841667],[81.6358333,29.6908333],[81.63,29.6908333]]},{"type":"LineString","coordinates":[[81.8808333,29.6525],[81.8833333,29.6533333],[81.8825,29.6583333],[81.8916667,29.6691667],[81.9041667,29.6675],[81.9083333,29.6633333],[81.9183333,29.6633333],[81.92,29.6716667],[81.9316667,29.6783333],[81.9375,29.6725],[81.9483333,29.6758333],[81.9683333,29.6908333],[81.9875,29.7],[81.995,29.7066667],[81.9991667,29.7125],[81.9983333,29.715],[82.0033333,29.7183333]]},{"type":"LineString","coordinates":[[81.8808333,29.6525],[81.8675,29.6733333],[81.8575,29.68],[81.855,29.6858333],[81.85,29.6858333],[81.84,29.6941667],[81.8333333,29.7058333],[81.8341667,29.7158333],[81.8316667,29.7283333],[81.8191667,29.7408333],[81.8158333,29.7391667]]},{"type":"LineString","coordinates":[[82.5208333,29.6525],[82.5458333,29.6533333],[82.5575,29.6483333],[82.5633333,29.6483333],[82.5775,29.655],[82.5875,29.6641667],[82.59,29.6941667]]},{"type":"LineString","coordinates":[[82.5208333,29.6525],[82.5216667,29.6575],[82.5183333,29.6666667],[82.5191667,29.68],[82.515,29.6966667],[82.5158333,29.7091667],[82.5125,29.7125],[82.515,29.74],[82.5133333,29.745],[82.5166667,29.7483333],[82.515,29.7566667],[82.5166667,29.7708333]]},{"type":"LineString","coordinates":[[82.3291667,29.6591667],[82.3216667,29.6625],[82.3016667,29.6616667],[82.2916667,29.6716667]]},{"type":"LineString","coordinates":[[82.3291667,29.6591667],[82.3375,29.6683333],[82.34,29.675],[82.3525,29.68]]},{"type":"LineString","coordinates":[[80.1466667,29.6616667],[80.1483333,29.655],[80.1575,29.6583333],[80.1616667,29.6583333],[80.1608333,29.655],[80.1716667,29.6566667],[80.1841667,29.6633333],[80.195,29.6633333],[80.1966667,29.6591667],[80.1983333,29.6616667],[80.205,29.6566667],[80.21,29.6575],[80.2141667,29.655],[80.2233333,29.66],[80.2216667,29.6633333],[80.2275,29.6658333],[80.2408333,29.6558333]]},{"type":"LineString","coordinates":[[80.1466667,29.6616667],[80.1483333,29.6633333],[80.1466667,29.6666667],[80.14,29.6683333],[80.1325,29.675],[80.1341667,29.6791667],[80.1316667,29.6833333],[80.1375,29.6883333],[80.1266667,29.6925],[80.1291667,29.7016667],[80.125,29.7008333],[80.1225,29.7033333],[80.1258333,29.7066667],[80.1208333,29.7125]]},{"type":"LineString","coordinates":[[80.39,29.6683333],[80.3858333,29.6675],[80.3841667,29.6608333],[80.3675,29.6566667]]},{"type":"LineString","coordinates":[[80.39,29.6683333],[80.39,29.6716667],[80.3833333,29.6766667],[80.385,29.685],[80.38,29.6891667],[80.38,29.7008333],[80.3766667,29.7033333]]},{"type":"LineString","coordinates":[[82.6958333,29.6683333],[82.6791667,29.6733333]]},{"type":"LineString","coordinates":[[82.6958333,29.6683333],[82.6908333,29.675],[82.6933333,29.6858333],[82.7075,29.6891667],[82.7191667,29.695],[82.7366667,29.7166667],[82.74,29.7225],[82.7375,29.7258333]]},{"type":"LineString","coordinates":[[81.3258333,29.6783333],[81.34,29.6725],[81.3516667,29.6575],[81.3583333,29.6608333],[81.3616667,29.6566667],[81.3666667,29.6566667]]},{"type":"LineString","coordinates":[[81.3258333,29.6783333],[81.3325,29.6816667],[81.3308333,29.6875]]},{"type":"LineString","coordinates":[[80.6083333,29.6866667],[80.6133333,29.6883333],[80.6258333,29.6866667],[80.6341667,29.6908333],[80.6408333,29.6883333],[80.6466667,29.6816667],[80.6516667,29.6808333],[80.6741667,29.6866667],[80.6766667,29.6916667]]},{"type":"LineString","coordinates":[[80.6083333,29.6866667],[80.6108333,29.6983333],[80.605,29.7091667],[80.6075,29.7158333],[80.6033333,29.7216667],[80.6058333,29.725],[80.6225,29.7325]]},{"type":"LineString","coordinates":[[82.1,29.6866667],[82.1008333,29.6841667],[82.0975,29.68],[82.1016667,29.6741667],[82.1008333,29.6666667],[82.1108333,29.6541667],[82.1191667,29.6516667],[82.1325,29.6541667]]},{"type":"LineString","coordinates":[[82.1,29.6866667],[82.1108333,29.685]]},{"type":"LineString","coordinates":[[81.3308333,29.6875],[81.3375,29.69],[81.3466667,29.68],[81.3541667,29.6891667],[81.3641667,29.6891667],[81.3683333,29.6933333],[81.3758333,29.6933333],[81.38,29.6966667],[81.385,29.6958333],[81.3883333,29.69],[81.3933333,29.6908333],[81.3983333,29.6875],[81.405,29.69]]},{"type":"LineString","coordinates":[[81.3308333,29.6875],[81.3241667,29.6891667],[81.3266667,29.6933333],[81.325,29.6958333],[81.3191667,29.6941667],[81.3216667,29.6983333],[81.32,29.7],[81.3141667,29.6975],[81.3125,29.6991667],[81.3133333,29.7016667],[81.3108333,29.7033333],[81.3158333,29.7058333],[81.3125,29.7091667],[81.3158333,29.7116667],[81.3108333,29.7191667],[81.3125,29.7233333],[81.3133333,29.7216667],[81.3158333,29.7241667]]},{"type":"LineString","coordinates":[[81.63,29.6908333],[81.6175,29.685],[81.6125,29.6783333],[81.6058333,29.6783333]]},{"type":"LineString","coordinates":[[81.63,29.6908333],[81.6175,29.7016667],[81.6166667,29.7083333],[81.6116667,29.7125],[81.6016667,29.7133333],[81.5941667,29.7175],[81.575,29.7133333]]},{"type":"LineString","coordinates":[[80.6766667,29.6916667],[80.6833333,29.6908333],[80.6975,29.6775],[80.7033333,29.6783333],[80.7066667,29.6816667],[80.7158333,29.68],[80.7191667,29.675],[80.73,29.6741667],[80.7408333,29.6766667]]},{"type":"LineString","coordinates":[[80.6766667,29.6916667],[80.6825,29.6983333],[80.68,29.7025],[80.6808333,29.7058333],[80.69,29.715],[80.7091667,29.7208333],[80.7158333,29.72],[80.72,29.725],[80.7266667,29.725],[80.735,29.7291667],[80.7416667,29.7375],[80.7583333,29.7358333],[80.7658333,29.7383333],[80.77,29.7366667],[80.7991667,29.7508333]]},{"type":"LineString","coordinates":[[79.915,29.6975],[79.9083333,29.6991667],[79.9033333,29.6975],[79.895,29.7041667],[79.8891667,29.7041667]]},{"type":"LineString","coordinates":[[79.915,29.6975],[79.9191667,29.7091667],[79.925,29.715],[79.9358333,29.7141667],[79.9491667,29.7166667],[79.9516667,29.7225],[79.9583333,29.7266667],[79.9625,29.7366667],[79.97,29.7375],[79.97,29.7433333],[79.9758333,29.7483333],[79.9808333,29.7491667],[79.985,29.7575],[79.9908333,29.7558333],[79.9925,29.7575],[79.985,29.7658333],[79.9808333,29.7658333],[79.9766667,29.7725],[79.9808333,29.7858333],[79.98,29.79],[79.9841667,29.7975],[79.9825,29.8066667]]},{"type":"LineString","coordinates":[[80.3766667,29.7033333],[80.3725,29.7141667],[80.3766667,29.72],[80.3666667,29.7233333],[80.3658333,29.7291667],[80.37,29.735],[80.3641667,29.74]]},{"type":"LineString","coordinates":[[80.3766667,29.7033333],[80.365,29.6991667],[80.3641667,29.695],[80.3583333,29.6891667],[80.3491667,29.6858333],[80.3458333,29.6933333],[80.3475,29.6975],[80.3433333,29.6975],[80.3441667,29.7016667],[80.3383333,29.7116667],[80.335,29.71],[80.3241667,29.7133333],[80.3166667,29.7066667],[80.3091667,29.705],[80.2891667,29.7116667],[80.2883333,29.7166667],[80.2858333,29.7158333],[80.2841667,29.7191667],[80.2891667,29.7241667],[80.2833333,29.7291667],[80.2858333,29.7333333],[80.2816667,29.7341667],[80.2775,29.7391667],[80.28,29.7508333],[80.2766667,29.7533333],[80.2708333,29.7516667],[80.2658333,29.7533333],[80.2666667,29.7616667]]},{"type":"LineString","coordinates":[[79.8891667,29.7041667],[79.88,29.7016667],[79.8783333,29.6983333],[79.8733333,29.6983333],[79.8741667,29.6933333],[79.8708333,29.6891667],[79.87,29.6916667],[79.865,29.6908333],[79.8633333,29.6941667],[79.8575,29.6925],[79.8558333,29.6991667],[79.8475,29.705],[79.835,29.7041667],[79.8316667,29.71],[79.8133333,29.7075],[79.7958333,29.7191667],[79.7908333,29.725],[79.785,29.7266667],[79.7791667,29.735],[79.7675,29.7358333],[79.765,29.7408333],[79.76,29.7408333],[79.7533333,29.7466667],[79.7458333,29.7466667]]},{"type":"LineString","coordinates":[[79.8891667,29.7041667],[79.8941667,29.7125],[79.8925,29.7175],[79.8808333,29.7258333],[79.8758333,29.7333333],[79.8683333,29.7391667],[79.845,29.745],[79.84,29.7491667],[79.8325,29.7508333],[79.8275,29.7583333],[79.8275,29.7683333],[79.8216667,29.7725],[79.8241667,29.7766667],[79.8233333,29.78]]},{"type":"LineString","coordinates":[[80.1208333,29.7125],[80.1191667,29.7075],[80.0975,29.7116667]]},{"type":"LineString","coordinates":[[80.1208333,29.7125],[80.1191667,29.7166667],[80.1241667,29.7208333],[80.1316667,29.72],[80.1275,29.7225],[80.1283333,29.7266667],[80.1258333,29.7283333],[80.1308333,29.7333333],[80.1275,29.7391667],[80.13,29.7425]]},{"type":"LineString","coordinates":[[81.7125,29.7183333],[81.7066667,29.725],[81.7,29.7275],[81.6983333,29.7325],[81.6908333,29.7333333],[81.6825,29.7425],[81.6616667,29.7466667]]},{"type":"LineString","coordinates":[[81.7125,29.7183333],[81.7141667,29.7233333],[81.72,29.7291667],[81.7241667,29.73],[81.7275,29.735],[81.7266667,29.7483333],[81.7325,29.7583333],[81.73,29.77],[81.7358333,29.7758333],[81.7366667,29.785],[81.7408333,29.7883333],[81.7375,29.8016667]]},{"type":"LineString","coordinates":[[82.0033333,29.7183333],[82.0083333,29.7125],[82.0125,29.7125],[82.0225,29.7066667],[82.0291667,29.6925],[82.0325,29.69]]},{"type":"LineString","coordinates":[[82.0033333,29.7183333],[82.0058333,29.7266667],[82.0158333,29.7358333],[82.02,29.7358333],[82.0241667,29.74],[82.0283333,29.7391667],[82.0316667,29.7458333]]},{"type":"LineString","coordinates":[[81.3158333,29.7241667],[81.3058333,29.735],[81.2991667,29.7358333],[81.3,29.75],[81.2958333,29.7516667],[81.2941667,29.7566667],[81.2841667,29.7625],[81.285,29.7666667],[81.2783333,29.7716667],[81.2683333,29.7725],[81.2625,29.7816667]]},{"type":"LineString","coordinates":[[81.3158333,29.7241667],[81.3208333,29.7258333],[81.3308333,29.7191667],[81.3358333,29.7216667],[81.3441667,29.7191667],[81.3533333,29.7258333],[81.3616667,29.7266667],[81.3683333,29.7325],[81.3741667,29.7341667],[81.3858333,29.75],[81.395,29.7558333],[81.4075,29.7691667],[81.4141667,29.7733333],[81.4216667,29.7741667],[81.4333333,29.7816667]]},{"type":"LineString","coordinates":[[80.6225,29.7325],[80.6191667,29.7366667]]},{"type":"LineString","coordinates":[[80.6225,29.7325],[80.6341667,29.735],[80.6483333,29.7325],[80.6683333,29.74],[80.6741667,29.7458333],[80.6766667,29.745],[80.6816667,29.7516667],[80.68,29.7558333],[80.6716667,29.7566667],[80.6625,29.765]]},{"type":"LineString","coordinates":[[80.3641667,29.74],[80.3475,29.7366667],[80.345,29.7425]]},{"type":"LineString","coordinates":[[80.3641667,29.74],[80.3675,29.75],[80.3758333,29.75]]},{"type":"LineString","coordinates":[[80.13,29.7425],[80.1416667,29.7441667],[80.1483333,29.7375],[80.1508333,29.7391667],[80.1575,29.7375],[80.1658333,29.7491667],[80.1691667,29.7458333],[80.1708333,29.7483333],[80.1791667,29.7483333],[80.1808333,29.7508333],[80.1841667,29.7491667],[80.1875,29.755],[80.1908333,29.7516667]]},{"type":"LineString","coordinates":[[80.13,29.7425],[80.1266667,29.7516667],[80.1216667,29.7566667],[80.1316667,29.7658333],[80.1291667,29.7716667],[80.1333333,29.7766667],[80.135,29.7841667]]},{"type":"LineString","coordinates":[[82.0316667,29.7458333],[82.045,29.7508333],[82.06,29.7458333]]},{"type":"LineString","coordinates":[[82.0316667,29.7458333],[82.0241667,29.755],[82.0191667,29.755],[82.0033333,29.7625],[81.9833333,29.7641667],[81.9783333,29.77],[81.9641667,29.7766667],[81.955,29.775],[81.9525,29.7766667]]},{"type":"LineString","coordinates":[[82.06,29.7458333],[82.0591667,29.7308333],[82.0675,29.725],[82.0666667,29.7208333],[82.0725,29.7116667],[82.0766667,29.7141667],[82.08,29.7133333],[82.08,29.7066667],[82.085,29.7016667],[82.0925,29.6991667],[82.0916667,29.69],[82.1,29.6866667]]},{"type":"LineString","coordinates":[[82.06,29.7458333],[82.0658333,29.7466667],[82.0808333,29.7558333]]},{"type":"LineString","coordinates":[[80.3758333,29.75],[80.3858333,29.75],[80.385,29.7575],[80.3875,29.76],[80.3966667,29.7583333],[80.3966667,29.7658333]]},{"type":"LineString","coordinates":[[80.3758333,29.75],[80.3741667,29.7558333],[80.3658333,29.7633333],[80.365,29.77],[80.3583333,29.77],[80.355,29.7758333]]},{"type":"LineString","coordinates":[[81.1591667,29.75],[81.1458333,29.7558333],[81.1325,29.7575]]},{"type":"LineString","coordinates":[[81.1591667,29.75],[81.155,29.7558333],[81.1558333,29.7608333]]},{"type":"LineString","coordinates":[[80.7991667,29.7508333],[80.8108333,29.745],[80.8125,29.7391667],[80.8191667,29.74],[80.8291667,29.7341667],[80.8316667,29.7275],[80.8466667,29.7266667],[80.8475,29.7225],[80.8533333,29.7241667],[80.8591667,29.73]]},{"type":"LineString","coordinates":[[80.7991667,29.7508333],[80.8066667,29.7566667],[80.8091667,29.7633333],[80.8083333,29.7733333],[80.815,29.7833333]]},{"type":"LineString","coordinates":[[82.0808333,29.7558333],[82.085,29.7558333],[82.0941667,29.7483333],[82.1116667,29.7433333],[82.1208333,29.7441667],[82.1291667,29.7483333],[82.1775,29.7441667],[82.1991667,29.7608333],[82.2041667,29.7608333],[82.2116667,29.7658333],[82.2208333,29.765],[82.2233333,29.7675],[82.2533333,29.7658333]]},{"type":"LineString","coordinates":[[82.0808333,29.7558333],[82.0841667,29.7591667],[82.085,29.7708333],[82.0791667,29.7766667],[82.0816667,29.79],[82.0758333,29.8016667],[82.085,29.8133333]]},{"type":"LineString","coordinates":[[80.6625,29.765],[80.6658333,29.7675],[80.6858333,29.765]]},{"type":"LineString","coordinates":[[80.6625,29.765],[80.6533333,29.7716667],[80.6508333,29.7775],[80.6566667,29.7891667],[80.6566667,29.8008333],[80.6658333,29.8083333],[80.6666667,29.815],[80.6783333,29.8266667],[80.6866667,29.8266667],[80.6975,29.8366667],[80.7,29.8366667],[80.705,29.8441667]]},{"type":"LineString","coordinates":[[80.3966667,29.7658333],[80.3983333,29.7641667],[80.4008333,29.7658333],[80.4025,29.7641667],[80.4183333,29.7641667],[80.4241667,29.7566667],[80.43,29.7533333],[80.4591667,29.7408333]]},{"type":"LineString","coordinates":[[80.3966667,29.7658333],[80.4008333,29.775],[80.405,29.7783333],[80.4041667,29.7816667],[80.4075,29.7841667],[80.4066667,29.7941667],[80.4141667,29.7916667],[80.4183333,29.7966667],[80.4291667,29.7975],[80.435,29.8058333],[80.4425,29.7991667],[80.4466667,29.7983333],[80.455,29.8025],[80.4641667,29.8025],[80.4783333,29.7958333],[80.4933333,29.795]]},{"type":"LineString","coordinates":[[82.2533333,29.7658333],[82.2525,29.7633333]]},{"type":"LineString","coordinates":[[82.2533333,29.7658333],[82.2625,29.7675],[82.2766667,29.7741667],[82.2958333,29.7733333]]},{"type":"LineString","coordinates":[[82.5166667,29.7708333],[82.5316667,29.7825],[82.5325,29.7883333],[82.5391667,29.7941667]]},{"type":"LineString","coordinates":[[82.5166667,29.7708333],[82.5125,29.7741667],[82.5,29.7766667],[82.4866667,29.7866667],[82.4733333,29.8116667]]},{"type":"LineString","coordinates":[[82.2958333,29.7733333],[82.3058333,29.7658333],[82.3075,29.7533333],[82.3191667,29.7475],[82.3225,29.7425],[82.3391667,29.7358333],[82.3458333,29.74],[82.3575,29.7375],[82.3683333,29.7283333]]},{"type":"LineString","coordinates":[[82.2958333,29.7733333],[82.2975,29.7791667],[82.3175,29.7975],[82.3225,29.8058333],[82.3316667,29.8141667],[82.3391667,29.8166667],[82.3425,29.8216667],[82.3475,29.8233333],[82.3616667,29.8216667]]},{"type":"LineString","coordinates":[[80.355,29.7758333],[80.3383333,29.7791667],[80.3241667,29.7908333],[80.2966667,29.8],[80.2966667,29.8066667],[80.2991667,29.81],[80.2966667,29.8116667],[80.2908333,29.8091667],[80.2858333,29.8125],[80.2816667,29.8166667],[80.2808333,29.82],[80.2833333,29.8233333],[80.28,29.8266667]]},{"type":"LineString","coordinates":[[80.355,29.7758333],[80.355,29.7833333],[80.3591667,29.7883333],[80.3558333,29.7991667],[80.3591667,29.8008333],[80.3633333,29.7983333],[80.3675,29.8091667],[80.3633333,29.8133333],[80.3658333,29.8191667],[80.3625,29.8216667],[80.3658333,29.8308333],[80.355,29.8383333],[80.3508333,29.8508333]]},{"type":"LineString","coordinates":[[81.9525,29.7766667],[81.9466667,29.7808333],[81.9425,29.7808333],[81.9375,29.7775],[81.93,29.7783333],[81.9266667,29.7733333],[81.92,29.7741667],[81.9175,29.7791667],[81.9125,29.7816667],[81.9066667,29.7933333],[81.9033333,29.7925],[81.8783333,29.8016667],[81.8683333,29.8025],[81.8633333,29.8066667],[81.8625,29.8133333]]},{"type":"LineString","coordinates":[[81.9525,29.7766667],[81.96,29.795],[81.9583333,29.8041667],[81.9616667,29.8141667],[81.9583333,29.8183333],[81.97,29.8383333]]},{"type":"LineString","coordinates":[[81.4525,29.7783333],[81.46,29.7625],[81.4708333,29.7475],[81.47,29.7425],[81.4733333,29.74],[81.4716667,29.7341667],[81.4808333,29.7183333]]},{"type":"LineString","coordinates":[[81.4525,29.7783333],[81.4658333,29.7825],[81.4725,29.7891667],[81.4741667,29.7966667],[81.4866667,29.8066667],[81.4858333,29.8083333],[81.49,29.8125]]},{"type":"LineString","coordinates":[[79.8233333,29.78],[79.8458333,29.7758333],[79.8541667,29.7675],[79.87,29.7666667],[79.8741667,29.7725],[79.8891667,29.7766667],[79.8891667,29.7841667],[79.8941667,29.7941667],[79.9008333,29.7891667],[79.905,29.7916667],[79.9091667,29.7858333],[79.9125,29.7875]]},{"type":"LineString","coordinates":[[79.8233333,29.78],[79.8033333,29.7925],[79.7958333,29.7925],[79.7925,29.7983333],[79.7825,29.805],[79.7825,29.8091667]]},{"type":"LineString","coordinates":[[81.2625,29.7816667],[81.2575,29.785],[81.2466667,29.7775],[81.2375,29.7783333]]},{"type":"LineString","coordinates":[[81.2625,29.7816667],[81.2566667,29.7925],[81.2608333,29.8116667],[81.26,29.8175],[81.2641667,29.8233333],[81.2641667,29.8275],[81.2608333,29.8316667]]},{"type":"LineString","coordinates":[[81.4333333,29.7816667],[81.4491667,29.7808333],[81.4525,29.7783333]]},{"type":"LineString","coordinates":[[81.4333333,29.7816667],[81.4341667,29.8141667],[81.43,29.8241667],[81.44,29.8316667],[81.4433333,29.8391667],[81.4566667,29.8491667]]},{"type":"LineString","coordinates":[[80.815,29.7833333],[80.8175,29.7866667],[80.8233333,29.7875],[80.8333333,29.7983333],[80.84,29.7966667],[80.8425,29.7991667]]},{"type":"LineString","coordinates":[[80.815,29.7833333],[80.8066667,29.79],[80.7983333,29.79],[80.7916667,29.7958333],[80.7775,29.8008333],[80.7758333,29.8033333],[80.7633333,29.8033333],[80.7666667,29.8241667],[80.765,29.8325]]},{"type":"LineString","coordinates":[[80.135,29.7841667],[80.1358333,29.785]]},{"type":"LineString","coordinates":[[80.135,29.7841667],[80.1333333,29.785],[80.1358333,29.7933333],[80.1333333,29.7966667],[80.1341667,29.8033333]]},{"type":"LineString","coordinates":[[80.9941667,29.7858333],[81.0041667,29.7858333]]},{"type":"LineString","coordinates":[[80.9941667,29.7858333],[80.995,29.79],[81.0008333,29.7941667]]},{"type":"LineString","coordinates":[[82.5391667,29.7941667],[82.5516667,29.7866667],[82.5616667,29.785],[82.5666667,29.7816667],[82.5733333,29.7833333],[82.59,29.7758333],[82.6166667,29.775],[82.6508333,29.7875],[82.6675,29.8025],[82.6741667,29.8066667],[82.685,29.8091667],[82.6891667,29.815]]},{"type":"LineString","coordinates":[[82.5391667,29.7941667],[82.5408333,29.7991667],[82.5383333,29.8083333],[82.5391667,29.8158333]]},{"type":"LineString","coordinates":[[80.4933333,29.795],[80.495,29.7908333],[80.515,29.7841667]]},{"type":"LineString","coordinates":[[80.4933333,29.795],[80.4925,29.8008333],[80.4958333,29.805]]},{"type":"LineString","coordinates":[[80.8425,29.7991667],[80.8541667,29.7958333],[80.8633333,29.7875],[80.8716667,29.7866667],[80.8816667,29.7816667],[80.8833333,29.7783333],[80.8941667,29.7825],[80.8975,29.7791667],[80.9033333,29.7783333],[80.9091667,29.7716667]]},{"type":"LineString","coordinates":[[80.8425,29.7991667],[80.8425,29.8025]]},{"type":"LineString","coordinates":[[81.7375,29.8016667],[81.7275,29.8066667],[81.715,29.8066667],[81.7016667,29.82],[81.69,29.8266667],[81.6858333,29.8258333],[81.6808333,29.8283333],[81.6708333,29.8266667],[81.6633333,29.8283333],[81.645,29.8191667],[81.6025,29.8183333],[81.5933333,29.8116667]]},{"type":"LineString","coordinates":[[81.7375,29.8016667],[81.7441667,29.8133333],[81.7508333,29.8183333],[81.7541667,29.8283333],[81.7525,29.8375],[81.755,29.8408333],[81.7491667,29.8475],[81.71,29.855],[81.7008333,29.8608333],[81.6858333,29.8658333],[81.6766667,29.8733333],[81.6683333,29.8725],[81.6416667,29.8891667]]},{"type":"LineString","coordinates":[[80.8425,29.8025],[80.8641667,29.815],[80.87,29.8225],[80.8791667,29.8241667]]},{"type":"LineString","coordinates":[[80.8425,29.8025],[80.8291667,29.8158333],[80.8291667,29.83],[80.835,29.85],[80.8391667,29.8525],[80.8433333,29.86],[80.8483333,29.86],[80.8508333,29.8658333],[80.8508333,29.8708333],[80.845,29.8783333]]},{"type":"LineString","coordinates":[[80.1341667,29.8033333],[80.1275,29.8083333],[80.1175,29.8075],[80.1133333,29.81],[80.1066667,29.8066667],[80.0983333,29.8116667],[80.095,29.81],[80.085,29.8125],[80.0716667,29.8066667]]},{"type":"LineString","coordinates":[[80.1341667,29.8033333],[80.14,29.8258333]]},{"type":"LineString","coordinates":[[80.4958333,29.805],[80.49,29.81],[80.4808333,29.8125]]},{"type":"LineString","coordinates":[[80.4958333,29.805],[80.5,29.8075],[80.4983333,29.81],[80.5,29.8158333],[80.5058333,29.8216667],[80.52,29.8266667]]},{"type":"LineString","coordinates":[[79.7825,29.8091667],[79.7841667,29.8083333]]},{"type":"LineString","coordinates":[[79.7825,29.8091667],[79.7766667,29.8191667],[79.7683333,29.8241667],[79.7733333,29.83],[79.7725,29.8366667]]},{"type":"LineString","coordinates":[[81.49,29.8125],[81.4916667,29.8133333],[81.5008333,29.8041667],[81.5033333,29.805],[81.5116667,29.7941667]]},{"type":"LineString","coordinates":[[81.49,29.8125],[81.4966667,29.8258333],[81.4958333,29.8291667],[81.5033333,29.8408333],[81.5091667,29.8441667],[81.5108333,29.8491667]]},{"type":"LineString","coordinates":[[81.8625,29.8133333],[81.8533333,29.8133333],[81.8383333,29.805],[81.8333333,29.8075]]},{"type":"LineString","coordinates":[[81.8625,29.8133333],[81.8725,29.82],[81.8716667,29.8225],[81.8783333,29.8333333],[81.8883333,29.8425],[81.8875,29.8525],[81.8766667,29.8583333],[81.8733333,29.87],[81.8641667,29.8816667]]},{"type":"LineString","coordinates":[[82.085,29.8133333],[82.0783333,29.8191667]]},{"type":"LineString","coordinates":[[82.085,29.8133333],[82.1133333,29.8325],[82.1275,29.8316667],[82.1316667,29.8341667],[82.1425,29.8341667],[82.1575,29.83],[82.165,29.8308333]]},{"type":"LineString","coordinates":[[82.5391667,29.8158333],[82.5416667,29.8208333],[82.5525,29.8216667],[82.5591667,29.8266667],[82.5833333,29.825],[82.5875,29.8275]]},{"type":"LineString","coordinates":[[82.5391667,29.8158333],[82.5358333,29.8191667],[82.5375,29.8225],[82.535,29.8266667],[82.5291667,29.8316667],[82.5283333,29.8383333]]},{"type":"LineString","coordinates":[[82.3616667,29.8216667],[82.3683333,29.8116667]]},{"type":"LineString","coordinates":[[82.3616667,29.8216667],[82.3775,29.8358333],[82.3941667,29.8416667]]},{"type":"LineString","coordinates":[[80.8791667,29.8241667],[80.8825,29.8191667],[80.8816667,29.8166667],[80.8891667,29.8108333],[80.8983333,29.8108333],[80.9025,29.8133333],[80.9266667,29.805],[80.9358333,29.8066667],[80.945,29.7991667],[80.955,29.7991667],[80.9658333,29.7933333],[80.9733333,29.7958333],[80.9883333,29.7858333],[80.9941667,29.7858333]]},{"type":"LineString","coordinates":[[80.8791667,29.8241667],[80.8883333,29.8333333],[80.8916667,29.845],[80.8983333,29.8525],[80.9025,29.8616667],[80.9075,29.8641667],[80.9133333,29.8716667],[80.9158333,29.8808333],[80.925,29.89],[80.93,29.8908333],[80.9441667,29.9025]]},{"type":"LineString","coordinates":[[80.14,29.8258333],[80.1441667,29.8316667],[80.1433333,29.8375],[80.1475,29.8391667],[80.1466667,29.845],[80.1525,29.8475]]},{"type":"LineString","coordinates":[[80.14,29.8258333],[80.1358333,29.8283333],[80.1275,29.8266667],[80.12,29.8291667],[80.1158333,29.835],[80.0991667,29.8391667],[80.0975,29.845],[80.0916667,29.845],[80.0908333,29.8475],[80.0883333,29.8466667],[80.0858333,29.8491667],[80.0841667,29.8466667],[80.0783333,29.8516667],[80.0733333,29.8516667],[80.0725,29.8558333],[80.0658333,29.8591667],[80.0616667,29.8583333],[80.0566667,29.8625],[80.0508333,29.8625]]},{"type":"LineString","coordinates":[[80.52,29.8266667],[80.5083333,29.8466667]]},{"type":"LineString","coordinates":[[80.52,29.8266667],[80.5216667,29.8266667],[80.5241667,29.8291667],[80.5241667,29.8325],[80.5358333,29.8391667],[80.5383333,29.8466667],[80.5433333,29.8458333],[80.5483333,29.85],[80.5525,29.85]]},{"type":"LineString","coordinates":[[82.165,29.8308333],[82.1683333,29.8316667],[82.1808333,29.825],[82.1858333,29.825],[82.2016667,29.8383333],[82.21,29.8425],[82.215,29.85],[82.2283333,29.8566667]]},{"type":"LineString","coordinates":[[82.165,29.8308333],[82.1591667,29.8516667],[82.15,29.8641667],[82.1475,29.8716667],[82.1408333,29.8816667],[82.135,29.8841667],[82.1233333,29.895],[82.1216667,29.8991667]]},{"type":"LineString","coordinates":[[81.2608333,29.8316667],[81.2641667,29.8341667],[81.2675,29.8425]]},{"type":"LineString","coordinates":[[81.2608333,29.8316667],[81.2266667,29.8541667],[81.2175,29.8575],[81.2033333,29.8558333],[81.1825,29.865],[81.1758333,29.8633333],[81.1683333,29.8708333]]},{"type":"LineString","coordinates":[[79.7725,29.8366667],[79.775,29.8425],[79.7841667,29.8466667],[79.7816667,29.8566667],[79.7833333,29.8641667],[79.7791667,29.8691667],[79.7808333,29.8733333]]},{"type":"LineString","coordinates":[[79.7725,29.8366667],[79.7641667,29.8408333],[79.7591667,29.8391667],[79.7516667,29.8458333],[79.7475,29.8458333],[79.7425,29.8516667],[79.7425,29.8591667],[79.7383333,29.8641667],[79.7325,29.865],[79.7308333,29.8683333],[79.7216667,29.8708333],[79.7158333,29.8675],[79.715,29.8716667],[79.7083333,29.87],[79.7033333,29.8741667],[79.7,29.8733333],[79.6925,29.8775],[79.6858333,29.8791667],[79.6791667,29.8775],[79.6783333,29.8808333],[79.6725,29.8816667],[79.6741667,29.8833333],[79.6691667,29.8891667],[79.6633333,29.8891667],[79.6616667,29.8933333]]},{"type":"LineString","coordinates":[[81.97,29.8383333],[81.9891667,29.8433333]]},{"type":"LineString","coordinates":[[81.97,29.8383333],[81.97,29.8433333],[81.9658333,29.8491667]]},{"type":"LineString","coordinates":[[82.5283333,29.8383333],[82.5191667,29.8433333],[82.505,29.8575],[82.4941667,29.875],[82.4925,29.8741667],[82.4891667,29.8783333],[82.4875,29.8891667],[82.4916667,29.8966667]]},{"type":"LineString","coordinates":[[82.5283333,29.8383333],[82.5275,29.8458333],[82.5316667,29.8583333],[82.5533333,29.8883333],[82.555,29.9008333],[82.5491667,29.9141667]]},{"type":"LineString","coordinates":[[81.2675,29.8425],[81.275,29.85],[81.2816667,29.8525]]},{"type":"LineString","coordinates":[[81.2675,29.8425],[81.2508333,29.8633333]]},{"type":"LineString","coordinates":[[80.1525,29.8475],[80.1558333,29.8491667],[80.1691667,29.8458333],[80.1766667,29.8483333],[80.1775,29.8441667],[80.1808333,29.8425],[80.1858333,29.845],[80.1883333,29.8425],[80.1941667,29.8433333]]},{"type":"LineString","coordinates":[[80.1525,29.8475],[80.1541667,29.8516667],[80.1525,29.8566667],[80.16,29.8566667],[80.1633333,29.8608333],[80.1583333,29.8666667],[80.1625,29.8758333]]},{"type":"LineString","coordinates":[[80.5525,29.85],[80.5616667,29.8416667],[80.5666667,29.8408333],[80.575,29.8341667],[80.5833333,29.8241667]]},{"type":"LineString","coordinates":[[80.5525,29.85],[80.5516667,29.8566667],[80.56,29.865]]},{"type":"LineString","coordinates":[[80.3508333,29.8508333],[80.3666667,29.8591667],[80.3891667,29.885],[80.3925,29.8841667],[80.3983333,29.8883333],[80.4066667,29.8983333],[80.4108333,29.9075]]},{"type":"LineString","coordinates":[[80.3508333,29.8508333],[80.3491667,29.8591667],[80.3358333,29.8641667],[80.3291667,29.8725],[80.3233333,29.8758333],[80.325,29.8791667],[80.32,29.8816667],[80.32,29.8883333],[80.315,29.8941667],[80.3166667,29.9],[80.3091667,29.905],[80.3125,29.9141667],[80.3083333,29.9216667],[80.3008333,29.9275],[80.3016667,29.9333333]]},{"type":"LineString","coordinates":[[81.2816667,29.8525],[81.285,29.8491667],[81.285,29.845],[81.2908333,29.8408333],[81.3016667,29.8408333],[81.3075,29.845],[81.3291667,29.8425]]},{"type":"LineString","coordinates":[[81.2816667,29.8525],[81.285,29.8533333],[81.2875,29.8583333],[81.2916667,29.875],[81.29,29.8825],[81.2991667,29.8983333],[81.3241667,29.9141667],[81.3325,29.9225],[81.3383333,29.9241667]]},{"type":"LineString","coordinates":[[82.2283333,29.8566667],[82.2391667,29.8633333],[82.2425,29.8616667],[82.2433333,29.8641667],[82.2491667,29.8641667],[82.2666667,29.8708333],[82.2766667,29.8791667],[82.2766667,29.8825],[82.28,29.885]]},{"type":"LineString","coordinates":[[82.2283333,29.8566667],[82.2216667,29.8675],[82.2033333,29.8783333],[82.1958333,29.8891667],[82.1933333,29.905],[82.1958333,29.9083333]]},{"type":"LineString","coordinates":[[80.56,29.865],[80.5641667,29.86],[80.57,29.8591667]]},{"type":"LineString","coordinates":[[80.56,29.865],[80.5608333,29.8666667],[80.5566667,29.87],[80.5658333,29.8783333],[80.5725,29.8941667]]},{"type":"LineString","coordinates":[[81.1683333,29.8708333],[81.1633333,29.87],[81.16,29.8766667],[81.1525,29.8816667],[81.1441667,29.8783333]]},{"type":"LineString","coordinates":[[81.1683333,29.8708333],[81.1666667,29.8783333],[81.1691667,29.8866667],[81.1683333,29.8933333],[81.1733333,29.9025],[81.1758333,29.9191667],[81.1808333,29.9233333],[81.18,29.9283333],[81.1825,29.9333333],[81.1891667,29.9383333],[81.1991667,29.9525],[81.2025,29.9641667]]},{"type":"LineString","coordinates":[[79.7808333,29.8733333],[79.7875,29.8775]]},{"type":"LineString","coordinates":[[79.7808333,29.8733333],[79.7658333,29.8883333],[79.7675,29.8941667],[79.7575,29.8966667],[79.7575,29.8983333],[79.7475,29.8958333],[79.74,29.9025],[79.7358333,29.9025],[79.7316667,29.9058333],[79.7341667,29.915],[79.7308333,29.9216667],[79.7333333,29.9291667],[79.7291667,29.9325],[79.7316667,29.9358333],[79.725,29.9458333],[79.7158333,29.95],[79.7133333,29.9541667],[79.7,29.9525],[79.6791667,29.9583333],[79.6708333,29.9741667],[79.6725,29.9783333]]},{"type":"LineString","coordinates":[[80.1625,29.8758333],[80.1658333,29.8766667],[80.1766667,29.8683333],[80.1816667,29.8833333],[80.1866667,29.8841667],[80.1916667,29.8891667],[80.1975,29.885],[80.2,29.8875]]},{"type":"LineString","coordinates":[[80.1625,29.8758333],[80.1616667,29.8808333],[80.1475,29.8916667],[80.1475,29.8983333]]},{"type":"LineString","coordinates":[[79.7875,29.8775],[79.7883333,29.8741667],[79.7908333,29.8741667],[79.8,29.865],[79.8091667,29.8608333],[79.81,29.8625],[79.815,29.8608333],[79.82,29.8658333],[79.8333333,29.8625],[79.835,29.8658333],[79.8433333,29.87],[79.8541667,29.8683333],[79.8566667,29.87],[79.8541667,29.8733333],[79.86,29.8766667],[79.8641667,29.8758333],[79.8666667,29.8725],[79.8725,29.8733333],[79.875,29.87],[79.8816667,29.8733333],[79.8916667,29.8725],[79.9016667,29.8758333],[79.9058333,29.8716667],[79.9166667,29.8675],[79.9258333,29.8683333],[79.9283333,29.8716667],[79.9316667,29.87],[79.9358333,29.875],[79.9416667,29.875],[79.9433333,29.88],[79.955,29.8775],[79.9575,29.8808333],[79.9616667,29.8775],[79.9675,29.8791667],[79.9691667,29.8833333],[79.9825,29.8858333]]},{"type":"LineString","coordinates":[[79.7875,29.8775],[79.7916667,29.8825],[79.7908333,29.8883333],[79.7975,29.8958333],[79.7983333,29.9],[79.8141667,29.9075]]},{"type":"LineString","coordinates":[[81.1441667,29.8783333],[81.1416667,29.8725],[81.135,29.8683333],[81.13,29.86]]},{"type":"LineString","coordinates":[[81.1441667,29.8783333],[81.1366667,29.8841667],[81.1366667,29.8883333],[81.1291667,29.8933333],[81.125,29.9041667],[81.1175,29.9075]]},{"type":"LineString","coordinates":[[81.8641667,29.8816667],[81.8566667,29.885],[81.8483333,29.8841667]]},{"type":"LineString","coordinates":[[81.8641667,29.8816667],[81.8633333,29.8866667],[81.8758333,29.9191667]]},{"type":"LineString","coordinates":[[82.28,29.885],[82.2908333,29.8666667]]},{"type":"LineString","coordinates":[[82.28,29.885],[82.2841667,29.8908333]]},{"type":"LineString","coordinates":[[81.6416667,29.8891667],[81.6283333,29.8916667],[81.6208333,29.8958333],[81.6075,29.8941667],[81.6058333,29.8966667],[81.5983333,29.8975],[81.5941667,29.8975],[81.5925,29.895],[81.58,29.8983333],[81.5775,29.8966667]]},{"type":"LineString","coordinates":[[81.6416667,29.8891667],[81.6433333,29.9],[81.6475,29.9041667]]},{"type":"LineString","coordinates":[[82.2841667,29.8908333],[82.2775,29.8966667],[82.2516667,29.9058333],[82.2458333,29.9108333]]},{"type":"LineString","coordinates":[[82.2841667,29.8908333],[82.2916667,29.8933333],[82.3058333,29.9108333]]},{"type":"LineString","coordinates":[[79.6616667,29.8933333],[79.665,29.8975]]},{"type":"LineString","coordinates":[[79.6616667,29.8933333],[79.6608333,29.895],[79.6491667,29.895],[79.6375,29.9033333],[79.6283333,29.9025]]},{"type":"LineString","coordinates":[[80.5725,29.8941667],[80.5866667,29.8933333],[80.5966667,29.8975],[80.6141667,29.8966667]]},{"type":"LineString","coordinates":[[80.5725,29.8941667],[80.57,29.9091667]]},{"type":"LineString","coordinates":[[80.1475,29.8983333],[80.1575,29.9041667]]},{"type":"LineString","coordinates":[[80.1475,29.8983333],[80.1441667,29.9008333],[80.1425,29.9075],[80.135,29.9091667],[80.1333333,29.9075],[80.1216667,29.9116667],[80.11,29.9208333],[80.0941667,29.9191667],[80.0841667,29.925],[80.0725,29.925],[80.0641667,29.9283333]]},{"type":"LineString","coordinates":[[79.6283333,29.9025],[79.6225,29.8983333],[79.6058333,29.8991667],[79.6008333,29.8958333],[79.5875,29.8941667],[79.5841667,29.8916667],[79.575,29.8966667],[79.5683333,29.8958333],[79.5558333,29.9008333]]},{"type":"LineString","coordinates":[[79.6283333,29.9025],[79.625,29.9066667],[79.6175,29.9083333],[79.6108333,29.905],[79.6025,29.9166667],[79.6041667,29.92],[79.6,29.9216667],[79.6,29.9283333]]},{"type":"LineString","coordinates":[[80.9441667,29.9025],[80.9575,29.9058333],[80.9708333,29.9],[80.9783333,29.9008333],[80.9991667,29.8958333]]},{"type":"LineString","coordinates":[[80.9441667,29.9025],[80.9466667,29.9058333],[80.9441667,29.9258333]]},{"type":"LineString","coordinates":[[80.1575,29.9041667],[80.1591667,29.9058333],[80.1575,29.9141667],[80.1516667,29.9208333],[80.1475,29.9308333],[80.1425,29.935],[80.1425,29.94],[80.1383333,29.9441667],[80.1325,29.945],[80.125,29.95]]},{"type":"LineString","coordinates":[[80.1575,29.9041667],[80.16,29.9033333],[80.1733333,29.9058333],[80.1766667,29.9033333],[80.1791667,29.9058333],[80.1841667,29.9025],[80.1858333,29.9066667],[80.1925,29.9058333],[80.1941667,29.9083333],[80.205,29.9091667],[80.2125,29.9133333],[80.2158333,29.9208333],[80.2233333,29.9208333],[80.2325,29.93],[80.2291667,29.9333333],[80.23,29.9408333],[80.2391667,29.9458333],[80.24,29.9516667],[80.2241667,29.9675],[80.2283333,29.9841667],[80.2333333,29.9908333],[80.2341667,30.0041667],[80.23,30.0125]]},{"type":"LineString","coordinates":[[79.8141667,29.9075],[79.8183333,29.91],[79.8291667,29.91],[79.8366667,29.9175],[79.8516667,29.9158333],[79.8583333,29.9191667],[79.875,29.92],[79.8866667,29.93],[79.8883333,29.935],[79.8933333,29.9358333],[79.9008333,29.9441667]]},{"type":"LineString","coordinates":[[79.8141667,29.9075],[79.8066667,29.9158333],[79.7941667,29.92],[79.7883333,29.9191667],[79.7725,29.9283333],[79.7666667,29.9375],[79.7591667,29.9408333],[79.7508333,29.9583333],[79.7516667,29.9641667],[79.7566667,29.9675],[79.765,29.9683333],[79.7783333,29.965],[79.7891667,29.97]]},{"type":"LineString","coordinates":[[81.1175,29.9075],[81.115,29.9033333],[81.1033333,29.9],[81.0808333,29.8783333]]},{"type":"LineString","coordinates":[[81.1175,29.9075],[81.1091667,29.9083333],[81.0991667,29.9233333]]},{"type":"LineString","coordinates":[[80.57,29.9091667],[80.5616667,29.9083333],[80.5491667,29.9116667],[80.5341667,29.91],[80.5266667,29.9066667]]},{"type":"LineString","coordinates":[[80.57,29.9091667],[80.5733333,29.92]]},{"type":"LineString","coordinates":[[82.3058333,29.9108333],[82.3116667,29.9133333],[82.3325,29.9133333],[82.3466667,29.9175]]},{"type":"LineString","coordinates":[[82.3058333,29.9108333],[82.3008333,29.92],[82.28,29.9416667],[82.275,29.95],[82.2716667,29.9558333],[82.2733333,29.9666667],[82.2658333,29.9791667],[82.2658333,29.9841667],[82.2625,29.9858333],[82.2591667,29.995],[82.2541667,30.0008333],[82.2508333,30.0191667],[82.2608333,30.0275]]},{"type":"LineString","coordinates":[[82.3466667,29.9175],[82.3491667,29.9191667],[82.3541667,29.9175],[82.3575,29.9216667],[82.3641667,29.9191667],[82.3775,29.9225],[82.3825,29.9208333],[82.3891667,29.9258333]]},{"type":"LineString","coordinates":[[82.3466667,29.9175],[82.3475,29.9216667],[82.3408333,29.9308333]]},{"type":"LineString","coordinates":[[81.8758333,29.9191667],[81.8808333,29.915]]},{"type":"LineString","coordinates":[[81.8758333,29.9191667],[81.875,29.9275],[81.8691667,29.93],[81.8575,29.9416667]]},{"type":"LineString","coordinates":[[80.5733333,29.92],[80.5608333,29.93],[80.5541667,29.9316667],[80.5433333,29.9283333],[80.535,29.9291667],[80.53,29.9308333],[80.5225,29.9408333],[80.5083333,29.9383333],[80.4941667,29.9466667]]},{"type":"LineString","coordinates":[[80.5733333,29.92],[80.5808333,29.9358333],[80.59,29.9483333],[80.6008333,29.9575]]},{"type":"LineString","coordinates":[[81.0991667,29.9233333],[81.0983333,29.9216667],[81.0833333,29.9225],[81.0783333,29.9191667],[81.0675,29.92]]},{"type":"LineString","coordinates":[[81.0991667,29.9233333],[81.0875,29.9358333],[81.0891667,29.9483333],[81.0875,29.9516667],[81.0883333,29.9708333],[81.0858333,29.975],[81.0875,29.9916667],[81.0825,29.9991667]]},{"type":"LineString","coordinates":[[81.3383333,29.9241667],[81.3466667,29.9158333],[81.3541667,29.9116667],[81.365,29.9108333],[81.3716667,29.9025],[81.3916667,29.8933333]]},{"type":"LineString","coordinates":[[81.3383333,29.9241667],[81.3458333,29.9316667],[81.3558333,29.9541667]]},{"type":"LineString","coordinates":[[82.4325,29.9241667],[82.44,29.9241667]]},{"type":"LineString","coordinates":[[82.4325,29.9241667],[82.4333333,29.9325],[82.4258333,29.9483333]]},{"type":"LineString","coordinates":[[80.9441667,29.9258333],[80.94,29.9358333],[80.935,29.9383333],[80.9133333,29.9341667]]},{"type":"LineString","coordinates":[[80.9441667,29.9258333],[80.9425,29.9416667],[80.9516667,29.955]]},{"type":"LineString","coordinates":[[82.3891667,29.9258333],[82.4108333,29.9183333],[82.4233333,29.9191667],[82.4325,29.9241667]]},{"type":"LineString","coordinates":[[82.3891667,29.9258333],[82.3875,29.9366667],[82.3766667,29.9466667],[82.365,29.9666667],[82.3641667,29.9725],[82.3583333,29.9816667],[82.3508333,29.9866667],[82.3483333,29.9925]]},{"type":"LineString","coordinates":[[79.6,29.9283333],[79.6091667,29.9358333],[79.61,29.9391667]]},{"type":"LineString","coordinates":[[79.6,29.9283333],[79.5983333,29.93],[79.6,29.9341667],[79.5975,29.9358333],[79.5933333,29.9341667],[79.5891667,29.9391667],[79.5875,29.9375],[79.5783333,29.9408333],[79.575,29.9391667],[79.5733333,29.9433333],[79.5608333,29.9408333],[79.5516667,29.95],[79.5516667,29.955],[79.545,29.9541667],[79.5425,29.9641667],[79.5383333,29.9633333],[79.5308333,29.9708333],[79.5266667,29.9708333],[79.5225,29.9783333]]},{"type":"LineString","coordinates":[[80.3016667,29.9333333],[80.305,29.9366667]]},{"type":"LineString","coordinates":[[80.3016667,29.9333333],[80.2983333,29.9358333],[80.3025,29.9508333],[80.3016667,29.9575],[80.3058333,29.96],[80.3083333,29.9658333],[80.3116667,29.9666667],[80.3125,29.9808333],[80.3158333,29.9858333],[80.3141667,29.9883333],[80.3158333,29.9975]]},{"type":"LineString","coordinates":[[81.8575,29.9416667],[81.8508333,29.9408333],[81.8425,29.9475]]},{"type":"LineString","coordinates":[[81.8575,29.9416667],[81.8583333,29.945],[81.8766667,29.9566667],[81.8891667,29.9575]]},{"type":"LineString","coordinates":[[79.9008333,29.9441667],[79.9025,29.9425],[79.9108333,29.9466667],[79.9141667,29.9441667],[79.9175,29.9475],[79.9225,29.9475],[79.9325,29.9441667],[79.9483333,29.9433333]]},{"type":"LineString","coordinates":[[79.9008333,29.9441667],[79.9041667,29.9483333],[79.8983333,29.9575],[79.9008333,29.9666667],[79.91,29.9741667],[79.9141667,29.9875]]},{"type":"LineString","coordinates":[[81.8425,29.9475],[81.8425,29.9525],[81.8383333,29.9575],[81.8383333,29.965]]},{"type":"LineString","coordinates":[[81.8425,29.9475],[81.835,29.9508333],[81.8291667,29.95],[81.8191667,29.9583333],[81.8066667,29.9575],[81.8016667,29.9616667],[81.7908333,29.9641667],[81.785,29.9716667],[81.7858333,29.9766667],[81.7825,29.9866667],[81.7675,30.0008333]]},{"type":"LineString","coordinates":[[80.6791667,29.9491667],[80.67,29.9266667],[80.6716667,29.9175]]},{"type":"LineString","coordinates":[[80.6791667,29.9491667],[80.68,29.9483333],[80.6991667,29.9541667],[80.71,29.9508333],[80.725,29.9391667],[80.7333333,29.9283333],[80.7483333,29.9225],[80.7625,29.9291667]]},{"type":"LineString","coordinates":[[80.125,29.95],[80.1258333,29.9525],[80.1291667,29.9525],[80.1291667,29.9608333],[80.1366667,29.9725],[80.1358333,29.9783333],[80.1441667,29.9866667],[80.145,29.9925],[80.15,29.9958333],[80.1516667,30.0116667],[80.1558333,30.0141667],[80.1583333,30.0241667],[80.15,30.04],[80.1491667,30.0633333]]},{"type":"LineString","coordinates":[[80.125,29.95],[80.1158333,29.9566667],[80.1108333,29.9575],[80.1075,29.9616667],[80.0991667,29.9633333],[80.09,29.9725],[80.0758333,29.9983333],[80.0708333,30.0008333],[80.0733333,30.01],[80.0675,30.0183333],[80.0716667,30.035],[80.0758333,30.04],[80.0775,30.0508333],[80.0808333,30.0583333],[80.085,30.0616667],[80.0858333,30.0716667],[80.0791667,30.0833333],[80.0841667,30.095],[80.0816667,30.1008333],[80.0825,30.1125],[80.0875,30.1233333],[80.0958333,30.13],[80.105,30.1491667],[80.105,30.1658333]]},{"type":"LineString","coordinates":[[81.9275,29.9525],[81.9508333,29.9608333],[81.9558333,29.9658333],[81.9691667,29.9725],[81.9741667,29.98]]},{"type":"LineString","coordinates":[[81.9275,29.9525],[81.9341667,29.9475],[81.9491667,29.9441667],[81.9616667,29.9366667],[81.9691667,29.9366667],[81.9883333,29.9291667],[82.01,29.9275],[82.0266667,29.9316667],[82.06,29.9308333],[82.095,29.945],[82.1191667,29.9725],[82.125,29.9758333],[82.1275,29.9825],[82.1383333,29.995],[82.1533333,30.0016667]]},{"type":"LineString","coordinates":[[81.3558333,29.9541667],[81.3791667,29.9683333],[81.3825,29.9675]]},{"type":"LineString","coordinates":[[81.3558333,29.9541667],[81.34,29.9666667],[81.3391667,29.9733333],[81.3266667,29.9808333],[81.3266667,29.9841667],[81.3025,30.0083333]]},{"type":"LineString","coordinates":[[80.9516667,29.955],[80.9525,29.9558333]]},{"type":"LineString","coordinates":[[80.9516667,29.955],[80.9433333,29.965],[80.9341667,29.9683333],[80.9241667,29.9683333]]},{"type":"LineString","coordinates":[[80.6008333,29.9575],[80.6166667,29.9616667]]},{"type":"LineString","coordinates":[[80.6008333,29.9575],[80.5975,29.9741667],[80.5866667,29.9791667],[80.5716667,29.9783333],[80.565,29.9816667]]},{"type":"LineString","coordinates":[[80.6725,29.9575],[80.6791667,29.9491667]]},{"type":"LineString","coordinates":[[80.6725,29.9575],[80.6733333,29.9566667],[80.6775,29.9583333],[80.6933333,29.9766667],[80.7,29.9791667],[80.7183333,29.9991667],[80.7216667,30.0]]},{"type":"LineString","coordinates":[[81.8891667,29.9575],[81.8983333,29.9583333],[81.915,29.9533333],[81.9275,29.9525]]},{"type":"LineString","coordinates":[[81.8891667,29.9575],[81.8916667,29.9608333],[81.8833333,29.9758333],[81.8825,29.9833333]]},{"type":"LineString","coordinates":[[80.6166667,29.9616667],[80.62,29.9641667],[80.6325,29.965],[80.6491667,29.955],[80.6725,29.9575]]},{"type":"LineString","coordinates":[[80.6166667,29.9616667],[80.6141667,29.9675],[80.6233333,29.9841667]]},{"type":"LineString","coordinates":[[81.2025,29.9641667],[81.2058333,29.9683333],[81.2166667,29.9633333],[81.2216667,29.9633333],[81.2275,29.9641667],[81.2341667,29.97],[81.2391667,29.9691667]]},{"type":"LineString","coordinates":[[81.2025,29.9641667],[81.2016667,29.9725],[81.195,29.98],[81.1758333,29.9866667]]},{"type":"LineString","coordinates":[[81.3825,29.9675],[81.3858333,29.9633333],[81.3933333,29.96],[81.4041667,29.9583333],[81.415,29.9441667]]},{"type":"LineString","coordinates":[[81.3825,29.9675],[81.3883333,29.9708333],[81.3958333,29.9825]]},{"type":"LineString","coordinates":[[81.9741667,29.98],[81.96,29.9866667]]},{"type":"LineString","coordinates":[[81.9741667,29.98],[81.985,29.9916667],[81.985,29.9958333],[81.9916667,30.0]]},{"type":"LineString","coordinates":[[80.565,29.9816667],[80.5541667,29.9766667],[80.5458333,29.9775]]},{"type":"LineString","coordinates":[[80.565,29.9816667],[80.5683333,29.995],[80.5658333,30.0016667],[80.5666667,30.0083333],[80.5716667,30.0191667],[80.5841667,30.0341667],[80.5866667,30.0416667],[80.5875,30.0625]]},{"type":"LineString","coordinates":[[79.9141667,29.9875],[79.9125,29.9916667]]},{"type":"LineString","coordinates":[[79.9141667,29.9875],[79.9166667,29.99],[79.9225,29.9891667],[79.9308333,29.9916667],[79.9641667,29.9825],[79.9841667,29.9833333]]},{"type":"LineString","coordinates":[[79.9125,29.9916667],[79.9033333,29.9958333],[79.9,29.9941667],[79.8933333,30.0008333],[79.8791667,30.0025],[79.8733333,30.0108333],[79.8766667,30.0116667],[79.8783333,30.0191667],[79.8725,30.0258333]]},{"type":"LineString","coordinates":[[79.9125,29.9916667],[79.9158333,29.9983333],[79.9266667,29.9983333],[79.9366667,30.0066667],[79.9416667,30.0166667],[79.9491667,30.0183333],[79.955,30.0266667],[79.96,30.0433333],[79.9766667,30.055],[79.9833333,30.0733333],[79.9816667,30.0808333],[79.9933333,30.1083333]]},{"type":"LineString","coordinates":[[80.3158333,29.9975],[80.3183333,29.9941667],[80.3258333,29.995],[80.3375,29.9891667]]},{"type":"LineString","coordinates":[[80.3158333,29.9975],[80.3191667,30.005],[80.3183333,30.0091667],[80.3208333,30.0108333]]},{"type":"LineString","coordinates":[[81.0825,29.9991667],[81.0833333,29.9991667]]},{"type":"LineString","coordinates":[[81.0825,29.9991667],[81.08,30.0]]},{"type":"LineString","coordinates":[[80.7216667,30.0],[80.7383333,29.9991667],[80.7458333,30.0041667],[80.7575,30.0233333],[80.7583333,30.0283333]]},{"type":"LineString","coordinates":[[80.7216667,30.0],[80.7183333,30.0058333],[80.7158333,30.0216667],[80.7058333,30.0333333]]},{"type":"LineString","coordinates":[[81.9916667,30.0],[82.0066667,29.9883333],[82.0183333,29.9825]]},{"type":"LineString","coordinates":[[81.9916667,30.0],[81.9966667,30.0091667],[82.015,30.03]]},{"type":"LineString","coordinates":[[81.7675,30.0008333],[81.7516667,29.9975],[81.7408333,29.985],[81.7325,29.9791667],[81.7216667,29.9641667]]},{"type":"LineString","coordinates":[[81.7675,30.0008333],[81.7666667,30.0016667]]},{"type":"LineString","coordinates":[[81.7666667,30.0016667],[81.7641667,30.0075],[81.755,30.0166667],[81.755,30.025]]},{"type":"LineString","coordinates":[[81.7666667,30.0016667],[81.7825,30.0208333],[81.795,30.0275],[81.8033333,30.0283333],[81.8116667,30.0341667],[81.8308333,30.0391667],[81.8408333,30.0466667],[81.8491667,30.0641667],[81.8491667,30.0741667],[81.8516667,30.0783333],[81.855,30.0816667],[81.865,30.0825]]},{"type":"LineString","coordinates":[[82.1533333,30.0016667],[82.16,30.0041667],[82.1775,30.0016667],[82.1891667,29.9941667]]},{"type":"LineString","coordinates":[[82.1533333,30.0016667],[82.1516667,30.0116667],[82.145,30.0225],[82.145,30.0283333],[82.1341667,30.0441667]]},{"type":"LineString","coordinates":[[80.3208333,30.0108333],[80.3266667,30.01],[80.3366667,30.0225],[80.3458333,30.0266667]]},{"type":"LineString","coordinates":[[80.3208333,30.0108333],[80.3125,30.0408333],[80.3058333,30.0416667],[80.3041667,30.0466667],[80.2958333,30.0516667]]},{"type":"LineString","coordinates":[[81.755,30.025],[81.7508333,30.0266667],[81.7425,30.0375],[81.7375,30.0375],[81.7266667,30.0425],[81.7133333,30.0416667],[81.6975,30.0475],[81.6916667,30.0433333],[81.6833333,30.0433333],[81.6791667,30.0408333],[81.6741667,30.0441667],[81.665,30.0433333],[81.6525,30.0341667]]},{"type":"LineString","coordinates":[[81.755,30.025],[81.7625,30.0341667],[81.7591667,30.0433333],[81.7625,30.0516667]]},{"type":"LineString","coordinates":[[80.3458333,30.0266667],[80.3475,30.03],[80.3566667,30.0291667],[80.3841667,30.0191667],[80.3933333,30.0183333],[80.4141667,30.03],[80.4308333,30.03],[80.4341667,30.0333333],[80.4433333,30.0341667],[80.4466667,30.0375]]},{"type":"LineString","coordinates":[[80.3458333,30.0266667],[80.345,30.0358333],[80.3525,30.0475],[80.365,30.0566667],[80.395,30.0941667],[80.4083333,30.1],[80.415,30.1066667]]},{"type":"LineString","coordinates":[[80.7583333,30.0283333],[80.76,30.0266667],[80.7666667,30.0308333],[80.7725,30.0308333],[80.7816667,30.0241667],[80.7983333,30.025],[80.8075,30.0225],[80.815,30.0125],[80.8141667,30.0025],[80.8266667,29.9825]]},{"type":"LineString","coordinates":[[80.7583333,30.0283333],[80.7558333,30.03],[80.7566667,30.0391667]]},{"type":"LineString","coordinates":[[82.015,30.03],[81.9875,30.0425]]},{"type":"LineString","coordinates":[[82.015,30.03],[82.0175,30.0366667],[82.0166667,30.0433333]]},{"type":"LineString","coordinates":[[81.6525,30.0341667],[81.6341667,30.0108333],[81.6225,30.0],[81.625,29.9916667],[81.635,29.985],[81.6333333,29.98],[81.6108333,29.9816667],[81.6025,29.9783333],[81.585,29.9791667],[81.5658333,29.9725],[81.5141667,29.9758333],[81.5033333,29.9733333],[81.4925,29.9675],[81.4841667,29.9575]]},{"type":"LineString","coordinates":[[81.6525,30.0341667],[81.6483333,30.0366667]]},{"type":"LineString","coordinates":[[81.6483333,30.0366667],[81.6383333,30.0408333],[81.6225,30.0566667],[81.6141667,30.055],[81.6083333,30.0591667],[81.5983333,30.0616667]]},{"type":"LineString","coordinates":[[81.6483333,30.0366667],[81.6516667,30.04],[81.6508333,30.0491667],[81.6583333,30.065],[81.695,30.0883333]]},{"type":"LineString","coordinates":[[80.7566667,30.0391667],[80.7525,30.0425]]},{"type":"LineString","coordinates":[[80.7566667,30.0391667],[80.7633333,30.0508333],[80.78,30.0566667],[80.7891667,30.0725],[80.8,30.0816667],[80.8016667,30.0858333],[80.82,30.0983333]]},{"type":"LineString","coordinates":[[82.0166667,30.0433333],[82.0216667,30.0466667],[82.0283333,30.0466667],[82.0408333,30.0408333],[82.0466667,30.0341667]]},{"type":"LineString","coordinates":[[82.0166667,30.0433333],[82.0158333,30.0483333],[82.0316667,30.0775],[82.0325,30.0858333]]},{"type":"LineString","coordinates":[[80.2958333,30.0516667],[80.2933333,30.0525],[80.29,30.0608333],[80.2916667,30.0666667],[80.2716667,30.0816667],[80.2675,30.0916667],[80.26,30.0975],[80.255,30.1066667],[80.2558333,30.1091667],[80.2525,30.1108333],[80.25,30.1166667]]},{"type":"LineString","coordinates":[[80.2958333,30.0516667],[80.2966667,30.06],[80.3075,30.0658333],[80.3175,30.075],[80.3233333,30.0966667],[80.3208333,30.1041667],[80.3241667,30.1058333],[80.3283333,30.1216667],[80.3375,30.1275]]},{"type":"LineString","coordinates":[[81.5983333,30.0616667],[81.5933333,30.0625],[81.5883333,30.0558333],[81.5816667,30.0558333],[81.5675,30.0658333],[81.5616667,30.0633333],[81.5541667,30.0641667],[81.545,30.0733333],[81.5341667,30.0741667],[81.5266667,30.0791667]]},{"type":"LineString","coordinates":[[81.5983333,30.0616667],[81.6066667,30.0808333],[81.6041667,30.0958333],[81.615,30.11],[81.6241667,30.1141667],[81.6316667,30.1216667]]},{"type":"LineString","coordinates":[[80.5875,30.0625],[80.5791667,30.0658333],[80.57,30.0641667],[80.5591667,30.0675]]},{"type":"LineString","coordinates":[[80.5875,30.0625],[80.5883333,30.0666667],[80.6,30.0666667],[80.6083333,30.0616667],[80.6141667,30.0625],[80.625,30.0725],[80.6258333,30.0833333]]},{"type":"LineString","coordinates":[[80.5591667,30.0675],[80.5508333,30.0608333],[80.545,30.0625],[80.5408333,30.0683333],[80.525,30.065]]},{"type":"LineString","coordinates":[[80.5591667,30.0675],[80.5558333,30.085],[80.5575,30.0925],[80.5475,30.1041667]]},{"type":"LineString","coordinates":[[81.5266667,30.0791667],[81.52,30.0783333],[81.5083333,30.0816667],[81.4883333,30.065],[81.4816667,30.0533333],[81.4641667,30.0408333]]},{"type":"LineString","coordinates":[[81.5266667,30.0791667],[81.525,30.0816667]]},{"type":"LineString","coordinates":[[81.2041667,30.08],[81.2008333,30.0758333],[81.2008333,30.0691667],[81.1875,30.0533333],[81.1875,30.05],[81.1841667,30.0483333],[81.185,30.0458333],[81.1816667,30.04],[81.1741667,30.0358333],[81.1758333,30.0333333]]},{"type":"LineString","coordinates":[[81.2041667,30.08],[81.2066667,30.0708333],[81.2225,30.055]]},{"type":"LineString","coordinates":[[81.525,30.0816667],[81.5133333,30.0875],[81.4975,30.0883333],[81.49,30.0958333],[81.4775,30.095],[81.4608333,30.1025],[81.4491667,30.1],[81.4391667,30.1041667],[81.4283333,30.1041667]]},{"type":"LineString","coordinates":[[81.525,30.0816667],[81.5258333,30.0858333],[81.5333333,30.0883333],[81.5341667,30.0991667],[81.53,30.1041667],[81.5325,30.1208333]]},{"type":"LineString","coordinates":[[81.865,30.0825],[81.8758333,30.0758333]]},{"type":"LineString","coordinates":[[81.865,30.0825],[81.8675,30.0883333],[81.8591667,30.0958333],[81.8591667,30.1008333],[81.845,30.1141667]]},{"type":"LineString","coordinates":[[80.6258333,30.0833333],[80.65,30.0875]]},{"type":"LineString","coordinates":[[80.6258333,30.0833333],[80.6233333,30.095],[80.6175,30.1008333],[80.6166667,30.1208333],[80.6083333,30.1308333],[80.6041667,30.1433333]]},{"type":"LineString","coordinates":[[81.3791667,30.0858333],[81.38,30.0791667],[81.3766667,30.0733333]]},{"type":"LineString","coordinates":[[81.3791667,30.0858333],[81.3491667,30.0858333],[81.3358333,30.0808333],[81.3166667,30.085]]},{"type":"LineString","coordinates":[[82.0325,30.0858333],[82.0391667,30.09],[82.0433333,30.0883333]]},{"type":"LineString","coordinates":[[82.0325,30.0858333],[82.0325,30.0925],[82.0366667,30.0941667],[82.0408333,30.1016667],[82.0458333,30.1033333],[82.0466667,30.11]]},{"type":"LineString","coordinates":[[81.695,30.0883333],[81.7075,30.0825]]},{"type":"LineString","coordinates":[[81.695,30.0883333],[81.6975,30.0925],[81.6966667,30.1],[81.7075,30.11],[81.7158333,30.1141667],[81.7216667,30.1275]]},{"type":"LineString","coordinates":[[80.82,30.0983333],[80.8258333,30.1],[80.8283333,30.0975],[80.8391667,30.0975],[80.8458333,30.1025],[80.8466667,30.1058333]]},{"type":"LineString","coordinates":[[80.82,30.0983333],[80.8208333,30.1],[80.81,30.1175],[80.8108333,30.1208333],[80.8008333,30.1266667],[80.7958333,30.1258333],[80.7908333,30.13]]},{"type":"LineString","coordinates":[[81.4283333,30.1041667],[81.4216667,30.1033333],[81.415,30.0983333],[81.3916667,30.0925],[81.3833333,30.0858333],[81.3825,30.0866667],[81.3791667,30.0858333]]},{"type":"LineString","coordinates":[[81.4283333,30.1041667],[81.4216667,30.1116667]]},{"type":"LineString","coordinates":[[80.8466667,30.1058333],[80.855,30.105],[80.8633333,30.0875],[80.8716667,30.0758333],[80.8766667,30.0733333],[80.875,30.0608333]]},{"type":"LineString","coordinates":[[80.8466667,30.1058333],[80.8416667,30.1108333],[80.8458333,30.1158333],[80.8575,30.1208333],[80.8633333,30.1208333],[80.8691667,30.1258333],[80.8766667,30.125]]},{"type":"LineString","coordinates":[[82.0466667,30.11],[82.0416667,30.1175],[82.0291667,30.1191667],[81.9641667,30.1175],[81.9333333,30.1291667]]},{"type":"LineString","coordinates":[[82.0466667,30.11],[82.0433333,30.1375]]},{"type":"LineString","coordinates":[[80.25,30.1166667],[80.2291667,30.1016667]]},{"type":"LineString","coordinates":[[80.25,30.1166667],[80.2508333,30.1308333]]},{"type":"LineString","coordinates":[[81.5325,30.1208333],[81.5391667,30.1216667]]},{"type":"LineString","coordinates":[[81.5325,30.1208333],[81.5316667,30.1308333],[81.5266667,30.1408333],[81.5233333,30.1425],[81.5241667,30.1491667],[81.5216667,30.1558333],[81.5191667,30.1566667]]},{"type":"LineString","coordinates":[[80.8916667,30.1233333],[80.8925,30.1183333],[80.9058333,30.1033333],[80.9183333,30.0975],[80.935,30.0791667],[80.9475,30.0766667],[80.9525,30.0708333],[80.9566667,30.0733333],[80.9675,30.07],[80.9708333,30.0658333],[80.9775,30.0666667],[80.9841667,30.0625],[80.9983333,30.0608333],[81.0041667,30.0575],[81.0066667,30.0516667]]},{"type":"LineString","coordinates":[[80.8916667,30.1233333],[80.9058333,30.1233333],[80.915,30.13],[80.9441667,30.1275],[80.955,30.1283333],[80.9625,30.1341667],[80.9816667,30.1325],[80.9966667,30.135],[80.9975,30.1333333]]},{"type":"LineString","coordinates":[[80.8766667,30.125],[80.8791667,30.1258333],[80.885,30.1225],[80.8916667,30.1233333]]},{"type":"LineString","coordinates":[[80.8766667,30.125],[80.8783333,30.1333333],[80.8716667,30.15],[80.8716667,30.16],[80.8633333,30.1691667]]},{"type":"LineString","coordinates":[[80.3375,30.1275],[80.3741667,30.1275],[80.385,30.1333333],[80.3941667,30.1491667],[80.4075,30.16]]},{"type":"LineString","coordinates":[[80.3375,30.1275],[80.3391667,30.1441667],[80.3483333,30.1575],[80.3525,30.1741667],[80.3533333,30.1908333],[80.3475,30.1958333],[80.3466667,30.2008333],[80.3541667,30.2075]]},{"type":"LineString","coordinates":[[81.7216667,30.1275],[81.72,30.1341667]]},{"type":"LineString","coordinates":[[81.7216667,30.1275],[81.7241667,30.1266667],[81.7391667,30.1291667],[81.7458333,30.1341667]]},{"type":"LineString","coordinates":[[80.2508333,30.1308333],[80.2491667,30.135],[80.2433333,30.1375],[80.2341667,30.1333333],[80.2283333,30.1333333],[80.2233333,30.1358333],[80.2116667,30.1358333],[80.1983333,30.1433333]]},{"type":"LineString","coordinates":[[80.2508333,30.1308333],[80.2525,30.1325],[80.2516667,30.1508333],[80.2491667,30.1575],[80.2508333,30.1725],[80.2566667,30.1758333]]},{"type":"LineString","coordinates":[[80.9975,30.1333333],[81.0,30.13],[81.0116667,30.1258333],[81.0233333,30.1175],[81.0333333,30.0858333],[81.0441667,30.0833333]]},{"type":"LineString","coordinates":[[80.9975,30.1333333],[81.005,30.1325],[81.0091667,30.1408333],[81.0175,30.1483333]]},{"type":"LineString","coordinates":[[82.0433333,30.1375],[82.045,30.1416667],[82.0425,30.145],[82.0433333,30.1483333]]},{"type":"LineString","coordinates":[[82.0433333,30.1375],[82.0375,30.1408333],[82.0233333,30.1433333],[82.0083333,30.1508333]]},{"type":"LineString","coordinates":[[82.085,30.1391667],[82.1108333,30.1083333]]},{"type":"LineString","coordinates":[[82.085,30.1391667],[82.0908333,30.1391667],[82.1141667,30.1483333],[82.1175,30.145],[82.1208333,30.1466667],[82.1275,30.1433333],[82.1341667,30.145],[82.14,30.1391667],[82.1441667,30.14]]},{"type":"LineString","coordinates":[[81.1725,30.1425],[81.1675,30.1408333],[81.1591667,30.13],[81.1491667,30.1233333],[81.1491667,30.1141667],[81.1458333,30.1108333]]},{"type":"LineString","coordinates":[[81.1725,30.1425],[81.1616667,30.1483333]]},{"type":"LineString","coordinates":[[80.6041667,30.1433333],[80.5791667,30.1775]]},{"type":"LineString","coordinates":[[80.6041667,30.1433333],[80.6141667,30.1483333],[80.6216667,30.1558333],[80.6216667,30.16],[80.6291667,30.17],[80.6316667,30.1691667],[80.6425,30.175],[80.655,30.1841667]]},{"type":"LineString","coordinates":[[81.1983333,30.145],[81.1725,30.1425]]},{"type":"LineString","coordinates":[[81.1983333,30.145],[81.1991667,30.1358333],[81.1966667,30.13],[81.1991667,30.1266667],[81.1991667,30.1141667],[81.2033333,30.1083333],[81.2016667,30.0991667],[81.2041667,30.08]]},{"type":"LineString","coordinates":[[82.0433333,30.1483333],[82.055,30.1483333],[82.085,30.1391667]]},{"type":"LineString","coordinates":[[82.0433333,30.1483333],[82.0441667,30.1516667],[82.04,30.155],[82.03,30.1741667],[82.0233333,30.1808333],[82.0175,30.1975]]},{"type":"LineString","coordinates":[[81.315,30.1533333],[81.3175,30.1575]]},{"type":"LineString","coordinates":[[81.315,30.1533333],[81.3091667,30.1575],[81.3075,30.1625],[81.3,30.1658333],[81.2941667,30.1716667],[81.2866667,30.1725],[81.2725,30.18],[81.2683333,30.1891667]]},{"type":"LineString","coordinates":[[81.5191667,30.1566667],[81.5191667,30.1608333],[81.5291667,30.1683333],[81.5383333,30.1708333],[81.5483333,30.17]]},{"type":"LineString","coordinates":[[81.5191667,30.1566667],[81.5083333,30.1591667],[81.485,30.1583333],[81.4625,30.1625],[81.4541667,30.1683333],[81.4458333,30.18]]},{"type":"LineString","coordinates":[[80.8633333,30.1691667],[80.8391667,30.195],[80.8325,30.2058333],[80.8275,30.2083333],[80.82,30.2233333],[80.8141667,30.225]]},{"type":"LineString","coordinates":[[80.8633333,30.1691667],[80.8675,30.175],[80.8808333,30.1808333],[80.8841667,30.1858333],[80.8841667,30.1941667],[80.8941667,30.2058333],[80.8958333,30.2116667],[80.9016667,30.2133333],[80.9091667,30.2225],[80.9175,30.2258333],[80.9225,30.2333333]]},{"type":"LineString","coordinates":[[81.2283333,30.1691667],[81.21,30.1591667],[81.1983333,30.145]]},{"type":"LineString","coordinates":[[81.2283333,30.1691667],[81.2225,30.1441667],[81.2258333,30.1375],[81.2266667,30.1283333],[81.2458333,30.1208333],[81.2575,30.1083333]]},{"type":"LineString","coordinates":[[80.2566667,30.1758333],[80.2691667,30.1791667]]},{"type":"LineString","coordinates":[[80.2566667,30.1758333],[80.2583333,30.1791667],[80.2533333,30.1825],[80.2516667,30.1875]]},{"type":"LineString","coordinates":[[80.5791667,30.1775],[80.5616667,30.1725],[80.5533333,30.1725]]},{"type":"LineString","coordinates":[[80.5791667,30.1775],[80.5775,30.1833333],[80.5658333,30.1925],[80.5616667,30.1991667]]},{"type":"LineString","coordinates":[[81.4458333,30.18],[81.4425,30.1816667],[81.4391667,30.18],[81.4275,30.1666667],[81.4166667,30.1641667],[81.3941667,30.1641667],[81.3725,30.1533333],[81.3533333,30.1541667],[81.345,30.15],[81.3408333,30.1525],[81.3166667,30.1516667],[81.315,30.1533333]]},{"type":"LineString","coordinates":[[81.4458333,30.18],[81.4458333,30.1833333],[81.455,30.1966667],[81.4683333,30.2025]]},{"type":"LineString","coordinates":[[80.655,30.1841667],[80.6775,30.1625]]},{"type":"LineString","coordinates":[[80.655,30.1841667],[80.6575,30.195],[80.65,30.2008333]]},{"type":"LineString","coordinates":[[80.2516667,30.1875],[80.2475,30.1891667],[80.2341667,30.1833333],[80.2308333,30.1841667],[80.2266667,30.1941667],[80.2291667,30.2008333],[80.2283333,30.21],[80.2216667,30.215]]},{"type":"LineString","coordinates":[[80.2516667,30.1875],[80.2708333,30.2108333],[80.2758333,30.2241667]]},{"type":"LineString","coordinates":[[81.2683333,30.1891667],[81.2716667,30.1916667],[81.2791667,30.1858333],[81.3016667,30.19]]},{"type":"LineString","coordinates":[[81.2683333,30.1891667],[81.2608333,30.1958333]]},{"type":"LineString","coordinates":[[81.2575,30.1958333],[81.2366667,30.1958333],[81.2283333,30.2041667],[81.2208333,30.2075],[81.215,30.215],[81.2083333,30.2175]]},{"type":"LineString","coordinates":[[81.2575,30.1958333],[81.2541667,30.2],[81.2516667,30.2175],[81.2666667,30.2316667],[81.2833333,30.2408333],[81.3033333,30.2466667],[81.315,30.2541667]]},{"type":"LineString","coordinates":[[81.2608333,30.1958333],[81.2575,30.1958333]]},{"type":"LineString","coordinates":[[81.2608333,30.1958333],[81.2491667,30.1833333],[81.2333333,30.175],[81.2283333,30.1691667]]},{"type":"LineString","coordinates":[[82.0175,30.1975],[81.9883333,30.2125]]},{"type":"LineString","coordinates":[[82.0175,30.1975],[82.0158333,30.2008333],[82.0208333,30.2066667],[82.04,30.2166667]]},{"type":"LineString","coordinates":[[80.5616667,30.1991667],[80.55,30.1991667]]},{"type":"LineString","coordinates":[[80.5616667,30.1991667],[80.555,30.2091667],[80.5441667,30.2158333],[80.5425,30.2316667],[80.545,30.2341667],[80.545,30.2391667],[80.55,30.2441667],[80.55,30.2508333]]},{"type":"LineString","coordinates":[[81.4683333,30.2025],[81.4783333,30.205],[81.4866667,30.2133333],[81.4933333,30.2116667],[81.5075,30.2141667],[81.5125,30.2183333]]},{"type":"LineString","coordinates":[[81.4683333,30.2025],[81.4691667,30.205],[81.4658333,30.2108333],[81.4408333,30.2308333]]},{"type":"LineString","coordinates":[[81.9883333,30.2125],[81.9808333,30.2025]]},{"type":"LineString","coordinates":[[81.9883333,30.2125],[81.9725,30.2258333]]},{"type":"LineString","coordinates":[[80.2216667,30.215],[80.2133333,30.2133333],[80.2016667,30.2183333],[80.1933333,30.2183333],[80.1733333,30.2133333]]},{"type":"LineString","coordinates":[[80.2216667,30.215],[80.2233333,30.2166667],[80.2208333,30.2275],[80.2141667,30.2416667],[80.2183333,30.2583333],[80.2183333,30.2808333],[80.2158333,30.285]]},{"type":"LineString","coordinates":[[82.04,30.2166667],[82.0625,30.2],[82.0766667,30.1925]]},{"type":"LineString","coordinates":[[82.04,30.2166667],[82.0441667,30.2266667],[82.0425,30.2508333],[82.0516667,30.2625],[82.0566667,30.2641667],[82.0641667,30.2716667],[82.0758333,30.3025]]},{"type":"LineString","coordinates":[[81.2083333,30.2175],[81.2025,30.2141667],[81.1858333,30.2166667]]},{"type":"LineString","coordinates":[[81.2083333,30.2175],[81.2075,30.2191667]]},{"type":"LineString","coordinates":[[81.5125,30.2183333],[81.5133333,30.2233333],[81.5033333,30.2333333],[81.5008333,30.24]]},{"type":"LineString","coordinates":[[81.5125,30.2183333],[81.5166667,30.2166667],[81.5258333,30.2275],[81.5375,30.2325],[81.5491667,30.23],[81.5541667,30.2341667],[81.565,30.2325],[81.5725,30.2366667],[81.5825,30.2383333],[81.5908333,30.2366667],[81.6025,30.2441667],[81.6125,30.2408333],[81.6216667,30.2408333],[81.6325,30.2458333],[81.6408333,30.2416667],[81.6475,30.2475],[81.6508333,30.2475],[81.6516667,30.2516667]]},{"type":"LineString","coordinates":[[81.2075,30.2191667],[81.2016667,30.2275],[81.1925,30.2325],[81.1908333,30.2416667],[81.1841667,30.2458333],[81.18,30.2541667]]},{"type":"LineString","coordinates":[[81.2075,30.2191667],[81.2183333,30.225],[81.2325,30.2425],[81.2683333,30.2616667],[81.275,30.2675],[81.295,30.2708333],[81.31,30.2791667],[81.33,30.2825],[81.3408333,30.2875]]},{"type":"LineString","coordinates":[[80.2758333,30.2241667],[80.295,30.2216667],[80.3108333,30.2266667]]},{"type":"LineString","coordinates":[[80.2758333,30.2241667],[80.2791667,30.2316667],[80.2775,30.2441667],[80.2758333,30.2516667],[80.2691667,30.26],[80.2716667,30.2616667],[80.2733333,30.2841667],[80.2766667,30.2941667],[80.29,30.3091667],[80.2975,30.3133333],[80.3,30.3125],[80.3083333,30.3216667],[80.3116667,30.3216667],[80.3358333,30.35]]},{"type":"LineString","coordinates":[[80.8141667,30.225],[80.8108333,30.22],[80.8,30.2183333],[80.7916667,30.2116667],[80.7766667,30.205],[80.7691667,30.1941667]]},{"type":"LineString","coordinates":[[80.8141667,30.225],[80.7908333,30.2441667],[80.7841667,30.2575]]},{"type":"LineString","coordinates":[[81.9725,30.2258333],[81.97,30.2275],[81.9433333,30.2175]]},{"type":"LineString","coordinates":[[81.9725,30.2258333],[81.9666667,30.2425],[81.9558333,30.2616667],[81.9566667,30.2666667],[81.9541667,30.2708333]]},{"type":"LineString","coordinates":[[80.9225,30.2333333],[80.9316667,30.2366667],[80.94,30.235],[80.9741667,30.2383333],[80.9825,30.23]]},{"type":"LineString","coordinates":[[80.9225,30.2333333],[80.9066667,30.2475],[80.9066667,30.2541667],[80.8941667,30.2733333]]},{"type":"LineString","coordinates":[[80.55,30.2508333],[80.5308333,30.2491667],[80.5258333,30.2458333],[80.5241667,30.2475],[80.5083333,30.2358333],[80.4991667,30.2358333]]},{"type":"LineString","coordinates":[[80.55,30.2508333],[80.5508333,30.2533333],[80.5366667,30.2616667],[80.5316667,30.27],[80.5308333,30.2758333],[80.5333333,30.2816667]]},{"type":"LineString","coordinates":[[81.6516667,30.2516667],[81.6566667,30.25],[81.6616667,30.235]]},{"type":"LineString","coordinates":[[81.6516667,30.2516667],[81.6641667,30.2658333]]},{"type":"LineString","coordinates":[[81.18,30.2541667],[81.17,30.2541667],[81.1616667,30.2483333],[81.1525,30.2475],[81.145,30.2408333]]},{"type":"LineString","coordinates":[[81.18,30.2541667],[81.1808333,30.2566667],[81.175,30.2616667],[81.1741667,30.27]]},{"type":"LineString","coordinates":[[80.7841667,30.2575],[80.79,30.2641667]]},{"type":"LineString","coordinates":[[80.7841667,30.2575],[80.7683333,30.2775],[80.7625,30.2783333],[80.7591667,30.2975]]},{"type":"LineString","coordinates":[[81.8158333,30.2575],[81.8291667,30.23],[81.83,30.2225],[81.825,30.215],[81.8241667,30.2083333]]},{"type":"LineString","coordinates":[[81.8158333,30.2575],[81.8291667,30.2583333],[81.8358333,30.2566667],[81.8466667,30.2525],[81.8583333,30.2441667],[81.8625,30.2333333],[81.8625,30.2241667],[81.8591667,30.2175]]},{"type":"LineString","coordinates":[[81.685,30.2625],[81.6891667,30.255],[81.69,30.235],[81.6983333,30.2191667],[81.6983333,30.1933333]]},{"type":"LineString","coordinates":[[81.685,30.2625],[81.6891667,30.2616667],[81.6925,30.2633333],[81.7025,30.2516667],[81.7108333,30.2541667],[81.715,30.2483333],[81.72,30.2466667],[81.7266667,30.2483333],[81.7366667,30.2466667],[81.7391667,30.2491667],[81.75,30.2475],[81.7675,30.2566667],[81.775,30.2558333],[81.78,30.2608333],[81.7883333,30.2608333],[81.7925,30.2633333],[81.8158333,30.2575]]},{"type":"LineString","coordinates":[[81.6641667,30.2658333],[81.6725,30.2725],[81.6775,30.2733333],[81.685,30.2625]]},{"type":"LineString","coordinates":[[81.6641667,30.2658333],[81.6625,30.27],[81.665,30.2766667],[81.6683333,30.2775],[81.6741667,30.2858333],[81.7008333,30.28],[81.71,30.2866667],[81.7183333,30.2875],[81.7225,30.2925],[81.74,30.2966667],[81.7466667,30.3041667]]},{"type":"LineString","coordinates":[[81.1741667,30.27],[81.17,30.2991667]]},{"type":"LineString","coordinates":[[81.1741667,30.27],[81.1808333,30.27],[81.1825,30.2716667],[81.2025,30.2691667],[81.2216667,30.2758333],[81.2291667,30.2758333],[81.2608333,30.2958333],[81.2725,30.2958333],[81.3041667,30.3066667],[81.3133333,30.3075],[81.345,30.3233333]]},{"type":"LineString","coordinates":[[81.9541667,30.2708333],[81.9508333,30.2791667]]},{"type":"LineString","coordinates":[[81.9541667,30.2708333],[81.9733333,30.2783333],[82.0,30.2816667]]},{"type":"LineString","coordinates":[[81.9508333,30.2791667],[81.9441667,30.2741667],[81.9316667,30.2725],[81.93,30.2741667]]},{"type":"LineString","coordinates":[[81.9508333,30.2791667],[81.95,30.3008333],[81.9466667,30.3166667],[81.9433333,30.3241667],[81.9383333,30.3283333]]},{"type":"LineString","coordinates":[[80.5333333,30.2816667],[80.5533333,30.3041667]]},{"type":"LineString","coordinates":[[80.5333333,30.2816667],[80.525,30.2833333],[80.5091667,30.3025],[80.4933333,30.3125]]},{"type":"LineString","coordinates":[[80.2158333,30.285],[80.1991667,30.2841667],[80.1833333,30.2741667]]},{"type":"LineString","coordinates":[[80.2158333,30.285],[80.2091667,30.3],[80.2108333,30.3066667],[80.2091667,30.3116667],[80.2133333,30.3175],[80.2091667,30.3266667],[80.21,30.3325],[80.1966667,30.3516667],[80.1933333,30.3533333]]},{"type":"LineString","coordinates":[[80.7591667,30.2975],[80.7483333,30.3008333],[80.7433333,30.2966667],[80.7258333,30.2916667],[80.7083333,30.2683333]]},{"type":"LineString","coordinates":[[80.7591667,30.2975],[80.7591667,30.3016667],[80.755,30.3075],[80.7366667,30.3083333],[80.7325,30.3183333],[80.7216667,30.3233333],[80.7141667,30.33]]},{"type":"LineString","coordinates":[[81.1375,30.2975],[81.1325,30.2833333],[81.1241667,30.2741667],[81.0991667,30.2616667],[81.1,30.24],[81.09,30.23],[81.0866667,30.2225]]},{"type":"LineString","coordinates":[[81.1375,30.2975],[81.1116667,30.3025],[81.0583333,30.3008333],[81.0566667,30.2991667],[81.0391667,30.3008333],[81.0308333,30.2983333],[80.9825,30.3108333],[80.9791667,30.3091667],[80.9616667,30.315],[80.9441667,30.315],[80.9283333,30.32],[80.925,30.3191667],[80.9191667,30.3225],[80.9075,30.3216667]]},{"type":"LineString","coordinates":[[81.17,30.2991667],[81.1516667,30.3016667],[81.1375,30.2975]]},{"type":"LineString","coordinates":[[81.17,30.2991667],[81.1716667,30.3016667]]},{"type":"LineString","coordinates":[[81.1716667,30.3016667],[81.1775,30.305],[81.1783333,30.3116667],[81.1725,30.3183333],[81.1666667,30.3191667],[81.1633333,30.3225],[81.1566667,30.3216667],[81.1533333,30.325]]},{"type":"LineString","coordinates":[[81.1716667,30.3016667],[81.1758333,30.2983333],[81.21,30.3125],[81.2383333,30.3166667],[81.27,30.3325],[81.2741667,30.3366667],[81.2766667,30.3466667],[81.2808333,30.3516667],[81.3066667,30.3625],[81.3291667,30.3683333],[81.3641667,30.3816667],[81.37,30.3816667],[81.3775,30.3875]]},{"type":"LineString","coordinates":[[80.5533333,30.3041667],[80.5666667,30.3016667],[80.5816667,30.2908333],[80.6075,30.2791667]]},{"type":"LineString","coordinates":[[80.5533333,30.3041667],[80.5608333,30.31],[80.5625,30.3141667],[80.5616667,30.3225],[80.5658333,30.3308333],[80.5641667,30.35],[80.5608333,30.3516667],[80.5583333,30.3491667],[80.5458333,30.3566667],[80.5341667,30.3675],[80.5133333,30.3741667],[80.5083333,30.3841667],[80.49,30.3941667],[80.4916667,30.4041667],[80.48,30.4183333],[80.47,30.4383333],[80.4625,30.4433333],[80.4366667,30.4766667],[80.4091667,30.49]]},{"type":"LineString","coordinates":[[81.7466667,30.3041667],[81.7516667,30.3066667],[81.7675,30.2983333],[81.7766667,30.2983333],[81.7858333,30.3025],[81.7966667,30.3016667],[81.8058333,30.3041667],[81.8116667,30.3025],[81.82,30.3058333],[81.8341667,30.3058333]]},{"type":"LineString","coordinates":[[81.7466667,30.3041667],[81.7466667,30.3125],[81.7408333,30.315],[81.74,30.32],[81.7316667,30.3183333],[81.7258333,30.3208333],[81.715,30.32],[81.705,30.3233333],[81.7,30.3225],[81.6916667,30.3275]]},{"type":"LineString","coordinates":[[80.4933333,30.3125],[80.4783333,30.295],[80.4733333,30.2933333],[80.4525,30.275],[80.4483333,30.2766667],[80.4425,30.2733333],[80.4341667,30.2741667]]},{"type":"LineString","coordinates":[[80.4933333,30.3125],[80.4866667,30.3191667],[80.4833333,30.3316667],[80.4791667,30.3358333]]},{"type":"LineString","coordinates":[[81.1533333,30.325],[81.1508333,30.3266667]]},{"type":"LineString","coordinates":[[81.1533333,30.325],[81.1566667,30.3291667],[81.1591667,30.34],[81.1683333,30.3491667],[81.1716667,30.3658333],[81.1866667,30.38],[81.1933333,30.3816667],[81.1966667,30.3891667],[81.2058333,30.3958333],[81.2308333,30.3991667],[81.2691667,30.3916667],[81.2733333,30.3933333],[81.285,30.3891667],[81.295,30.39],[81.3025,30.3858333],[81.305,30.3866667]]},{"type":"LineString","coordinates":[[81.1508333,30.3266667],[81.1425,30.3358333],[81.1283333,30.345],[81.125,30.3533333],[81.1141667,30.3616667],[81.115,30.3725],[81.1075,30.3791667],[81.11,30.3875],[81.1033333,30.4158333]]},{"type":"LineString","coordinates":[[81.1508333,30.3266667],[81.1325,30.3266667],[81.1208333,30.3291667],[81.0966667,30.3283333],[81.0883333,30.3333333],[81.0675,30.3391667],[81.0591667,30.3383333],[81.0508333,30.3425],[81.0191667,30.3475],[81.0091667,30.3525],[81.0075,30.3558333],[81.0033333,30.355],[80.995,30.3591667],[80.9808333,30.3616667],[80.9733333,30.3725],[80.9733333,30.3758333],[80.9675,30.3816667],[80.9641667,30.4],[80.9583333,30.4091667],[80.9591667,30.4141667],[80.945,30.4266667]]},{"type":"LineString","coordinates":[[81.6916667,30.3275],[81.6883333,30.3291667]]},{"type":"LineString","coordinates":[[81.6916667,30.3275],[81.6908333,30.3325],[81.695,30.3366667],[81.7,30.3375],[81.7075,30.3458333],[81.7083333,30.3508333],[81.7033333,30.3616667],[81.7133333,30.3741667],[81.7208333,30.3758333],[81.7333333,30.3741667],[81.7466667,30.365],[81.7608333,30.3608333],[81.785,30.3625],[81.7966667,30.3583333],[81.8175,30.3558333]]},{"type":"LineString","coordinates":[[81.6883333,30.3291667],[81.6716667,30.34],[81.6658333,30.34],[81.665,30.3425],[81.6566667,30.3425],[81.6525,30.34],[81.6483333,30.3416667],[81.6441667,30.335],[81.6325,30.3291667],[81.6233333,30.32],[81.6183333,30.32],[81.5883333,30.305],[81.5808333,30.3066667],[81.5758333,30.3033333],[81.5666667,30.3066667],[81.5633333,30.3033333],[81.5566667,30.3025],[81.5491667,30.3058333],[81.5375,30.3066667],[81.5258333,30.305],[81.5225,30.3025],[81.5066667,30.3083333],[81.4991667,30.3066667],[81.495,30.3116667],[81.485,30.3075],[81.4791667,30.3016667],[81.4675,30.2983333],[81.4608333,30.2991667],[81.4491667,30.295]]},{"type":"LineString","coordinates":[[81.6883333,30.3291667],[81.6833333,30.3466667],[81.6758333,30.3541667],[81.6683333,30.3566667]]},{"type":"LineString","coordinates":[[80.7141667,30.33],[80.7225,30.3391667],[80.7233333,30.3475],[80.7108333,30.3708333]]},{"type":"LineString","coordinates":[[80.7141667,30.33],[80.7075,30.33],[80.705,30.3333333],[80.6975,30.335],[80.6866667,30.3325],[80.6791667,30.3383333],[80.6741667,30.3383333],[80.6666667,30.3425],[80.66,30.3541667],[80.655,30.3783333],[80.6383333,30.39],[80.6341667,30.4025],[80.6266667,30.41],[80.6291667,30.4175],[80.6233333,30.4225],[80.6225,30.4325],[80.6108333,30.445],[80.5941667,30.4475]]},{"type":"LineString","coordinates":[[80.4791667,30.3358333],[80.4725,30.3333333],[80.4525,30.3333333],[80.4483333,30.3291667],[80.4458333,30.33]]},{"type":"LineString","coordinates":[[80.4791667,30.3358333],[80.4775,30.3408333],[80.4541667,30.3633333],[80.4525,30.3725],[80.445,30.3808333],[80.4458333,30.3858333],[80.4366667,30.4016667]]},{"type":"LineString","coordinates":[[80.1658333,30.3416667],[80.1608333,30.335],[80.1575,30.3183333],[80.1325,30.3025],[80.1216667,30.3008333],[80.1091667,30.2891667],[80.1075,30.2841667]]},{"type":"LineString","coordinates":[[80.1658333,30.3416667],[80.1575,30.3441667],[80.1225,30.3383333],[80.1025,30.3441667],[80.0883333,30.3425],[80.0783333,30.3383333],[80.0716667,30.34],[80.055,30.3325],[80.0466667,30.3358333]]},{"type":"LineString","coordinates":[[80.3358333,30.35],[80.3491667,30.3608333],[80.3583333,30.3566667],[80.3591667,30.3508333]]},{"type":"LineString","coordinates":[[80.3358333,30.35],[80.3416667,30.36],[80.3208333,30.3708333]]},{"type":"LineString","coordinates":[[80.1933333,30.3533333],[80.1858333,30.3466667],[80.17,30.345],[80.1658333,30.3416667]]},{"type":"LineString","coordinates":[[80.1933333,30.3533333],[80.1833333,30.3625]]},{"type":"LineString","coordinates":[[81.5425,30.3533333],[81.535,30.355],[81.525,30.3483333]]},{"type":"LineString","coordinates":[[81.5425,30.3533333],[81.53,30.365],[81.5158333,30.3708333],[81.4941667,30.3725],[81.4858333,30.3691667],[81.4725,30.3683333],[81.465,30.3741667]]},{"type":"LineString","coordinates":[[81.6683333,30.3566667],[81.6566667,30.3558333],[81.6458333,30.3491667],[81.6266667,30.3566667],[81.6083333,30.3558333],[81.5983333,30.3525],[81.5625,30.3541667],[81.5541667,30.3566667],[81.5425,30.3533333]]},{"type":"LineString","coordinates":[[81.6683333,30.3566667],[81.6616667,30.36],[81.6475,30.3758333],[81.64,30.39]]},{"type":"LineString","coordinates":[[80.1833333,30.3625],[80.1891667,30.37],[80.205,30.3766667],[80.2358333,30.3775]]},{"type":"LineString","coordinates":[[80.1833333,30.3625],[80.1725,30.3725],[80.1625,30.3883333],[80.16,30.4025]]},{"type":"LineString","coordinates":[[80.4366667,30.4016667],[80.4325,30.4016667],[80.4191667,30.4125],[80.4133333,30.4091667],[80.4108333,30.41],[80.4075,30.4058333],[80.4016667,30.4066667]]},{"type":"LineString","coordinates":[[80.4366667,30.4016667],[80.4316667,30.4108333],[80.4166667,30.4225],[80.4033333,30.4283333],[80.4016667,30.4341667],[80.3933333,30.4408333],[80.3925,30.4475],[80.3841667,30.455],[80.3758333,30.46],[80.3691667,30.46],[80.3591667,30.4641667],[80.3416667,30.48]]},{"type":"LineString","coordinates":[[80.16,30.4025],[80.1466667,30.4008333],[80.14,30.395],[80.1175,30.3941667],[80.1133333,30.3916667],[80.1116667,30.3933333],[80.0908333,30.3866667]]},{"type":"LineString","coordinates":[[80.16,30.4025],[80.1591667,30.4083333],[80.155,30.4141667],[80.1541667,30.4233333]]},{"type":"LineString","coordinates":[[81.1033333,30.4158333],[81.06,30.425]]},{"type":"LineString","coordinates":[[81.1033333,30.4158333],[81.1041667,30.4291667]]},{"type":"LineString","coordinates":[[80.1541667,30.4233333],[80.1458333,30.4333333],[80.135,30.4391667]]},{"type":"LineString","coordinates":[[80.1541667,30.4233333],[80.1575,30.43],[80.1566667,30.4366667],[80.175,30.4575],[80.1825,30.4716667]]},{"type":"LineString","coordinates":[[80.945,30.4266667],[80.9366667,30.4316667]]},{"type":"LineString","coordinates":[[80.945,30.4266667],[80.9466667,30.4291667],[80.9383333,30.4333333],[80.9325,30.4416667],[80.9441667,30.4558333]]},{"type":"LineString","coordinates":[[81.1041667,30.4291667],[81.1058333,30.4316667],[81.1533333,30.4283333],[81.1591667,30.4291667],[81.1658333,30.435],[81.1725,30.4358333]]},{"type":"LineString","coordinates":[[81.1041667,30.4291667],[81.1016667,30.4366667],[81.1041667,30.4491667],[81.1008333,30.4583333]]},{"type":"LineString","coordinates":[[80.9366667,30.4316667],[80.9158333,30.4216667],[80.915,30.4133333],[80.9041667,30.3975],[80.8783333,30.3925],[80.8683333,30.38],[80.8625,30.3783333],[80.8508333,30.3691667]]},{"type":"LineString","coordinates":[[80.9366667,30.4316667],[80.9291667,30.4383333],[80.9225,30.4508333],[80.9183333,30.4525],[80.8916667,30.4516667],[80.8683333,30.4408333],[80.8633333,30.4341667],[80.855,30.4316667],[80.8458333,30.4241667],[80.8058333,30.4216667],[80.7975,30.4158333]]},{"type":"LineString","coordinates":[[80.135,30.4391667],[80.1291667,30.4325],[80.1283333,30.4275],[80.1175,30.4208333]]},{"type":"LineString","coordinates":[[80.135,30.4391667],[80.1275,30.4433333],[80.1183333,30.4591667],[80.1125,30.4633333]]},{"type":"LineString","coordinates":[[81.1008333,30.4583333],[81.1,30.465],[81.095,30.4708333]]},{"type":"LineString","coordinates":[[81.1008333,30.4583333],[81.0758333,30.4725],[81.0683333,30.4808333],[81.0566667,30.4841667],[81.0366667,30.495]]},{"type":"LineString","coordinates":[[80.1125,30.4633333],[80.1141667,30.4658333],[80.105,30.4775],[80.1025,30.4933333],[80.0941667,30.5025]]},{"type":"LineString","coordinates":[[80.1125,30.4633333],[80.1,30.4758333],[80.0983333,30.48],[80.1008333,30.4816667],[80.1,30.4891667],[80.0925,30.495],[80.0808333,30.5108333]]},{"type":"LineString","coordinates":[[81.095,30.4708333],[81.09,30.4758333],[81.0891667,30.4816667]]},{"type":"LineString","coordinates":[[81.095,30.4708333],[81.1158333,30.485],[81.1341667,30.49],[81.1566667,30.49],[81.1675,30.4866667],[81.1858333,30.4883333]]},{"type":"LineString","coordinates":[[80.1825,30.4716667],[80.1966667,30.4691667],[80.2141667,30.4625]]},{"type":"LineString","coordinates":[[80.1825,30.4716667],[80.18,30.4933333],[80.1833333,30.4966667],[80.1816667,30.505],[80.185,30.5141667],[80.1925,30.52],[80.1958333,30.5258333]]},{"type":"LineString","coordinates":[[80.3416667,30.48],[80.335,30.4791667],[80.3275,30.4725],[80.3233333,30.4741667],[80.3183333,30.4683333],[80.3075,30.4675]]},{"type":"LineString","coordinates":[[80.3416667,30.48],[80.3308333,30.4966667],[80.3308333,30.5025],[80.3233333,30.5083333],[80.3091667,30.5291667]]},{"type":"LineString","coordinates":[[81.0891667,30.4816667],[81.1,30.5033333]]},{"type":"LineString","coordinates":[[81.0891667,30.4816667],[81.0766667,30.4916667],[81.0658333,30.4933333],[81.0591667,30.4991667],[81.0525,30.5],[81.0508333,30.5075],[81.0391667,30.5158333],[81.0333333,30.5333333],[81.0283333,30.5408333],[81.0175,30.5441667]]},{"type":"LineString","coordinates":[[81.1,30.5033333],[81.1008333,30.5058333]]},{"type":"LineString","coordinates":[[81.1,30.5033333],[81.1125,30.5075],[81.1216667,30.5166667],[81.1333333,30.5166667],[81.14,30.5191667],[81.1525,30.5183333],[81.1583333,30.5208333],[81.1758333,30.5183333],[81.185,30.52],[81.2033333,30.5183333],[81.2283333,30.5216667],[81.27,30.5175],[81.3058333,30.5025]]},{"type":"LineString","coordinates":[[81.1008333,30.5058333],[81.095,30.5141667],[81.0958333,30.5191667],[81.0883333,30.53],[81.0875,30.535]]},{"type":"LineString","coordinates":[[81.1008333,30.5058333],[81.1283333,30.535]]},{"type":"LineString","coordinates":[[80.0808333,30.5108333],[80.0758333,30.5125],[80.0758333,30.5158333],[80.0675,30.5241667],[80.0691667,30.5266667],[80.0558333,30.5391667]]},{"type":"LineString","coordinates":[[80.0808333,30.5108333],[80.0741667,30.5258333],[80.0583333,30.5408333],[80.0608333,30.5441667],[80.06,30.5483333]]},{"type":"LineString","coordinates":[[80.7208333,30.5216667],[80.7175,30.505],[80.7258333,30.4966667],[80.7241667,30.485],[80.7158333,30.48],[80.7058333,30.4675]]},{"type":"LineString","coordinates":[[80.7208333,30.5216667],[80.7091667,30.5316667]]},{"type":"LineString","coordinates":[[80.1958333,30.5258333],[80.2008333,30.53],[80.2158333,30.5325],[80.225,30.5366667],[80.2366667,30.5358333]]},{"type":"LineString","coordinates":[[80.1958333,30.5258333],[80.185,30.5408333]]},{"type":"LineString","coordinates":[[80.8133333,30.535],[80.805,30.53],[80.7841667,30.5308333],[80.7741667,30.5233333]]},{"type":"LineString","coordinates":[[80.8133333,30.535],[80.8183333,30.525],[80.8225,30.4991667],[80.8225,30.4891667],[80.8175,30.4716667],[80.8041667,30.4591667],[80.7916667,30.4558333],[80.7875,30.4516667],[80.7841667,30.4525],[80.7725,30.445]]},{"type":"LineString","coordinates":[[81.1283333,30.535],[81.13,30.5366667]]},{"type":"LineString","coordinates":[[81.1283333,30.535],[81.135,30.5366667],[81.1491667,30.5316667],[81.1525,30.535],[81.1575,30.5316667],[81.1641667,30.5341667],[81.18,30.5283333],[81.19,30.535]]},{"type":"LineString","coordinates":[[81.0175,30.5441667],[81.0083333,30.5475]]},{"type":"LineString","coordinates":[[81.0175,30.5441667],[81.0166667,30.5491667],[81.0091667,30.5575]]},{"type":"LineString","coordinates":[[81.0083333,30.5475],[80.9983333,30.5458333],[80.9791667,30.5358333],[80.97,30.5341667],[80.9625,30.5375],[80.945,30.5375],[80.9183333,30.5533333]]},{"type":"LineString","coordinates":[[81.0083333,30.5475],[81.0075,30.55],[81.0008333,30.5525],[80.9916667,30.555],[80.9833333,30.5533333],[80.9758333,30.5566667]]},{"type":"LineString","coordinates":[[80.9183333,30.5533333],[80.9108333,30.5491667],[80.8991667,30.5491667],[80.8875,30.545]]},{"type":"LineString","coordinates":[[80.9183333,30.5533333],[80.9033333,30.5625]]},{"type":"LineString","coordinates":[[80.9033333,30.5625],[80.8966667,30.5591667]]},{"type":"LineString","coordinates":[[80.9033333,30.5625],[80.8991667,30.5666667],[80.89,30.57],[80.8858333,30.5783333],[80.8833333,30.5791667]]},{"type":"LineString","coordinates":[[80.8833333,30.5791667],[80.8533333,30.5716667],[80.845,30.5733333],[80.8383333,30.57],[80.8283333,30.5616667],[80.825,30.5533333],[80.8158333,30.5441667],[80.8133333,30.535]]},{"type":"LineString","coordinates":[[80.8833333,30.5791667],[80.8741667,30.5883333],[80.8641667,30.5925]]},{"type":"LineString","coordinates":[[80.8641667,30.5925],[80.8483333,30.5991667],[80.8458333,30.6025],[80.8416667,30.6016667]]},{"type":"LineString","coordinates":[[80.8641667,30.5925],[80.8616667,30.5991667],[80.8625,30.6041667],[80.8708333,30.6116667],[80.8775,30.6141667]]},{"type":"LineString","coordinates":[[80.8416667,30.6016667],[80.8116667,30.5775],[80.7908333,30.5666667],[80.7708333,30.5633333],[80.7491667,30.5408333],[80.7375,30.5375],[80.7208333,30.5216667]]},{"type":"LineString","coordinates":[[80.8416667,30.6016667],[80.8391667,30.605],[80.8175,30.6133333],[80.8066667,30.62],[80.7958333,30.6208333],[80.7858333,30.625],[80.7816667,30.6325]]},{"type":"LineString","coordinates":[[80.7816667,30.6325],[80.78,30.6341667],[80.7775,30.6316667],[80.7733333,30.6325],[80.7625,30.6291667],[80.7475,30.6166667],[80.74,30.6033333],[80.7475,30.595]]},{"type":"LineString","coordinates":[[80.7816667,30.6325],[80.78,30.635],[80.7725,30.6375],[80.7691667,30.6425],[80.7483333,30.6458333],[80.7333333,30.6408333],[80.7283333,30.6433333]]},{"type":"LineString","coordinates":[[80.7283333,30.6433333],[80.7241667,30.6416667],[80.72,30.6366667],[80.72,30.6316667],[80.7075,30.6208333]]},{"type":"LineString","coordinates":[[80.7283333,30.6433333],[80.7175,30.6458333],[80.7166667,30.6491667],[80.7025,30.6533333],[80.7,30.6608333],[80.6925,30.6616667]]},{"type":"LineString","coordinates":[[80.6925,30.6616667],[80.6866667,30.6575],[80.6825,30.6591667],[80.6775,30.655],[80.6758333,30.65]]},{"type":"LineString","coordinates":[[80.6925,30.6616667],[80.6825,30.6641667]]}]}}]}