{"type":"FeatureCollection","features":[{"type":"Feature","properties":{"name":"Achham","DISTRICT":"Achham","DISTRICT_NEP":"\u0906\u091b\u093e\u092e","COUNT":76.0,"ID":1,"VAR_VDC_CO":487.6667,"Z_CODE":6,"ZONE":"Seti","AREA":"Hill Area","DIVISION":"Far Western Div"},"geometry":{"type":"Polygon","coordinates":[[[81.40519084504385,29.28419648463261],[81.41680895206619,29.276855940089177],[81.42950236541202,29.286571230580687],[81.44300453544275,29.287439170554833],[81.45781892554601,29.27995181641575],[81.477637660855,29.26401195084238],[81.49120854144603,29.26169682551139],[81.49475580353423,29.2571730649932],[81.49522134445597,29.244862288331298],[81.49963063577098,29.238870018101057],[81.48704405595745,29.22697483204146],[81.4821089624347,29.200604325305257],[81.49076741069626,29.185040023290544],[81.4873196000866,29.17301717669396],[81.49525315948082,29.16887681450788],[81.49695452242625,29.15484197075965],[81.49909814280886,29.15175619741957],[81.52467599904335,29.152757798938428],[81.53333428744045,29.146586309958938],[81.53529494056424,29.136897910371573],[81.55242074003861,29.128584780740447],[81.56555680911619,29.12616475509532],[81.55137580761269,29.119699259935985],[81.53996398386488,29.108265622516832],[81.52351731804808,29.104279419497303],[81.5099085631699,29.09074405162492],[81.50059433393253,29.091178764033412],[81.46938695429519,29.07813712280804],[81.46681638595653,29.06709838637379],[81.44413751065228,29.053805111232666],[81.43944630518432,29.04002574290209],[81.43272576612276,29.03753107609352],[81.42554010040602,29.023009785747597],[81.41780497535206,29.021375239746778],[81.41491395538597,29.013853321333656],[81.41903342810406,29.0043251506845],[81.41014651730382,28.996978613778825],[81.41513550505081,28.994424977239703],[81.42515177486042,28.980270087057715],[81.42403063999006,28.966401127208037],[81.4327957777097,28.957111412719716],[81.44395603891887,28.958545750478127],[81.44464289582824,28.94044480171576],[81.45104310774398,28.939212852763447],[81.45591013568813,28.931113161778004],[81.46653647372666,28.928910518010426],[81.49166486625458,28.89422322186394],[81.50046806975054,28.889524067597453],[81.50898131142921,28.889825511826764],[81.51515291185319,28.874457608728427],[81.52214056307294,28.86997012668085],[81.53192797963318,28.856122285755113],[81.53787843093089,28.836432729292582],[81.55183867310684,28.8158678854568],[81.5568965830393,28.797580087018687],[81.5798811226715,28.78007255573327],[81.58183428473804,28.76215279974044],[81.57755489067497,28.755311720173513],[81.5424416690108,28.74851219568743],[81.52002190501258,28.749551311861094],[81.53505720612296,28.761108965871703],[81.52783292432154,28.77457350084122],[81.51547488478602,28.780455055860664],[81.52237053612042,28.803345014555216],[81.5100964071232,28.80933337194594],[81.49824173791002,28.821283551778233],[81.49053676541863,28.840984528737316],[81.46314313565603,28.85274569590214],[81.46750640391235,28.861812443621695],[81.46236466791706,28.87509582254578],[81.4670863962212,28.888470873849545],[81.46536993477505,28.89329217958265],[81.44091330276477,28.900394165700927],[81.43183538706258,28.910578340083948],[81.42222366947611,28.9098649332919],[81.41406125597784,28.914144518645802],[81.40354183931964,28.908939712955203],[81.39439544657493,28.90852573830103],[81.38746141389619,28.89994528689976],[81.37484422751345,28.89302400061863],[81.35523940488838,28.889777742474923],[81.34233980504256,28.89270126885681],[81.3371676576333,28.900003759167724],[81.3366030429558,28.906983996978955],[81.32419931678913,28.908101439102094],[81.31630376593341,28.92023857201218],[81.30988832062722,28.920101173068726],[81.302053904724,28.92575774054025],[81.28351706786178,28.92163610618292],[81.27578200378707,28.91627304276229],[81.27241041675937,28.907446613367792],[81.26613235859278,28.90268051313679],[81.26130360339572,28.903025649105523],[81.25172221083017,28.91373047549625],[81.24568815746633,28.91516459052938],[81.24124084519657,28.913999252264507],[81.23663345059452,28.905990983503457],[81.20421290267406,28.908107528503972],[81.19452475683556,28.91622813752325],[81.1844095790343,28.91489489620839],[81.16924430445395,28.921176922998814],[81.147541362722,28.937606921353545],[81.14221664227897,28.94541671702235],[81.13255146029981,28.948815172006015],[81.12073491123864,28.96262865778517],[81.10374651601066,28.965592184987738],[81.1019614027223,28.970360088473335],[81.10572976038603,28.973384908629782],[81.10546269328181,28.97793350673536],[81.11892679894184,28.97432340411226],[81.13157450282159,28.980924281864752],[81.13620477744853,28.989231975222907],[81.14421451238513,28.991516867411818],[81.15015676009804,29.0061087039949],[81.1442903446972,29.01887332054488],[81.14489272176202,29.03479629343253],[81.13657006980624,29.04190039668607],[81.13142064184179,29.059387175293203],[81.12174017864626,29.06434378732578],[81.11955070985593,29.0722871234046],[81.12565334762535,29.075033526331726],[81.12859016051817,29.081285267736927],[81.10991589143558,29.084849530684796],[81.10910706975956,29.097934614851493],[81.10196688373352,29.100781928870155],[81.0741077068743,29.12683923909995],[81.07194113495163,29.13408645768033],[81.06543413133659,29.13520206936912],[81.06600609353703,29.14515559692548],[81.05584506306754,29.149053723154665],[81.05853007849224,29.159037792091528],[81.0494293960084,29.16252779737347],[81.04934535831302,29.170150754531353],[81.04329598718985,29.175450702820083],[81.04550043312283,29.18441252219557],[81.03746007312387,29.189044935606052],[81.03073954281088,29.18612497313724],[81.02664306087432,29.1895616412055],[81.02683367171018,29.19550057055033],[81.0354536515388,29.199032758643014],[81.04803283060767,29.19745759633799],[81.06975069665206,29.200679082846825],[81.07870626272876,29.2079016493322],[81.08644902237346,29.2089907421531],[81.09073605628583,29.215025082322352],[81.10156831191706,29.215313203417253],[81.11365904291564,29.227793877582613],[81.11289600977486,29.23968316446348],[81.09731877194007,29.248259507586813],[81.1000189904381,29.261363705547947],[81.12069118980409,29.299370048454936],[81.13568080855333,29.304885775716926],[81.13626789961995,29.32232494248139],[81.1447730076486,29.352361065837936],[81.14821327199586,29.359627426156198],[81.15453712432424,29.362648464256267],[81.15330101006704,29.3817582868424],[81.16009780706081,29.385542198855],[81.17625465590372,29.38545277067593],[81.19999442000014,29.365570835468297],[81.22283376044338,29.36222595598532],[81.2354206306865,29.35688413723916],[81.23688533721148,29.353157546815993],[81.24201919926668,29.35425423600245],[81.24901445688347,29.350756577756034],[81.25862639438559,29.338095003293084],[81.25824510355375,29.330605542981676],[81.25320280516083,29.32811089952098],[81.25373682982139,29.325744108858242],[81.2680784685956,29.305822000121772],[81.26808616429359,29.30183982974764],[81.27927684599607,29.308398732042633],[81.29508275811128,29.310386208638818],[81.30268802304032,29.322306118729685],[81.30405353174322,29.320322679987424],[81.30922547267329,29.325142165386673],[81.3170064259375,29.323137831490364],[81.32236168387288,29.314036887233293],[81.32979169297059,29.314393624987385],[81.33246178224839,29.30463276480936],[81.34058602633819,29.301768301855876],[81.3435917674406,29.291759513798496],[81.34847392804433,29.290882279458476],[81.35429447650071,29.284100459476218],[81.36654560279355,29.284585040856424],[81.38276327390672,29.29672248236534],[81.38205373448345,29.302737686820326],[81.38782844342467,29.300044838683995],[81.39590712306307,29.28516139080865],[81.40519084504385,29.28419648463261]]]}},{"type":"Feature","properties":{"name":"Arghakhanchi","DISTRICT":"Arghakhanchi","DISTRICT_NEP":"\u0905\u0930\u094d\u0918\u093e\u0916\u093e\u0901\u091a\u0940","COUNT":42.0,"ID":2,"VAR_VDC_CO":150.5,"Z_CODE":4,"ZONE":"Lumbini","AREA":"Hill Area","DIVISION":"Western Div"},"geometry":{"type":"Polygon","coordinates":[[[83.01972143036063,27.82068683751937],[83.01100235745477,27.811778301058787],[83.00404551795306,27.798420350496855],[82.99647064057817,27.792893251203417],[82.96808545710107,27.79305877673492],[82.96069351664644,27.79564670928926],[82.95299657994144,27.790413313628925],[82.94241602590404,27.790365486016892],[82.92991322684391,27.784372967687705],[82.92528274658284,27.78760747141393],[82.91924875226127,27.784805747223416],[82.91401560899095,27.789258927256544],[82.90702803233518,27.788473073593206],[82.89892660699759,27.79369671218674],[82.88869699692964,27.79147280359346],[82.86601018294003,27.7931965732477],[82.8604720311586,27.790497843826326],[82.84461258968132,27.793488073073007],[82.84065351891996,27.79035262273776],[82.8163951961378,27.795753404440475],[82.79946023723166,27.79403671219835],[82.79882693892836,27.802207039755373],[82.79423459155502,27.806006067991326],[82.78709448130017,27.803318759897344],[82.78752945324531,27.794494268725007],[82.76936601701411,27.81045134745061],[82.75795393885514,27.812280169944316],[82.75674855028736,27.818314453713253],[82.7485098235104,27.82311279098692],[82.7483800916016,27.825944943435143],[82.75883076699287,27.83710205927413],[82.78073935473753,27.842749506807664],[82.79163244014455,27.855895812167336],[82.80711801522762,27.85713187647751],[82.79206708816037,27.86551751367838],[82.8090477997237,27.868138207549833],[82.8100318032227,27.871349903127562],[82.80395196248811,27.87292133034134],[82.80541650167653,27.879071988470447],[82.8129532270463,27.885129279540763],[82.82431913896517,27.905702128839355],[82.83509038416632,27.906650144792437],[82.84837910501898,27.90123204765864],[82.85464956340691,27.904842416529196],[82.86144646166261,27.903812637307336],[82.86268218552223,27.9079054510073],[82.8674880294839,27.90964295416017],[82.87704653027613,27.90119239774512],[82.88069279817631,27.906507744095826],[82.8881228297644,27.906702379935883],[82.89514842816057,27.91418623107421],[82.90048838821865,27.9086059133641],[82.91578335423199,27.904191018888575],[82.92534154790832,27.91304616437025],[82.92857580586885,27.92271177018935],[82.93930123260961,27.926381324704877],[82.94303905159832,27.931073026531706],[82.96876201008656,27.926297823824118],[82.98391188943253,27.930175323272007],[82.98848899729182,27.925476109819023],[82.9921657890606,27.930171625422574],[82.99805484924023,27.932616706334645],[83.00262430664125,27.929157156278773],[83.00420332489234,27.932225822422737],[83.00995533511455,27.920117252467826],[83.01432634698455,27.92268246404266],[83.01592057562335,27.928337259158656],[83.01305223075796,27.93260928958929],[83.01587465403496,27.93677841304664],[83.01283847733332,27.941475740964446],[83.01778918323276,27.947504389649296],[83.01446318327024,27.9491406983127],[83.01676681927252,27.95652912490913],[83.00818469921,27.967706953015377],[83.00183785058063,27.970077481051906],[82.99965599757331,27.97779006358375],[82.9894111119092,27.97674860146252],[82.98599351416087,27.981590868967036],[82.97580195945838,27.984329427366507],[82.97655708040298,27.989232783361377],[82.97371164802705,27.991992424465778],[82.96821919250523,27.993523807885012],[82.96427542212272,27.988050161782333],[82.95239793738483,27.994141509026004],[82.95467875323995,27.997906303349534],[82.96870723784407,28.003031078879904],[82.96834101915488,28.006198890263562],[82.97357407661933,28.00652509103246],[82.9720253725822,28.014575251930665],[82.97458087330239,28.01479461310878],[82.97666326734569,28.023231981659016],[82.97487808892984,28.03098843419692],[82.97039247240228,28.038435886212305],[82.96087221726306,28.04105620896947],[82.96157393297148,28.046316205407457],[82.96454887746373,28.053019964847735],[82.97512164721219,28.061548997534533],[82.9756631678389,28.066757497913446],[82.98512984904626,28.073861855886207],[82.99330715672758,28.09086252231838],[83.00200340806025,28.0959662437895],[83.00013423097177,28.10847918662427],[83.00229296128182,28.113943271088424],[83.02944260306792,28.099138264545015],[83.03975604598587,28.10551218740567],[83.0452485544346,28.10104757097131],[83.05080953181388,28.106868345757206],[83.04889473248572,28.111172810501383],[83.05700377142591,28.106765446686293],[83.06862173143706,28.10951957195801],[83.06655464468653,28.098393088331168],[83.07323723584867,28.09081788778217],[83.08993562309955,28.097355919453204],[83.09875407062056,28.094626879210466],[83.09642764349081,28.082174905359082],[83.1023854916561,28.07724494504863],[83.12538490175793,28.084494443504965],[83.12535466400324,28.069343850511665],[83.13791872493205,28.062108211014756],[83.15037589944178,28.059785451140048],[83.15581491134817,28.060756280859422],[83.17123914725939,28.079023418044578],[83.18390971602669,28.087659285451696],[83.18641189295566,28.08378775755704],[83.19301808002623,28.082883851936046],[83.19520757984236,28.074303506042202],[83.200959403354,28.072630996870473],[83.20537633669682,28.06685804358692],[83.21049498021392,28.066560598051378],[83.21523232502167,28.05971009579625],[83.21916094828565,28.059094135024257],[83.22045785929456,28.054305238720723],[83.22986375149709,28.048381690367783],[83.23337298844467,28.03825273732212],[83.2335487562789,28.02101569670356],[83.2398729154758,28.008010764544],[83.24402274321378,28.008415145300283],[83.24603682874661,27.997750254064144],[83.2521319443128,27.995282457901865],[83.25253639991244,27.986976718286368],[83.26290332318233,27.988975586617116],[83.28044134526398,27.967613576003316],[83.30094641144734,27.967785517539337],[83.29899369343457,27.95982494206266],[83.30254097793394,27.95487968915589],[83.29289116890028,27.9502718157566],[83.29086977080432,27.943650075858343],[83.28398137125748,27.942425570388995],[83.27861882392786,27.93148593866549],[83.2807930054979,27.926287011491354],[83.28736106496987,27.92469080076198],[83.30812544559197,27.92767773580685],[83.30883504825752,27.918715931517564],[83.29782747508874,27.909336286964308],[83.31107047187986,27.901757364870868],[83.30911021435449,27.88889725627796],[83.32029352431383,27.882741056777455],[83.32075130344614,27.87854337132363],[83.32804402147926,27.879006919976028],[83.33046228595958,27.87519641927791],[83.3174866929152,27.860236351747496],[83.30789788440018,27.856997830571444],[83.30062036283351,27.85983750941465],[83.31014072571561,27.851562414102],[83.29309917438016,27.8384369906148],[83.28980390574421,27.828012324548308],[83.2740818537954,27.82638718577986],[83.24817579145788,27.83191571486076],[83.23104261694277,27.82330457454453],[83.24784056776365,27.80845936441061],[83.24944259934435,27.804439062306944],[83.2453998184987,27.79016952051661],[83.2528832563245,27.790087619017118],[83.2584596900219,27.785047034977158],[83.25804035513926,27.77256266053286],[83.25299055273109,27.762473631725808],[83.24746767263868,27.75893192850949],[83.24633881253436,27.751202131362465],[83.23755093791279,27.750408621021116],[83.22577249424033,27.763251370518365],[83.21088198169505,27.758998157626525],[83.20146854530394,27.760161400353258],[83.18580759928383,27.754103989232018],[83.17802657345267,27.758713520847092],[83.14369122085418,27.760669794844798],[83.12761808734518,27.768870419680802],[83.12161468211146,27.761834765852335],[83.10849372192145,27.77049696907049],[83.1000262471269,27.769297236145203],[83.09344271409175,27.783023081464496],[83.08927763242025,27.782408912201657],[83.08993387125831,27.77129962716182],[83.08663072115405,27.774867904881976],[83.07486794540868,27.76488177037623],[83.06676661742446,27.764536457326756],[83.0661946075349,27.75790710892611],[83.05829149709879,27.764303662395225],[83.05254746567859,27.756735910997982],[83.0499230861086,27.769006637888705],[83.03456694052798,27.781767329044392],[83.03304868813036,27.793320973282786],[83.02249855561413,27.79841107440283],[83.02072859412823,27.80843706773444],[83.0160905130194,27.81009624451152],[83.01972143036063,27.82068683751937]]]}},{"type":"Feature","properties":{"name":"Baglung","DISTRICT":"Baglung","DISTRICT_NEP":"\u092c\u093e\u0917\u0932\u0941\u0919","COUNT":60.0,"ID":3,"VAR_VDC_CO":305.0,"Z_CODE":4,"ZONE":"Dhaulagiri","AREA":"Hill Area","DIVISION":"Western Div"},"geometry":{"type":"Polygon","coordinates":[[[83.66222891455239,28.23041638448632],[83.66795782026578,28.230553786501883],[83.67457955223053,28.214575577931235],[83.66921690105758,28.209557721957616],[83.67121564142555,28.203952566003846],[83.65927733609546,28.198724822849805],[83.65834676308376,28.19405795303424],[83.64806386282339,28.18628797108634],[83.64506607492221,28.177688476649482],[83.6395050454442,28.174787581527305],[83.64390676442596,28.167004467713355],[83.63715576748746,28.160987231702368],[83.63817809579129,28.154314043116496],[83.63385286953688,28.15104889602346],[83.63749167465434,28.14730516636514],[83.63911672642301,28.13629316437847],[83.63312090219756,28.132175485398914],[83.62926113368547,28.122174204409678],[83.62296010774692,28.121586701200012],[83.60478189912746,28.110606827567192],[83.60105952570474,28.096089359003937],[83.58809921673452,28.080181423394016],[83.58130994161625,28.08135232840401],[83.5806768577392,28.077558948588983],[83.57516135453359,28.087609677766597],[83.56284143707094,28.092577685964468],[83.56493145325751,28.10101505739613],[83.55518991429781,28.106631542921075],[83.5545107988021,28.11676816586292],[83.54822495948393,28.11992826140248],[83.5386055734682,28.120286668381972],[83.53199184267535,28.116594280975047],[83.52533982033358,28.120889140080997],[83.5170325101986,28.12148977774513],[83.51034995138315,28.127020485511995],[83.50548307318054,28.125733071106872],[83.49967803428856,28.117535949648726],[83.4860767231058,28.113317079744704],[83.47410006827317,28.119124250304484],[83.47826496191655,28.129735830312345],[83.4737107742542,28.132346685290848],[83.46261153536409,28.129977811702286],[83.45750810862702,28.13239031253056],[83.4465538984361,28.125219175983485],[83.4387575924854,28.131041665360424],[83.42305087344404,28.125605988276767],[83.41822189840487,28.137148137230252],[83.41361434859003,28.137821302391565],[83.41124943591936,28.144109221768463],[83.39478718720748,28.15593918361474],[83.39012603829931,28.16739551163798],[83.38422174393448,28.163848081138653],[83.3704904372543,28.176545846981778],[83.36990293671816,28.182774669530737],[83.35553843784867,28.19750165915952],[83.33023528410929,28.18907539452357],[83.31651944645762,28.190406402364964],[83.3063049173269,28.197907169720285],[83.29821130595796,28.192984635494085],[83.2780648113995,28.19106381839948],[83.27369381760852,28.18764228452334],[83.26884199514046,28.197269629157773],[83.25923782306515,28.20008829315385],[83.25180752828044,28.21420127363288],[83.23407142828296,28.221585594428653],[83.22587067351739,28.23542583741628],[83.21580106798186,28.243853493356372],[83.21541193605448,28.248455498479345],[83.20629596692514,28.25201987456904],[83.18484464275791,28.270736568815703],[83.16781835477231,28.257973515128693],[83.15552118415701,28.270850575497857],[83.13085904248327,28.250174548088754],[83.12438241573071,28.257805057430726],[83.10956060208525,28.25180106085314],[83.09357144197529,28.257020765784116],[83.09706486580086,28.277181550235422],[83.09233526160051,28.277982495209137],[83.08519490222041,28.289154616399916],[83.07873362809389,28.29159379873171],[83.06942682716577,28.30193436085196],[83.06690925571918,28.313350666306082],[83.06163797292288,28.31767606041714],[83.05127099408271,28.3190147474307],[83.04476389194343,28.32462937317343],[83.03327561961768,28.32178561250398],[83.01858331131959,28.3255444410765],[83.01290004203133,28.33287553488885],[83.00420370426879,28.332701857557602],[82.99400424052733,28.35097624832949],[82.9800823126561,28.35942864201157],[82.96712174627282,28.35766241406859],[82.95474848629371,28.360172077576376],[82.95511443754677,28.37169903904009],[82.9479894132019,28.37871352106365],[82.95040750859253,28.384047919581157],[82.94226023176752,28.39386593170794],[82.94362562590071,28.3984527031196],[82.93809505550045,28.39863761993437],[82.93648540607745,28.402125816975577],[82.91617105020869,28.402747265560123],[82.91920702330734,28.409182111595047],[82.91854320474039,28.417428719416595],[82.91226487557101,28.427414589024483],[82.91430915355843,28.43423657687767],[82.9006617636289,28.44737680553996],[82.8863508529469,28.452474475352414],[82.87868395736068,28.47363635914894],[82.88660972059343,28.479678396573018],[82.90395670463617,28.475482863364636],[82.91176043026427,28.48063043511373],[82.89432936132822,28.494272195198153],[82.88839426536697,28.506640127666962],[82.87735585723301,28.515445387878604],[82.89461122315079,28.515449448689566],[82.91406333594755,28.527606047708506],[82.91136285281958,28.529852658842795],[82.91367377537104,28.555580455251047],[82.91624437181743,28.564450753372487],[82.92081371210249,28.56723910569239],[82.93303438582734,28.565587669276812],[82.97381606340576,28.54234744535975],[82.97736318233667,28.54623622216892],[82.98558623246885,28.56407603675431],[82.98547168135622,28.5708712923942],[82.96228887108859,28.58189823252094],[82.95269208555392,28.598164372015184],[82.95649078376073,28.610515278078925],[82.96707123669015,28.615443565084636],[82.97697260573791,28.62896365598957],[82.98376944873617,28.630653509176778],[82.99804225335353,28.62357810406378],[83.01912709236433,28.621737987024567],[83.0247567389996,28.62646404283061],[83.03553563445537,28.625733751672303],[83.04282064541088,28.629983038363505],[83.05752831977087,28.62012698210306],[83.08087864791406,28.625618071826135],[83.08431131503971,28.630862847197232],[83.09635642581011,28.63515988288468],[83.10551813307032,28.6330850120759],[83.10358096177558,28.60986706049061],[83.10870775925083,28.58121758211431],[83.10605325266032,28.57235681753219],[83.10053804316577,28.56698423089812],[83.10153783642767,28.54135946758967],[83.12566661586025,28.52781507408675],[83.1261702577969,28.518704515020566],[83.13087708404345,28.512088599471998],[83.13022134846531,28.495747929524132],[83.14640109159431,28.49714230819388],[83.16892010397275,28.493440812321698],[83.19974618786992,28.50163829238808],[83.21945003502414,28.513855932316925],[83.24100031271244,28.506570845320457],[83.25468580989745,28.495709693304594],[83.26567835571332,28.492175861983704],[83.27378728331392,28.49369599800582],[83.28355194165255,28.47527093861026],[83.29651263607344,28.47020376874859],[83.3004719245403,28.46143082874849],[83.29827506271955,28.455650153609117],[83.28815240617168,28.44554198555246],[83.27264399547444,28.44210884614361],[83.2746657404783,28.4299811591457],[83.2795554654178,28.433181467922463],[83.28798495984262,28.425385065745672],[83.2893124252675,28.41849255981075],[83.29683404884369,28.415769226016558],[83.2907544023018,28.40700185987124],[83.2898010439056,28.396964391036498],[83.28235583600579,28.392625462094372],[83.2866889892873,28.379832204408856],[83.27882436981405,28.367511747367033],[83.2859263624208,28.36858368273472],[83.30160289289546,28.356294084250756],[83.31193173784786,28.35461210804198],[83.32547952922809,28.36500640342248],[83.33326045182397,28.36581897345252],[83.33564040776177,28.37092260533481],[83.36357550412538,28.370720854843437],[83.37776456075942,28.355421714988505],[83.38411893836643,28.358360763269197],[83.3907556727491,28.35560308748838],[83.41133698131785,28.35751247143669],[83.41912564193521,28.35252341932849],[83.42438180312428,28.34117962643449],[83.43895200829937,28.34031207707758],[83.44351399122793,28.328796628077622],[83.48463870525289,28.32011768645408],[83.49798064618324,28.324403303813337],[83.50974373951264,28.31677287461693],[83.52706780353105,28.315094818087402],[83.53520749898038,28.303331488970755],[83.54649729472975,28.313613231996474],[83.55920610353267,28.316716392943608],[83.58461633923595,28.309950116920163],[83.59176428515029,28.301465205478163],[83.60232203204723,28.297273393783737],[83.60046848794013,28.289358593300015],[83.6077384102784,28.28496838648128],[83.6051984313676,28.27079613694961],[83.61071381864122,28.266905583531738],[83.60998164274244,28.259114765729908],[83.61606910932353,28.257791277353373],[83.62336960057493,28.250498351476114],[83.62964012218936,28.250546124195548],[83.63061663107545,28.246483857420298],[83.63530807910796,28.24655449274203],[83.64860450353854,28.237596692918956],[83.65738476483484,28.237396570511095],[83.66222891455239,28.23041638448632]]]}},{"type":"Feature","properties":{"name":"Baitadi","DISTRICT":"Baitadi","DISTRICT_NEP":"\u092c\u0948\u0924\u095c\u0940","COUNT":63.0,"ID":4,"VAR_VDC_CO":336.0,"Z_CODE":6,"ZONE":"Mahakali","AREA":"Hill Area","DIVISION":"Far Western Div"},"geometry":{"type":"Polygon","coordinates":[[[80.78734234656076,29.614140260273377],[80.7856567356363,29.598777995348325],[80.77779210633851,29.586854277482143],[80.77657174866866,29.576063501455632],[80.78016477446474,29.571566442807033],[80.77567175862504,29.566659241016698],[80.77665592487823,29.560016584581835],[80.7713085871659,29.55187672091583],[80.74833192328282,29.556793113251832],[80.74833234951741,29.530830824433405],[80.78066141206723,29.523278841929418],[80.78835105788092,29.506802906592487],[80.79534623784144,29.507737507383244],[80.80568252083974,29.5155646587731],[80.81006122831434,29.513403891579543],[80.8170640134956,29.515740261794303],[80.82385334532874,29.509563027292884],[80.8226253250571,29.500839621048108],[80.8454647955792,29.48901355449527],[80.85640417641117,29.469093312190786],[80.87545987317631,29.46418068560316],[80.88398102666869,29.446775968156643],[80.88324877167224,29.442748017676305],[80.89926828015227,29.444260605628394],[80.90826977864322,29.44146290255765],[80.87528527431097,29.412475420699472],[80.86201954265876,29.41441102994628],[80.86113471473975,29.410728275061246],[80.8520875431664,29.40763282534505],[80.86015852018953,29.39649315170213],[80.8584422877191,29.387599999873096],[80.84984532380152,29.376259863106867],[80.84119476573092,29.376833812166637],[80.83526746557988,29.38124883443334],[80.82678490256615,29.37137149817358],[80.81467881827788,29.364846920044034],[80.78598094246026,29.366326523605476],[80.78500440596615,29.372927224132756],[80.77857360071211,29.379457291036104],[80.76235562597473,29.385823218897656],[80.76744350511498,29.399911541238726],[80.74143843284209,29.401745912801097],[80.72137574790179,29.409544076907242],[80.71862939386152,29.418666032404985],[80.70695045813996,29.41458454497906],[80.70263273083796,29.419621324701478],[80.69536291684123,29.419474382147246],[80.68212763980203,29.425142323850046],[80.66878576158453,29.418755048897175],[80.6778483719394,29.41060773530713],[80.67861135675386,29.401357974759122],[80.6578623936212,29.392348250397557],[80.65056222178512,29.382566289566366],[80.6451384030689,29.386443497174206],[80.62654045927192,29.38825698480392],[80.61624968317263,29.396545414350296],[80.58186871862767,29.396375251970714],[80.57635317389736,29.411851860516116],[80.55223222877322,29.418560983950577],[80.54789943308666,29.411946868699232],[80.5479911849054,29.39874735328074],[80.53211669945273,29.392028201925974],[80.50792717126673,29.394249757250986],[80.502602510162,29.398884112657505],[80.48988612516445,29.394402109977097],[80.4798778703222,29.385737718992445],[80.45789280605705,29.39608956377138],[80.4520724344899,29.39243917144218],[80.44757930584679,29.39442829389016],[80.44123265171187,29.386149196184075],[80.43796760466923,29.393333461845867],[80.43120127257426,29.392538090043335],[80.42423680260637,29.37917828687663],[80.41985813379468,29.37898751676457],[80.41562448706524,29.373525333427217],[80.41937008547171,29.368507617348964],[80.41449576812329,29.356044208782148],[80.41031537367769,29.359810816829945],[80.40257266004996,29.356021178115018],[80.40196994646567,29.36070899219432],[80.38643107624375,29.35594851011297],[80.38590483035055,29.34896635804436],[80.38022162805744,29.35421863267675],[80.37765095646844,29.349031101911482],[80.37393592717916,29.350533906147003],[80.37195260650454,29.347367981631947],[80.36811550611924,29.34998457110699],[80.36581952277626,29.34048874890764],[80.37207480684981,29.338047648155648],[80.36265388017294,29.33273606860797],[80.36273788053579,29.32710610663204],[80.35292771684216,29.33395463221522],[80.35068507764507,29.327893622001923],[80.34382720457035,29.327121135857112],[80.33328495273251,29.31911089891447],[80.33518450594121,29.31308617476273],[80.32544317748257,29.30845354389666],[80.30848513370023,29.32284674474886],[80.29628738290165,29.32424836747651],[80.29097795183144,29.330692627773526],[80.29060406832876,29.336734534597205],[80.28022173747428,29.346279790622845],[80.27942055481881,29.35946594692595],[80.27121237330631,29.364538917719567],[80.27138768218686,29.37369333042277],[80.27900832505583,29.378577681333596],[80.27301995270446,29.386213913506797],[80.27473622401298,29.393041598512575],[80.24172807471763,29.411615119429698],[80.24604564880183,29.416117996580752],[80.24407742001281,29.42348727297737],[80.24745663793092,29.432422398924484],[80.24298628243736,29.441635877265682],[80.24429829067086,29.445942279870376],[80.25500846117671,29.447756125812415],[80.25821993158335,29.451812712141265],[80.2669925814663,29.44855918779528],[80.27436917740688,29.449545282697624],[80.26925809843206,29.45506075303809],[80.276299007498,29.458564306567624],[80.28057089648031,29.45762412382805],[80.2805710015805,29.45093568328289],[80.30258637642032,29.45311965663691],[80.28687923148374,29.477189842949027],[80.29311919206656,29.478902555593187],[80.29916828649495,29.490605015175806],[80.30459211315048,29.486024061645494],[80.31315114151059,29.484538480653015],[80.31394426011254,29.49907111503429],[80.32879655142268,29.50535541518404],[80.33240463936232,29.51293454680219],[80.3413603648944,29.509980451175554],[80.34973614748785,29.518928987695087],[80.34859181261764,29.52415652284088],[80.35808134235813,29.53254436530548],[80.34864495184037,29.54049142199283],[80.3419167529749,29.540334952530593],[80.3457460513144,29.548615924636945],[80.34277855613246,29.552933718075828],[80.36411498138018,29.556630069802846],[80.36372581714143,29.56408327948492],[80.37891389782683,29.561340956049794],[80.37919598481466,29.571494724445394],[80.38835761950148,29.572051729281984],[80.39153085863451,29.58162575363388],[80.40783242181425,29.59489221630134],[80.40894599829699,29.605015479856856],[80.41788638985747,29.60686935688242],[80.41792441505265,29.61414139044166],[80.42727679750192,29.612234336538613],[80.42913801901341,29.61814658135081],[80.43688838454949,29.6202464687229],[80.44232745360019,29.61660193661547],[80.45022265026135,29.625386451092087],[80.45887318124231,29.62619901104931],[80.4671118872427,29.620448999564093],[80.4971674996752,29.62480724928159],[80.50643561739348,29.644762066517504],[80.53729196847718,29.663723515787403],[80.5538606107719,29.6713829091603],[80.55900212475774,29.670827986937343],[80.56891884696415,29.678637964393857],[80.57328974660304,29.6873766639809],[80.60137724338331,29.691763500578645],[80.60661037217083,29.68664281878383],[80.62400299743496,29.68682230948299],[80.63351548303663,29.69057954990371],[80.65150327677324,29.68116599159898],[80.67437295798221,29.6872463307176],[80.68537276116147,29.70375301097547],[80.69366473499817,29.706062695955158],[80.70832652786348,29.699261917735914],[80.75405068958463,29.707976346084635],[80.7646389379356,29.701698081346393],[80.7799413930297,29.702136923477948],[80.795999291277,29.688319691150273],[80.79500768523462,29.683561293224976],[80.792192917359,29.67801902595668],[80.7814750694492,29.679294786164416],[80.77872146428307,29.665538344920826],[80.77116934730032,29.668795693385366],[80.76304527107415,29.661977463426332],[80.7619851702893,29.647494412177853],[80.77153594538392,29.642350898995623],[80.78435151621917,29.645478817212123],[80.7903932191074,29.64232443669044],[80.78094184355008,29.633488405240072],[80.78387888701342,29.625632814786567],[80.78226936954562,29.621776499509004],[80.78734234656076,29.614140260273377]]]}},{"type":"Feature","properties":{"name":"Bajhang","DISTRICT":"Bajhang","DISTRICT_NEP":"\u092c\u091d\u093e\u0919","COUNT":48.0,"ID":5,"VAR_VDC_CO":196.0,"Z_CODE":6,"ZONE":"Seti","AREA":"Hill Area","DIVISION":"Far Western Div"},"geometry":{"type":"Polygon","coordinates":[[[80.99133543007109,29.408212463051377],[80.97051779576637,29.400211622642512],[80.95467369518602,29.401275621615646],[80.93952385373818,29.3975602634146],[80.93184952641168,29.410088360977905],[80.93096449029417,29.419000551625523],[80.91737058191315,29.430441487272176],[80.91190846205029,29.443833559962336],[80.90813246826005,29.441468622324386],[80.89926828015227,29.444260605628394],[80.88358442325992,29.442492461258244],[80.87545987317631,29.46418068560316],[80.85640417641117,29.469093312190786],[80.8454647955792,29.48901355449527],[80.8226253250571,29.500839621048108],[80.82385334532874,29.509563027292884],[80.8170640134956,29.515740261794303],[80.81006122831434,29.513403891579543],[80.80568252083974,29.5155646587731],[80.79534623784144,29.507737507383244],[80.78835105788092,29.506802906592487],[80.78066141206723,29.523278841929418],[80.74833234951741,29.530830824433405],[80.7474089708217,29.552069044619333],[80.74833192328282,29.556793113251832],[80.75327509203423,29.55682178286909],[80.7713085871659,29.55187672091583],[80.77692290422969,29.56079471280364],[80.77567175862504,29.566659241016698],[80.77998933576906,29.570759708214553],[80.77657174866866,29.576063501455632],[80.77779210633851,29.586854277482143],[80.78548129139664,29.598308829637592],[80.78777717577542,29.613327811913397],[80.78226936954562,29.621776499509004],[80.78387888701342,29.625632814786567],[80.78094184355008,29.633488405240072],[80.79088144871426,29.641393744586622],[80.78435151621917,29.645478817212123],[80.77153594538392,29.642350898995623],[80.7619851702893,29.647494412177853],[80.76304527107415,29.661977463426332],[80.77116934730032,29.668795693385366],[80.77872146428307,29.665538344920826],[80.78165051879289,29.67945308336681],[80.792192917359,29.67801902595668],[80.79627391076504,29.6883788168492],[80.81174426778722,29.684137470051265],[80.81656533263144,29.687152764560075],[80.8251014619033,29.686578815100244],[80.82976229922686,29.691527976513147],[80.84010641678032,29.68674492924369],[80.84550717493558,29.693416273323983],[80.85832275395762,29.69600255680628],[80.86469987869069,29.70635665577007],[80.89019368641492,29.713897925029094],[80.90696061094866,29.72469080568255],[80.91962366472305,29.72477106875882],[80.93989962982732,29.735461007869446],[80.94600230590486,29.73552592988342],[80.95806287325928,29.72653759957808],[80.97523435952314,29.72191865804374],[80.98746990650208,29.7409256568905],[81.00418361871202,29.74064361130918],[81.0098208769475,29.74595324113541],[81.01812052461605,29.745568100211422],[81.02048526476344,29.748358318268416],[81.02458939574706,29.743613336018484],[81.0317066641711,29.742379489936155],[81.03819821229166,29.752682098184543],[81.05536192454028,29.756668302522325],[81.06012955022369,29.762014157612914],[81.06263916771879,29.768387947248318],[81.06017514063088,29.77256461427467],[81.06369175762529,29.77554365702722],[81.0622344372702,29.79350344339338],[81.06778783354028,29.79583979678584],[81.06935151871038,29.80321102301395],[81.06986218741261,29.828408538242766],[81.05545221791057,29.829812026966792],[81.04005803059422,29.840673150755332],[81.03815084567167,29.846444217254362],[81.04050014363489,29.86005952196844],[81.03670114970431,29.864617604764145],[81.04079727902035,29.881711606648928],[81.03034621120166,29.895444988978763],[81.02770661635496,29.9064054500141],[81.00299811895347,29.923272124103764],[81.0006179914618,29.928184958171602],[81.00228846275037,29.93615312791995],[81.0215954176687,29.95864651815022],[81.01760566545754,29.966118750461547],[81.02053481450281,29.97400111374068],[81.01498126468792,29.980718087051667],[81.02594307856734,29.987517283302115],[81.03828538210703,30.00829413123625],[81.0381174420146,30.015064575019405],[81.05354942600228,30.024102844869677],[81.06862269822406,30.04351801049043],[81.07851660986681,30.046420849387236],[81.0890054459268,30.054310940044413],[81.10503275444938,30.045177723447537],[81.11190606937939,30.034963022548812],[81.11887077725994,30.033244755697634],[81.12633916500087,30.019471287126773],[81.14298426288047,30.016549724544237],[81.14811058650453,30.012159491319565],[81.16537354765764,30.011139383625967],[81.1782501253005,30.0150378046279],[81.18366631912527,30.01106143079605],[81.19547479313046,30.022727733156387],[81.2057654499382,30.02157593963227],[81.2190771585531,30.007409671663265],[81.24565424052845,30.01147992005788],[81.25335104741146,30.022501546128108],[81.2411683935423,30.033208225721012],[81.2497959599879,30.03841490871625],[81.27358103165386,30.04448955460943],[81.28166709773973,30.04330340365818],[81.28915826127651,30.035958999366436],[81.31508706898012,30.032331911165237],[81.3208999889467,30.025452833525666],[81.34364781924378,30.0194703508921],[81.35762310673935,30.010451539666466],[81.37521408393961,30.009717515266782],[81.37661775692057,30.006467719540293],[81.38295686589593,30.009071088949028],[81.38633612015346,30.014878461214064],[81.39986109556783,30.019444403082126],[81.40134093460665,30.02282773920408],[81.42593495392445,30.009649537556133],[81.4579665487929,29.99999588308986],[81.46284880493255,29.993538277208305],[81.46068247298663,29.986884137992245],[81.46971463697142,29.97550037219876],[81.46783829579542,29.962443872674758],[81.45276488371343,29.951168490683916],[81.45837951147048,29.941869213277585],[81.4550307816119,29.93542484632204],[81.46022578751537,29.929670989119735],[81.46166783464557,29.913320853643068],[81.45678591880811,29.90054657376385],[81.46924318230995,29.890766781112085],[81.48079247923826,29.891918866147574],[81.49187655083024,29.887215937714284],[81.50559981962407,29.89440996220333],[81.51333509765217,29.886859586248338],[81.53308494771838,29.883535657898328],[81.5464423710266,29.873017803546233],[81.55745037904096,29.856013636802075],[81.5650101520166,29.85149565643291],[81.55844288320955,29.809921196843277],[81.5479540624735,29.80101076285154],[81.54667261274929,29.794646523338336],[81.56060240255235,29.770625919733888],[81.55418709425508,29.763121123769086],[81.55244798723677,29.754277558220277],[81.54559017699721,29.750020664911002],[81.5132993154122,29.753516071393133],[81.5083029356313,29.74281869409498],[81.51171302290166,29.730591879996116],[81.52444508996612,29.71056677685966],[81.51458180585468,29.700836268380936],[81.51851056763574,29.6916285090812],[81.5150015952908,29.687743558743115],[81.51585611626015,29.679445477709635],[81.48052954081766,29.661744569122412],[81.46622643279979,29.65905526983374],[81.44640055906186,29.647245814758517],[81.44107593036922,29.649585840322615],[81.4274746809248,29.643995746876524],[81.42066272761497,29.634652435063348],[81.42192149744344,29.62935624321969],[81.41806927407508,29.62400276839805],[81.41883256369034,29.597844046618505],[81.40209619248192,29.58468626461063],[81.39838132178637,29.576855378700287],[81.39761858565822,29.571147211152564],[81.40245503827781,29.566602490894677],[81.39996833774762,29.558424516273917],[81.37149948046641,29.550017338027466],[81.36229226762627,29.53808978002076],[81.35113975883219,29.53001086401618],[81.35082710170352,29.523898382323992],[81.33927048334915,29.50456716209323],[81.32700426996972,29.49442276720701],[81.31531006614173,29.491071717199258],[81.3175681979881,29.48289571176704],[81.2914793851603,29.474358879898833],[81.29448505763095,29.468370407373868],[81.3035094144058,29.46731967516567],[81.30374596883362,29.46290076675455],[81.30836881088352,29.459303905770668],[81.30263999488709,29.45489064071918],[81.30290704755026,29.451356659256597],[81.28096806244223,29.442457519820444],[81.27834399202486,29.437630439685172],[81.26214906739496,29.433857847212604],[81.25048552328705,29.421836806145116],[81.25500922448116,29.41659405616705],[81.25184351418517,29.413334662290946],[81.22602157424697,29.41167890334249],[81.20203068014972,29.39574609814777],[81.19319694710795,29.401820318484493],[81.1867891992233,29.397860951670083],[81.18545410861542,29.40551249828799],[81.17060155158602,29.414878415182855],[81.16506367904059,29.396491322967798],[81.14532920619197,29.392291480987044],[81.14165233520824,29.392642352735738],[81.13233029769027,29.404115763862585],[81.12547243263778,29.402797821400085],[81.11932409982983,29.39578508022769],[81.09710251849567,29.407473835599273],[81.06142475514537,29.40559672284642],[81.04631286916914,29.41302113946899],[81.03488562522091,29.41154675128226],[81.02115442817521,29.421547771519787],[81.01042898668958,29.420431940411863],[80.99133543007109,29.408212463051377]]]}},{"type":"Feature","properties":{"name":"Bajura","DISTRICT":"Bajura","DISTRICT_NEP":"\u092c\u093e\u091c\u0941\u0930\u093e","COUNT":28.0,"ID":6,"VAR_VDC_CO":67.6667,"Z_CODE":6,"ZONE":"Seti","AREA":"Hill Area","DIVISION":"Far Western Div"},"geometry":{"type":"Polygon","coordinates":[[[81.17000701591473,29.38667137121518],[81.19319694710795,29.401820318484493],[81.20203068014972,29.39574609814777],[81.22602157424697,29.41167890334249],[81.25184351418517,29.413334662290946],[81.25500922448116,29.41659405616705],[81.25048552328705,29.421836806145116],[81.26214906739496,29.433857847212604],[81.27834399202486,29.437630439685172],[81.28096806244223,29.442457519820444],[81.30290704755026,29.451356659256597],[81.30263999488709,29.45489064071918],[81.30824674712879,29.45989703386194],[81.30374596883362,29.46290076675455],[81.3035094144058,29.46731967516567],[81.29448505763095,29.468370407373868],[81.2914793851603,29.474358879898833],[81.3175681979881,29.48289571176704],[81.31531006614173,29.491071717199258],[81.32700426996972,29.49442276720701],[81.33927048334915,29.50456716209323],[81.35082710170352,29.523898382323992],[81.35113975883219,29.53001086401618],[81.36229226762627,29.53808978002076],[81.37149948046641,29.550017338027466],[81.39996833774762,29.558424516273917],[81.40245503827781,29.566602490894677],[81.39761858565822,29.571147211152564],[81.39838132178637,29.576855378700287],[81.40209619248192,29.58468626461063],[81.41883256369034,29.597844046618505],[81.41806927407508,29.62400276839805],[81.42192149744344,29.62935624321969],[81.42066272761497,29.634652435063348],[81.4274746809248,29.643995746876524],[81.44107593036922,29.649585840322615],[81.44640055906186,29.647245814758517],[81.46622643279979,29.65905526983374],[81.48052954081766,29.661744569122412],[81.51585611626015,29.679445477709635],[81.5150015952908,29.687743558743115],[81.51851056763574,29.6916285090812],[81.51458180585468,29.700836268380936],[81.52444508996612,29.71056677685966],[81.51171302290166,29.730591879996116],[81.5083029356313,29.74281869409498],[81.5132993154122,29.753516071393133],[81.54559017699721,29.750020664911002],[81.55244798723677,29.754277558220277],[81.55418709425508,29.763121123769086],[81.56060240255235,29.770625919733888],[81.54667261274929,29.794646523338336],[81.5479540624735,29.80101076285154],[81.55844288320955,29.809921196843277],[81.56501778161997,29.851425091295283],[81.55739697955552,29.856072758308652],[81.54169745144168,29.877936327256467],[81.52756198530368,29.885728827196075],[81.51333509765217,29.886859586248338],[81.50559981962407,29.89440996220333],[81.5169429952123,29.904344555935666],[81.51199961646026,29.9161536765179],[81.51686638408094,29.92276970960584],[81.53492259528863,29.927585553907797],[81.54937076306423,29.923168747164212],[81.57021885133084,29.933469646541912],[81.5849033585453,29.93686079133095],[81.59103666041015,29.930666391359452],[81.60263175694348,29.93016496357383],[81.6128992776788,29.943238743256597],[81.61865113621869,29.93850904367706],[81.62661513298359,29.938375650320747],[81.6448238224194,29.94811771524922],[81.65307016021171,29.942863578543836],[81.6707145665301,29.940687740249327],[81.6873594652761,29.94928166931927],[81.69793249537554,29.941487216252163],[81.69748260314638,29.931501275470374],[81.70964990088632,29.92688037262731],[81.71077912318903,29.914315961253962],[81.71599700122029,29.909431773850528],[81.72655458190366,29.912347979431946],[81.73338203284146,29.907942513480734],[81.74221567126246,29.907303733203335],[81.75498550318251,29.9085492897392],[81.76171363592559,29.91242284180993],[81.76936492134769,29.909531679318587],[81.77996829733517,29.911063281710355],[81.78263826441466,29.90856874181668],[81.78867989678638,29.90963302516914],[81.79922241812648,29.90169171991009],[81.79874192284478,29.896698745530184],[81.7936385788315,29.8955429309512],[81.79720894953243,29.878803759884466],[81.79526405411407,29.86040718278525],[81.79154153944283,29.853810234559262],[81.79421155130531,29.84884972511332],[81.780694286137,29.839515854856565],[81.78338725581703,29.830523590583912],[81.77919958363285,29.81439079126083],[81.78035922488374,29.807067278458263],[81.77365406670255,29.798156893102156],[81.76452286655271,29.801829975310774],[81.73979192652945,29.792507394863684],[81.73614585571329,29.776920053040396],[81.7301806247579,29.76922263748724],[81.73284309857301,29.759196686352265],[81.72679401885364,29.7479633781493],[81.72702311694472,29.734142127062675],[81.71403224900479,29.722317501620722],[81.70869279799186,29.70027246101509],[81.69706758393009,29.678328414466556],[81.70215609962925,29.655528275528788],[81.70056190709151,29.648073129239098],[81.70361329428242,29.645431741227206],[81.6993948760144,29.64208460186891],[81.70262929856253,29.641975937127448],[81.7028506055849,29.637206109733313],[81.70951024201126,29.63235245427027],[81.70969341498818,29.627149698849852],[81.71579620723784,29.62087328743494],[81.71994602484267,29.621167047885024],[81.72068605904083,29.616437277935688],[81.72794827473429,29.614995556575373],[81.73691936493687,29.606600318900625],[81.77377194288295,29.605828417083675],[81.77792187413854,29.599769396364675],[81.78969247538832,29.59667994242348],[81.78988330888193,29.58969970475523],[81.79854172184751,29.57659947561032],[81.79757335740015,29.552162898957032],[81.79038765690953,29.540553859711544],[81.79288993362769,29.530604189923633],[81.78460560023457,29.527407660806503],[81.77713764138544,29.516286853019782],[81.8039138893364,29.47516673122154],[81.80822424299323,29.45635446702122],[81.80316680428517,29.447386885685678],[81.80543256747131,29.439367267284112],[81.79903256011929,29.429171450171104],[81.79791921176015,29.407094036227765],[81.78934526197142,29.389042556313377],[81.76887833568702,29.39210328675108],[81.76652891488862,29.385756193345152],[81.76035757665713,29.385775181529716],[81.74967822019666,29.36657555703232],[81.75253910225572,29.352405322508137],[81.74819866214835,29.347110959882514],[81.74819897079873,29.329555459495815],[81.72993659196531,29.33523476567441],[81.70319166473365,29.33061714693129],[81.6909178190277,29.32059289619613],[81.67830050636856,29.321485282390523],[81.67004670751311,29.31691368507514],[81.64837447996969,29.321204527281616],[81.64195117513577,29.33446499431665],[81.64369007210811,29.35553352414239],[81.63914357004445,29.355737530423344],[81.63473423032475,29.364424630346747],[81.613672236493,29.370800017422372],[81.60844687582116,29.36729456932897],[81.57628581700718,29.362869505911128],[81.57317348532037,29.360781113423194],[81.57099958391349,29.350461388249556],[81.567025257328,29.347850419736712],[81.5610521938955,29.351487313185494],[81.55845081402558,29.357918255359884],[81.55038779004926,29.349555208204755],[81.54737478630125,29.338259000898844],[81.52891438219345,29.326108176262032],[81.52388748704195,29.315134253830855],[81.51520647401523,29.312073131027365],[81.50796712299956,29.314621014171685],[81.50000342030646,29.297324784548962],[81.49076559964327,29.290636217344844],[81.48386975765119,29.279618405271954],[81.46820887938915,29.271979982817427],[81.44300453544275,29.287439170554833],[81.42880818992114,29.28630040332178],[81.41680895206619,29.276855940089177],[81.40519084504385,29.28419648463261],[81.39590712306307,29.28516139080865],[81.38782844342467,29.300044838683995],[81.38205373448345,29.302737686820326],[81.38276327390672,29.29672248236534],[81.36654560279355,29.284585040856424],[81.35429447650071,29.284100459476218],[81.34847392804433,29.290882279458476],[81.3435917674406,29.291759513798496],[81.34058602633819,29.301768301855876],[81.33246178224839,29.30463276480936],[81.32979169297059,29.314393624987385],[81.32236168387288,29.314036887233293],[81.3170064259375,29.323137831490364],[81.30922547267329,29.325142165386673],[81.30405353174322,29.320322679987424],[81.30268802304032,29.322306118729685],[81.29508275811128,29.310386208638818],[81.27927684599607,29.308398732042633],[81.26808616429359,29.30183982974764],[81.2680784685956,29.305822000121772],[81.25373682982139,29.325744108858242],[81.25320280516083,29.32811089952098],[81.25824510355375,29.330605542981676],[81.25862639438559,29.338095003293084],[81.24901445688347,29.350756577756034],[81.24201919926668,29.35425423600245],[81.23688533721148,29.353157546815993],[81.2354206306865,29.35688413723916],[81.22283376044338,29.36222595598532],[81.20076488946665,29.36521611190462],[81.17707852556045,29.384993153479915],[81.17000701591473,29.38667137121518]]]}},{"type":"Feature","properties":{"name":"Banke","DISTRICT":"Banke","DISTRICT_NEP":" \u092c\u093e\u0901\u0915\u0947","COUNT":48.0,"ID":7,"VAR_VDC_CO":184.0833,"Z_CODE":9,"ZONE":"Bheri","AREA":"Tarai","DIVISION":"Mid Western Div"},"geometry":{"type":"Polygon","coordinates":[[[81.5044169020564,28.12789693615798],[81.49959547388455,28.146489902110822],[81.50633885434719,28.1522649072244],[81.5122508944723,28.14871954853429],[81.51500461335404,28.156146114391323],[81.52242699342007,28.15729051286204],[81.52210654032534,28.16108768969676],[81.51696501279946,28.161694104927594],[81.52269380934979,28.168155679338128],[81.51881091235462,28.17181167979825],[81.52393713853029,28.173942057250624],[81.51853622929933,28.175616485832172],[81.51825392473339,28.178999806584816],[81.52923108035601,28.182720840905993],[81.52827733065254,28.195243324484515],[81.54074956741158,28.203739938411772],[81.56160545635645,28.207333319221032],[81.56215452718814,28.217805611260776],[81.56400828807692,28.213627019821057],[81.5723002535458,28.217679868224625],[81.578563041915,28.223695171242174],[81.57560316156622,28.22827425464244],[81.58291876706846,28.22800925176173],[81.58278136107378,28.233826126472955],[81.58947132964958,28.240323949669538],[81.59004354232977,28.235125004517325],[81.59417043544103,28.23828142834471],[81.59681753987184,28.234501446331624],[81.60649790969208,28.235975815545828],[81.61051799531731,28.23976160504595],[81.61256224788,28.248816886959837],[81.62084664626022,28.249118327185705],[81.62315031658453,28.254921883152175],[81.6408479961338,28.262497401495498],[81.64323559955871,28.267009802723177],[81.64720236130317,28.26625461373553],[81.64428818991267,28.274508818887664],[81.64656139810592,28.277186518595826],[81.64077905641517,28.279721076035806],[81.64606546555818,28.282564738757245],[81.65343427854842,28.293836223908166],[81.66213834853902,28.287378650596697],[81.67679948308435,28.32239262101726],[81.6805144737539,28.32374104025773],[81.67849312244127,28.313800831011193],[81.68454223797082,28.324448653632963],[81.68958456322989,28.32583714080182],[81.69142297050973,28.327542176918218],[81.68457272635887,28.32595722745207],[81.68488538260647,28.332374866844187],[81.67597544729841,28.33278097867081],[81.67364108663038,28.337684288648212],[81.70208730688238,28.334509216821278],[81.71130253851553,28.324395601286078],[81.72520918395578,28.316091953541992],[81.74807145066032,28.312487695947706],[81.75380043530971,28.30749670023286],[81.76123043291561,28.309232324413834],[81.7674476905913,28.300793167062423],[81.78640426845394,28.295241635729944],[81.79330829290443,28.274022523228343],[81.79810654015687,28.27366594478316],[81.80848095941118,28.283022669919127],[81.81453032303482,28.278807897646576],[81.84355636397054,28.27203972286723],[81.86467205031705,28.24984623111871],[81.86091908097649,28.23873880732449],[81.87677081613066,28.23919673733584],[81.88290394867425,28.243548986488232],[81.89650549565327,28.233328626422036],[81.90931353872246,28.23228175740637],[81.92157241234429,28.226913227512018],[81.92091648269624,28.220388780341178],[81.92695059632777,28.215845974095508],[81.92670659547873,28.209495084992508],[81.93801188613533,28.206367470630695],[81.93853069205228,28.201790262360937],[81.95195674521581,28.19411597565493],[81.96268985087137,28.194428893955852],[81.96526840555516,28.18452116420366],[81.97792389236228,28.182896420238414],[82.00257919113001,28.158071074674233],[82.01790497752268,28.134494803122188],[82.01647878155275,28.116191642792412],[82.02103320043442,28.099351363168104],[82.04373528839636,28.095369486236088],[82.0495329349494,28.090189680399668],[82.05479648773326,28.091416062713403],[82.07726223086246,28.079519413708486],[82.08524917329396,28.077061173395546],[82.08886497911067,28.079452816927432],[82.10650950033346,28.073144122145735],[82.15941267740851,28.046890677664972],[82.17418121330897,28.046011668048124],[82.18054344836634,28.035661522211065],[82.19012473201809,28.032551050272527],[82.19393141148963,28.025280955439783],[82.18931646465519,28.012554324090097],[82.19067447471105,28.003104296799272],[82.18596027855611,27.995101733061357],[82.19333727682661,27.973545047182427],[82.18979777946957,27.969656272645988],[82.192689189353,27.954425621564862],[82.17672305708885,27.95179350872646],[82.15307495155321,27.96133669111264],[82.14710955436965,27.962084223804407],[82.14158667155166,27.958746596290673],[82.13353105447453,27.96227094619983],[82.11955610911787,27.94882518574922],[82.11413995221447,27.949711949641298],[82.11401784415482,27.952929350098135],[82.10005799361868,27.949090024215216],[82.09510707589637,27.95541414660915],[82.08805855414771,27.949995772714146],[82.06978093771349,27.952663666760127],[82.06385389150893,27.940955449042768],[82.06820975767724,27.936925648562305],[82.068888778985,27.93116980721799],[82.06513571156387,27.92579152765908],[82.06816419005915,27.924836073630097],[82.06695895110683,27.92224802291615],[81.9682935162485,27.929019097639145],[81.93817730116373,27.893816091181478],[81.93811637058872,27.88799730333779],[81.92547636417557,27.875865606008468],[81.92622420914502,27.859843448886583],[81.90127191497862,27.85373444595315],[81.88554979176055,27.857064166738223],[81.8736569603351,27.86948162034123],[81.83279894725244,27.89813828132448],[81.82121136735616,27.90352780366497],[81.80496294454277,27.903447491831027],[81.69839326152385,27.98827146867314],[81.64352995639823,27.99388929581362],[81.62441314688819,28.001449085349993],[81.61714316690362,28.010475642922213],[81.5867133805072,28.02485343181647],[81.54735824485964,28.049270466000987],[81.50496709950752,28.06893097218533],[81.50400581352238,28.075852090547404],[81.51428887211767,28.07447905695827],[81.52480822834487,28.084322110529676],[81.51061173328665,28.0909531698024],[81.51182455709005,28.096276104799816],[81.50346373698311,28.104425347963286],[81.51105390660743,28.107726760904875],[81.5012207846873,28.11756955462568],[81.50589689169304,28.12254161377208],[81.49870327611207,28.126710601847034],[81.5044169020564,28.12789693615798]]]}},{"type":"Feature","properties":{"name":"Bara","DISTRICT":"Bara","DISTRICT_NEP":"\u092c\u093e\u0930\u093e","COUNT":121.0,"ID":8,"VAR_VDC_CO":815.3906,"Z_CODE":3,"ZONE":"Narayani","AREA":"Tarai","DIVISION":"Central Div"},"geometry":{"type":"Polygon","coordinates":[[[84.9173037722079,27.034057972610366],[84.89896513123304,27.033565636264832],[84.90213841584695,27.040072978546153],[84.90010151854234,27.046130145902968],[84.91756239114,27.072603961196677],[84.93128594135828,27.068665850893876],[84.93584767259847,27.071042266179926],[84.93600016879532,27.074732658882986],[84.928745527593,27.076906729535793],[84.92752485707747,27.08350936232067],[84.92422175749603,27.083854510270232],[84.92832571799066,27.089694354403058],[84.94027170947751,27.09315797625372],[84.93857036788368,27.103996444656364],[84.94170559616872,27.10605243177632],[84.94162920760755,27.111434487986138],[84.9513781425474,27.11900423084489],[84.95503198802678,27.126873305729077],[84.95516914155498,27.134955929686097],[84.94681593340586,27.14118845815393],[84.9524988760078,27.151840137611234],[84.94917279889636,27.156930344537997],[84.95062973236955,27.16148852333813],[84.94653331636107,27.159995138825746],[84.94471005279549,27.16401925649672],[84.9532228078748,27.191030754597076],[84.95990516932186,27.19652925377704],[84.9652212197658,27.244357550144997],[84.9729331320801,27.264161807949815],[84.97217014717792,27.271595975920523],[84.96265729526924,27.284392991038235],[84.95760698911617,27.300321662065247],[84.96227532487363,27.312413243327274],[84.9677067225029,27.31316284953217],[84.96903392783591,27.319979124196415],[84.96399887370463,27.33612330575838],[84.96966636600763,27.356404323866194],[84.97739392893564,27.356097389822587],[84.98019343957097,27.36155196241601],[84.99557218664401,27.36574227428689],[84.99922619076642,27.36542192600655],[85.00397892461778,27.352870863622083],[85.01320159557865,27.355407555563538],[85.02149371884464,27.35210063995514],[85.02095963980953,27.35674270244212],[85.02456020012723,27.358705245274926],[85.03195207145993,27.36055913884761],[85.03649102491644,27.357402831166123],[85.05617210234361,27.365674572649763],[85.06147393580369,27.360450896306663],[85.0654940530255,27.362636585768822],[85.06731728188743,27.36041665955706],[85.07081863268976,27.364416067008822],[85.08705954066212,27.360930003012516],[85.09133915271323,27.356595055410004],[85.09490208932188,27.332475032212464],[85.10407928733291,27.320067077420227],[85.11679585425657,27.317917889242395],[85.12087735496723,27.30217801331602],[85.12553069279812,27.30114630370406],[85.12639286413305,27.29291875100727],[85.13675226986373,27.29024123709786],[85.14478510787028,27.28298836595454],[85.14528115197913,27.272977595581033],[85.15563308657623,27.262400549369428],[85.16770124278662,27.260196042741974],[85.1709510441439,27.254793058321752],[85.18095949555416,27.254591056265934],[85.17730559506447,27.249647592187316],[85.19247092407734,27.245124006033524],[85.2015791188892,27.250292603930742],[85.20839899699534,27.24539507842801],[85.23179530916123,27.24340054204665],[85.24296316680417,27.248696954151256],[85.25152229473709,27.244981907090985],[85.25809055356723,27.23421598980578],[85.25779314588088,27.22922489918407],[85.27101320151681,27.22647114426484],[85.26256866864776,27.221685898977974],[85.2653303117689,27.213372552139663],[85.25139370501395,27.190120010273073],[85.24639009803604,27.159051992402933],[85.23182014095438,27.145453577833123],[85.23124060614975,27.134205029243912],[85.20457973773594,27.11607687409676],[85.197195624552,27.107496360598574],[85.20245968504548,27.08365671032762],[85.19425928584793,27.07748876481468],[85.20049191231631,27.06578832170438],[85.19721175484251,27.063204042698814],[85.19227615137922,27.06493568309128],[85.19218469661067,27.060572056664345],[85.18314526481585,27.04978491097351],[85.1882868527626,27.047143549441795],[85.19644916500934,27.050542270803398],[85.19799779017318,27.047410707666998],[85.19467189926564,27.04294404244628],[85.20047712238048,27.042082089214905],[85.20055346327257,27.039186992979253],[85.17724875750821,27.037603667129613],[85.17932376194285,27.033436514134774],[85.19136899208073,27.033463404480134],[85.1981888841839,27.027881199572604],[85.19498507935754,27.021787712636357],[85.18277208556516,27.01864639662663],[85.18145242610996,27.015980139806995],[85.18302394194666,27.01256250003668],[85.18736450395502,27.012207833128045],[85.18700606040301,27.00757910435001],[85.1775698249612,27.003221052050932],[85.16360268437283,26.980492981429048],[85.17229912224175,26.976879014016287],[85.16846247805806,26.954538259315076],[85.17562568239369,26.94718428956001],[85.17397802918111,26.943114343651914],[85.16918736732062,26.944718205997017],[85.16435101532873,26.94221781839665],[85.16397730017208,26.938323352966375],[85.17289502422551,26.93150914218989],[85.17861630172483,26.932378905648022],[85.17934868772612,26.92929310142393],[85.17813589214617,26.923209181143697],[85.16997357202423,26.92013086604101],[85.17705297442362,26.907124015631148],[85.17593934814107,26.901021024965512],[85.17074444060803,26.899582930454514],[85.17551993070867,26.893628792039163],[85.16432909978494,26.89252245276331],[85.1632077940214,26.889032297364135],[85.16841797769547,26.88948056608272],[85.1730562453214,26.878977803072154],[85.16571011179965,26.878514243470388],[85.1763747855197,26.86926649858725],[85.14001782636447,26.871197902198634],[85.13416691404005,26.867846896960295],[85.11115196200193,26.872511497795518],[85.09954157490512,26.871130518986913],[85.09610124761049,26.86711394609927],[85.08670306136905,26.867439927266968],[85.08935789340853,26.8596262557136],[85.08435374734323,26.8555123923534],[85.08722207282999,26.85294155951827],[85.07828148205242,26.858849861311928],[85.07822814117164,26.855859403590873],[85.06645756622818,26.854041678721888],[85.06395553689481,26.84972187905994],[85.06157539732486,26.8539138217941],[85.06465721022352,26.8569024194161],[85.06271194374699,26.858264115055427],[85.06078967176504,26.853971024950763],[85.05792135407506,26.8561451645579],[85.05743327052724,26.84923163262442],[85.02202216179022,26.85492973394767],[85.02876557526552,26.859364029963896],[85.02661422937982,26.86657694782796],[85.0301766661706,26.86774228954546],[85.02928399772198,26.875330941144078],[85.03611141233053,26.87515558672799],[85.03745395179901,26.87813652844401],[85.04169540559737,26.874638827976142],[85.04314470210208,26.879711946788564],[85.05223771477738,26.88132174731038],[85.04983475052936,26.88238782302338],[85.04837767186653,26.885267640718048],[85.05384723861243,26.884783302326802],[85.05518989923429,26.881499160888882],[85.05986602786089,26.885424208149615],[85.06023978863138,26.88699763668362],[85.00388106891764,26.89514613667906],[84.99273583733847,26.902959675947404],[84.99584052093768,26.90668635175738],[85.00221029051653,26.903461411015858],[84.99951729875637,26.912232485146856],[84.96762291382692,26.916309538993602],[84.97186418915322,26.92203686289715],[84.9701781795366,26.929036183186547],[84.97821074284137,26.935928852132594],[84.97482366558874,26.939624912171993],[84.9782793130791,26.940343972210307],[84.96232032797501,26.96054074810034],[84.95334172612282,26.959779644520957],[84.92941891855067,26.968735385163956],[84.90994364986774,26.96802942760238],[84.89562506448617,26.97299359230179],[84.89207787529625,26.972341282370458],[84.89223812444473,26.96959113320168],[84.88866025648679,26.97752112679607],[84.86621740997043,26.98381256247454],[84.86720137363503,26.98894479530121],[84.87408222302454,26.98681076869611],[84.88044425345547,26.989271127396133],[84.88026112015186,26.991967875123567],[84.88659264443707,26.99404107613993],[84.89056689715221,27.001242644005135],[84.9087755904967,27.015491457116234],[84.9173037722079,27.034057972610366]]]}},{"type":"Feature","properties":{"name":"Bardiya","DISTRICT":"Bardiya","DISTRICT_NEP":"\u092c\u0930\u094d\u0926\u093f\u092f\u093e","COUNT":34.0,"ID":9,"VAR_VDC_CO":95.6373,"Z_CODE":9,"ZONE":"Bheri","AREA":"Tarai","DIVISION":"Mid Western Div"},"geometry":{"type":"Polygon","coordinates":[[[81.10857580946825,28.46124657660855],[81.11483851152335,28.472580976155186],[81.14731202745958,28.498238563047213],[81.1532239456983,28.502003394031057],[81.16017339007068,28.501465658897665],[81.16811414575234,28.524227851814306],[81.19969506411731,28.554544648772545],[81.2324584938894,28.577576066208827],[81.24894310348361,28.59446237149531],[81.25963014648269,28.61213817222139],[81.26879171224542,28.617863617314224],[81.27108764609598,28.6302392818427],[81.28755698176987,28.64803149345886],[81.28533671497539,28.673314835614583],[81.30027303102092,28.67392913540589],[81.30209626344256,28.670597330386222],[81.3074055613196,28.673017598622348],[81.32112143885875,28.667628107746953],[81.3163081948929,28.652385932649242],[81.31024367021057,28.651129029237143],[81.31636184953469,28.63678336408605],[81.34554052104686,28.62474567091344],[81.3646038107397,28.623546304156253],[81.37934961424335,28.612330417532547],[81.40099136029843,28.606879999010303],[81.40153305347356,28.602051047561055],[81.40990146974268,28.595648780050187],[81.41682039325313,28.59558021079237],[81.42464721883024,28.58780667993196],[81.4217714333684,28.581368031528857],[81.42446430550503,28.577668153155717],[81.43074245097922,28.57735736490379],[81.43336683379265,28.56360669089107],[81.43799731509012,28.559569267955695],[81.453185500738,28.552289788939934],[81.46545950745464,28.55381759159173],[81.46910595245876,28.548452764458556],[81.4723403749297,28.548597751202607],[81.4761165587282,28.539809552367274],[81.4861402353056,28.539165057571758],[81.49119794992386,28.532428992024663],[81.49736164640375,28.533579096181118],[81.50611909189386,28.528309693520256],[81.51221421935696,28.52425893927227],[81.51621928569227,28.513584550105602],[81.53020214128696,28.509379416845395],[81.53613709365547,28.504109977632574],[81.53940209826699,28.500129752071782],[81.53882243348151,28.49465997546442],[81.55734408911097,28.495009227686655],[81.572601005237,28.48337758352744],[81.57452343259179,28.478546741769865],[81.60007107443148,28.463003621112474],[81.60789030110558,28.4536414149012],[81.61216980014918,28.45436619588553],[81.62629006266084,28.444494856535705],[81.6316071663595,28.43637037233733],[81.64301166873695,28.430322877740597],[81.6584593504712,28.415452857144988],[81.66979513221115,28.41336083686916],[81.67431105156193,28.417638683065846],[81.68822530232086,28.4106166563326],[81.6954876878868,28.3995856666401],[81.71664902477113,28.38414547584883],[81.72443760035715,28.38314049781177],[81.73225676458935,28.377642222114652],[81.75225075950202,28.374377404662283],[81.75768985476137,28.37006917343355],[81.76671420695328,28.370176093355962],[81.75165626002273,28.343721507076758],[81.75171747880276,28.332240329480904],[81.74352483613629,28.319057845942584],[81.745088747022,28.31328676227423],[81.71768755679535,28.31972120473519],[81.70208730688238,28.334509216821278],[81.67364108663038,28.337684288648212],[81.67597544729841,28.33278097867081],[81.68488538260647,28.332374866844187],[81.68457272635887,28.32595722745207],[81.69142297050973,28.327542176918218],[81.68454223797082,28.324448653632963],[81.67849312244127,28.313800831011193],[81.6805144737539,28.32374104025773],[81.67679948308435,28.32239262101726],[81.66213834853902,28.287378650596697],[81.65343427854842,28.293836223908166],[81.64606546555818,28.282564738757245],[81.64077905641517,28.279721076035806],[81.64656139810592,28.277186518595826],[81.64428818991267,28.274508818887664],[81.64720236130317,28.26625461373553],[81.64323559955871,28.267009802723177],[81.6408479961338,28.262497401495498],[81.62315031658453,28.254921883152175],[81.62084664626022,28.249118327185705],[81.61256224788,28.248816886959837],[81.61051799531731,28.23976160504595],[81.60649790969208,28.235975815545828],[81.59681753987184,28.234501446331624],[81.59417043544103,28.23828142834471],[81.59004354232977,28.235125004517325],[81.58947132964958,28.240323949669538],[81.58278136107378,28.233826126472955],[81.58291876706846,28.22800925176173],[81.57560316156622,28.22827425464244],[81.578563041915,28.223695171242174],[81.5723002535458,28.217679868224625],[81.56400828807692,28.213627019821057],[81.56215452718814,28.217805611260776],[81.56160545635645,28.207333319221032],[81.54074956741158,28.203739938411772],[81.52827733065254,28.195243324484515],[81.52923108035601,28.182720840905993],[81.51825392473339,28.178999806584816],[81.51853622929933,28.175616485832172],[81.52393713853029,28.173942057250624],[81.51881091235462,28.17181167979825],[81.52269380934979,28.168155679338128],[81.51696501279946,28.161694104927594],[81.52210654032534,28.16108768969676],[81.52242699342007,28.15729051286204],[81.51500461335404,28.156146114391323],[81.51208307147445,28.148656609690853],[81.50633885434719,28.1522649072244],[81.49884028944474,28.145032812494883],[81.50445504106455,28.12807048936939],[81.49870327611207,28.126710601847034],[81.50589689169304,28.12254161377208],[81.5012207846873,28.11756955462568],[81.51105390660743,28.107726760904875],[81.50346373698311,28.104425347963286],[81.51182455709005,28.096276104799816],[81.51061173328665,28.0909531698024],[81.52480822834487,28.084322110529676],[81.51428887211767,28.07447905695827],[81.50400581352238,28.075852090547404],[81.50496709950752,28.06893097218533],[81.47846593776941,28.08260887940531],[81.47983859800277,28.110165637518847],[81.48410272196746,28.118318855569058],[81.45000356623632,28.14094893415413],[81.44654759358667,28.160960853433913],[81.42584405131684,28.170986597207655],[81.4148591531919,28.174329731484278],[81.38999069483977,28.173839273093684],[81.37475680113633,28.177018337118607],[81.36696079996739,28.165420722067676],[81.36847128624044,28.161053315864677],[81.3771829144104,28.158778168977786],[81.3784263893122,28.155572227494027],[81.37134747841124,28.14245460459048],[81.334502515459,28.14026279876044],[81.31808638260338,28.133619909972452],[81.31549268418195,28.137039437917785],[81.3184142153894,28.14529943928003],[81.32796487810344,28.14834722125352],[81.32022952539745,28.160324167842433],[81.31070177411402,28.155641939335567],[81.30979391700548,28.16075505760606],[81.30186796094513,28.166146534824588],[81.30450733585029,28.16857630582354],[81.321304987312,28.168896922082027],[81.32480630655219,28.17511244151518],[81.31841362033741,28.182445439437114],[81.3206484920804,28.197327134665183],[81.29966250251782,28.219915421001776],[81.28614490409429,28.228598606906008],[81.23278353986984,28.28904576251005],[81.23462140336838,28.324711812117485],[81.21345216048617,28.358336896951005],[81.0894146300705,28.382161645663555],[81.07987913412818,28.385003213129227],[81.06738372852094,28.39451030941237],[81.06633853794153,28.401130089776647],[81.05920591169169,28.40801107697588],[81.06455318803025,28.42085213092882],[81.07688041666697,28.433496832945526],[81.08537071454904,28.437692716498738],[81.09143493923467,28.45783633965364],[81.10857580946825,28.46124657660855]]]}},{"type":"Feature","properties":{"name":"Bhaktapur","DISTRICT":"Bhaktapur","DISTRICT_NEP":"\u092d\u0915\u094d\u0924\u092a\u0941\u0930","COUNT":18.0,"ID":10,"VAR_VDC_CO":28.5,"Z_CODE":5,"ZONE":"Bagmati","AREA":"Hill Area","DIVISION":"Valley Div"},"geometry":{"type":"Polygon","coordinates":[[[85.42854662654328,27.624774464244027],[85.41818737170448,27.620116967629258],[85.40433396513667,27.632513396252183],[85.39344056665638,27.635490323015624],[85.38462950199289,27.648994903645903],[85.36978454677347,27.654533105489683],[85.36926568666019,27.66085729754017],[85.36085919451381,27.66132441925963],[85.36355193937558,27.665016758603635],[85.36102685892445,27.669126684907333],[85.35203301429178,27.667976510640873],[85.35708270569069,27.682629436833572],[85.36127069253787,27.682509352813067],[85.37160695149154,27.692495501960718],[85.37581785106867,27.691034672686907],[85.37553552752209,27.69459536827447],[85.38485745553764,27.69268643565223],[85.38506334332591,27.696508422510252],[85.3896784982587,27.697437293167674],[85.38860280142556,27.70201640852811],[85.39564382263629,27.701038141408475],[85.40705568102035,27.71114636786664],[85.4119225744394,27.711989419782213],[85.4103128747152,27.71732567576865],[85.41500434925436,27.716519016417216],[85.4152026078673,27.720367703586884],[85.42016869602863,27.7199634631817],[85.42105351166002,27.723703452465443],[85.42747657548402,27.725536354984797],[85.43931577992187,27.72804830136963],[85.45635776578827,27.71985725365201],[85.46867759519311,27.720614605044005],[85.4750397706465,27.715757128481457],[85.51234234319547,27.727370544561744],[85.52427316344586,27.726285556850293],[85.51948269717795,27.718536615987517],[85.52129875605002,27.69431930586622],[85.50643868661993,27.692894400136076],[85.5031890630031,27.68954152869105],[85.4914190729271,27.65996482603537],[85.49277708512223,27.652263665134935],[85.48012180206297,27.641979956177185],[85.47669660015156,27.644682370804166],[85.47688738670875,27.640957656038356],[85.46327867418806,27.624879926030488],[85.46015866777287,27.624673899862252],[85.45400995688375,27.635853674656524],[85.43809738772092,27.62381721688294],[85.42854662654328,27.624774464244027]]]}},{"type":"Feature","properties":{"name":"Bhojpur","DISTRICT":"Bhojpur","DISTRICT_NEP":"\u092d\u094b\u091c\u092a\u0941\u0930","COUNT":63.0,"ID":11,"VAR_VDC_CO":336.0,"Z_CODE":2,"ZONE":"Koshi","AREA":"Hill Area","DIVISION":"Eastern Div"},"geometry":{"type":"Polygon","coordinates":[[[87.22371460154208,27.23090965180265],[87.23760622640381,27.21714959094333],[87.24703549943852,27.191570651961058],[87.25819601950718,27.183999343019586],[87.26012614862097,27.177545477821415],[87.27191206557144,27.175928398111328],[87.2754368102005,27.15690242554448],[87.27030302189084,27.151213214019574],[87.27215686048405,27.14504923861058],[87.26925052553304,27.14116044530938],[87.25727416692331,27.130655480742487],[87.24459585647818,27.126406056999777],[87.24512239777503,27.11820709592945],[87.23811191929951,27.117156115053387],[87.22779088217466,27.108510681503812],[87.21791212568593,27.10740243460173],[87.20228958835678,27.087893605433678],[87.19177769723905,27.085747841306343],[87.19119048363953,27.077878802658734],[87.18316547839005,27.074516301157463],[87.1788406618842,27.052349061225744],[87.19847714283746,27.008100900888028],[87.19640242266844,26.998740419638604],[87.17987188422796,26.989114585803286],[87.17822427802189,26.983232810332957],[87.17331921226624,26.983349062152],[87.16936794876898,26.97195930714494],[87.16019871990851,26.96684980790248],[87.16399018888396,26.959871498696746],[87.1574374907733,26.955282705860725],[87.16131292035855,26.94609588220201],[87.14829904637998,26.937751736349714],[87.15038933193557,26.93302959236494],[87.15824665577733,26.92990004573853],[87.15370784665458,26.925730868049957],[87.15609575668829,26.915655271454053],[87.14907740869188,26.925595377047667],[87.13545304163253,26.9273630953982],[87.11564979955965,26.92309257020139],[87.10871569959275,26.91763981797256],[87.09334449101028,26.91653529152265],[87.0925283960694,26.909898286774165],[87.08277924444494,26.91230497924835],[87.06578326865791,26.907397505668907],[87.06170962316456,26.911003914220807],[87.05061048174882,26.902465270819242],[87.04163174631205,26.907313168942828],[87.03911450098495,26.901418028220956],[87.03236331517293,26.903687456291607],[87.01409353897384,26.892177300462834],[87.00540479425916,26.891887257990142],[87.00211707080686,26.886413591040032],[86.99167363897588,26.893279261809468],[86.98038354588735,26.895916697372517],[86.97756080792882,26.906524389555603],[86.96887217966331,26.900854189542535],[86.95155562476411,26.9046110360742],[86.94980101744386,26.908078260791964],[86.95710118972416,26.917763052541723],[86.95608649474178,26.92320612953479],[86.96506502578305,26.927772076587896],[86.96466805152451,26.94153428764353],[86.97299792541155,26.95731826183788],[86.97236440626176,26.974028969970686],[86.96752021427253,26.98126473000199],[86.95845004860314,26.98107003989818],[86.95706158518807,26.985424109651692],[86.96600955756347,26.99202501810457],[86.96713059761498,27.00747701661007],[86.94468755978035,27.0204054046788],[86.95018743330935,27.029807901367555],[86.95396309245017,27.048212260904272],[86.96206440560199,27.05046859676365],[86.96464263972793,27.058082106971103],[86.94621181740314,27.0859132726595],[86.92337225768507,27.091785083759607],[86.9031719723477,27.10469443708346],[86.89479576554442,27.114964458185682],[86.90671870739428,27.126365790435464],[86.91716192976531,27.129016953184568],[86.92276820368883,27.156566272016846],[86.91285098854515,27.170095636457372],[86.91664215456467,27.176913872302325],[86.91646653230988,27.184658928497843],[86.92968614475856,27.203168344173946],[86.92834310719377,27.223243299991758],[86.91320817433247,27.231844418025844],[86.90067432844685,27.24947417225796],[86.89512084696017,27.249788759901843],[86.91233014324202,27.26678203568074],[86.94824466015848,27.266170460100966],[86.95131876816156,27.27240317869941],[86.96553783626092,27.284597937991006],[86.96570541569375,27.295745408620107],[86.98534063809053,27.308317884979473],[86.96839775099731,27.317967918011647],[86.94867793630176,27.336282220830817],[86.95121803907475,27.34326635850335],[86.94674760800073,27.35185812551348],[86.93380979519846,27.35407785547766],[86.93155934563875,27.357344815095022],[86.92383911317786,27.370649166212182],[86.93069673411738,27.384655615538776],[86.92002448906553,27.38991542977185],[86.91043520279513,27.407585281760234],[86.90642207978527,27.434102637882813],[86.91588878364243,27.44032211744744],[86.93312126959081,27.443225148529027],[86.94017737472588,27.45056791471458],[86.94029160726346,27.459293263690462],[86.95484661287536,27.458256014852836],[86.96324565601466,27.45026698745936],[86.97504686090149,27.446956331941276],[86.98042499306518,27.44192719402028],[87.01007670635566,27.436070769299494],[87.04213859990595,27.44793590272999],[87.0568920773958,27.44097305092019],[87.07257563867088,27.46005466343442],[87.09425564783972,27.455535032670884],[87.10870365296655,27.46365415432775],[87.11052694642214,27.45890721616893],[87.13795880524849,27.45277230720305],[87.14020168237468,27.447062250557636],[87.13326771301102,27.436109192738364],[87.12745490482841,27.434690147360172],[87.12390024681399,27.426824874040893],[87.13015592465531,27.409341866605928],[87.12506031309293,27.402220365858216],[87.13161327807437,27.394601298228668],[87.14203368585271,27.39395685674684],[87.15470474071577,27.381264798901768],[87.16860380517282,27.37587154101412],[87.17596543811723,27.365700680452644],[87.19224473964353,27.352442253831136],[87.19200075919038,27.346697822691898],[87.18450989781417,27.33651143972739],[87.19123073010397,27.327021430433685],[87.18216844172566,27.315765091219916],[87.20139994818918,27.301896418117327],[87.19971423579803,27.29453467198681],[87.20683945422506,27.28141911928487],[87.20459688764595,27.2731934103184],[87.2097995747412,27.267904891512867],[87.1972585487227,27.264990496901014],[87.1987614225615,27.26144507518288],[87.20425389652985,27.2603046788791],[87.20555090370974,27.25225830758342],[87.20271327501517,27.246122857592013],[87.21108168481344,27.243698979859968],[87.2155521450963,27.233930480722375],[87.22371460154208,27.23090965180265]]]}},{"type":"Feature","properties":{"name":"Chitwan","DISTRICT":"Chitwan","DISTRICT_NEP":"\u091a\u093f\u0924\u0935\u0928","COUNT":39.0,"ID":12,"VAR_VDC_CO":130.0,"Z_CODE":3,"ZONE":"Narayani","AREA":"Bhitri Madhes","DIVISION":"Central Div"},"geometry":{"type":"Polygon","coordinates":[[[84.4714640348788,27.752646918743118],[84.47056372399932,27.760929771610595],[84.4614857137949,27.773015407428662],[84.45191963155689,27.777722170576258],[84.43933278765134,27.778477217909007],[84.43127705285501,27.786889647857834],[84.43342772444768,27.81411271390989],[84.44021693486236,27.81659786939612],[84.44580078103407,27.82317199194208],[84.4649252150531,27.81893644976693],[84.46615327715563,27.824408157201827],[84.5170957683817,27.81615850339073],[84.52196235754262,27.832331433291316],[84.54611382315751,27.8317939854529],[84.55517626085937,27.835816361277324],[84.55878404803174,27.857966361801694],[84.57632921321537,27.86360615559245],[84.57694696718593,27.870931628870675],[84.5805398661439,27.87439511689883],[84.5907312755299,27.879836449780836],[84.60856659340725,27.87162633549118],[84.62175588888627,27.880483468233713],[84.62717972221503,27.877750569782165],[84.62849193656976,27.87106212344465],[84.63385473308605,27.86882508981767],[84.6354950027931,27.860376324863065],[84.64898199386664,27.859745261013675],[84.64730387598695,27.85339624493741],[84.66038662735146,27.849528696689703],[84.66398740101535,27.840593632238363],[84.6610049300037,27.82919439256813],[84.66569646203085,27.82530764076439],[84.66160770057179,27.822723352685674],[84.64086613670726,27.822391178979945],[84.62368712964069,27.816892520760568],[84.61831689932619,27.80928280321091],[84.63506124150304,27.807066926154206],[84.64558854695771,27.800083011007622],[84.64468089216274,27.793884673504863],[84.63719743597169,27.794557789691723],[84.6380520444509,27.782943098708934],[84.64759512521292,27.78422868489442],[84.64967776751409,27.779479848145893],[84.66500315238892,27.78126139085818],[84.67479041952315,27.77861056889876],[84.66858879585479,27.765918212244255],[84.6814885419401,27.758283986690234],[84.66991668568647,27.7380429408163],[84.6745243740601,27.73069847589463],[84.68051265859796,27.73049831605576],[84.6927640212737,27.721414625626238],[84.70271892806207,27.728143300705785],[84.71500829294914,27.726137143536125],[84.7234299572036,27.729707510314757],[84.72869359375552,27.72707568914461],[84.73777125406063,27.732909885045657],[84.75743717258997,27.73560122039127],[84.77009291765047,27.722661225668826],[84.7873789631246,27.716199983000763],[84.79647976338256,27.709231302472446],[84.79077401328821,27.695095218355892],[84.78607499079123,27.69197691035852],[84.79212440184759,27.686806649215413],[84.78342817567768,27.680182887341793],[84.77988877465356,27.671655844092964],[84.76998720284956,27.668094989384677],[84.76754634425194,27.656770134919114],[84.75386106729503,27.65454805917515],[84.75235836864906,27.64984493747399],[84.74401296667064,27.647308261446828],[84.74585887007686,27.655682703943878],[84.73189129266854,27.65601051951936],[84.7274440654585,27.649903669657988],[84.73001490053132,27.64637352555827],[84.72250856325901,27.646752936270268],[84.71764943111121,27.63922904758094],[84.72285223913663,27.626542588363474],[84.7316630686001,27.624219784706344],[84.73160218118682,27.61713652868324],[84.73493580355867,27.616200156955934],[84.73830779747196,27.603616656192706],[84.7330901240801,27.596432238957224],[84.7309620874761,27.582073070109566],[84.70977082933175,27.562014958610312],[84.70317234513368,27.558524721774155],[84.69049386139997,27.564061059175703],[84.6799974488703,27.551580329336158],[84.68330830579083,27.54453336165887],[84.67892998528741,27.525507295051376],[84.68066949501296,27.51333571774003],[84.69120462356426,27.496510764573582],[84.69679664196325,27.47541937868348],[84.69086943529399,27.472922791624818],[84.69313514339355,27.468944455070478],[84.68606375381246,27.4626048881095],[84.69202158343144,27.45949818880209],[84.68534679443023,27.45702256912647],[84.68597238505708,27.453789913346185],[84.68103692169862,27.448552727977244],[84.66777123430657,27.4447019314453],[84.664788830838,27.429522661107715],[84.6617374082662,27.43303754166451],[84.64677058845571,27.42930114977707],[84.64297901643555,27.442914522598926],[84.634938667942,27.44447637645042],[84.628278963293,27.450876760334193],[84.60682787731366,27.45432460539102],[84.60127447455766,27.451149069635886],[84.58477417418514,27.4564927256183],[84.5758566407986,27.453982743013235],[84.57308744261752,27.4588612595342],[84.56165241294457,27.46303589417007],[84.55778490223157,27.458882002815233],[84.55603833143816,27.441848976698395],[84.54781522377606,27.426763078637403],[84.54835700760012,27.418032029636695],[84.54172028412627,27.419506175690763],[84.53248240778495,27.414423406565035],[84.54623650570205,27.408223384497163],[84.54587042766534,27.403842592708003],[84.5347253962156,27.40179983480726],[84.53966889567941,27.38591884541503],[84.53045389977234,27.38105349481648],[84.51987327093482,27.38408955894702],[84.50408256936151,27.38117896464553],[84.50172548634704,27.376594074388755],[84.49534052595256,27.37669505712844],[84.48780378245037,27.371423503897514],[84.4838905220461,27.366142470183306],[84.48588930371707,27.358590078574373],[84.47597995576037,27.36252824840228],[84.47084619577303,27.35504249912792],[84.4647586534113,27.35979318492032],[84.44645808081596,27.36379607101343],[84.44119437148092,27.37026322888142],[84.42425169448755,27.372040460035297],[84.3918463882571,27.36823133439553],[84.38762781203043,27.372400359671797],[84.37285154911562,27.376693191168762],[84.35615307587251,27.373506044871753],[84.33260417784571,27.37745545200807],[84.30057234491848,27.390482894206684],[84.29488931253798,27.384480922115756],[84.29186846250266,27.385003443004273],[84.28249295892937,27.39658558762071],[84.27642078196837,27.39570438016422],[84.27817493099344,27.415710693380394],[84.27359779288851,27.421395918782522],[84.27262121790407,27.4288739448451],[84.25866871575238,27.43881394022896],[84.25949244718313,27.44587622870128],[84.25419822938586,27.452185089846814],[84.24413634319154,27.454746276459407],[84.23917793510272,27.452581555914467],[84.2317020479046,27.456359560464804],[84.2209385630786,27.4477065368989],[84.21955033434958,27.440466872659396],[84.20855779258103,27.44265996051661],[84.2078023237743,27.456343942869292],[84.20389652909728,27.459649021455085],[84.20885486879243,27.465422120282728],[84.20583394744322,27.469736108653112],[84.19449047416899,27.47332143014317],[84.1911416901509,27.469301051130294],[84.17166630753822,27.475714593569254],[84.17111699877084,27.47916466800108],[84.16364872306727,27.48387718937497],[84.14892590451102,27.486003470181608],[84.14443258002119,27.49697539004784],[84.14991731271063,27.50090616351222],[84.1511146738487,27.51650307195526],[84.14590444415505,27.51886217108402],[84.1241942145582,27.511126336740556],[84.11754221592591,27.513742883210096],[84.11666484647694,27.519332804587343],[84.10865499857285,27.521810106786198],[84.09786855169891,27.517288029474518],[84.09976051885855,27.51047562313841],[84.09547376027759,27.48965300485998],[84.08404656282514,27.483319100326277],[84.07076557772781,27.481810325094813],[84.06669987713872,27.469713043014053],[84.05853766620713,27.4612832004066],[84.0617721999519,27.455969854484017],[84.05209202915097,27.442814005382964],[84.03172426900471,27.44169609648553],[84.02591150117574,27.43851102493632],[84.02722367279947,27.433703052033042],[84.01580396322997,27.434833837987803],[84.01193629710328,27.438918952926034],[84.00529958895528,27.439752290498646],[84.00525377113388,27.442298370649738],[83.99813652008996,27.440713401124732],[83.99618355132993,27.446228926960185],[83.98401632467755,27.443930598485437],[83.97757805493845,27.439381886710997],[83.97782210470578,27.442519195882472],[83.97265006864414,27.44214340538326],[83.96611246106652,27.446661409846886],[83.94595074862451,27.441225657879716],[83.94220509083911,27.447799640130274],[83.9312278152391,27.449634181557677],[83.93935956716288,27.455178464145256],[83.94460006689361,27.465847287342037],[83.93875624709682,27.491588361985063],[83.9635330007301,27.5038842962101],[83.96810994705415,27.50830329204267],[83.96949817932672,27.51542661669321],[83.96488286215676,27.523259321682932],[83.95304353333628,27.527597972109607],[83.94192920241855,27.51578857085855],[83.93121900559198,27.513084035884077],[83.92564262720214,27.514785154584253],[83.92173682539686,27.518574656195224],[83.91876911459639,27.533084410001113],[83.91976066204579,27.540699779814204],[83.92445204273228,27.544641982851104],[83.93176001560094,27.5455022277994],[83.94847389690011,27.540231040540448],[83.9577574828981,27.548451108568198],[83.97041292680306,27.550602591716366],[83.98536467849958,27.543950583108966],[84.00556461573109,27.5448224637117],[84.01830413097399,27.5385175285004],[84.03117323403629,27.53726470565932],[84.03885495182845,27.540583307399846],[84.04403440272371,27.55228391220434],[84.05060235890802,27.556544642541517],[84.0644250830745,27.551399287396645],[84.07466221705099,27.559567877384566],[84.10730420924094,27.551769922414124],[84.11471133810095,27.55334726858257],[84.11940273498887,27.556408357308616],[84.13526923507796,27.584590942371715],[84.17641606820956,27.61914769221735],[84.20591465169562,27.638416341403186],[84.25033441518892,27.654183642431924],[84.25791708470867,27.65114371856823],[84.27022907327911,27.66256789234966],[84.29598234692845,27.66997766493714],[84.32118623281532,27.684865468424942],[84.32604532616486,27.69448915456498],[84.3455051659957,27.702842884737713],[84.36006783367213,27.698330728609267],[84.36913823531683,27.685108413773523],[84.38048933542156,27.68159747604753],[84.4305844510868,27.705735470668547],[84.42203997107477,27.74133469308975],[84.43705259653083,27.742847315346324],[84.4505621383512,27.75935413485816],[84.45767941823672,27.75935805916032],[84.46584954627777,27.752631574539286],[84.4714640348788,27.752646918743118]]]}},{"type":"Feature","properties":{"name":"Dadeldhura","DISTRICT":"Dadeldhura","DISTRICT_NEP":"\u0921\u0921\u0947\u0932\u094d\u0927\u0941\u0930\u093e","COUNT":21.0,"ID":13,"VAR_VDC_CO":38.5,"Z_CODE":6,"ZONE":"Mahakali","AREA":"Hill Area","DIVISION":"Far Western Div"},"geometry":{"type":"Polygon","coordinates":[[[80.73263709869981,29.292051148517583],[80.7438737290653,29.28770103493993],[80.74596398791348,29.28209207569724],[80.74362219719315,29.275123249433623],[80.75068607036158,29.273847441000395],[80.75677359533421,29.267595815313506],[80.74825293863054,29.254567834510247],[80.73571204420094,29.247513058608572],[80.73913721106884,29.24519779738914],[80.72386539779149,29.236224375160194],[80.70683899666786,29.231402839495363],[80.70782315289372,29.22525604429475],[80.70193420196635,29.21681102462239],[80.70675540075418,29.211774249499776],[80.70433752822188,29.192199030883668],[80.69999695637141,29.194693555039994],[80.69497761044668,29.187900154820937],[80.67879781996822,29.19150641267866],[80.67052119692187,29.18290497562969],[80.6458206722482,29.178152004647224],[80.62938160393726,29.176391484937056],[80.61679476751213,29.179988252171334],[80.60545156336423,29.170341649214055],[80.59835719965882,29.17017373132108],[80.59237668224894,29.163273518454123],[80.59124015612943,29.157096182171337],[80.5939177550528,29.154094329970906],[80.59121741635835,29.14795130352685],[80.56666943683689,29.144527633903337],[80.56482351899673,29.1354933487805],[80.5722154802764,29.129876824392674],[80.56663932883887,29.118929602353596],[80.53931475313483,29.107617845880853],[80.52655254988711,29.1058096937653],[80.53150360459408,29.089652212126083],[80.56223087184982,29.072730268685884],[80.55763119673708,29.0587182360469],[80.54470891511772,29.049416811579537],[80.54692130881058,29.038513548392153],[80.53426601026719,29.029765206470962],[80.53553256411224,29.014015812779743],[80.518895277673,29.004460689771484],[80.51904792559174,28.999299889762575],[80.51455485960501,28.997158083515615],[80.50068657571298,28.993280639257563],[80.48542979242993,28.998315383561135],[80.47976962330297,28.993945988932264],[80.47200391962222,28.996579696912914],[80.47829698013146,29.017709308128953],[80.46896748857189,29.018802003852255],[80.46818922342541,29.029892187133672],[80.46094226284724,29.03157803782301],[80.45910373611795,29.037593229252224],[80.42034425395296,29.026498755760453],[80.41514162001191,29.03280379659414],[80.41034339844093,29.03205803556146],[80.39253869631222,29.040397875252275],[80.38679443772358,29.04747722044591],[80.37806766699157,29.043403401273753],[80.36052238792446,29.047982305689388],[80.35570895207563,29.044509292049586],[80.35435865248228,29.04976543562733],[80.34871360757413,29.053963048626276],[80.32497421878452,29.051380457324175],[80.31274586524724,29.058293801528556],[80.29361398039518,29.057038656004895],[80.28317846114174,29.052831315627635],[80.28218684006436,29.048639344942764],[80.27782340370302,29.049913282412284],[80.27258278868457,29.045877649167892],[80.26501536675657,29.05223797008791],[80.25514426955155,29.052966391757487],[80.22885709070795,29.04526874373637],[80.22246444407897,29.051056927908046],[80.22227364703996,29.056818485019264],[80.21164734753955,29.057277987248906],[80.2111894920732,29.06736309454506],[80.2041637106209,29.071976454658802],[80.2045069448355,29.07469036097375],[80.1915385773564,29.085917714750664],[80.18596986153504,29.08723359596216],[80.18534402190666,29.107808132825554],[80.1885173436161,29.112501714305917],[80.1844663095038,29.13731394039592],[80.2035296774881,29.129374619713523],[80.20980792454178,29.12188142539598],[80.23337957806464,29.118504107679946],[80.24890310871157,29.12900707413347],[80.25417416001042,29.137991811978416],[80.27288641671392,29.14354761921923],[80.25843797796931,29.16581174259539],[80.26072634543137,29.174701086175443],[80.25801045682795,29.18738182263733],[80.24086168035272,29.20335606831443],[80.24726923552232,29.220040061097254],[80.25278450957504,29.221483853926674],[80.25707932540216,29.2179174986823],[80.26090130146446,29.20674534681737],[80.27508239742099,29.207096435160427],[80.28732608241529,29.195226359734505],[80.29367283140651,29.19766189078434],[80.29750213258154,29.206047759970037],[80.29410743686879,29.211210426609743],[80.29613641891744,29.22143097095188],[80.29083455312403,29.231918431139672],[80.30043848553157,29.242144787417637],[80.29925580413409,29.26058709921723],[80.30408435761237,29.27285788337404],[80.30438166879523,29.285315515605486],[80.3180361572329,29.30166965447729],[80.31709005867883,29.313387289789684],[80.32544317748257,29.30845354389666],[80.3341852053811,29.31225082268553],[80.33328495273251,29.31911089891447],[80.34382720457035,29.327121135857112],[80.35068507764507,29.327893622001923],[80.3536142634277,29.334257880372927],[80.36230306962149,29.32679141849077],[80.36265388017294,29.33273606860797],[80.37207480684981,29.338047648155648],[80.36581952277626,29.34048874890764],[80.36811550611924,29.34998457110699],[80.37195260650454,29.347367981631947],[80.37393592717916,29.350533906147003],[80.37765095646844,29.349031101911482],[80.38022162805744,29.35421863267675],[80.38590483035055,29.34896635804436],[80.38643107624375,29.35594851011297],[80.40196994646567,29.36070899219432],[80.40257266004996,29.356021178115018],[80.41031537367769,29.359810816829945],[80.41449576812329,29.356044208782148],[80.41937008547171,29.368507617348964],[80.41562448706524,29.373525333427217],[80.41985813379468,29.37898751676457],[80.42423680260637,29.37917828687663],[80.4318954476762,29.392826080999072],[80.43796760466923,29.393333461845867],[80.44123265171187,29.386149196184075],[80.44757930584679,29.39442829389016],[80.4520724344899,29.39243917144218],[80.45789280605705,29.39608956377138],[80.4798778703222,29.385737718992445],[80.48988612516445,29.394402109977097],[80.502602510162,29.398884112657505],[80.50792717126673,29.394249757250986],[80.53211669945273,29.392028201925974],[80.5479911849054,29.39874735328074],[80.54789943308666,29.411946868699232],[80.55223222877322,29.418560983950577],[80.57635317389736,29.411851860516116],[80.58186871862767,29.396375251970714],[80.61624968317263,29.396545414350296],[80.62654045927192,29.38825698480392],[80.6451384030689,29.386443497174206],[80.65056222178512,29.382566289566366],[80.6578623936212,29.392348250397557],[80.67861135675386,29.401357974759122],[80.6778483719394,29.41060773530713],[80.66878576464454,29.41856623916219],[80.67739808666225,29.423723331272164],[80.68212763980203,29.425142323850046],[80.69536291684123,29.419474382147246],[80.70263273083796,29.419621324701478],[80.70695045813996,29.41458454497906],[80.71862939386152,29.418666032404985],[80.72100195321741,29.409887362683104],[80.73240642270218,29.404497845075273],[80.74824294460866,29.40025268437922],[80.76744350511498,29.399911541238726],[80.76235562597473,29.385823218897656],[80.77857360071211,29.379457291036104],[80.78581304791688,29.370667238711345],[80.78580548876855,29.36642760137875],[80.77466049265844,29.36503522832906],[80.77022091706083,29.357433196151074],[80.76292048635587,29.3635780042256],[80.76233330114763,29.3514350502263],[80.75743597435626,29.346903554863456],[80.76263103909447,29.337157984645213],[80.75917547487558,29.33234424616181],[80.76033504383751,29.328667238185194],[80.77637767754517,29.31553276322232],[80.77180072343836,29.31209026533959],[80.77245692981158,29.30173815810069],[80.766201680192,29.301886839244037],[80.75726114256932,29.308735372972485],[80.75218830122115,29.308027749886705],[80.74761900874655,29.302525509298448],[80.73811408339243,29.302592141853925],[80.73263709869981,29.292051148517583]]]}},{"type":"Feature","properties":{"name":"Dailekh","DISTRICT":"Dailekh","DISTRICT_NEP":"\u0926\u0948\u0932\u0947\u0916","COUNT":56.0,"ID":14,"VAR_VDC_CO":266.0,"Z_CODE":1,"ZONE":"Bheri","AREA":"Hill Area","DIVISION":"Mid Western Div"},"geometry":{"type":"Polygon","coordinates":[[[81.8146449275519,28.71880205026474],[81.81141846913,28.699047523517425],[81.80723057936741,28.694359639905485],[81.81054153851292,28.67968971926067],[81.79773371716085,28.66819311812368],[81.79221862950162,28.65545313777104],[81.78235521925465,28.651913296309658],[81.78377434945645,28.636922944974604],[81.77573411664221,28.633415549641473],[81.75103327072586,28.645983485043878],[81.7390796366107,28.6455637494229],[81.72811752085714,28.655089927511792],[81.71470685553311,28.655534121702964],[81.70163175193886,28.661074283195028],[81.69143242299093,28.673554680181503],[81.67526783307186,28.67915583056345],[81.63925439101227,28.676450988400834],[81.63008483948406,28.692047717179413],[81.616277544402,28.689905782659284],[81.60124175610679,28.70721507438948],[81.58562649793045,28.707590582950758],[81.56263435241674,28.723684902342086],[81.55882770648296,28.7293224512981],[81.55984979414454,28.736014729011046],[81.54987948054294,28.73889252046871],[81.54649994612642,28.749095843058633],[81.5789356118187,28.756013577289863],[81.58204020435063,28.764885778940776],[81.5798811226715,28.78007255573327],[81.5568965830393,28.797580087018687],[81.55183867310684,28.8158678854568],[81.53787843093089,28.836432729292582],[81.53192797963318,28.856122285755113],[81.52214056307294,28.86997012668085],[81.51515291185319,28.874457608728427],[81.50898131142921,28.889825511826764],[81.50046806975054,28.889524067597453],[81.49166486625458,28.89422322186394],[81.46653647372666,28.928910518010426],[81.45591013568813,28.931113161778004],[81.45104310774398,28.939212852763447],[81.44464289582824,28.94044480171576],[81.44395603891887,28.958545750478127],[81.43098020530769,28.958513159572426],[81.42256594976737,28.96912454790944],[81.42515177486042,28.980270087057715],[81.41513550505081,28.994424977239703],[81.41026094874256,28.996616252849766],[81.41903342810406,29.0043251506845],[81.41491395538597,29.013853321333656],[81.41780497535206,29.021375239746778],[81.42554010040602,29.023009785747597],[81.43272576612276,29.03753107609352],[81.43944630518432,29.04002574290209],[81.44413751065228,29.053805111232666],[81.46681638595653,29.06709838637379],[81.46881483775428,29.077542078123354],[81.4718280034303,29.079582790019497],[81.50059433393253,29.091178764033412],[81.5099085631699,29.09074405162492],[81.52351731804808,29.104279419497303],[81.53942235919182,29.108935032201476],[81.56619059319115,29.089367816344],[81.56181230889914,29.066462640296976],[81.56374250141806,29.053678901314747],[81.5813030882109,29.04716805260512],[81.58935097370592,29.04893038459175],[81.59883307987457,29.04545373785782],[81.61360178660489,29.03324994809686],[81.63062041908663,29.046684283798385],[81.65110266935126,29.040078116233833],[81.69057161927593,29.049738460670973],[81.70232722231655,29.03202672260332],[81.71535652687524,29.027899778706598],[81.71591353162583,29.020095643236054],[81.73020904368424,29.02176270121482],[81.75127876455696,29.010264649636465],[81.7712877892289,29.019280113894954],[81.79501970667789,29.01361804155216],[81.79450113691753,29.00448077883959],[81.80370100484471,29.000510172351],[81.81904953465254,28.984701838283993],[81.84162953268739,28.981297841362874],[81.8482511035631,28.97231134056491],[81.87259321223527,28.971255095393836],[81.88810143852888,28.984189738443003],[81.90055858376793,28.982092018429547],[81.9106889667583,28.98646911282347],[81.9197439808446,28.977717227237495],[81.92083543514536,28.94343011969354],[81.92633557858274,28.937878418727678],[81.92637382441745,28.93191850930179],[81.92319295933896,28.92272017965689],[81.90503765603097,28.911788029364768],[81.90064385333238,28.904205057363246],[81.89394621432358,28.900752987238047],[81.88927022109424,28.88977524660106],[81.88972056324623,28.874283300348054],[81.88010899751471,28.864671027791033],[81.87837000466489,28.848912047712943],[81.88935549094352,28.81143818427947],[81.91233265342848,28.780080778930497],[81.88382578649784,28.76185546524162],[81.87982878541997,28.746792570559975],[81.8601553655811,28.73974530844821],[81.83193807507769,28.738934383966892],[81.8146449275519,28.71880205026474]]]}},{"type":"Feature","properties":{"name":"Dang","DISTRICT":"Dang","DISTRICT_NEP":"\u0926\u093e\u0919\u094d\u0917","COUNT":41.0,"ID":15,"VAR_VDC_CO":143.5,"Z_CODE":9,"ZONE":"Rapti","AREA":"Bhitri Madhes","DIVISION":"Mid Western Div"},"geometry":{"type":"Polygon","coordinates":[[[82.39683591248212,28.16892247132062],[82.43716744039318,28.149096046805496],[82.47225809262308,28.14010038962389],[82.4792990022102,28.144382090812947],[82.48453230435192,28.130564689976815],[82.49121465872607,28.136105120949118],[82.49551707703597,28.13505814169357],[82.50402244830026,28.149928490954466],[82.51847824459637,28.147788840938063],[82.51611359940114,28.13926755678377],[82.53913614548848,28.131929069420664],[82.55787134787576,28.136041193940084],[82.56191442538494,28.13365537544931],[82.55904620680552,28.130907098651903],[82.56725460235415,28.115502969957696],[82.57761402516498,28.109964680351066],[82.58235886149217,28.110504475987888],[82.58842354274938,28.103242042069652],[82.5950221132795,28.10148562613614],[82.59744808724287,28.09280611176837],[82.61063755897665,28.091641010773955],[82.62492578993994,28.07490194356866],[82.6252767825051,28.069920410289484],[82.6398393568332,28.06901851846619],[82.65638544918869,28.060072194759616],[82.66979615199091,28.05849324057449],[82.68519796064324,28.051185163595708],[82.70461212722411,28.053247088217756],[82.7187323458,28.047325509244263],[82.70883854091723,28.03645638702842],[82.70285791378771,28.03557709674585],[82.69726642322904,28.02961137878096],[82.69640469005108,28.014130835073928],[82.70545971105277,28.00591485473818],[82.72145647303306,28.00206258509124],[82.73193039051749,27.992769071026782],[82.74138961617477,27.990202146073614],[82.7465161555621,27.97467972664086],[82.76271114871034,27.976920881581307],[82.75959127577607,27.969498116097807],[82.76607541601,27.96811741216538],[82.76621281978376,27.962844077286857],[82.75149039797412,27.943808366232034],[82.75645644052507,27.945368503793247],[82.76444341719399,27.941319683776296],[82.77571842196444,27.925946108293086],[82.76934881016344,27.921469881535828],[82.77433062598867,27.893709120300105],[82.7791440601934,27.897615080397483],[82.78249302153682,27.891601805954018],[82.7870852880005,27.892381904130062],[82.78876359892641,27.888464591145183],[82.7906325009379,27.891260534873833],[82.79115904067652,27.880923656614623],[82.7977041655289,27.88199176532371],[82.79993171371949,27.878392958055173],[82.8052410718574,27.877780828898302],[82.8044096745246,27.872372070450236],[82.81016148992781,27.871101972245242],[82.80764419210446,27.8674020186589],[82.79206708816037,27.86551751367838],[82.80711801522762,27.85713187647751],[82.79207488201047,27.85610942186072],[82.78073935473753,27.842749506807664],[82.75584047455742,27.835406539688766],[82.74877672936624,27.82809433466097],[82.7485098235104,27.82311279098692],[82.75587889583424,27.81945302491182],[82.75795393885514,27.812280169944316],[82.76936601701411,27.81045134745061],[82.78710226173114,27.7946430224304],[82.7878115311673,27.804300964786105],[82.79423459155502,27.806006067991326],[82.79778183087151,27.8033990094271],[82.79825494246136,27.794708020974316],[82.80578418416009,27.792591161500624],[82.80370953993003,27.77700188656318],[82.7835021108854,27.769432030078917],[82.78190001104653,27.77751270722563],[82.73521439018775,27.776123638786462],[82.73132394199695,27.774851499600892],[82.7312630508953,27.767056875803124],[82.72561810156982,27.764361960124035],[82.72298641392925,27.758552669698588],[82.70936211477583,27.75995044111964],[82.6961574567483,27.756719505503053],[82.70189411191896,27.749905249178383],[82.70087961467365,27.745507290320344],[82.7062577890342,27.735660621096628],[82.7083786697309,27.724557078756295],[82.70520540419425,27.716611744956438],[82.702070147102,27.7163523261031],[82.69930094918944,27.72201659718188],[82.68880442852813,27.71501140005256],[82.6717168841096,27.71429025358969],[82.66656007912042,27.715703399413314],[82.66426382746437,27.722130546883665],[82.65528538374362,27.713349791304523],[82.6385716898873,27.709153778124897],[82.62787666886769,27.711554764939056],[82.61889823286539,27.702302937579287],[82.60509081320977,27.70600457534463],[82.5937399489606,27.696977762527098],[82.58498254763232,27.69864642113784],[82.54120353403407,27.685774303713483],[82.51630444352783,27.69047133743852],[82.49012402401229,27.681278401077165],[82.48196926620365,27.682861245863847],[82.4732806568427,27.676550287456337],[82.4488011701905,27.678764187068413],[82.40168792968333,27.702931269736265],[82.38222002331449,27.720616237680566],[82.36722989719034,27.742718281421862],[82.33664754846484,27.754866572215107],[82.30395967490172,27.772669607111748],[82.25283369743639,27.810192577384015],[82.23055104667436,27.820845755074135],[82.20833685524343,27.84317656071378],[82.15406824162848,27.86625264479763],[82.15007874312187,27.857981178323183],[82.12341747103405,27.865090769459457],[82.1142861023269,27.8776226884051],[82.09146936248229,27.89472210744521],[82.07111640529463,27.922661934565884],[82.06743953717333,27.92231859469563],[82.06513571156387,27.92579152765908],[82.068888778985,27.93116980721799],[82.06820975767724,27.936925648562305],[82.06385389150893,27.940955449042768],[82.06978093771349,27.952663666760127],[82.08805855414771,27.949995772714146],[82.09510707589637,27.95541414660915],[82.10005799361868,27.949090024215216],[82.11401784415482,27.952929350098135],[82.11413995221447,27.949711949641298],[82.11955610911787,27.94882518574922],[82.13353105447453,27.96227094619983],[82.14158667155166,27.958746596290673],[82.14710955436965,27.962084223804407],[82.15307495155321,27.96133669111264],[82.17672305708885,27.95179350872646],[82.19215522510795,27.953149715173584],[82.18979777946957,27.969656272645988],[82.19333727682661,27.973545047182427],[82.18596027855611,27.995101733061357],[82.19067447471105,28.003104296799272],[82.18940799526754,28.013132198927],[82.19418317442636,28.02370563340257],[82.19075789610237,28.03199225688274],[82.18119949916492,28.035007370447886],[82.1729377763482,28.046772613665617],[82.15941267740851,28.046890677664972],[82.10746305247072,28.072779864721053],[82.08886497911067,28.079452816927432],[82.08524917329396,28.077061173395546],[82.07726223086246,28.079519413708486],[82.05479648773326,28.091416062713403],[82.0502271196935,28.089993250757523],[82.04373528839636,28.095369486236088],[82.0198889286258,28.100344985295685],[82.01647878155275,28.116191642792412],[82.01855342756976,28.132190946486865],[82.00761403051011,28.15110995943164],[82.01204605887413,28.15422824629021],[82.01108477550001,28.16069545766412],[82.01499807018558,28.16409027774404],[82.01282388521167,28.170040629031625],[82.01822456886299,28.181857545237598],[82.02923983036413,28.187737506191816],[82.02919395355399,28.19403308390028],[82.02312165174261,28.201253560371118],[82.0309405088132,28.21413089665442],[82.03687536101373,28.21511126256538],[82.04221496077744,28.23021995822037],[82.05213165234288,28.241056647280715],[82.06857847764047,28.237046081967268],[82.0812795099701,28.24861325581313],[82.09170747363103,28.24935528556861],[82.09398062874902,28.255093999477204],[82.101181738635,28.25905147980265],[82.10834478693523,28.258311592649193],[82.11781933282785,28.251569863125717],[82.12598163631424,28.25439068145615],[82.13282432908181,28.25156625005169],[82.14373313889622,28.237192033325456],[82.1608358573196,28.241801900381034],[82.16944811496916,28.25159344266584],[82.19002187406892,28.248393483339065],[82.19869542019897,28.242958156980205],[82.21781199103144,28.2496831072298],[82.23318331676829,28.23999106116638],[82.24367998435254,28.237963878040222],[82.25601502281775,28.23973962313789],[82.25832634986169,28.243683688484406],[82.27549009173092,28.24851097627786],[82.30039675321511,28.245990031406883],[82.30225067707693,28.23267035908115],[82.31018419600032,28.231680643953183],[82.31244233574925,28.22342070742021],[82.33757017516197,28.22355645841274],[82.34608355744496,28.216393231529402],[82.34716691935164,28.208686359031944],[82.35493265137514,28.20558158663831],[82.3671459407322,28.189868551913943],[82.3780851122291,28.184566759037825],[82.39283066500317,28.189304378866833],[82.39688144191967,28.182774272471445],[82.39372344207611,28.17446086048199],[82.39683591248212,28.16892247132062]]]}},{"type":"Feature","properties":{"name":"Darchula","DISTRICT":"Darchula","DISTRICT_NEP":"\u0926\u093e\u0930\u094d\u091a\u0941\u0932\u093e","COUNT":41.0,"ID":16,"VAR_VDC_CO":143.5,"Z_CODE":6,"ZONE":"Mahakali","AREA":"Hill Area + Himalayan","DIVISION":"Far Western Div"},"geometry":{"type":"Polygon","coordinates":[[[80.60803075791318,30.47311097529132],[80.61545462902797,30.461031710545058],[80.62516397963401,30.46437474599776],[80.63804532003553,30.452930921524853],[80.66008357369805,30.445358977934518],[80.67779842385823,30.432690132044],[80.67950673914476,30.425857645214194],[80.68741484212131,30.423441959179115],[80.68968142955441,30.417709531169976],[80.7015534239514,30.415789314925007],[80.70794014472193,30.42065438369292],[80.7310020409115,30.404232768527493],[80.73558566594579,30.403917479707957],[80.75088880957094,30.39053756595598],[80.75277415460363,30.383042243704608],[80.76710191242336,30.375458750121254],[80.7814545643767,30.358823654787898],[80.78843007219012,30.357573634915354],[80.78784016818929,30.346696502941313],[80.80444135278628,30.336329061736876],[80.80403997546455,30.327612332443266],[80.82063452756148,30.32676422858634],[80.82773048697243,30.318253665274483],[80.83612007797927,30.316755752675874],[80.84757230571739,30.32035034918931],[80.86430816648874,30.317339903713616],[80.87374369331684,30.309548855595267],[80.87588597196009,30.303859883726716],[80.90462930010216,30.302462133121026],[80.93245435298604,30.281293022954685],[80.92792736185834,30.27298320181336],[80.93748502561351,30.265061054124374],[80.94190469254755,30.26955100577436],[80.95404844048318,30.27310796655945],[80.97820819844964,30.272713167778534],[80.98685609543253,30.268073625597367],[80.99116829158345,30.270747640091543],[81.00705393239315,30.265247661650335],[81.01077182775771,30.261828950046038],[81.00980331187338,30.25699734685014],[81.03371445046156,30.24941164183383],[81.02755176340321,30.226892270661835],[81.03114576366613,30.22574789684802],[81.03089457582405,30.219736646628974],[81.04189307580486,30.215400584269617],[81.04740501253139,30.207594209904926],[81.0359811386187,30.20152570974375],[81.03532151377692,30.19697627153778],[81.04421863897909,30.19362852183889],[81.0456223260096,30.180617521681313],[81.05344726417997,30.178976896566553],[81.05869757553273,30.169920522114467],[81.06331988850212,30.167822896609437],[81.0658392016179,30.158805835121257],[81.0791191386374,30.154912021572613],[81.0848078883734,30.148396458529817],[81.08457488842043,30.135780709512176],[81.0800058890606,30.124681271423583],[81.08625613860994,30.11689752220292],[81.08303432547382,30.100428771770453],[81.1000543270456,30.10003795878481],[81.11046595194216,30.08617758402835],[81.10895563859191,30.07783514627505],[81.1025607007158,30.07483346019609],[81.10064476344513,30.064697958643933],[81.09263551371805,30.054242021452183],[81.0703423885904,30.04353683355805],[81.05526513847542,30.024120271833112],[81.03983901256044,30.015112084854877],[81.04000057666536,30.008311146242477],[81.02765901385249,29.987532521708545],[81.01669620166842,29.98073120897817],[81.0222443253154,29.97401514658179],[81.01931888915544,29.966131897269292],[81.0233102018044,29.958658084103376],[81.00400057666536,29.936163771640793],[81.00232401374228,29.928194334001375],[81.00471032612069,29.92328133406636],[81.02942251333837,29.906412021097935],[81.03205682546218,29.895450833988832],[81.04250938749828,29.881714958678458],[81.0384173885517,29.86461989699069],[81.04221326413091,29.860062147250346],[81.03986632587032,29.846444896115088],[81.04176813838893,29.840674147094262],[81.05716532591913,29.829811397078345],[81.07157663885084,29.8284080841658],[81.06955426411804,29.79594420855841],[81.06394857576623,29.793499521185993],[81.0654069514697,29.7755383970794],[81.06186526387091,29.772348146549803],[81.06433070220021,29.76815120931093],[81.058347513527,29.75758114545357],[81.03990707595085,29.75267489672916],[81.03341426395718,29.7423700204601],[81.02629638806792,29.743605583730755],[81.02219338861403,29.748350271947515],[81.01982770038813,29.745560208936524],[81.01152701366078,29.745944646628175],[81.00589213781194,29.740634897282746],[80.98985395039955,29.741148958757492],[80.97693438791174,29.721907709073548],[80.95976051413646,29.726527958998133],[80.94769832571723,29.735517646921892],[80.94159588784004,29.73545189658779],[80.92131801391525,29.724762458520672],[80.90865663779368,29.72468214726331],[80.89188695172152,29.713889083914125],[80.86638620206162,29.706347272108985],[80.8600068890068,29.69599108412126],[80.84719407694513,29.693405271536108],[80.84139838882464,29.687219833428628],[80.83144563850544,29.691516145753553],[80.82678376345996,29.68656764598012],[80.81824432561518,29.68714045926481],[80.81292163862275,29.684078709265066],[80.79552126249632,29.688575895960867],[80.781614264187,29.70216508375165],[80.76631432664493,29.701687896279452],[80.75628688852913,29.707974771618467],[80.71036270067816,29.699251645447134],[80.70267682647443,29.70476808417982],[80.69077757542482,29.705205520718266],[80.67603188916041,29.687236771260018],[80.65316351358535,29.68115595848076],[80.63516663872946,29.69057064621842],[80.62565688905426,29.68681302060446],[80.60826276411535,29.686634147248128],[80.60302670072173,29.691754958924264],[80.5752603259034,29.687488959148197],[80.57056238804381,29.678628895906854],[80.56064520051564,29.670818459304485],[80.55550357672877,29.671374270905915],[80.53893301404742,29.66371345900899],[80.5080723886299,29.644751021642378],[80.4985664511808,29.62465702130453],[80.46874407687773,29.620435458829434],[80.46049932618303,29.626186020768273],[80.45150163878964,29.62531445809583],[80.44540245106231,29.61723602082577],[80.43886532587413,29.62021764572779],[80.43088832583561,29.618230208757154],[80.42933351403053,29.612378832816944],[80.41954463907388,29.61412745931483],[80.41901826318235,29.606254833693697],[80.41057026300729,29.605001583456385],[80.4074189504243,29.612833208985478],[80.41022495032126,29.62142214551568],[80.42283607592424,29.63018483376311],[80.42194420116402,29.63913183356732],[80.41574338914614,29.644338021482554],[80.41798170099474,29.65180314629822],[80.41176657536721,29.65369539542621],[80.40775826283362,29.659871834017963],[80.39981951276036,29.658845895521722],[80.40066857619388,29.66239120918698],[80.3925815755793,29.664161271025876],[80.39178901385196,29.67106702202551],[80.38639070107007,29.674089646120308],[80.38695013873797,29.685079958673214],[80.38208901259793,29.688553771739237],[80.38158245056968,29.70103014562477],[80.37372801373692,29.71530583359737],[80.37720876417319,29.719849458585713],[80.36810713763435,29.72399745831609],[80.36785126252579,29.72991977188002],[80.37138476359604,29.734425583973575],[80.36583270091847,29.7401443341937],[80.36974451259925,29.750645333715227],[80.38749420069684,29.750419647049114],[80.38687351380167,29.75853964648752],[80.399246139198,29.75928664676138],[80.39806826294006,29.76510327199844],[80.40883845113365,29.784009645628714],[80.40860020093857,29.79445477117082],[80.41484245101833,29.791852396670834],[80.41767920053474,29.795710896540697],[80.43063995107292,29.798106522298212],[80.43708263845303,29.806076459061387],[80.44587520217891,29.799132208984304],[80.46566363806647,29.802276896261787],[80.48128251387698,29.795702834118572],[80.4950685138009,29.79553964673738],[80.49443282531468,29.802047208511908],[80.50199932530865,29.808712271254365],[80.49911570042929,29.811584208544446],[80.50898963776166,29.82310508423228],[80.52348326384163,29.827049271506723],[80.53291188837301,29.83822170846514],[80.5375558884935,29.83867339656007],[80.54062751304934,29.84715883371325],[80.55443320093156,29.850407021267074],[80.55325732566513,29.856518271601033],[80.56330582590323,29.866411583927515],[80.5586247008693,29.87062327184657],[80.5676547638563,29.87922258385521],[80.57437201335779,29.895266708591805],[80.57142938845556,29.909016958665745],[80.57598451397422,29.923477147052722],[80.59711795163224,29.953056895959037],[80.60566370091914,29.9588911470089],[80.63155507560629,29.96515796027171],[80.65033976376913,29.95592695906197],[80.67966563855845,29.958906833883304],[80.69177001417489,29.974184209233897],[80.71406426345504,29.990189021006586],[80.72109920116725,30.000183271440903],[80.73982138914585,29.999531334003905],[80.74940701282344,30.006580896491243],[80.75927276362722,30.023913959261847],[80.75744295083155,30.039621396710118],[80.76295282541264,30.049520335195382],[80.78119145062499,30.056675334199383],[80.79157620108089,30.07312027148339],[80.80753576256546,30.089667333980344],[80.82347663883587,30.099822146674796],[80.83179532549394,30.097173646846386],[80.84246145133494,30.099433521739684],[80.84763888882372,30.104713334452867],[80.84358651400646,30.110440209148408],[80.84603988882986,30.115547647006338],[80.87575563771259,30.126246145743096],[80.880425326068,30.13209033430155],[80.87266145186459,30.15326583505032],[80.87317957647633,30.160694209070527],[80.8687042010381,30.166619833938228],[80.84117999566035,30.193752420537805],[80.8206371104144,30.223779356432203],[80.81481308375686,30.224615133281816],[80.81311631306744,30.228567418951286],[80.79754259671353,30.23846905090602],[80.77894387216202,30.267163553055582],[80.76840724150105,30.27825229011114],[80.76369099434396,30.279005372499967],[80.76274039115617,30.294553700992537],[80.7584876033203,30.305670125475956],[80.75461358115189,30.308224347575617],[80.73931154639081,30.308043173753504],[80.73569554781136,30.31700351230228],[80.71643343835257,30.329671205261945],[80.69893259806099,30.335350005798205],[80.68561890498853,30.334578828150427],[80.66791613092477,30.34475041050308],[80.66047932755896,30.35473507776169],[80.66193635967534,30.360880381824188],[80.65744035199072,30.37797906418251],[80.63994815598267,30.391066878133984],[80.63612934049672,30.40307067986805],[80.6284747833846,30.41099565142821],[80.63084472540379,30.41801747252839],[80.6244000073545,30.425475766993088],[80.62368009735866,30.433829503828576],[80.61350262084932,30.445588068534562],[80.60420231788271,30.449355680220492],[80.57510315049007,30.442446501904612],[80.54099990791946,30.41528896361484],[80.52720495704318,30.425256612103],[80.53068341600692,30.437058958504167],[80.53798839494851,30.441163228700077],[80.54242945495542,30.448360132514154],[80.56123975131351,30.454115601154115],[80.56719675172877,30.46023423402272],[80.56894808248808,30.467556180473423],[80.57005787916785,30.464387741201335],[80.57790417893477,30.463973601600458],[80.58590661809603,30.468548130891577],[80.5988354804731,30.467995930068184],[80.6007330248093,30.47307929217567],[80.60803075791318,30.47311097529132]]]}},{"type":"Feature","properties":{"name":"Dhading","DISTRICT":"Dhading","DISTRICT_NEP":"\u0927\u093e\u0926\u093f\u0919\u094d\u0917","COUNT":50.0,"ID":17,"VAR_VDC_CO":209.3718,"Z_CODE":7,"ZONE":"Bagmati","AREA":"Hill Area","DIVISION":"Central Div"},"geometry":{"type":"Polygon","coordinates":[[[84.73927761458125,27.936434238176016],[84.74653945479933,27.955309675232915],[84.74598248370938,27.960253066877005],[84.77471837147748,27.9713933379121],[84.77162875710634,27.977355121349046],[84.77689233503457,27.977605044942777],[84.78406289854384,27.983299986567022],[84.79015005037606,27.997991060499714],[84.79690879282907,27.99814564921131],[84.79741980907835,28.00237005228904],[84.80385057347354,28.000428649361755],[84.8113263360777,28.00294433354725],[84.81328670090632,28.00933149735117],[84.80954864196877,28.01686287598261],[84.81356856459253,28.028435684038694],[84.8095024443002,28.037988663751186],[84.81837405436896,28.047700145174414],[84.82092162028614,28.0631502180817],[84.8318067828259,28.089568592383362],[84.8372685935768,28.094958358684192],[84.83714635267317,28.104143315603533],[84.84284452062055,28.115544503854156],[84.85469125001671,28.12266036651959],[84.8693682982008,28.12046925676067],[84.89245219554897,28.099971300873932],[84.90043134441727,28.10669040964009],[84.91813688256912,28.103421794595988],[84.9215695888528,28.106601112030692],[84.92017341704107,28.115311161920943],[84.92881614683819,28.126319520156038],[84.93919838433223,28.12575325608341],[84.94247865305448,28.122577861062343],[84.95657582179103,28.126413418967648],[84.95832252259719,28.13607901453549],[84.9542030448616,28.143495955031646],[84.95788747707554,28.147174956688445],[84.95724652108939,28.155549355452635],[84.9656678630983,28.174508726155953],[84.9640734611891,28.177932080928755],[84.97385279026518,28.190281202121152],[84.96226482985938,28.212175392046],[84.96473631793617,28.217364857073598],[84.9770635865997,28.226723567667648],[84.99160290678098,28.244706562588902],[84.99866685801807,28.24124515337043],[85.00268687272802,28.248078628968933],[85.00200783408746,28.253529325922464],[85.02766190332854,28.261812606541405],[85.03215462935881,28.28057928770469],[85.03789097133975,28.290176288659712],[85.03287885305969,28.303305203566495],[85.04131566775106,28.311612997683305],[85.04648741324775,28.325808189376428],[85.05217054296996,28.32642239262506],[85.06724395702416,28.339042419048813],[85.08109695017532,28.3459103844807],[85.10816241802337,28.346952145442],[85.12161148344639,28.33584878994135],[85.12122263526354,28.326335791868853],[85.13496181017051,28.30421278000289],[85.15091290617958,28.296878043952663],[85.15922808014578,28.285431311831886],[85.16147101183829,28.276454272489417],[85.17277638814214,28.27088169041778],[85.1825481962015,28.277909793494924],[85.18796459651195,28.265969054939067],[85.20107799630499,28.25577732280944],[85.20282501201571,28.250216026775632],[85.19413640832845,28.24439136906405],[85.19316018441751,28.234413008943896],[85.18750778631647,28.223313152588137],[85.18859109609772,28.219500725731308],[85.20121624116285,28.211155130971246],[85.20438216813469,28.2040376022724],[85.19892827565698,28.184883744496755],[85.20004218836355,28.1767858934137],[85.19521360365775,28.16812151361975],[85.1752120880162,28.1632979381018],[85.15620259021796,28.142682961633387],[85.15450154422555,28.138683585661333],[85.15826252375325,28.1296607970048],[85.14964270943288,28.11727926912135],[85.12432434700197,28.105868221980955],[85.12231839532801,28.090753818470336],[85.11491152406532,28.076842755095146],[85.10478866637605,28.076596564920813],[85.08065266449618,28.066982098217103],[85.06224537956528,28.066966542556465],[85.05463259433402,28.050446459372957],[85.03274714600775,28.031973197018317],[85.01264647804592,28.02619985030736],[84.99561232598492,28.024999961958457],[84.98931883512512,28.02871122544467],[84.99046335541371,28.01584734048239],[85.00002950527359,28.008071937055124],[85.00314967386592,28.000227771403157],[85.02965839544412,27.995650975487056],[85.03168766998736,27.989549951217057],[85.02858328419123,27.971662494373096],[85.01962000359798,27.968296183750738],[85.00788790978588,27.95073280781657],[85.00845245283747,27.948636830047246],[85.01502043238344,27.951472906972374],[85.0163936907304,27.944145557344857],[85.00874258556587,27.936167715386464],[85.01014642209489,27.925659195805167],[84.98894032979652,27.88571876554152],[84.99484491304663,27.875141659094332],[84.98901716615887,27.85848428554656],[85.00641003966936,27.85062508937346],[85.00586859846665,27.842044693007754],[85.01354293962198,27.832810266568288],[85.02292584746235,27.83301257768648],[85.01687666019806,27.827044924863284],[85.01242966754553,27.809519806806446],[85.02758712820363,27.816336299261234],[85.03791599381022,27.814671499568327],[85.04160045101979,27.817246247272625],[85.04169209193898,27.81230284660578],[85.04710822930112,27.813056268313638],[85.0484813961039,27.81021459696764],[85.0465897304023,27.80166087877239],[85.05276881268581,27.797169576533207],[85.08782905701646,27.78781543711224],[85.10583994727173,27.774320542989635],[85.11498637758964,27.77446563556022],[85.11542893676804,27.768915757812437],[85.12458316491795,27.760736023151736],[85.13092228298471,27.76416713654636],[85.1345000449569,27.761737450691513],[85.13961097832134,27.765891364450162],[85.14866591419705,27.763784079790266],[85.15466175992164,27.766969162006102],[85.17609751423842,27.767347128900685],[85.17867581101387,27.772118927382945],[85.18984382213308,27.769410916449687],[85.19221617359644,27.773147114549023],[85.1936809068893,27.769067686596788],[85.19777735320964,27.76889801405822],[85.20151525183368,27.769393940518867],[85.2022474921797,27.77353443366882],[85.20447507208799,27.769062139580722],[85.20616084793868,27.773820573519362],[85.20802223379584,27.770893086901783],[85.21555135355923,27.77560965751986],[85.22704739060936,27.772657533611927],[85.22993084215682,27.776471934397083],[85.23201349395423,27.7714618140465],[85.23360776114866,27.774652547075902],[85.24311271364556,27.77541747913123],[85.24687356605098,27.77256821758715],[85.25262530489638,27.77567891666017],[85.26301526535974,27.770831041131103],[85.26302298309375,27.766475048786443],[85.26805014983678,27.763519005867114],[85.26879804725878,27.748126191423296],[85.25814889146304,27.74467402809592],[85.25109254703898,27.748953619208947],[85.24667580105886,27.744589926374886],[85.23701062401575,27.745196252168117],[85.23518752047137,27.741254087539453],[85.22072421431652,27.73572303987249],[85.21365267207122,27.737132329436218],[85.2215482385293,27.72795893507444],[85.21740614202845,27.722229707961507],[85.20729851982803,27.722774997334195],[85.20622299950894,27.718750836181542],[85.20144760249269,27.720102947678708],[85.19720629670473,27.716341925886546],[85.20099004461493,27.71297581927022],[85.20003659602739,27.70808580162607],[85.19623001486202,27.708903919215576],[85.19457495179114,27.694333058834516],[85.18938026852202,27.682163277307957],[85.17328443000073,27.67941668291062],[85.16132329864288,27.670658732692516],[85.15607492453807,27.672857623649264],[85.1495145784227,27.669615316950352],[85.13452469614603,27.67475491875292],[85.1312138496674,27.681027571337125],[85.12025180778328,27.683581105601778],[85.11778002422366,27.692796545873964],[85.11140254977344,27.699915935698954],[85.0996012493237,27.709215141832555],[85.08879176569656,27.71226645178432],[85.08342148592261,27.707157038383688],[85.07612108166772,27.70911749943217],[85.06574659589317,27.703279464380454],[85.06478554888875,27.69686751973829],[85.0611163422901,27.694555962434844],[85.0524656547427,27.69944964040643],[85.04267099458765,27.69021302539789],[85.0403061165993,27.694111257510027],[85.04184687908463,27.702603941470517],[85.03860475105193,27.705796503990264],[85.03862006780209,27.702823215262733],[85.0344397025984,27.703330457560252],[85.03080107527809,27.697759535363087],[85.01134086338897,27.70778334707548],[84.9894931755866,27.707477850400913],[84.98897450834129,27.704350071914067],[84.97783712310192,27.70154253004357],[84.9758767634565,27.694812071306742],[84.95868249881946,27.689105524316616],[84.95860627407845,27.686158934672065],[84.95149667304531,27.683488773928392],[84.94461579963536,27.687001684626225],[84.9231418657407,27.688561414565495],[84.91912158562728,27.694629987798624],[84.90725936870216,27.698585284629768],[84.90034813913763,27.694252069187183],[84.88767778196666,27.67476242763483],[84.8798511788132,27.668781396966796],[84.86573844728946,27.679831357019175],[84.82884732958183,27.692471542915943],[84.79957000734159,27.67155888755261],[84.79670148184717,27.68430641243042],[84.78607499079123,27.69197691035852],[84.79077401328821,27.695095218355892],[84.79647976338256,27.709231302472446],[84.7873789631246,27.716199983000763],[84.77009291765047,27.722661225668826],[84.75758974108872,27.735559264904182],[84.73777125406063,27.732909885045657],[84.72869359375552,27.72707568914461],[84.7234299572036,27.729707510314757],[84.71500829294914,27.726137143536125],[84.70271892806207,27.728143300705785],[84.6927640212737,27.721414625626238],[84.68051265859796,27.73049831605576],[84.6745243740601,27.73069847589463],[84.66991668568647,27.7380429408163],[84.6814885419401,27.758283986690234],[84.66858879585479,27.765918212244255],[84.67479041952315,27.77861056889876],[84.66500315238892,27.78126139085818],[84.64967776751409,27.779479848145893],[84.64759512521292,27.78422868489442],[84.6380520444509,27.782943098708934],[84.63719743597169,27.794557789691723],[84.64468089216274,27.793884673504863],[84.64558854695771,27.800083011007622],[84.63506124150304,27.807066926154206],[84.61831689932619,27.80928280321091],[84.62368712964069,27.816892520760568],[84.64086613670726,27.822391178979945],[84.66160770057179,27.822723352685674],[84.66569646203085,27.82530764076439],[84.6680308812026,27.818541015656564],[84.68463039972298,27.81052922810344],[84.70740882546721,27.80669043972473],[84.71116974092304,27.800505525616817],[84.71875228855998,27.80374975197074],[84.73084343681963,27.795606298620214],[84.7370223578172,27.799067921176597],[84.73878441462692,27.804068565644734],[84.75385042234569,27.806469938158713],[84.75695501356452,27.814518271822983],[84.76264571269205,27.818239262854927],[84.76899257912508,27.81562653122837],[84.76851206932363,27.811703461626816],[84.7730815313891,27.80865395851754],[84.78238042562587,27.8138740473749],[84.77371437669693,27.82420127115579],[84.77595689845758,27.835344938549323],[84.7675578806151,27.84379169025128],[84.76509360284975,27.859310345569313],[84.75674812042377,27.860929406480498],[84.7525369698617,27.875114917536756],[84.74606037772395,27.879909456481546],[84.7492412888789,27.886111644013344],[84.7358686081787,27.892483308738793],[84.73762304466983,27.89704720920573],[84.7332212682449,27.90705409337186],[84.73509768215482,27.915443791143193],[84.73200797951786,27.92583785252159],[84.7364323864154,27.9285480197791],[84.73389967120838,27.93316906757852],[84.73927761458125,27.936434238176016]]]}},{"type":"Feature","properties":{"name":"Dhankuta","DISTRICT":"Dhankuta","DISTRICT_NEP":"\u0927\u0928\u0915\u0941\u091f\u093e","COUNT":36.0,"ID":18,"VAR_VDC_CO":111.0,"Z_CODE":2,"ZONE":"Koshi","AREA":"Hill Area","DIVISION":"Eastern Div"},"geometry":{"type":"Polygon","coordinates":[[[87.29690936006791,26.874920351818478],[87.2559068797303,26.866016906796627],[87.23363165926989,26.878798445380156],[87.21603326726458,26.863365224248213],[87.18538217867595,26.870713056852807],[87.17927168550527,26.87720690238776],[87.16480821548413,26.877940913919037],[87.16857640479572,26.889063661453463],[87.16798112598603,26.90114564461507],[87.15643145430597,26.913460111720486],[87.15370784665458,26.925730868049957],[87.15797964925315,26.930468381058215],[87.15038933193557,26.93302959236494],[87.14829904637998,26.937751736349714],[87.16131292035855,26.94609588220201],[87.1574374907733,26.955282705860725],[87.1639215445539,26.959354651401718],[87.1603207693133,26.967080578960807],[87.16936794876898,26.97195930714494],[87.17331921226624,26.983349062152],[87.17836921550902,26.9833319862985],[87.17987188422796,26.989114585803286],[87.18875127470604,26.992341692411717],[87.19714997072231,27.00035581517887],[87.1984695055985,27.008503315957782],[87.1955018184288,27.01935893819642],[87.1788406618842,27.052349061225744],[87.18316547839005,27.074516301157463],[87.19119048363953,27.077878802658734],[87.19177769723905,27.085747841306343],[87.20228958835678,27.087893605433678],[87.21755359646725,27.107144958845037],[87.22779088217466,27.108510681503812],[87.23811191929951,27.117156115053387],[87.24512239777503,27.11820709592945],[87.24459585647818,27.126406056999777],[87.25727416692331,27.130655480742487],[87.27112706885222,27.143126782059692],[87.27001316068939,27.15039884267126],[87.27543672968689,27.160526069022406],[87.27223247236385,27.175302848529086],[87.26315462714615,27.177412029003982],[87.26472597008079,27.182263924674974],[87.2852843361029,27.19022486275653],[87.29227194796026,27.190419519627756],[87.31239585228836,27.18235631803508],[87.32784323561823,27.18823452464562],[87.34291698251526,27.18715723657448],[87.35702181451524,27.1909127275227],[87.36031735565463,27.187722072946702],[87.36608442084182,27.188036860871758],[87.37578030103957,27.17995821626315],[87.37419387681989,27.167273528025202],[87.38609436636601,27.15916059326929],[87.38973336513389,27.14794452733112],[87.40675259027326,27.136396850927603],[87.39472288833402,27.123418269221876],[87.39203815584968,27.10254793928784],[87.4012996698947,27.07416924991419],[87.42664947575393,27.046326764212342],[87.42983834581582,27.037469871426293],[87.43052541746822,27.01430525977762],[87.4412282498082,27.006165600742033],[87.44128958419229,26.992346165662326],[87.4364075985227,26.983643609958126],[87.43852093619614,26.97149871636234],[87.44974226420304,26.973995416825904],[87.4636413502838,26.968033815432737],[87.46843180127523,26.976461735771135],[87.4838640829932,26.975628572962943],[87.48394783265631,26.982944522556394],[87.49159143533933,26.985597548533317],[87.50273684534817,26.971663879826224],[87.52463061809733,26.96045195106187],[87.52650753357965,26.945734264389976],[87.52442519125822,26.936190690401084],[87.5209009028889,26.934617202588374],[87.52399051150074,26.92992559099205],[87.52241915302994,26.925739299224034],[87.53103951492672,26.913890133551362],[87.52875110262832,26.908965749562746],[87.53179499225851,26.901958818349822],[87.52223697940485,26.884851227662693],[87.5443287468214,26.889198089204566],[87.5514995473593,26.88475257659617],[87.55967719537013,26.88490720444549],[87.56734402910233,26.872066286360404],[87.57456814628553,26.87133215048484],[87.58011421840737,26.861407275268874],[87.57318772310701,26.85700346853686],[87.56583392503396,26.8576422430887],[87.55848763958103,26.863499067345888],[87.53972176196058,26.863409094833077],[87.53429035263673,26.86268999040103],[87.53120859475936,26.857355547902518],[87.52039903542556,26.862214854460007],[87.50930743557913,26.85757639072033],[87.50749923589532,26.869652633541214],[87.50242625984053,26.873537472406547],[87.49962670394446,26.87041727320005],[87.4889621441619,26.872596992056135],[87.48366051076168,26.867683997549726],[87.473964810411,26.867523621817632],[87.47199680716378,26.861847813979043],[87.46052363253206,26.864210608225328],[87.45243765465389,26.85822000679055],[87.44921833237937,26.864336281391875],[87.42907935733712,26.863611194892872],[87.42141265720326,26.870526499648847],[87.40084663366392,26.86337038952414],[87.39195948639804,26.86586482572226],[87.3835303833724,26.852913005946736],[87.36744986400322,26.845663524117125],[87.34384749825598,26.849288659535937],[87.3335185040417,26.85537620092881],[87.32376942784119,26.854210740977855],[87.3105414172929,26.87045969458243],[87.30140261685911,26.86915502129229],[87.29690936006791,26.874920351818478]]]}},{"type":"Feature","properties":{"name":"Dhanusa","DISTRICT":"Dhanusa","DISTRICT_NEP":"\u0927\u0928\u0941\u0937\u093e","COUNT":106.0,"ID":19,"VAR_VDC_CO":868.0134,"Z_CODE":3,"ZONE":"Janakpur","AREA":"Tarai","DIVISION":"Central Div"},"geometry":{"type":"Polygon","coordinates":[[[85.89513347806917,26.687231926536203],[85.8868716974205,26.698421219832856],[85.88960260366684,26.701423166059488],[85.88710804800485,26.704871307669894],[85.88895397680689,26.71200609933083],[85.8933172953259,26.71822929963629],[85.8926611028772,26.725684456860307],[85.88841198223932,26.730788002321635],[85.88890005799563,26.73781978397571],[85.87937201998898,26.746195964877618],[85.88240784560946,26.759920083179793],[85.89244676385273,26.76256550540636],[85.8977407503223,26.768590373861052],[85.90067743600456,26.78083642573939],[85.90866427634847,26.78539280931517],[85.91076175017481,26.80197005349931],[85.90877067006268,26.805343822698628],[85.91231022450418,26.806432880283005],[85.91117348661456,26.811696678896766],[85.91557491463512,26.819460880962776],[85.91603988534291,26.83728348645662],[85.91981575687564,26.84640368316249],[85.9151162465159,26.86696109976691],[85.9167181208131,26.871343825563674],[85.90648845868454,26.870441562215],[85.89744112249373,26.873264040744743],[85.89509148752062,26.877631444446955],[85.90034729730256,26.885292672126983],[85.89886723527069,26.892820287075097],[85.90519832265797,26.91649993606086],[85.91289524541529,26.922852878164235],[85.91384076384146,26.942601740755304],[85.9172581281373,26.950308710325352],[85.91791399316945,26.958978760346113],[85.90625013513645,26.96094296424515],[85.9136795729659,26.991282501035727],[85.91148225078845,27.008099975202274],[85.92700560769036,27.02901436207558],[85.92298530090174,27.035948800943135],[85.9139837583335,27.0376899078565],[85.91718757558013,27.042999548448776],[85.93200954814833,27.0430055138845],[85.94530545886391,27.061635062842395],[85.93487712853198,27.07688660554832],[85.93853091135723,27.08750584115418],[85.93717287489834,27.09634940991048],[85.91991724748283,27.105947959400567],[85.90578918006723,27.119549729878326],[85.9008381945362,27.127191715923534],[85.90559817570154,27.13385166460162],[85.9381259072547,27.12143646370611],[85.93589864749096,27.110203140271224],[85.9441300592814,27.09208125706935],[85.95097281746418,27.08783026694326],[85.95001171885035,27.083985377233077],[85.95560332733935,27.084244845930684],[85.96201127006547,27.079850810134396],[85.97089894582466,27.050970536821136],[85.99166397736315,27.024848240020756],[86.0122912875549,27.01869029742637],[86.04753442294975,27.021402889936798],[86.05526205397591,27.01823709950487],[86.0891778867521,27.019139757822266],[86.10640288737055,27.015241768239868],[86.14038009774892,26.999307845131547],[86.18757734202399,26.982451067272912],[86.18726468141826,26.977456157629565],[86.19152130389453,26.97858337195043],[86.19860825210094,26.9705523549808],[86.21020352028482,26.96556717964567],[86.21880095873362,26.954301610272367],[86.22664305019966,26.949570027222066],[86.23418751721549,26.950470342131258],[86.24141183009681,26.939893241620915],[86.25541772407587,26.93245165839139],[86.25973569487037,26.91814787886896],[86.25616573927206,26.911651963374865],[86.2459512452522,26.914945493223108],[86.24196178547282,26.90566127329373],[86.23760601155143,26.9036529398858],[86.22420291141997,26.90384343460836],[86.22211282727277,26.899159365141287],[86.22404297992688,26.891055788379692],[86.2209993016435,26.888507744883707],[86.21589574284482,26.89624509024167],[86.2036902259558,26.900080226614282],[86.19996745464424,26.905536607276954],[86.18882236828868,26.90536477574272],[86.17107841224687,26.919965852193815],[86.1585295728669,26.925998054477265],[86.15711812658053,26.935318420157717],[86.14353974721053,26.927151649611762],[86.13250933490504,26.91499128638256],[86.13432524029773,26.89817761647205],[86.1310604238693,26.89148336004557],[86.14155752633954,26.870771556979207],[86.13984127455514,26.864075418770216],[86.14497536392822,26.855462677737258],[86.15296999675428,26.852003185080246],[86.15515949244863,26.844942839888876],[86.14935456721648,26.831029863403273],[86.1549387623971,26.82094478611298],[86.15239890313235,26.801588770391994],[86.1445190621255,26.787200871110407],[86.14801301917448,26.77987163436016],[86.1476851826568,26.770862108423522],[86.15995967020108,26.7516779823248],[86.17454523527246,26.748495138854658],[86.18341759531978,26.7225671651591],[86.19296093215831,26.712382978077923],[86.19299172881605,26.69855591859969],[86.20017796308761,26.68480717137648],[86.19650144297336,26.666767087839457],[86.1889265037323,26.663715473676714],[86.18250357074237,26.654890842298784],[86.17008458819951,26.652277800097714],[86.16597314358239,26.639362304012632],[86.15104439532836,26.637821056447223],[86.15515635653486,26.625369140405393],[86.14247073843197,26.605095599538267],[86.13603233777066,26.606600259618457],[86.14092956544185,26.616717934437265],[86.13845771416457,26.628996324064314],[86.11938669106853,26.63009073288553],[86.07395154059209,26.64978353672643],[86.06798596672496,26.65793091494037],[86.02700602558785,26.666735697743153],[86.01186379664443,26.659617852472245],[86.0098194996521,26.653974471688162],[85.97589592063876,26.658282239673337],[85.96762686255619,26.651997945061414],[85.96018918511786,26.651410412422873],[85.9533619163279,26.644035234110895],[85.95555153633632,26.630650676268125],[85.94614590899727,26.621246215827277],[85.9479921361416,26.613560307829527],[85.9403179715104,26.613298899515424],[85.93803702042972,26.61626834275158],[85.93273533691085,26.61357531768085],[85.9285396571261,26.61656952320969],[85.92715905449278,26.609711279280145],[85.91391616818272,26.608961542653542],[85.91306950303233,26.60461315710367],[85.90039118699374,26.600434319059197],[85.90068880150442,26.595094218091266],[85.89170255920357,26.594485682093282],[85.88778178672642,26.583246603145643],[85.87950496092904,26.583868210288944],[85.85852716036197,26.56895371893187],[85.85685647804661,26.57210435443392],[85.84912897281437,26.56892877404637],[85.8483354597516,26.576929384050572],[85.85776390063627,26.58998800186141],[85.8526297020938,26.604303216499854],[85.85473501992318,26.610324219530344],[85.85084452605668,26.61084290982353],[85.85220229253488,26.61527331215795],[85.85490267233466,26.61894658549002],[85.86211152191925,26.618319239559696],[85.8630877705406,26.6276377394301],[85.86926675650156,26.628496070571856],[85.8750565403851,26.63702888988087],[85.87961835565848,26.63539641718306],[85.88781107068725,26.64464446815229],[85.90544774536997,26.653791591722367],[85.90588234914122,26.664488974150334],[85.89700280827266,26.668701791757297],[85.90366997128308,26.671562670610342],[85.90633971191065,26.68145335174827],[85.89513347806917,26.687231926536203]]]}},{"type":"Feature","properties":{"name":"Dolakha","DISTRICT":"Dolakha","DISTRICT_NEP":"\u0926\u094b\u0932\u0916\u093e","COUNT":52.0,"ID":20,"VAR_VDC_CO":229.6667,"Z_CODE":7,"ZONE":"Janakpur","AREA":"Himalayan","DIVISION":"Central Div"},"geometry":{"type":"Polygon","coordinates":[[[86.04773041593968,27.498579119909607],[86.03181749713998,27.502965362946934],[86.00064789977452,27.502381242707308],[85.9995416899432,27.506786806496585],[85.99465958738278,27.503554056999555],[85.99366017357953,27.508030188169244],[85.9879693979578,27.507808859986497],[85.98777843891061,27.519618105891915],[86.00059367996172,27.541238095891046],[85.99766427687953,27.546000271155712],[85.99411708374964,27.545578725122837],[85.98230050464426,27.555074367789924],[85.95225155311589,27.589075038101544],[85.93056390696175,27.59528063218906],[85.91507043809112,27.605106154484243],[85.90973058346323,27.604219227153294],[85.8844041191592,27.614086542756358],[85.89113213992832,27.624484590436733],[85.91063003882972,27.63709517878903],[85.90955432895576,27.642147275479164],[85.91506955438356,27.64690387013038],[85.91825024090747,27.663532608941054],[85.93915190941142,27.669201093359195],[85.9342006947746,27.687553784091214],[85.93889965703045,27.693481372337335],[85.93633618891815,27.708969521374964],[85.95185967427683,27.722487860096297],[85.95324789183732,27.729500576690146],[85.96095242871388,27.73591073159996],[85.96103620701123,27.742194884158927],[85.96981650997755,27.740947738068478],[85.97724668048474,27.735369368192533],[86.00461713197473,27.74523566233503],[86.02790673066305,27.739411535268836],[86.03058422321475,27.742789192799744],[86.03409298612915,27.756627735406955],[86.01978941609102,27.7724666053124],[86.02612832636704,27.785591910828828],[86.02181816896176,27.791063530910158],[86.01976573521632,27.80956312075786],[86.00250987610997,27.830196583903668],[86.01051948407641,27.839524726007244],[86.02493699677154,27.846142877566212],[86.03045959208049,27.86278118952792],[86.04248945252269,27.867823972017277],[86.04856135685722,27.88141080899319],[86.04779078791066,27.886121524594454],[86.06941684712578,27.905672371162844],[86.06650268532881,27.91109633445537],[86.07501597261096,27.910835196528932],[86.10403405873903,27.924864891090976],[86.12299055782336,27.927016512115063],[86.12627061947671,27.933710761688648],[86.12366153892063,27.94160643210929],[86.11538465254493,27.94550837548167],[86.10713813934991,27.9558737439927],[86.10947230392632,27.961496143288155],[86.10358269392903,27.984216247460314],[86.07939228904819,28.02036828697296],[86.09047605663923,28.033196151742725],[86.08750826144636,28.049355613877204],[86.08962114462443,28.057608006126017],[86.09485412526605,28.061868729995407],[86.08763740832781,28.073891451134177],[86.08277775337915,28.090931995650838],[86.0921300049866,28.097826601879273],[86.11785306677137,28.09139985766117],[86.13019560562502,28.100138756225917],[86.13236170560943,28.116635876014964],[86.14049354106564,28.117778415464265],[86.14201903609258,28.126080383877827],[86.16027350357756,28.138015813757704],[86.17810092154626,28.143571729175427],[86.17385136552866,28.168269598893623],[86.18672795197276,28.17417634939946],[86.19257908896665,28.166734645933374],[86.19211389694344,28.160412345819754],[86.19730891811479,28.156350148657342],[86.19718726276265,28.138273921674084],[86.20555571796069,28.133084637637428],[86.21984416007979,28.111657749343504],[86.22252207433738,28.095771009121226],[86.20774591890651,28.094344184569238],[86.20417606082961,28.08401485059196],[86.21694670507783,28.051139148469115],[86.21758009979024,28.04028541280458],[86.22482722709432,28.033070685910467],[86.22007524649368,28.010050971680545],[86.22645320341122,27.981588364300592],[86.2331968607674,27.97421151785183],[86.24899523474016,27.975098628410418],[86.26641072908886,27.98046000591423],[86.28877721119363,27.978394919835573],[86.29656591458313,27.97302634968689],[86.30404974775196,27.955592968047274],[86.30742148108354,27.956266260214957],[86.31877270903406,27.94788059645586],[86.33533356391224,27.96509507012397],[86.3394684045371,27.953585324194467],[86.33763005340472,27.949461973944235],[86.34794389800625,27.93757471378026],[86.35828791002214,27.941417856710068],[86.38131809743143,27.93787090624541],[86.3908691061483,27.925884459450547],[86.40540902038467,27.916707372321014],[86.41075674532269,27.9065841648562],[86.42921738479808,27.909555869558893],[86.44246035549773,27.905724579768457],[86.4457404248803,27.91199734536753],[86.45561149396919,27.915090960253387],[86.45944841446631,27.922323046124554],[86.46988388183676,27.93004539197814],[86.4664432277054,27.941330103789753],[86.46938767846405,27.946201087686116],[86.49348562582074,27.952428445201924],[86.49758959342549,27.95722316238859],[86.5155697233325,27.956620809215572],[86.52216102225027,27.94000559024182],[86.53372561578075,27.94211703906141],[86.54871569853813,27.92887385779064],[86.55468156613566,27.907929332728],[86.55166093629481,27.898338080972888],[86.55462103643178,27.885537153108746],[86.55102827207355,27.876163309404987],[86.5541029356389,27.857146889289364],[86.5404642453093,27.81765089571153],[86.54247066169684,27.810897612301538],[86.53813018278926,27.807449358031967],[86.51066799435495,27.806413280893334],[86.49853106058426,27.813770963155],[86.48666901889864,27.8088902872222],[86.48016957033484,27.811558316436532],[86.4789259346218,27.820993105619976],[86.47373861902908,27.82141450167065],[86.47042779262705,27.826155689101732],[86.45595679233662,27.823502552327035],[86.44998356317971,27.83252721565069],[86.43868600735748,27.828356020490396],[86.42928049535061,27.814956023065676],[86.41972215204854,27.81353882370519],[86.41745694349531,27.79423051208151],[86.41073640799172,27.7906983014367],[86.42214859095047,27.785720764067346],[86.41312444047605,27.77491262831175],[86.41400950312703,27.7671866643632],[86.41031750207604,27.760765131028396],[86.41282746589133,27.750578935012605],[86.41053140698364,27.746598614042732],[86.42710048344969,27.737045844461292],[86.42537677543184,27.722934601535353],[86.42060918990197,27.715630025614622],[86.40905973032487,27.719005531659572],[86.38159027726734,27.701251133130963],[86.37577763542829,27.692386467448824],[86.3519007335765,27.693965199662152],[86.33925309050916,27.683330555013757],[86.33016052359423,27.66136351720336],[86.31170014618016,27.646037113874147],[86.30639864846655,27.63517373416185],[86.30302731772692,27.61579483523919],[86.28883877458682,27.603420817726754],[86.28147735932738,27.604183563200873],[86.26891359202972,27.595122342992024],[86.26076640035203,27.598303377631844],[86.23573790099245,27.586384991609876],[86.20282914422667,27.580422590822117],[86.19191309562753,27.571983140065868],[86.18439177557907,27.55914197897892],[86.1582115136016,27.541318950812464],[86.15233023175932,27.531533117747642],[86.15082014292801,27.51591329923334],[86.14238327698759,27.509512664880948],[86.1419106057787,27.495924008886874],[86.12941542453439,27.489994379116588],[86.12264166252825,27.47818692139447],[86.11251885944242,27.4746927991384],[86.11486066005075,27.480158812808593],[86.11034460805921,27.48220895367775],[86.09860416759204,27.49843312438678],[86.09353124718844,27.50029063077605],[86.08355338897262,27.49656192830275],[86.07733623954549,27.497015732016525],[86.07381181544223,27.502056345666098],[86.0650544173343,27.502233565724545],[86.06171329470412,27.496889595047392],[86.0598976337857,27.501779570371326],[86.05808213414421,27.49905418160768],[86.05692255762409,27.501930187384435],[86.04773041593968,27.498579119909607]]]}},{"type":"Feature","properties":{"name":"Dolpa","DISTRICT":"Dolpa","DISTRICT_NEP":"\u0921\u094b\u0932\u094d\u092a\u093e","COUNT":23.0,"ID":21,"VAR_VDC_CO":46.0,"Z_CODE":1,"ZONE":"Karnali","AREA":"Himalayan","DIVISION":"Mid Western Div"},"geometry":{"type":"Polygon","coordinates":[[[82.61491638567259,28.97830092846795],[82.59943836277847,28.982553701202086],[82.59351115605989,28.980930613957774],[82.57178527963721,28.997515069763843],[82.5242755392593,29.01445580136723],[82.51772281471162,29.012432199752887],[82.5065319476173,29.015845878521013],[82.4844326005996,29.015151356121688],[82.47876488507255,29.006595705048575],[82.46728426649267,29.003105419506838],[82.46491959450911,28.99653518049771],[82.45623100813037,28.990161291138914],[82.44893824836755,28.992760663300807],[82.43815940654184,28.991042150312328],[82.42774653804675,28.99967195487934],[82.41205490955754,29.00472764608724],[82.398102657796,29.00369948506862],[82.3916487997202,29.01834456366875],[82.39781997385559,29.02765164638673],[82.39857498600087,29.038413824801374],[82.40326637691035,29.041179289045054],[82.40505893725731,29.04690845682347],[82.40332681812656,29.073374248217963],[82.41808700097347,29.111330977007807],[82.41804107197883,29.120027676791572],[82.41361655339757,29.123883914501413],[82.41708738261279,29.127936702018648],[82.41613371729954,29.13452787193184],[82.41794158904992,29.13722273016728],[82.43436540186201,29.13960311130149],[82.43328204609715,29.146638650177596],[82.44674588741216,29.158190575520027],[82.4608659970793,29.157221932246756],[82.47242283538698,29.164032603725836],[82.51447048985878,29.15638925816231],[82.53103914756512,29.163867511577198],[82.55499979111897,29.165601471137883],[82.5608735280795,29.170979777434923],[82.57107263043142,29.171717998082453],[82.57754897739767,29.17872694440399],[82.5822020550244,29.19066399485149],[82.5622918040295,29.203312069215695],[82.55412943520413,29.20466413705798],[82.54572284347216,29.212252650733156],[82.54312130253453,29.22686345067689],[82.5341501716215,29.236660460027935],[82.54023746750755,29.24388681753497],[82.53093075576813,29.25007926881353],[82.55199236111275,29.265769864424414],[82.55050456973838,29.279842857065823],[82.55691225616111,29.287055868830073],[82.58053712293828,29.29550688101459],[82.59073609540448,29.303114731699036],[82.59040763453481,29.326750294802352],[82.58182555431303,29.336276489616605],[82.57486083884163,29.337622852260033],[82.57054303524977,29.345831253150504],[82.5718930464074,29.35696533507338],[82.5681168506768,29.36546744777874],[82.5609385268007,29.367601468788543],[82.5481302775175,29.380337370657188],[82.55848137468303,29.41149687205407],[82.58076371641025,29.41618501744061],[82.58624075588732,29.422608446634488],[82.62308567922838,29.424697329299295],[82.62625912988774,29.421815640355497],[82.62688480923602,29.413630073221334],[82.62393292424382,29.398260142658824],[82.63552812275653,29.39316625709985],[82.64207339976386,29.38537555936463],[82.65921412914362,29.39542468918496],[82.66093038755258,29.40189383688006],[82.6731357478659,29.402483329144555],[82.68724801721929,29.4126163311844],[82.68575274905989,29.41844462300688],[82.69026097971297,29.425232308618575],[82.71456480735657,29.431457666219288],[82.71936286063696,29.44112327663151],[82.71720396387056,29.444905164562083],[82.72529757402197,29.44893894804547],[82.72637304623636,29.455579731676377],[82.73532087448889,29.467907812472337],[82.72352721769491,29.479337313808777],[82.72856172073203,29.49049814893067],[82.72637219740207,29.500218964995575],[82.73181107291148,29.507706595497204],[82.74805947647576,29.50747415768275],[82.77400334972072,29.51622272764209],[82.7815783429054,29.514382418930623],[82.78648329270014,29.51874418960058],[82.78503377266553,29.525657661331614],[82.79606414681413,29.537623410302945],[82.80321927859838,29.55151534460154],[82.80837595174577,29.55649885654424],[82.81360901763031,29.555795187482595],[82.81915476357759,29.55938837797609],[82.80764305116551,29.58659971569735],[82.8095042481758,29.59293345568799],[82.79621524822171,29.61394836981842],[82.79431544855163,29.631568687678946],[82.7983888372267,29.639515925789958],[82.80526963498278,29.63841368261346],[82.8154609589845,29.64664327200607],[82.82287573395666,29.645939635411978],[82.82703312659274,29.64909987768777],[82.82713913743683,29.689755025248733],[82.83865028511973,29.691816846059353],[82.8627178780682,29.684968553872412],[82.87686071190616,29.69200431381062],[82.88666312799654,29.69304768108435],[82.88990502245606,29.701094079919788],[82.90831225644071,29.70042493627793],[82.91497932180847,29.70643262120639],[82.92677287151906,29.700659792420552],[82.93548435886868,29.705496505461877],[82.94805615058078,29.69207021448879],[82.94096212940934,29.674156059157294],[82.94684360888704,29.67326931244918],[82.94733190758653,29.66896483646771],[82.95613515760495,29.662427187742917],[82.98503887968906,29.668479069491674],[82.99167564862108,29.66340037396213],[83.00054740291951,29.664611559456375],[83.00861041885244,29.672597001879243],[83.01406492968606,29.660530416779718],[83.02106781452729,29.65777656742494],[83.02106795290084,29.65071050127925],[83.03360890354898,29.654130245159543],[83.0384606586941,29.647979693262634],[83.04330499866714,29.630952548337348],[83.06559515335616,29.626019031906598],[83.06541225799688,29.616574721004856],[83.06941727558703,29.609930198963827],[83.08571158605983,29.602788089395712],[83.09231769097845,29.60545059845824],[83.0901816218537,29.612030304739402],[83.10114352522855,29.614349588483478],[83.10551449353648,29.618430998976855],[83.1165222513171,29.616464871452227],[83.11685773483279,29.624808747497656],[83.12029042098978,29.62859071818651],[83.13155008599203,29.617922175576965],[83.1420541966249,29.62487587734871],[83.15008687643308,29.62387091940193],[83.16516066526921,29.61601169662039],[83.15908887902889,29.59643259188376],[83.18001353080163,29.593024793193617],[83.18844277746958,29.597502956958856],[83.18751190859446,29.608095368547545],[83.19675741668242,29.611187031659465],[83.19887056877646,29.606278006402437],[83.21818558614964,29.605465843552327],[83.21451666577107,29.589312052613103],[83.23197057319632,29.57795511490026],[83.26099648126701,29.57765994275302],[83.26150003147754,29.57369684955796],[83.26947177213387,29.568332098973574],[83.27811469167848,29.568852887614693],[83.2839810153879,29.5629979622417],[83.28215794471319,29.557606362717706],[83.2739727775174,29.554512807588452],[83.25539005259874,29.556736287335973],[83.25884581336268,29.550955704938264],[83.25423841121767,29.544574241668915],[83.25596252553201,29.53925135396568],[83.26386562862545,29.532999767498634],[83.26880139112906,29.52215948293884],[83.26746671856098,29.50748378261826],[83.27160128109085,29.507886258224474],[83.28211334009347,29.498762511500793],[83.29339557199175,29.504373579292412],[83.30235898545924,29.499746918352326],[83.315693173941,29.508987363910794],[83.34449813907794,29.49483277821488],[83.3473130538132,29.492307726554287],[83.34770237209352,29.478608522824352],[83.34208796957851,29.475076356730135],[83.34238565807321,29.465874260784194],[83.35158559844311,29.45888271120777],[83.35382848365246,29.45144668504303],[83.3662398519554,29.45009278208551],[83.36313518533798,29.44626885674136],[83.36444739164521,29.439794030564272],[83.37074852365849,29.43441590355849],[83.37145044835339,29.428587599030973],[83.38116908554548,29.42322478125495],[83.41433724255677,29.42088709402785],[83.41600043258717,29.410447263775183],[83.42623785083462,29.402477350832854],[83.42052430328262,29.39771696417117],[83.42269864426785,29.384713903047025],[83.41191222754921,29.38040734595736],[83.41549764257483,29.37609910037688],[83.41320931591429,29.366938921399246],[83.41735157114144,29.3641526069776],[83.41516233184763,29.359090940754935],[83.42352306961175,29.356363812774543],[83.42871048428684,29.349850901217803],[83.43798656495983,29.350180983056934],[83.44236534729359,29.344989728987713],[83.44498959702699,29.34027905538094],[83.44246469905009,29.335759020497605],[83.44656888855496,29.32914882652234],[83.43940609849794,29.316965705789393],[83.43827726055761,29.30890598164392],[83.444265571355,29.306537365625832],[83.44371646183062,29.299843185027736],[83.45143640861755,29.297587118450082],[83.45055159095259,29.293934871367156],[83.45575419276291,29.290954041277605],[83.45491515914831,29.28659995569181],[83.46000328431015,29.28620906291764],[83.46266577098591,29.27669613124347],[83.46942456075027,29.273618059021388],[83.47881492657103,29.281086686266672],[83.4876867322996,29.280049320060648],[83.4873130183744,29.276225435145268],[83.49349966714341,29.273854915030444],[83.49121895557506,29.26534317294563],[83.49796249122255,29.262148763088476],[83.49796273023333,29.250089716155422],[83.51527148474366,29.250095701570764],[83.51954346644348,29.2451237699094],[83.51780428868352,29.24063998248766],[83.5226407305626,29.237619096128647],[83.51517275270574,29.228069772934283],[83.5181936111032,29.226721448505987],[83.518918467459,29.21855113537604],[83.53048316712294,29.21343436960682],[83.53094859833458,29.208334599088005],[83.53914157111701,29.202744803224107],[83.55240734543263,29.200189395328316],[83.56322424664057,29.2061304011226],[83.5720808469527,29.202579382370384],[83.56997565795011,29.190527930603018],[83.57560543600208,29.18822033856328],[83.57856542690938,29.178858076497942],[83.59019114474977,29.17424289797892],[83.61022309718258,29.180819133757165],[83.6147392758241,29.171403494561417],[83.62282540197614,29.168365493357843],[83.63339851051045,29.158513204416423],[83.64168285911295,29.161265380813454],[83.6439788807611,29.167086105291],[83.65740462034789,29.17617017210052],[83.66163077549234,29.174091419461053],[83.66610871166499,29.16975839326789],[83.66208103032879,29.164999936959095],[83.6630500068645,29.156259381988246],[83.6758124045857,29.149025674104735],[83.67504218675786,29.1366385789489],[83.67967271905341,29.13086754699612],[83.68043570214626,29.123509688276837],[83.6611054008673,29.124785289727697],[83.6516844744216,29.119569029231418],[83.65250855181519,29.10880305462229],[83.64912927963812,29.10410373041915],[83.62888354422896,29.106908870791365],[83.62062983317253,29.097861119465144],[83.61563324411779,29.098377886759213],[83.61612157288825,29.09265256314861],[83.63074537746328,29.081076251015467],[83.63153141826295,29.064962564168013],[83.63103562321531,29.06250421145074],[83.61963890018096,29.059761523529247],[83.61901364977841,29.04582771278943],[83.61257550334592,29.03602093420055],[83.61656547523073,29.01895943068204],[83.61196565297736,29.014799817482654],[83.61698528635796,29.006236689690265],[83.61504041749409,28.987754251513635],[83.60928877632823,28.980312376793307],[83.60455156324696,28.980209317379693],[83.5991887141564,28.985698078251414],[83.59208674494232,28.983706882143338],[83.58166676494406,28.96500689730661],[83.58007260910058,28.9562148076867],[83.57490062138072,28.953956636885717],[83.56699021292842,28.943402223944435],[83.5586752647321,28.94490304271481],[83.5565166550864,28.933774658053686],[83.54622622181287,28.921892817006086],[83.52862783903501,28.908700637979],[83.52292202979963,28.89800512769802],[83.49950334933095,28.877269993438354],[83.50603346477742,28.86523964648335],[83.50630061736736,28.857019736099343],[83.50183823312582,28.84620027797567],[83.49797071999858,28.842660507151773],[83.49199763436268,28.84650718472999],[83.48165360393747,28.844727637042542],[83.48033403025254,28.83782937340457],[83.48358382217978,28.832268106470494],[83.4801055787381,28.817205203583423],[83.48513276806237,28.812265701499197],[83.48804700064383,28.802117678630083],[83.48346272399826,28.782889492993643],[83.46118794574134,28.780119944066467],[83.45629828441855,28.773799499924177],[83.44610687944235,28.768955128285302],[83.43643411264189,28.768821481543473],[83.41044442312888,28.760671743719865],[83.38852044997333,28.763104969442196],[83.3776654580505,28.754026665012066],[83.37434730001328,28.744549873638874],[83.36202005735711,28.73418611289401],[83.32572421538954,28.737973219566914],[83.29794182187572,28.731774496395275],[83.2769411145662,28.721984667773235],[83.24800656533705,28.730131683163467],[83.2292939405912,28.742888486141595],[83.20995623874151,28.73197917334251],[83.18659796202482,28.743578254673185],[83.15565723230941,28.747668686117265],[83.13237545251005,28.748053593987898],[83.11365552664896,28.743607700747415],[83.10254080992652,28.75359730860826],[83.09823053864471,28.76660606994646],[83.08176828331469,28.779517387747994],[83.0791821424447,28.786165753421443],[83.06826606753951,28.780014962741976],[83.06517650678914,28.783892199406814],[83.04572412648075,28.786521906748735],[83.03608938385973,28.792792549535385],[83.02235073662521,28.790770746793285],[83.01211331494413,28.79910112714734],[82.99705483159298,28.803985176864668],[82.98092852937212,28.800750378364704],[82.97585561648835,28.80344895370708],[82.96586977094613,28.82037687074693],[82.9566546955873,28.820981310775924],[82.94721825853766,28.82903706988141],[82.93021467125867,28.82709150795165],[82.90488077612942,28.832362565820947],[82.89610829964172,28.82473565727872],[82.86758566998986,28.834265385594193],[82.85459460425662,28.832237874416506],[82.8437776905775,28.82652383081747],[82.83569152964574,28.83167117231697],[82.81717749603672,28.831413438063695],[82.79935783700668,28.82070059624037],[82.78175913603745,28.824293456471494],[82.76567883696349,28.80851137661527],[82.7592479192844,28.819757878989716],[82.75592958019712,28.819813139551123],[82.7425642179032,28.845309932589075],[82.73611820126273,28.848016117666106],[82.72641495404014,28.846360553753616],[82.723737335639,28.849781982208082],[82.71211930630403,28.851555486447808],[82.70468922378825,28.85466025656881],[82.69567994208572,28.864735717876286],[82.69978366880108,28.88279478780077],[82.69749507039657,28.88766376513438],[82.69094992269534,28.888355975207872],[82.70027154664557,28.901105552469772],[82.69975268218819,28.90847295011125],[82.68650205502952,28.917264823352184],[82.68473975522292,28.925303527544397],[82.67080999438048,28.945485020879087],[82.66707178232049,28.962557969086184],[82.6529363870425,28.964802508627375],[82.64051745007967,28.962876088267127],[82.61491638567259,28.97830092846795]]]}},{"type":"Feature","properties":{"name":"Doti","DISTRICT":"Doti","DISTRICT_NEP":"\u0921\u094b\u091f\u0940","COUNT":52.0,"ID":22,"VAR_VDC_CO":239.5577,"Z_CODE":6,"ZONE":"Seti","AREA":"Hill Area","DIVISION":"Far Western Div"},"geometry":{"type":"Polygon","coordinates":[[[80.73782889822654,29.010873364328894],[80.72439536815799,29.010896084744086],[80.72074144562424,29.00722283017098],[80.71684330911407,29.010241832381404],[80.70365389691494,29.00960848958998],[80.69230282512353,29.01480348121977],[80.67807593631582,29.015482258983255],[80.67439898643093,29.020759353276052],[80.67063062163038,29.018150298454042],[80.65660201757396,29.022147554725787],[80.63427360998566,29.03600287102468],[80.61668226648726,29.058919209381564],[80.61160180370469,29.057673765327937],[80.60668928962447,29.04853264004741],[80.59681820722419,29.048196857599837],[80.5934311184751,29.054547691940556],[80.58777852635077,29.05348723651666],[80.58401765730216,29.059277358322344],[80.5792423346853,29.05764857703401],[80.57226991242784,29.064523839301927],[80.56586213187845,29.06230381554627],[80.55901928248174,29.07610592010454],[80.53163328843263,29.08953396917889],[80.52626268450227,29.105050636702785],[80.56663932883887,29.118929602353596],[80.5722154802764,29.129876824392674],[80.56482351899673,29.1354933487805],[80.56666943683689,29.144527633903337],[80.59121741635835,29.14795130352685],[80.5939177550528,29.154094329970906],[80.59124015612943,29.157096182171337],[80.59237668224894,29.163273518454123],[80.59835719965882,29.17017373132108],[80.60545156336423,29.170341649214055],[80.61679476751213,29.179988252171334],[80.62938160393726,29.176391484937056],[80.6458206722482,29.178152004647224],[80.67052119692187,29.18290497562969],[80.67879781996822,29.19150641267866],[80.69497761044668,29.187900154820937],[80.69999695637141,29.194693555039994],[80.70433752822188,29.192199030883668],[80.70675540075418,29.211774249499776],[80.70193420196635,29.21681102462239],[80.70782315289372,29.22525604429475],[80.70683899666786,29.231402839495363],[80.72386539779149,29.236224375160194],[80.73913721106884,29.24519779738914],[80.73571204420094,29.247513058608572],[80.74825293863054,29.254567834510247],[80.75677359533421,29.267595815313506],[80.75068607036158,29.273847441000395],[80.74362219719315,29.275123249433623],[80.7457884950756,29.28460953715286],[80.73263709869981,29.292051148517583],[80.73599349214898,29.297030809552382],[80.73423894501737,29.298672860556206],[80.73837344534948,29.30271229675322],[80.74761900874655,29.302525509298448],[80.75634573813893,29.308884120767853],[80.766201680192,29.301886839244037],[80.77251795478523,29.301850681857093],[80.77180072343836,29.31209026533959],[80.77637767754517,29.31553276322232],[80.7592365081857,29.331943741367215],[80.76280651195606,29.335878276230513],[80.75732918648741,29.346348567269683],[80.76233330114763,29.3514350502263],[80.76292048635587,29.3635780042256],[80.77001495214758,29.357400771698433],[80.77466049265844,29.36503522832906],[80.81467881827788,29.364846920044034],[80.82678490256615,29.37137149817358],[80.83526746557988,29.38124883443334],[80.84516915777164,29.375504565202824],[80.85072257701574,29.376687080071687],[80.8584422877191,29.387599999873096],[80.86015852018953,29.39649315170213],[80.8520875431664,29.40763282534505],[80.86113471473975,29.410728275061246],[80.86201954265876,29.41441102994628],[80.87528527431097,29.412475420699472],[80.91190846205029,29.443833559962336],[80.91737058191315,29.430441487272176],[80.93096449029417,29.419000551625523],[80.93184952641168,29.410088360977905],[80.93952385373818,29.3975602634146],[80.95467369518602,29.401275621615646],[80.97051779576637,29.400211622642512],[80.98473697092703,29.404384690150103],[81.00744632454015,29.41907018344266],[81.02115442817521,29.421547771519787],[81.03488562522091,29.41154675128226],[81.04631286916914,29.41302113946899],[81.06142475514537,29.40559672284642],[81.09710251849567,29.407473835599273],[81.11932409982983,29.39578508022769],[81.12547243263778,29.402797821400085],[81.13233029769027,29.404115763862585],[81.14165233520824,29.392642352735738],[81.1555435079174,29.395856112549065],[81.16255398812234,29.394324746024477],[81.16983124175157,29.40577548550829],[81.17060155158602,29.414878415182855],[81.18545410861542,29.40551249828799],[81.18655272333973,29.397683581847176],[81.16842796150333,29.38582647472267],[81.1534230594463,29.38201003479032],[81.15453712432424,29.362648464256267],[81.14821327199586,29.359627426156198],[81.1447730076486,29.352361065837936],[81.13626789961995,29.32232494248139],[81.13568080855333,29.304885775716926],[81.12069118980409,29.299370048454936],[81.1000189904381,29.261363705547947],[81.09731877194007,29.248259507586813],[81.11289600977486,29.23968316446348],[81.11347596655357,29.227547850329948],[81.10156831191706,29.215313203417253],[81.09073605628583,29.215025082322352],[81.08644902237346,29.2089907421531],[81.07870626272876,29.2079016493322],[81.06431171984728,29.198354173458668],[81.0388482584039,29.19963356030498],[81.02672687732637,29.195346088436203],[81.02683377855499,29.189023821726703],[81.0300224750705,29.18628325912808],[81.03629293029039,29.189342439270973],[81.04550043312283,29.18441252219557],[81.04329598718985,29.175450702820083],[81.04934535831302,29.170150754531353],[81.0494293960084,29.16252779737347],[81.05853007849224,29.159037792091528],[81.05584506306754,29.149053723154665],[81.06600609353703,29.14515559692548],[81.06543413133659,29.13520206936912],[81.07194113495163,29.13408645768033],[81.0741077068743,29.12683923909995],[81.10196688373352,29.100781928870155],[81.10910706975956,29.097934614851493],[81.10991589143558,29.084849530684796],[81.12859016051817,29.081285267736927],[81.12565334762535,29.075033526331726],[81.11955070985593,29.0722871234046],[81.12243437530437,29.063348253310945],[81.13142064184179,29.059387175293203],[81.13657006980624,29.04190039668607],[81.14489272176202,29.03479629343253],[81.1442903446972,29.01887332054488],[81.15015676009804,29.0061087039949],[81.14306265057475,28.990317242536246],[81.13620477744853,28.989231975222907],[81.13157450282159,28.980924281864752],[81.11892679894184,28.97432340411226],[81.10546269328181,28.97793350673536],[81.10572976038603,28.973384908629782],[81.1019614027223,28.970360088473335],[81.10374651601066,28.965592184987738],[81.10109187668023,28.963873790719312],[81.06437649736218,28.970432084727904],[81.04926459731935,28.978346650810643],[81.04183471555855,28.97004464420527],[81.02854623266103,28.96324732116754],[81.02083413477628,28.952895102906],[81.00184709827026,28.95668441144896],[80.98105249426543,28.9387815413564],[80.96809187754916,28.941377037668847],[80.95330821582652,28.93584605815659],[80.92810400856891,28.943499217569126],[80.92143685701623,28.941626292920244],[80.91224486113373,28.931012774895827],[80.90588265615992,28.940767872020327],[80.90148879101659,28.936612092952206],[80.89723207282216,28.94259483331397],[80.89870445532486,28.935763367408246],[80.89491318477164,28.934422579362437],[80.89019114704031,28.93978357641975],[80.88319593252949,28.94062645856109],[80.8810980513039,28.945831100311675],[80.88546124130222,28.960022409079677],[80.88295141304593,28.96621114542293],[80.86625290303655,28.9688828829605],[80.86256830435921,28.975325258246816],[80.85564934987796,28.977655734181617],[80.83689920738254,28.955787886874283],[80.83980570308002,28.950005382632153],[80.83176557234802,28.940374072790743],[80.83215467729163,28.936700867575148],[80.8211394298789,28.930706494678287],[80.81650899917457,28.9319384693529],[80.8157994474257,28.939111328131798],[80.81106225608717,28.93807758315538],[80.81036037160625,28.942820707006398],[80.80544004933397,28.944941419451656],[80.80964309705352,28.95589244322432],[80.80381497573174,28.95957511680822],[80.806439005767,28.967297281622027],[80.79886389763145,28.97684257474108],[80.7871085484831,28.980355436717602],[80.78259248725298,28.98510042025088],[80.7623544172321,28.988123034777754],[80.76064555084268,28.995334023975072],[80.76303312144869,29.001837503603305],[80.75274245913269,29.002701324542855],[80.73782889822654,29.010873364328894]]]}},{"type":"Feature","properties":{"name":"Gorkha","DISTRICT":"Gorkha","DISTRICT_NEP":"\u0917\u094b\u0930\u0916\u093e","COUNT":67.0,"ID":23,"VAR_VDC_CO":379.6667,"Z_CODE":8,"ZONE":"Gandaki","AREA":"Himalayan","DIVISION":"Western Div"},"geometry":{"type":"Polygon","coordinates":[[[84.65933199789139,28.324035901896504],[84.6633674534887,28.321873229621456],[84.6676697371858,28.32781987024569],[84.66938582779511,28.342261027485304],[84.68046984754417,28.34286196454972],[84.69473453628655,28.361300761129332],[84.67631169567022,28.37648539427009],[84.67581563207504,28.38720752415651],[84.66035246490205,28.409114995614285],[84.64701786868967,28.418622049412896],[84.63742095113585,28.439185055298157],[84.62152320829233,28.449329064167287],[84.61288029403264,28.447587675670047],[84.59856174123125,28.452067400822127],[84.59222990188957,28.466153692395196],[84.58306037101264,28.477102636096095],[84.56813152350419,28.482833458057584],[84.56470629857398,28.486971972457415],[84.5670327850742,28.49519956082034],[84.56501114284929,28.50121475729808],[84.57055679042271,28.510079393159078],[84.56703983285713,28.523616462086874],[84.560021539101,28.53285661073919],[84.55942617156724,28.550177559945027],[84.55301810996856,28.56126958431454],[84.54893645872195,28.584270042483617],[84.5414298487664,28.59841543483945],[84.54274133625057,28.627322496586196],[84.53626472794836,28.63312211001952],[84.53142043838348,28.64639024369819],[84.51857413454894,28.652380472668003],[84.52218213077295,28.66331054542524],[84.51255490116014,28.674150769435776],[84.51442362475646,28.685241016703912],[84.52057199114509,28.690216932166532],[84.51983194311347,28.694878053784667],[84.50137120382092,28.69861581993559],[84.4978391866798,28.702535006176312],[84.49783839324004,28.741115228722077],[84.50227804028651,28.744306001721625],[84.51472745518447,28.748620228395968],[84.52490383550247,28.742246616022655],[84.53370691191918,28.745422201717922],[84.53976386576616,28.744161656821387],[84.55698856476596,28.752214021670905],[84.55725566539313,28.747009348180928],[84.56735574385624,28.741543549678752],[84.57168116190999,28.735223244459245],[84.5923769081362,28.736646328885335],[84.60577239666621,28.733480635456687],[84.6263384273353,28.736526723639837],[84.64354827050953,28.72528802412286],[84.64447141347753,28.71999753798428],[84.6507496794084,28.71447446291234],[84.65063550311982,28.702457356644963],[84.66651031805961,28.694292999916637],[84.66834898108772,28.68345074407087],[84.67604610081794,28.679089160721052],[84.6882133617866,28.678871939243095],[84.69644452330775,28.671844134913098],[84.70495780336461,28.671144339476886],[84.69723825417701,28.65353908856296],[84.70176963510166,28.647438110946187],[84.69478989961773,28.63648700303763],[84.71379225230328,28.633023881023533],[84.7251893003169,28.620671296282367],[84.73679976427745,28.6169353291069],[84.74688444632505,28.61835633714498],[84.75531389918852,28.6136114233666],[84.78069358758111,28.6095419238601],[84.85713072221459,28.570568143832663],[84.86705500728176,28.58167950505392],[84.88606489861634,28.582702060222672],[84.89029089260879,28.58873833702074],[84.89916266840152,28.589951444776673],[84.90097052297021,28.593319544782847],[84.9069741617974,28.58821222886552],[84.91967525925001,28.59530140459992],[84.94489467969724,28.594861259428498],[84.94887699799946,28.58028860224888],[84.98340279473624,28.591444232810662],[84.99284654763116,28.599851214099417],[84.98600377685993,28.605418144976078],[84.98883374583738,28.61294581011457],[85.00021507280215,28.622916706446762],[85.00891874986195,28.637129115409703],[85.0171268325521,28.63949223985117],[85.03087281400703,28.656136379609684],[85.04033958832467,28.658037988755456],[85.04118611679556,28.668477876818837],[85.05204126159175,28.670087711288765],[85.0537116559761,28.680451325884192],[85.05859377367719,28.68246919725726],[85.08393548240471,28.67099796041389],[85.11537931688181,28.686587726766973],[85.13240607907993,28.67596313877125],[85.13504569670155,28.666610397633743],[85.14566451571073,28.66103018039495],[85.14513825316737,28.6565540324588],[85.15712272058909,28.643059062326117],[85.18117496193176,28.644499378667046],[85.18849064811059,28.641093285940865],[85.18527929957857,28.6318110124583],[85.19801879744861,28.62674386045022],[85.18896437681056,28.60503815212245],[85.1736620128488,28.597487392565263],[85.18134400151315,28.587497737446242],[85.18153489187564,28.578997461630728],[85.19155879153773,28.56905743160619],[85.18472392760653,28.56142098937394],[85.18894272087705,28.547292706315094],[85.18650955881688,28.533620127621127],[85.1661265647776,28.532124564961666],[85.16610390820985,28.521345210780865],[85.15700350288256,28.509562532307992],[85.15718682093534,28.498367417077116],[85.15251080223543,28.48999484077684],[85.1439137169698,28.48540794256305],[85.12581915194602,28.487873621775194],[85.11826710913914,28.485434220311205],[85.11315623022588,28.479062263871437],[85.11306484528899,28.47168149435148],[85.09925016282266,28.456940709889928],[85.10274415222402,28.447809212253556],[85.11462163615505,28.443115849173758],[85.1126003333256,28.432780833045175],[85.1173836695995,28.41647646980477],[85.11564455934922,28.4088591828625],[85.12670606882588,28.391721486511937],[85.12189268559904,28.385820606699717],[85.12162597818237,28.37220146247848],[85.11498940227096,28.366767810688653],[85.10816241802337,28.346952145442],[85.08109695017532,28.3459103844807],[85.06724395702416,28.339042419048813],[85.05217054296996,28.32642239262506],[85.04648741324775,28.325808189376428],[85.04131566775106,28.311612997683305],[85.03287885305969,28.303305203566495],[85.03789097133975,28.290176288659712],[85.03215462935881,28.28057928770469],[85.02766190332854,28.261812606541405],[85.00200783408746,28.253529325922464],[85.00268687272802,28.248078628968933],[84.99866685801807,28.24124515337043],[84.99160290678098,28.244706562588902],[84.9770635865997,28.226723567667648],[84.96473631793617,28.217364857073598],[84.96226482985938,28.212175392046],[84.97385279026518,28.190281202121152],[84.9640734611891,28.177932080928755],[84.9656678630983,28.174508726155953],[84.95724652108939,28.155549355452635],[84.95788747707554,28.147174956688445],[84.9542030448616,28.143495955031646],[84.95832252259719,28.13607901453549],[84.95691146341782,28.12676053039283],[84.94277615985874,28.1225797730303],[84.93919838433223,28.12575325608341],[84.92881614683819,28.126319520156038],[84.92017341704107,28.115311161920943],[84.9215695888528,28.106601112030692],[84.91813688256912,28.103421794595988],[84.90043134441727,28.10669040964009],[84.89245219554897,28.099971300873932],[84.8693682982008,28.12046925676067],[84.85469125001671,28.12266036651959],[84.84373702529118,28.11632073869643],[84.83714635267317,28.104143315603533],[84.8372685935768,28.094958358684192],[84.8318067828259,28.089568592383362],[84.82092162028614,28.0631502180817],[84.81837405436896,28.047700145174414],[84.8095024443002,28.037988663751186],[84.81356856459253,28.028435684038694],[84.80954864196877,28.01686287598261],[84.81328670090632,28.00933149735117],[84.8113263360777,28.00294433354725],[84.80385057347354,28.000428649361755],[84.79741980907835,28.00237005228904],[84.79690879282907,27.99814564921131],[84.79015005037606,27.997991060499714],[84.78406289854384,27.983299986567022],[84.77689233503457,27.977605044942777],[84.77162875710634,27.977355121349046],[84.77471837147748,27.9713933379121],[84.74588331789555,27.960096676866943],[84.73937678044085,27.936588721012324],[84.73389967120838,27.93316906757852],[84.7364323864154,27.9285480197791],[84.73200797951786,27.92583785252159],[84.73509768215482,27.915443791143193],[84.7332212682449,27.90705409337186],[84.73762304466983,27.89704720920573],[84.73576180293898,27.892878092537075],[84.7492412888789,27.886111644013344],[84.74595357358825,27.88024893217544],[84.75340663630486,27.873570118457273],[84.75603103561507,27.861774274280243],[84.76509360284975,27.859310345569313],[84.7675578806151,27.84379169025128],[84.77595689845758,27.835344938549323],[84.77371437669693,27.82420127115579],[84.78238042562587,27.8138740473749],[84.7730815313891,27.80865395851754],[84.76851206932363,27.811703461626816],[84.76899257912508,27.81562653122837],[84.76264571269205,27.818239262854927],[84.75695501356452,27.814518271822983],[84.75385042234569,27.806469938158713],[84.73878441462692,27.804068565644734],[84.73186563845299,27.795688323291618],[84.71875228855998,27.80374975197074],[84.7108264622734,27.80057799292711],[84.70740882546721,27.80669043972473],[84.68505759283714,27.81034233152101],[84.6680308812026,27.818541015656564],[84.66745103401993,27.823083900657963],[84.6610049300037,27.82919439256813],[84.66398740101535,27.840593632238363],[84.66038662735146,27.849528696689703],[84.64730387598695,27.85339624493741],[84.64898199386664,27.859745261013675],[84.6354950027931,27.860376324863065],[84.63385473308605,27.86882508981767],[84.62797319528197,27.87163426817435],[84.62439532098699,27.87986939887294],[84.61868928409913,27.88025837339183],[84.61374623523885,27.87309112789657],[84.60813940500242,27.871578649399442],[84.58954125280349,27.879598034150266],[84.57737414158471,27.871686877300185],[84.57653517599906,27.863783526193053],[84.56742698469255,27.858937249333387],[84.55878404803174,27.857966361801694],[84.54808896538405,27.862644498112722],[84.55242174279624,27.869886113472493],[84.54459502430142,27.869866919649176],[84.54074257415219,27.875832506463556],[84.54509064840786,27.881039165020038],[84.5405593004954,27.885580080607713],[84.54031496724424,27.896969732256878],[84.54540294025676,27.90490366400177],[84.53765242123944,27.909167988630042],[84.54016970276943,27.913417216078745],[84.53851426405994,27.917468032071184],[84.53284646597399,27.91298798718929],[84.52306683612552,27.915320310886493],[84.51717778112516,27.912552906710783],[84.51314989335857,27.917763248711978],[84.50952649551947,27.913569312274994],[84.50145562849985,27.915627029430993],[84.50070037879688,27.917656252895064],[84.50805409608834,27.91974853948215],[84.50716914890386,27.922536816945726],[84.48375754119964,27.928053912350318],[84.48176644911067,27.932356470223375],[84.47341330666477,27.93571869135854],[84.47334456513029,27.94008421589053],[84.46354965300664,27.943751562728522],[84.45834712788165,27.94223336985219],[84.45148143238798,27.950029797993558],[84.44479141548018,27.946369823610908],[84.42560592492954,27.952245534424186],[84.4207770466385,27.958039459552023],[84.4224933317054,27.963135459870372],[84.41885446662434,27.969640779921946],[84.42085294270147,27.977729143283955],[84.42780223091702,27.98611701008547],[84.43980162723271,27.988363849617752],[84.4380241215788,27.993089803414744],[84.44312751428207,27.992737055285794],[84.45317388088903,28.003310593803],[84.45730082230003,28.003905696895554],[84.45954317297216,28.02375943071185],[84.46416588107483,28.02828523062361],[84.46160254064705,28.038637340022465],[84.46820095214798,28.04551281109134],[84.46608778628047,28.05080328324781],[84.47196162462171,28.051478515109903],[84.47763700511116,28.058199490566494],[84.48212254278315,28.055636316646225],[84.48637144360414,28.060984103439306],[84.48815627851238,28.071336280419082],[84.48402921603608,28.076847953252255],[84.49301540623003,28.078856349692202],[84.4885527019098,28.084022818425552],[84.5131999180947,28.08781085504025],[84.51912703861092,28.09432013811843],[84.53025674077152,28.09945252212088],[84.54217224434771,28.100656136983126],[84.55108964201301,28.10951701470148],[84.54962490668392,28.11384818731167],[84.55400354687414,28.116306605417073],[84.55211163016635,28.120244893112186],[84.55598682544944,28.121297714951044],[84.55629189157236,28.124745893075733],[84.57416506626082,28.130559245419068],[84.57611777817688,28.13818988537284],[84.5868965806899,28.142996137557066],[84.58546238038657,28.146240220440884],[84.60116146670623,28.152053539079986],[84.60951438585688,28.15977963889871],[84.61199335165782,28.172557753662275],[84.63320753290348,28.18938128392402],[84.64029397830333,28.20513275793474],[84.63293971897087,28.230006022324904],[84.64058304413088,28.245303596777752],[84.64649493776135,28.250203223990564],[84.65148360779736,28.26446325278472],[84.64647881036717,28.293128016753407],[84.6549993138698,28.31252030942958],[84.65983566208158,28.31463544370106],[84.65933199789139,28.324035901896504]]]}},{"type":"Feature","properties":{"name":"Gulmi","DISTRICT":"Gulmi","DISTRICT_NEP":"\u0917\u0941\u0932\u094d\u092e\u0940","COUNT":79.0,"ID":24,"VAR_VDC_CO":526.6667,"Z_CODE":4,"ZONE":"Lumbini","AREA":"Hill Area","DIVISION":"Western Div"},"geometry":{"type":"Polygon","coordinates":[[[83.51034995138315,28.127020485511995],[83.5170325101986,28.12148977774513],[83.52533982033358,28.120889140080997],[83.53199184267535,28.116594280975047],[83.54429632871489,28.12090276966519],[83.55396154346505,28.117429947338017],[83.55518991429781,28.106631542921075],[83.56504588312735,28.100788105303977],[83.5626430947298,28.092823708568154],[83.57516135453359,28.087609677766597],[83.5806768577392,28.077558948588983],[83.57254508355133,28.073675820905258],[83.56744186412041,28.06497902897191],[83.56096538600255,28.0643533802102],[83.56402448116992,28.058103613719496],[83.5591654773249,28.043639528862936],[83.5640476918117,28.040712087485055],[83.56243821232415,28.034961931821062],[83.57843493201088,28.034000951359637],[83.58383596269113,28.02645052586684],[83.59005309621548,28.026021503184968],[83.59115166480008,28.021610223977333],[83.5959346643695,28.021156386895424],[83.5988183021871,28.01517171471314],[83.60492106035836,28.012066924036073],[83.60370843427943,27.99681522847351],[83.59340263690946,27.98946291726297],[83.58414182591721,27.987509833765518],[83.58521758698971,27.97893519109613],[83.57911487831038,27.97938900893069],[83.57733756074491,27.97435976245946],[83.55873196531566,27.973728214073038],[83.54997453288162,27.97682724471439],[83.54563409533593,27.971033183584233],[83.52185658196599,27.963940051399344],[83.51007066765534,27.96796783221891],[83.50040535037034,27.976918062495056],[83.48374488664174,27.981933688670114],[83.46665765491902,27.964244392241273],[83.46160023392076,27.953894080360044],[83.4434906389001,27.944855714582484],[83.44542071859819,27.93939550093426],[83.44070645520291,27.935476187841086],[83.43397059801322,27.935588613130786],[83.43315429236672,27.93935717887087],[83.4284857154474,27.939978849964433],[83.4189199034943,27.93074607716513],[83.39951324242763,27.93483859261457],[83.39269323230957,27.948045679547537],[83.38214305048974,27.955637989436504],[83.37676503967538,27.95600599615702],[83.37747442488772,27.9589201695533],[83.3609362419431,27.95168983011414],[83.35463515689104,27.954289218099753],[83.34539727554281,27.949927375607437],[83.34262835688948,27.940046262866538],[83.34671722667497,27.936718301941923],[83.34622148144618,27.931313361282175],[83.34431447435917,27.92659116877976],[83.33750240688255,27.92271187665769],[83.32526652837888,27.92083313269033],[83.3062107112943,27.928350940899776],[83.29143461787626,27.924637458545785],[83.28183810152096,27.925808325663862],[83.2786264219108,27.933150902358058],[83.28350079469219,27.941822896240634],[83.29086977080432,27.943650075858343],[83.29289116890028,27.9502718157566],[83.30254097793394,27.95487968915589],[83.29899369343457,27.95982494206266],[83.30094641144734,27.967785517539337],[83.28044134526398,27.967613576003316],[83.26290332318233,27.988975586617116],[83.25253639991244,27.986976718286368],[83.2521319443128,27.995282457901865],[83.24603682874661,27.997750254064144],[83.24402274321378,28.008415145300283],[83.2398729154758,28.008010764544],[83.2335487562789,28.02101569670356],[83.23337298844467,28.03825273732212],[83.22986375149709,28.048381690367783],[83.22045785929456,28.054305238720723],[83.21916094828565,28.059094135024257],[83.21523232502167,28.05971009579625],[83.21049498021392,28.066560598051378],[83.20537633669682,28.06685804358692],[83.200959403354,28.072630996870473],[83.19520757984236,28.074303506042202],[83.19301808002623,28.082883851936046],[83.18641189295566,28.08378775755704],[83.18313925107884,28.08762303806172],[83.17123914725939,28.079023418044578],[83.15571574358293,28.060697157032433],[83.13843745644314,28.06198806646077],[83.12430954993816,28.070831431512072],[83.12709379367517,28.076993551525582],[83.12538490175793,28.084494443504965],[83.1023854916561,28.07724494504863],[83.09642764349081,28.082174905359082],[83.09934146212544,28.094249267113195],[83.08993562309955,28.097355919453204],[83.07323723584867,28.09081788778217],[83.06655464468653,28.098393088331168],[83.06652400485567,28.105354273639787],[83.07028473741191,28.10836575533216],[83.06377007772848,28.110034439728185],[83.05700377142591,28.106765446686293],[83.05103829662212,28.111628655685358],[83.05391412978547,28.115095939281176],[83.05327323772201,28.121093992764504],[83.05912409408013,28.126851834910504],[83.04951972297395,28.140701596051752],[83.05517997276333,28.140795128380027],[83.05689627407843,28.145318969775182],[83.05373804664053,28.149816041095878],[83.03692497279523,28.157734387685675],[83.04221123432991,28.16871597104628],[83.03500243307234,28.168204745517322],[83.02947937041415,28.17492554780002],[83.03317148932464,28.175617904637182],[83.0361539973342,28.185790813098773],[83.03438388837178,28.203758273340828],[83.03706908336595,28.203289146925993],[83.02770114744636,28.219595349745724],[83.02712871758881,28.236176310885533],[83.02189567898796,28.23489270812152],[83.02981381518451,28.24104345683574],[83.0515546222788,28.243681389337198],[83.07074768458995,28.239167383916328],[83.07746075110188,28.233671005134113],[83.09357144197529,28.257020765784116],[83.10956060208525,28.25180106085314],[83.12438241573071,28.257805057430726],[83.13085904248327,28.250174548088754],[83.15552118415701,28.270850575497857],[83.16781835477231,28.257973515128693],[83.18484464275791,28.270736568815703],[83.20629596692514,28.25201987456904],[83.21541193605448,28.248455498479345],[83.21580106798186,28.243853493356372],[83.22587067351739,28.23542583741628],[83.23407142828296,28.221585594428653],[83.25180752828044,28.21420127363288],[83.25923782306515,28.20008829315385],[83.26884199514046,28.197269629157773],[83.27369381760852,28.18764228452334],[83.2780648113995,28.19106381839948],[83.29821130595796,28.192984635494085],[83.3063049173269,28.197907169720285],[83.31651944645762,28.190406402364964],[83.33023528410929,28.18907539452357],[83.35553843784867,28.19750165915952],[83.36990293671816,28.182774669530737],[83.3704904372543,28.176545846981778],[83.38422174393448,28.163848081138653],[83.39012603829931,28.16739551163798],[83.39478718720748,28.15593918361474],[83.41124943591936,28.144109221768463],[83.41361434859003,28.137821302391565],[83.41822189840487,28.137148137230252],[83.42305087344404,28.125605988276767],[83.4387575924854,28.131041665360424],[83.4465538984361,28.125219175983485],[83.45750810862702,28.13239031253056],[83.46261153536409,28.129977811702286],[83.4737107742542,28.132346685290848],[83.47826496191655,28.129735830312345],[83.47410006827317,28.119124250304484],[83.48633608773484,28.113320897902764],[83.49967803428856,28.117535949648726],[83.50548307318054,28.125733071106872],[83.51034995138315,28.127020485511995]]]}},{"type":"Feature","properties":{"name":"Humla","DISTRICT":"Humla","DISTRICT_NEP":"\u0939\u0941\u092e\u094d\u0932\u093e","COUNT":27.0,"ID":25,"VAR_VDC_CO":63.0,"Z_CODE":1,"ZONE":"Karnali","AREA":"Himalayan","DIVISION":"Mid Western Div"},"geometry":{"type":"Polygon","coordinates":[[[81.68721452747003,29.949237802459205],[81.6707145665301,29.940687740249327],[81.65307016021171,29.942863578543836],[81.6448238224194,29.94811771524922],[81.62661513298359,29.938375650320747],[81.61865113621869,29.93850904367706],[81.6128992776788,29.943238743256597],[81.60263175694348,29.93016496357383],[81.59103666041015,29.930666391359452],[81.5849033585453,29.93686079133095],[81.57021885133084,29.933469646541912],[81.54937076306423,29.923168747164212],[81.53492259528863,29.927585553907797],[81.51699606506075,29.922821204904896],[81.51199961646026,29.9161536765179],[81.5169429952123,29.904344555935666],[81.5027697417498,29.892218587439096],[81.49187655083024,29.887215937714284],[81.48079247923826,29.891918866147574],[81.46924318230995,29.890766781112085],[81.45678591880811,29.90054657376385],[81.46166783464557,29.913320853643068],[81.46022578751537,29.929670989119735],[81.4550307816119,29.93542484632204],[81.45837951147048,29.941869213277585],[81.45276488371343,29.951168490683916],[81.46783829579542,29.962443872674758],[81.46971463697142,29.97550037219876],[81.46068247298663,29.986884137992245],[81.46284880493255,29.993538277208305],[81.4579665487929,29.99999588308986],[81.42593495392445,30.009649537556133],[81.40134093460665,30.02282773920408],[81.39986109556783,30.019444403082126],[81.38633612015346,30.014878461214064],[81.38295686589593,30.009071088949028],[81.37661775692057,30.006467719540293],[81.37521408393961,30.009717515266782],[81.35762310673935,30.010451539666466],[81.34364781924378,30.0194703508921],[81.3208999889467,30.025452833525666],[81.31508706898012,30.032331911165237],[81.30464387428219,30.031799672100163],[81.28584753718894,30.037238665046722],[81.28166709773973,30.04330340365818],[81.27413790492642,30.044254980351692],[81.2718798512617,30.047880476649205],[81.27993506148522,30.066168417265295],[81.28768539015273,30.0700991935597],[81.28867665663053,30.093839632765],[81.28521318926836,30.10513574179926],[81.29020962173844,30.112663399863155],[81.27238944608258,30.133329232460074],[81.26264034729533,30.13762213716934],[81.25626289489087,30.14654187570702],[81.25723163705979,30.149799331064784],[81.30443565253351,30.159619967634114],[81.30362699259867,30.162755340549168],[81.30725808048723,30.162957548894052],[81.30953143610806,30.156789798882222],[81.3155960384893,30.152880186156196],[81.3313409200605,30.153986554284202],[81.33444553496473,30.160800906262303],[81.35210483324782,30.178633161467754],[81.36720883399248,30.185331337464927],[81.3754624865427,30.197388562706667],[81.39644785159388,30.209001589508627],[81.3965239501293,30.2193384392588],[81.39070330991866,30.23132109495221],[81.39560817437975,30.240263870057937],[81.3954325419659,30.250341341205996],[81.40842341750209,30.261065519981983],[81.41637942476537,30.280785739958922],[81.41589115564217,30.283856273041216],[81.40269412527175,30.28373022138971],[81.40180910487179,30.29111666910038],[81.42290885960963,30.304484291636335],[81.41364783293095,30.31665380158318],[81.40596610474438,30.31596330291354],[81.39757480459123,30.322844249317384],[81.4059047010033,30.336905907266267],[81.40269305774743,30.343085086002553],[81.40585864786172,30.352617151291607],[81.3996033223959,30.3573449343015],[81.40001513861996,30.36368245685338],[81.39572028515809,30.369070146245612],[81.42139723759955,30.371591769768536],[81.4278582552737,30.381976383443057],[81.41193769637768,30.39360416592361],[81.40103675598485,30.39585066094571],[81.40717713453049,30.419982130877695],[81.42634713538257,30.421109527314396],[81.43238125331004,30.415588360406858],[81.44296174729214,30.416435286712417],[81.45698282423214,30.40620924712063],[81.46845591464313,30.40263918649597],[81.47575648313676,30.38911556292826],[81.48877819978925,30.381559543793525],[81.50463753209209,30.381035289488594],[81.53266422564161,30.371974720918615],[81.55109433671687,30.369980076467147],[81.55520591640409,30.375282058249095],[81.55004144058391,30.380112842369655],[81.55072758874478,30.40215779920554],[81.55183363958265,30.405371391330455],[81.55909578594803,30.40729010141231],[81.560323585218,30.42716661584619],[81.56297058218811,30.429218764231777],[81.5738562704553,30.426779647065175],[81.58928858911676,30.416788210085688],[81.6077568837225,30.412497338187308],[81.62164025784185,30.423829918149305],[81.61749006057069,30.44444443217141],[81.61945049681188,30.44702867091792],[81.63400540838086,30.44509881890335],[81.6732382974421,30.427406571134775],[81.6938196248935,30.424147507768094],[81.7126771002141,30.41263420022437],[81.72768208697931,30.410631883182905],[81.73162616696182,30.39838792299653],[81.75163548966192,30.388697883647673],[81.76251350216431,30.38893833842254],[81.77252959205472,30.384866675494965],[81.79074599861316,30.388986411828796],[81.80839038994141,30.38717103511126],[81.82639350567487,30.37505505154126],[81.84148997733445,30.376119462693595],[81.84824110798507,30.373615446320272],[81.85232217692617,30.378692383813526],[81.86715170166393,30.377349946106104],[81.87799935172502,30.369566947433807],[81.88385046321486,30.360376388696],[81.91450134342679,30.349980849010148],[81.93911042843908,30.347467549022582],[81.94477058943963,30.35121330643275],[81.94651736251228,30.35748028434221],[81.950072165781,30.357749245228092],[81.96220899222278,30.350782532990422],[81.95757874480617,30.342402372289804],[81.9597986379941,30.340007000919147],[81.97011221786562,30.336902277572722],[81.97378918506834,30.331306699198358],[81.98069286828732,30.329632303528427],[81.99027423033985,30.32105781249825],[81.99814668795355,30.32074133413812],[82.00435601672693,30.328373907953676],[82.01119098998059,30.329621292668488],[82.0111602462089,30.341838609476213],[82.01419629596963,30.343499795749395],[82.02123723989206,30.344455386806118],[82.02935391423188,30.33832586464671],[82.03922493870445,30.3411543348899],[82.05522171201575,30.334040826305475],[82.05709816384996,30.34043367975965],[82.06474164459706,30.346803729319934],[82.0665493910437,30.35583991638376],[82.07625258150425,30.359206206006025],[82.08677972152317,30.357917110781425],[82.09338600587039,30.350656617039682],[82.1043174426506,30.349670767416303],[82.1100082667953,30.345518944248354],[82.11289206890746,30.330376072147246],[82.1187735934641,30.326664807392092],[82.1273406714793,30.30316862023746],[82.11640942238817,30.29421621731471],[82.11712659691575,30.28841271520348],[82.1109097025034,30.277478831972868],[82.11699726470466,30.269962769428787],[82.11779083323827,30.25831570511259],[82.10744685690172,30.255113422314167],[82.10389227522596,30.243081047889767],[82.09907887595679,30.23847516824419],[82.11155146811204,30.225434129900222],[82.12662506444086,30.22626587011272],[82.13338391700229,30.21898249109822],[82.13404019630181,30.206212101878066],[82.14161530647645,30.197639488532328],[82.16136525430508,30.189271115933817],[82.18431892020912,30.19083341494937],[82.18719491705279,30.185028035646717],[82.18422761238922,30.17857604262062],[82.18652385079113,30.17298425777902],[82.1820004587702,30.16148396766079],[82.19347352465613,30.159807730678438],[82.20532049436085,30.152081960859963],[82.1980737301637,30.14332986110916],[82.19800519884495,30.136790179427194],[82.18137551454379,30.130807154258772],[82.17661559282153,30.121961638838247],[82.1710850997319,30.118843339428867],[82.18616648587658,30.111274002787237],[82.17905707234867,30.100332475385052],[82.17833255407108,30.09106744015248],[82.16589090785558,30.08102792741331],[82.1706588768901,30.067668279202106],[82.21792411765145,30.067909256755378],[82.2298396469176,30.065306141867627],[82.24119046267242,30.07411170208053],[82.26432745441599,30.062972261240517],[82.28162858834023,30.060897509867367],[82.28519890427334,30.047783868766277],[82.29851818878215,30.03790492567386],[82.31593365990857,30.040516090066692],[82.31953407496363,30.049231903296278],[82.33441703538189,30.04652012351336],[82.34362463708236,30.036833745671604],[82.34425791793504,30.03011479892358],[82.34914015912715,30.024982677836004],[82.35303822264439,30.026189971913844],[82.35882821492034,30.02224412295734],[82.3622306223451,30.01365237609564],[82.366044826251,30.012120974452227],[82.37761687698507,30.020280010062166],[82.37591563866064,30.026384833167548],[82.38293373159023,30.02578417631454],[82.38678614700618,30.020598639692153],[82.39590196396713,30.023779929194042],[82.40132586963126,30.01597015083943],[82.42112168178399,30.003165704782706],[82.42370020433873,29.995823141450412],[82.43215254604117,29.98902420624924],[82.45494625225984,29.978775410012513],[82.46174307405627,29.980776128952982],[82.47371206376636,29.975132989308698],[82.47723647003602,29.969474469721394],[82.47600079664167,29.963239915907653],[82.49745965546109,29.947134183956308],[82.48825258024321,29.929151351787944],[82.47069992758071,29.919584736391414],[82.47430838404398,29.90667706717009],[82.46971615912224,29.90445324128153],[82.46786257632168,29.898869022796482],[82.45538262481497,29.8972458411413],[82.4476247544576,29.888699703412236],[82.45933441029835,29.88151938026367],[82.4616156264571,29.863706451598574],[82.4487314067229,29.860240938708007],[82.44028677543989,29.862674364887717],[82.43503087726191,29.860782377049492],[82.4357863783288,29.845280915323123],[82.42988222519021,29.835210975792997],[82.43548149465755,29.832081391488018],[82.4398603177778,29.824212473541532],[82.43844160811155,29.815572975476382],[82.4265338242744,29.811695528442176],[82.42267396467223,29.807127802014556],[82.40604408479199,29.81098004512773],[82.40094082346353,29.805369079262228],[82.40364894287991,29.802483570780975],[82.40405353510502,29.787149933947394],[82.40876025604182,29.785681481040417],[82.41279580332039,29.777789671544042],[82.41147622396204,29.771137445232743],[82.39753178286641,29.76123140640898],[82.40902055719434,29.73598827445817],[82.41426893610824,29.732149217280032],[82.41095069695758,29.727144756514974],[82.41108062293195,29.71418363330401],[82.39252117244985,29.696519161686606],[82.3788892962269,29.697031995338158],[82.36685162502631,29.70399108547017],[82.3615194312863,29.702667433545074],[82.35292219589162,29.70704045082465],[82.34953509523137,29.713025100822495],[82.33958766986774,29.71589143482645],[82.32386573376333,29.71063505121428],[82.31315549590184,29.71229604341646],[82.29755579741486,29.697173873584298],[82.28194065012747,29.692331348077662],[82.26818665016476,29.696658520782936],[82.26149646946462,29.70287770597058],[82.24598049690641,29.697716685200042],[82.23176119589593,29.700542909253045],[82.23138008872154,29.683811305046373],[82.23581985293819,29.68040707006583],[82.2325092562104,29.67457108419142],[82.23707112844866,29.668235531131963],[82.23435553628715,29.662767637331747],[82.21917509854072,29.663642813760745],[82.21484997638065,29.655335121683596],[82.20172149221854,29.66017533309155],[82.19253708399158,29.65323882764518],[82.18427548460753,29.658313689713353],[82.1695681017352,29.653947971462358],[82.1561955203666,29.658275151349976],[82.149581799348,29.654994726711717],[82.14261728201849,29.64584593627029],[82.1027822284672,29.634829566444086],[82.11369806851053,29.65292875878922],[82.10079066212013,29.66571615002343],[82.1022475402044,29.673186553504568],[82.09811284074854,29.680416575263372],[82.10121747178323,29.68630405099886],[82.09295590063594,29.68991039281609],[82.09270399018794,29.699429072118107],[82.0818945093062,29.70524197327058],[82.08047549180289,29.713089955599127],[82.07321329622565,29.713366393543577],[82.06689686432124,29.721919959933427],[82.06803343696767,29.724734957837317],[82.06125176610436,29.728366113469498],[82.06034366449958,29.746217205803305],[82.04842048204833,29.75002756334223],[82.03590237211212,29.749275963727474],[82.02840386766523,29.740306441828398],[82.01538998371176,29.735793897743022],[82.00609880948211,29.727201970529745],[82.00458852876375,29.719937541524047],[81.99831810882827,29.715306847098113],[81.9928487830071,29.70424518877127],[81.94682746954412,29.67517356742591],[81.93804728210074,29.672705568725736],[81.93062480660828,29.677658384980134],[81.92182939137636,29.673597899797993],[81.92050984459685,29.664876395932037],[81.91771025932158,29.66379308504955],[81.90976915651149,29.663197938580105],[81.89857826777245,29.668596980742656],[81.88977517068878,29.667488793981867],[81.88381757262553,29.65950911522421],[81.88329895304948,29.65350915316773],[81.8767920495371,29.649072987573724],[81.87251279675033,29.635078119493496],[81.86682970883518,29.633201386647954],[81.85298449888923,29.61943143309761],[81.84344138474921,29.622025052640574],[81.82447734040564,29.619966956939695],[81.7901191133967,29.627415890745404],[81.77705955498247,29.617429773488833],[81.77377194288295,29.605828417083675],[81.75047497463167,29.604924101404553],[81.73607261186119,29.606943597878896],[81.70969341498818,29.627149698849852],[81.70951024201126,29.63235245427027],[81.7028506055849,29.637206109733313],[81.70262929856253,29.641975937127448],[81.6993948760144,29.64208460186891],[81.70361329428242,29.645431741227206],[81.70056190709151,29.648073129239098],[81.70215609962925,29.655528275528788],[81.69734216749215,29.680407232615277],[81.70869279799186,29.70027246101509],[81.71403224900479,29.722317501620722],[81.72702311694472,29.734142127062675],[81.72679401885364,29.7479633781493],[81.73284309857301,29.759196686352265],[81.7301806247579,29.76922263748724],[81.73614585571329,29.776920053040396],[81.73979192652945,29.792507394863684],[81.76452286655271,29.801829975310774],[81.77365406670255,29.798156893102156],[81.78035922488374,29.807067278458263],[81.77919958363285,29.81439079126083],[81.78338725581703,29.830523590583912],[81.780694286137,29.839515854856565],[81.79421155130531,29.84884972511332],[81.79154153944283,29.853810234559262],[81.79526405411407,29.86040718278525],[81.79720894953243,29.878803759884466],[81.7936385788315,29.8955429309512],[81.79874192284478,29.896698745530184],[81.79953519948667,29.90064087424931],[81.78867989678638,29.90963302516914],[81.78263826441466,29.90856874181668],[81.77996829733517,29.911063281710355],[81.76936492134769,29.909531679318587],[81.76171363592559,29.91242284180993],[81.75498550318251,29.9085492897392],[81.74221567126246,29.907303733203335],[81.73338203284146,29.907942513480734],[81.72655458190366,29.912347979431946],[81.71599700122029,29.909431773850528],[81.71077912318903,29.914315961253962],[81.70964990088632,29.92688037262731],[81.69748260314638,29.931501275470374],[81.69793249537554,29.941487216252163],[81.68721452747003,29.949237802459205]]]}},{"type":"Feature","properties":{"name":"Ilam","DISTRICT":"Ilam","DISTRICT_NEP":"\u0908\u0932\u093e\u092e","COUNT":49.0,"ID":26,"VAR_VDC_CO":204.1667,"Z_CODE":2,"ZONE":"Mechi","AREA":"Hill Area","DIVISION":"Eastern Div"},"geometry":{"type":"Polygon","coordinates":[[[87.81806325159674,26.693793111965448],[87.8099161418328,26.692381650332813],[87.79860337325576,26.68508647369079],[87.790677671374,26.67540547260829],[87.79077704240015,26.666336821178042],[87.78137887959454,26.664643074392522],[87.76509221055356,26.665317924977302],[87.75798238452917,26.672008193967084],[87.74063523628793,26.678576219799428],[87.71843624232413,26.693173397027536],[87.70897692422959,26.697285113075935],[87.70840485016988,26.69473329274836],[87.70464389591362,26.70144078603892],[87.70767218681678,26.709883936733295],[87.70161474036719,26.73195755695855],[87.68720427529972,26.75004692304108],[87.69088110191251,26.75302219322904],[87.69039280261576,26.756674438516335],[87.6853580319993,26.75763175382903],[87.68248222309491,26.753088794204455],[87.67552513047944,26.752388733782222],[87.66313640882471,26.760814443207195],[87.6792166320605,26.781538172899882],[87.67095486005472,26.790816466112727],[87.66148034333881,26.79236302111658],[87.65604115662168,26.798303796030392],[87.66113676480091,26.80585823563475],[87.6615332403528,26.814917357671103],[87.65248586007931,26.818920370706824],[87.64783226220278,26.831023264556432],[87.64212623009406,26.830283175694966],[87.6343602827745,26.8405646547453],[87.63119452764359,26.839046481181217],[87.62205561019876,26.842904546664922],[87.5996124081202,26.8621971973136],[87.61176442596819,26.86372506754858],[87.6366636126747,26.860721702165613],[87.64706859814815,26.867965365767787],[87.6882540742287,26.88108370304948],[87.69031332426256,26.899840874338302],[87.69826948285824,26.911879149726875],[87.69398970591745,26.92261650652485],[87.70631706051276,26.929330008857047],[87.68034957262486,26.946795511750206],[87.67720655018452,26.95209932760032],[87.68060877750295,26.953966519862274],[87.69021247433668,26.974739716563267],[87.70268481234837,26.979460216502144],[87.71860482528056,27.00036321573745],[87.73265621393708,27.00637109235312],[87.73949096495694,27.019696694523404],[87.75474776131699,27.02040262831546],[87.76405457931034,27.0132222580369],[87.77799168583748,27.012863960770442],[87.79678012680418,27.027170072135732],[87.81763603738625,27.033897081411197],[87.82468451375168,27.04143629906229],[87.84097101817913,27.047743645754778],[87.85223783735596,27.062558838734866],[87.8616283958199,27.062991940408075],[87.88056175994795,27.077933147763375],[87.88126347321437,27.08231967846162],[87.88988352043619,27.084598918267048],[87.89552835833982,27.092601555894056],[87.91451542018557,27.094430890941222],[87.91768108561715,27.099816830036172],[87.92403550058138,27.101897681772073],[87.94373209807632,27.099639940079083],[87.95259615461805,27.106267559282426],[87.96216992318648,27.101116437378494],[87.9741464589835,27.10385346331808],[87.98085949976803,27.101990270221695],[87.98867853143803,27.10570560412084],[88.00340901340847,27.10447765025616],[88.01187670707233,27.09743839826548],[88.01597336811432,27.088461368955624],[88.02110730237979,27.08775580624723],[88.01626358338078,27.07385045423216],[88.02121452384787,27.069319081264716],[88.02756940667194,27.051057931543635],[88.03763160698148,27.03665698582575],[88.04577111642139,27.036729608581158],[88.0597007634125,27.029145002296335],[88.07762737870631,27.035387539463287],[88.0830208095191,27.029025279650398],[88.08859748906706,27.015404288151416],[88.0883001427501,27.008372502275552],[88.09225937445677,27.004552489489438],[88.09916310193661,27.003774486474004],[88.11508393382812,26.988839636626896],[88.1355434160208,26.984926476311262],[88.12256024417826,26.968394781150085],[88.12046284306626,26.950476765082122],[88.14604157423184,26.92105322733103],[88.13638451882451,26.89875808701782],[88.14649238836057,26.888856181802403],[88.15682896264482,26.885404371860538],[88.16662418226036,26.87050373525934],[88.17221584266332,26.86893804138972],[88.1747564537891,26.853629133661205],[88.16741800948466,26.849858498562984],[88.1706678176447,26.845250805211098],[88.16754796878926,26.837776499116735],[88.17424580959617,26.83355412000716],[88.17182773287503,26.827895464594015],[88.1789071558637,26.81660316621739],[88.17754959394149,26.80368197840877],[88.18485807838688,26.783225670561137],[88.17380450749819,26.783383763620616],[88.17370540222235,26.780574481577187],[88.16587858467403,26.783560986045273],[88.16012660844112,26.790340915087988],[88.15893637089201,26.799352331594783],[88.1504534297791,26.80586901908379],[88.15467980412954,26.795566495743724],[88.14509148645537,26.76946652399802],[88.13607479015768,26.765722558949474],[88.13126860633875,26.778256475891396],[88.13142896092572,26.77131242647875],[88.12555520871538,26.765859683390055],[88.12540280351828,26.75868676622877],[88.11912473081355,26.753874829163365],[88.11814841765693,26.74843934036839],[88.11373918222775,26.749057186920762],[88.11153464082525,26.746003746958625],[88.10460798631809,26.74854208056568],[88.09668939360225,26.761875050375085],[88.09512527354718,26.774910615603122],[88.09831391149139,26.776566108518814],[88.09241683897699,26.79027101530374],[88.09675726598137,26.796360728948546],[88.09233266966692,26.801569163717733],[88.07709914801417,26.78336864110317],[88.0747723653355,26.788548506624885],[88.06718202572752,26.791700940751006],[88.05797526917796,26.759301553670053],[88.05576313102654,26.754848241716356],[88.0493248131633,26.75217806849936],[88.04618969184877,26.74531215360431],[88.04471723911374,26.752807354767135],[88.03573842715328,26.760460715138958],[88.03527300727391,26.764299865336906],[88.0267215065557,26.766643636918072],[88.02682041113339,26.778344204086707],[88.01959649673023,26.769954376111414],[88.00795560581119,26.7671830277335],[88.00415658156813,26.770551043036114],[88.00590334451165,26.77687338513014],[88.0044538734722,26.78010984756477],[88.00501845824284,26.77646332475863],[87.9984810569215,26.770007392674227],[87.99690234473175,26.75368188080302],[87.9913030447022,26.75577014393237],[87.98783982113208,26.752466840659167],[87.98133278653891,26.752508680388168],[87.97844911388245,26.75843805869255],[87.98033321867507,26.76342156105348],[87.97571026112774,26.7696808502131],[87.97915811171303,26.778124010090018],[87.97527524074506,26.778587384826455],[87.97152981744048,26.773012622139643],[87.96328341039572,26.777278839588014],[87.96673882736674,26.788468342245903],[87.96474015071324,26.78994637234185],[87.95878254245123,26.781991405801268],[87.95714274597661,26.768175745761628],[87.94724109368616,26.767139965841544],[87.95428224311321,26.761487204602386],[87.9577152823005,26.750175767073173],[87.94860719591698,26.739741405805194],[87.95022466973609,26.72858632398582],[87.93551714164629,26.726533928901844],[87.92734735413654,26.71587263002839],[87.92656933663652,26.71229474130368],[87.93322138167098,26.709106052322046],[87.93329018550304,26.70250529433806],[87.93641785886932,26.7013801131707],[87.93387787986406,26.688828897845525],[87.9242735162632,26.697538827478944],[87.9154933143767,26.69316549880703],[87.89592648592026,26.691242705116654],[87.89152498120397,26.687319550896472],[87.88343884118152,26.688461807357413],[87.87931195696417,26.684637831663768],[87.86709870385123,26.692199590554328],[87.86196488290467,26.687778648653712],[87.8652451789032,26.684206554705316],[87.86807558412771,26.672334393655355],[87.86601592717064,26.671720243715274],[87.86530642739277,26.674302556269286],[87.8559158129624,26.67618096199506],[87.84517503811121,26.675011665604284],[87.83359482801825,26.68775334422923],[87.81806325159674,26.693793111965448]]]}},{"type":"Feature","properties":{"name":"Jajarkot","DISTRICT":"Jajarkot","DISTRICT_NEP":"\u091c\u093e\u091c\u0930\u0915\u094b\u091f","COUNT":30.0,"ID":27,"VAR_VDC_CO":77.5,"Z_CODE":1,"ZONE":"Bheri","AREA":"Hill Area","DIVISION":"Mid Western Div"},"geometry":{"type":"Polygon","coordinates":[[[82.04046100028576,28.641839251293273],[82.03051356262509,28.64493445718885],[82.00834553715121,28.645273635011506],[81.9756428668251,28.63852371365663],[81.95746444227728,28.64076248949399],[81.94760867814489,28.636169887350743],[81.9369517705966,28.641187513871966],[81.88555183582184,28.643246572341496],[81.87748856084151,28.64891076515685],[81.87944893146157,28.65580521747264],[81.87724428275557,28.65885666296492],[81.86802150495761,28.664061211796522],[81.86590818151686,28.679658034368476],[81.85900427942579,28.69338957875915],[81.84506697187356,28.710452857994785],[81.82006097243665,28.724109780941045],[81.8244013628603,28.732659689018902],[81.83619466999383,28.740685224231573],[81.84811021516745,28.73797529236815],[81.87982878541997,28.746792570559975],[81.88382578649784,28.76185546524162],[81.91233265342848,28.780080778930497],[81.88935549094352,28.81143818427947],[81.87837000466489,28.848912047712943],[81.88010899751471,28.864671027791033],[81.88972056324623,28.874283300348054],[81.88927022109424,28.88977524660106],[81.89394621432358,28.900752987238047],[81.92453551297952,28.924869579732828],[81.92685433477071,28.936285937803518],[81.92117111747808,28.941450480564374],[81.9197439808446,28.977717227237495],[81.93042360502776,28.982132472722927],[81.95828993611853,28.98563823068023],[81.96112759193805,28.990963090824742],[81.984370990831,29.002829824897397],[81.98600328621625,29.01267466406666],[82.00057339614993,29.01574350057143],[82.00778955916029,29.030695819765466],[82.03929500928791,29.01196020120765],[82.04443667268959,29.003480988718852],[82.04167527995331,28.999348111207222],[82.04451310322814,28.99516381650358],[82.04297990609729,28.989335480576564],[82.0497921814614,28.980778096588118],[82.07836821471099,28.969394582199026],[82.09534122407885,28.97443737520729],[82.10027659499416,28.984442463007973],[82.12302418077422,28.994604183230976],[82.11754679814374,29.007042678445877],[82.11872906094963,29.014513084091988],[82.12546488247445,29.015590728342307],[82.13858537043461,29.031813306464517],[82.14669430178846,29.03258772958778],[82.14962342966425,29.041658275758785],[82.1478459051936,29.048211291148657],[82.15086665204979,29.05286483022548],[82.15667181395801,29.053919575879068],[82.16694701375422,29.06504806087248],[82.16747329360432,29.06934492453025],[82.18063234563476,29.06186708856812],[82.19846724152065,29.073367576823415],[82.20350182793233,29.080618710909363],[82.20105297433463,29.089006415234802],[82.2115267439986,29.08712799689765],[82.21981871361444,29.090236800683066],[82.22469313574194,29.095731428081642],[82.2252040788215,29.104451021097148],[82.22881226917713,29.105732690119574],[82.2366466729174,29.10130053348734],[82.25414597077187,29.109955518925755],[82.26268215372757,29.10718451822987],[82.26973063391557,29.113989402642822],[82.26535956783944,29.1149181340406],[82.2644974452493,29.12145590426547],[82.27819023856745,29.12752089891621],[82.28375138518469,29.123460609410248],[82.28565098249679,29.11593875338314],[82.30138821605809,29.119791458544864],[82.32316735586356,29.110061376179726],[82.35245250665977,29.11655379658264],[82.41159555226926,29.095722596753838],[82.40332681812656,29.073374248217963],[82.40505893725731,29.04690845682347],[82.40326637691035,29.041179289045054],[82.39857498600087,29.038413824801374],[82.39781997385559,29.02765164638673],[82.3916487997202,29.01834456366875],[82.39835439699502,29.003516400141837],[82.41205490955754,29.00472764608724],[82.42774653804675,28.99967195487934],[82.43815940654184,28.991042150312328],[82.44893824836755,28.992760663300807],[82.45708538282375,28.9902528473889],[82.46491959450911,28.99653518049771],[82.46728426649267,29.003105419506838],[82.47876488507255,29.006595705048575],[82.4844326005996,29.015151356121688],[82.49351794764956,29.016793558944972],[82.53555794073975,29.011377786239436],[82.54688618368515,29.00441867779989],[82.57178527963721,28.997515069763843],[82.58018423450001,28.990456746933905],[82.57483672401338,28.9920644167008],[82.56721607255591,28.98764729923706],[82.55201274704407,28.98777677147423],[82.54202734260298,28.98123121727717],[82.51326899295074,28.949976082724504],[82.51609946725205,28.930646937918226],[82.50440535913833,28.92133023942689],[82.50748769711292,28.89493884048022],[82.49612173375286,28.878674319700853],[82.47052876910003,28.868268431016507],[82.46518889664456,28.869336372327556],[82.46141275571516,28.874970104811027],[82.45486002019864,28.873476697463044],[82.44263953071213,28.865418725565224],[82.43007587264883,28.851377951107956],[82.41629908695768,28.849417186012232],[82.41115765303908,28.844876138183892],[82.399585480519,28.841986611465178],[82.37478603387906,28.822113535789434],[82.363427873403,28.795872600398845],[82.35685992214911,28.792054351103417],[82.3485526188335,28.793019264803792],[82.34444867593953,28.786540545011388],[82.33506583150947,28.784263251737134],[82.30628395938855,28.787802564359247],[82.2935217565837,28.785202912752307],[82.29283534633134,28.777206131677094],[82.2826441186827,28.762372008148773],[82.28899863931044,28.757014849930147],[82.28393354916892,28.749008472352987],[82.29013559921812,28.738210150328754],[82.28310235336497,28.73234740676469],[82.28906782995891,28.72685864802995],[82.28452916786429,28.71482051584143],[82.2759626711384,28.706116064813536],[82.28060084055406,28.699051963423646],[82.27999828354199,28.694327889959784],[82.27310989691009,28.69293174525645],[82.26129338877541,28.70281264112227],[82.26002699115408,28.70787235106877],[82.24740959943095,28.712430318770163],[82.23848447329253,28.709168932130567],[82.23256498367277,28.702402204683576],[82.22881207517814,28.68846835449672],[82.21659909243918,28.68703017947341],[82.20914637625941,28.67601806615013],[82.2031503658115,28.682706436443606],[82.19713157728084,28.683314742009077],[82.1988251500919,28.678970227300066],[82.1945534454172,28.668827828019044],[82.19817700353254,28.663934074037417],[82.19401968480103,28.6560287890092],[82.19207474868207,28.639138846349994],[82.18651369052745,28.63809936166472],[82.19129679525487,28.63117829927289],[82.17934337756316,28.618230344574606],[82.16714574546425,28.611366265846847],[82.14423770100382,28.615435859652507],[82.14149907273504,28.618075348667315],[82.1445884458307,28.624592197794367],[82.13827212665049,28.626594642659782],[82.12884355724313,28.62162442407994],[82.1194758983874,28.623325494447332],[82.10860555195313,28.61929930672078],[82.10049656237294,28.621612596569364],[82.08231823431946,28.618185162215802],[82.06972360083778,28.630116260265275],[82.05441339575944,28.634849654313115],[82.05887587238799,28.641484766031894],[82.05709841265441,28.644442765777743],[82.04676965066628,28.642127319437297],[82.04406930500163,28.636680399754628],[82.03599084645917,28.63801531112989],[82.04046100028576,28.641839251293273]]]}},{"type":"Feature","properties":{"name":"Jhapa","DISTRICT":"Jhapa","DISTRICT_NEP":"\u091d\u093e\u092a\u093e","COUNT":51.0,"ID":28,"VAR_VDC_CO":210.4118,"Z_CODE":3,"ZONE":"Mechi","AREA":"Tarai","DIVISION":"Eastern Div"},"geometry":{"type":"Polygon","coordinates":[[[88.105405803919,26.550812988554604],[88.11151628648726,26.545280360854967],[88.09815148312583,26.53747210984654],[88.09947125913682,26.534767747886455],[88.10368210495687,26.53645568152294],[88.1030569705581,26.518821853213268],[88.09513110101715,26.516538811025494],[88.09655773029212,26.51135511256053],[88.09033303837532,26.507210690318576],[88.09262924604471,26.504733300743805],[88.09870906584966,26.505854834750547],[88.10027314323646,26.494564337473946],[88.10575045537233,26.489573337757182],[88.10028872798561,26.47990763320789],[88.10725356854756,26.475458300391345],[88.10472863609203,26.47222748588336],[88.09787831072683,26.472696528967948],[88.10305815595883,26.465861277227823],[88.0918978480132,26.463160503441173],[88.09689469982571,26.452358306606186],[88.0958193768686,26.439665980877052],[88.06971552825769,26.41356379538719],[88.07137101417582,26.40816077420249],[88.06005804128401,26.409775954646616],[88.05557262068967,26.405889033685355],[88.05542016394756,26.40087123096561],[88.04731878117882,26.401223913956457],[88.04505325717912,26.396057312858552],[88.03776816842107,26.393987887512296],[88.03649430254846,26.39042143129738],[88.03426676735727,26.392156928261368],[88.03077316930633,26.382453115338407],[88.02715731221365,26.38196481130493],[88.03139878834017,26.378432783568098],[88.02716517982725,26.371172059441587],[88.02985814709552,26.364973761070946],[88.00765191954117,26.36118188109629],[88.00237293594947,26.366676382295054],[87.9954082041588,26.366245233793347],[87.99202869987651,26.37154523631703],[87.99161629863667,26.392644400483075],[87.96577113335948,26.397266949394915],[87.93248790703656,26.418159547110392],[87.9271937926048,26.41798780573896],[87.92601880035981,26.427792614371857],[87.91596446140254,26.43193483643079],[87.92534722771299,26.44010728514793],[87.92481311656356,26.445634292818706],[87.89868573375671,26.448864593071765],[87.90961704873774,26.45788004423269],[87.90002769957051,26.477554374510632],[87.88808903053175,26.486803998909494],[87.88556425254264,26.4765795446723],[87.8581022559346,26.463669330138003],[87.85817107223617,26.45639342748788],[87.86254985345171,26.45309026446201],[87.86137516823015,26.449003149820225],[87.85096246616624,26.44537740842677],[87.84865125144412,26.436573809354304],[87.82818414234208,26.440227607076764],[87.82966383191915,26.450320446948588],[87.81145455786981,26.461938681806426],[87.78790549842964,26.46892999516783],[87.78619677016816,26.467301230357574],[87.78994998983889,26.4654208147162],[87.78559420795902,26.463561233573973],[87.78858458881986,26.46157590924898],[87.78236759797728,26.454103455066353],[87.77779818581219,26.4538230177815],[87.77895014241942,26.45079633868441],[87.77383911254785,26.450538777979375],[87.77772977291947,26.44277089034644],[87.77292401871448,26.43617004396889],[87.77776806490652,26.435943175356236],[87.77591448946191,26.43008809006858],[87.77254272948971,26.43018529643739],[87.77538056109711,26.427334108070568],[87.77049837214415,26.427591490974237],[87.77601376285111,26.425346834460697],[87.77302353090438,26.420544494026004],[87.77621217485641,26.42200545304847],[87.77301592336488,26.419592809478587],[87.77100197053834,26.421972938290914],[87.76754636643687,26.41894999151442],[87.76721087953825,26.41150434235514],[87.75380020333353,26.40825426398257],[87.74743789610105,26.4179407343988],[87.73909242000695,26.41767167343081],[87.73363832050866,26.407864840828726],[87.72284401383386,26.41265167914987],[87.72231750788652,26.419307738976453],[87.71113407927729,26.427441676674714],[87.69845564154718,26.428293962818913],[87.69204761400198,26.43572232734326],[87.67518881177598,26.436378099762198],[87.67196949984924,26.441990882419457],[87.67282370961773,26.44987328491308],[87.65776499899512,26.46031675229215],[87.65973288485392,26.47148143607522],[87.6500293351601,26.48116784625482],[87.64847278907206,26.49718815482098],[87.64262157232841,26.50752688931833],[87.64056904828435,26.529528113624156],[87.64588561702884,26.549269456476896],[87.64137702874862,26.558303700949775],[87.64088842894596,26.575685755136483],[87.63570862905426,26.580692017594476],[87.64213167841524,26.583936249313652],[87.63841634167208,26.59765073346278],[87.64668548492033,26.600029137118078],[87.64730320352034,26.60832539234713],[87.65543492022357,26.61592947390763],[87.65396987783758,26.633530835524642],[87.6442510333356,26.64494324258416],[87.64150460869917,26.65389932255877],[87.64248838346339,26.667041734272985],[87.65287023408575,26.68575900747035],[87.6511461163422,26.690166475207576],[87.65484533692798,26.71536423440483],[87.67834813253207,26.73026546983589],[87.68720427529972,26.75004692304108],[87.70161474036719,26.73195755695855],[87.70751196818311,26.7108775758923],[87.70464389591362,26.70144078603892],[87.70776405156997,26.69528636418901],[87.70897692422959,26.697285113075935],[87.71843624232413,26.693173397027536],[87.74063523628793,26.678576219799428],[87.75798238452917,26.672008193967084],[87.76509221055356,26.665317924977302],[87.79077704240015,26.666336821178042],[87.79332461688708,26.68046336832474],[87.81450840652461,26.694075311036823],[87.83359482801825,26.68775334422923],[87.84517503811121,26.675011665604284],[87.8559158129624,26.67618096199506],[87.86658805744364,26.67174123303483],[87.8652451789032,26.684206554705316],[87.86196488290467,26.687778648653712],[87.86709870385123,26.692199590554328],[87.87931195696417,26.684637831663768],[87.88343884118152,26.688461807357413],[87.89152498120397,26.687319550896472],[87.89592648592026,26.691242705116654],[87.9154933143767,26.69316549880703],[87.9242735162632,26.697538827478944],[87.93387787986406,26.688828897845525],[87.93641785886932,26.7013801131707],[87.93329018550304,26.70250529433806],[87.93322138167098,26.709106052322046],[87.92656933663652,26.71229474130368],[87.92734735413654,26.71587263002839],[87.93551714164629,26.726533928901844],[87.95022466973609,26.72858632398582],[87.94860719591698,26.739741405805194],[87.9577152823005,26.750175767073173],[87.95428224311321,26.761487204602386],[87.94724109368616,26.767139965841544],[87.95714274597661,26.768175745761628],[87.95878254245123,26.781991405801268],[87.96474015071324,26.78994637234185],[87.96673882736674,26.788468342245903],[87.96328341039572,26.777278839588014],[87.97152981744048,26.773012622139643],[87.97527524074506,26.778587384826455],[87.97915811171303,26.778124010090018],[87.97571026112774,26.7696808502131],[87.98033321867507,26.76342156105348],[87.97844911388245,26.75843805869255],[87.98133278653891,26.752508680388168],[87.98783982113208,26.752466840659167],[87.9913030447022,26.75577014393237],[87.99690234473175,26.75368188080302],[87.9984810569215,26.770007392674227],[88.00501845824284,26.77646332475863],[88.0044538734722,26.78010984756477],[88.00590334451165,26.77687338513014],[88.00415658156813,26.770551043036114],[88.00795560581119,26.7671830277335],[88.01959649673023,26.769954376111414],[88.02682041113339,26.778344204086707],[88.0267215065557,26.766643636918072],[88.03527300727391,26.764299865336906],[88.03573842715328,26.760460715138958],[88.04471723911374,26.752807354767135],[88.04651008460847,26.745333138454956],[88.0493248131633,26.75217806849936],[88.05576313102654,26.754848241716356],[88.05797526917796,26.759301553670053],[88.06718202572752,26.791700940751006],[88.0747723653355,26.788548506624885],[88.07709914801417,26.78336864110317],[88.09275223391538,26.80149479127659],[88.09682593732563,26.795672237271212],[88.09241683897699,26.79027101530374],[88.09831391149139,26.776566108518814],[88.09512527354718,26.774910615603122],[88.09668939360225,26.761875050375085],[88.10460798631809,26.74854208056568],[88.11153464082525,26.746003746958625],[88.11373918222775,26.749057186920762],[88.11814841765693,26.74843934036839],[88.11912473081355,26.753874829163365],[88.12540280351828,26.75868676622877],[88.12555520871538,26.765859683390055],[88.13142896092572,26.77131242647875],[88.13126860633875,26.778256475891396],[88.13607479015768,26.765722558949474],[88.14509148645537,26.76946652399802],[88.15467980412954,26.795566495743724],[88.15036952948651,26.80533309920865],[88.15233764611736,26.80591482606999],[88.15893637089201,26.799352331594783],[88.16012660844112,26.790340915087988],[88.16587858467403,26.783560986045273],[88.17370540222235,26.780574481577187],[88.17380450749819,26.783383763620616],[88.18485807838688,26.783225670561137],[88.18796310359969,26.771742579996314],[88.18638477827807,26.73857664116741],[88.18204464479966,26.719565762239817],[88.1671468098274,26.6996468704904],[88.16306682359634,26.646083560386558],[88.15798643494271,26.64017501432432],[88.16048100514723,26.63666012141427],[88.15464540823703,26.630545585766406],[88.1420128634694,26.6258784781341],[88.1391373804959,26.606900046242],[88.12989186916657,26.601395747159884],[88.13191358118479,26.59328453392216],[88.12731390346067,26.581971039427458],[88.13014423113555,26.57367675109237],[88.12539926764495,26.577721800376732],[88.12295829644862,26.572356849551632],[88.12076886411634,26.575824068828958],[88.1176183561225,26.574656815393833],[88.11892295948526,26.56821628135769],[88.11317866696339,26.57257790495109],[88.11162263886595,26.565105532779032],[88.11513169068112,26.565898984791747],[88.11058524183568,26.56212267933936],[88.1135527724471,26.558642123841057],[88.10941057853005,26.55712965225285],[88.10541320307581,26.561020233449224],[88.105405803919,26.550812988554604]]]}},{"type":"Feature","properties":{"name":"Jumla","DISTRICT":"Jumla","DISTRICT_NEP":"\u091c\u0941\u092e\u094d\u0932\u093e","COUNT":30.0,"ID":29,"VAR_VDC_CO":77.5,"Z_CODE":1,"ZONE":"Karnali","AREA":"Himalayan","DIVISION":"Mid Western Div"},"geometry":{"type":"Polygon","coordinates":[[[82.01467683313753,29.094773043004167],[81.98087535249307,29.10774706475736],[81.9577763288543,29.12804095410735],[81.94792047001523,29.12927857370011],[81.95017060839373,29.14211958474373],[81.94407542140823,29.149479273410524],[81.93614954499657,29.15027064133899],[81.93479163417915,29.153858010871996],[81.92646140766388,29.157328948108503],[81.90367550857762,29.157254258763643],[81.89467377354545,29.17283953468116],[81.90082963793358,29.185253391505334],[81.90822909353011,29.188070382992013],[81.91073860053194,29.20064248530836],[81.90885430582274,29.2057803770428],[81.90135548910708,29.21387049227944],[81.89432214397182,29.21393714760875],[81.87549512879359,29.227166933239534],[81.86874405877425,29.225774607167732],[81.85911680582278,29.240993696353023],[81.84992457527729,29.24453709421133],[81.84629322728603,29.258766442933624],[81.8478645337725,29.26639705270784],[81.85369258845078,29.266879645895983],[81.85965022135413,29.273238232615075],[81.8793618975112,29.27284943782784],[81.88253506853125,29.285537885071324],[81.89719655168217,29.297661966301433],[81.89885947296338,29.301047216208847],[81.89589192569235,29.30765361352794],[81.90446607698264,29.31437841277896],[81.9074104870488,29.321965176161036],[81.91476421137725,29.32250309859519],[81.93031061290284,29.332908831873375],[81.92982217007595,29.345707844416],[81.92516873702243,29.353382233517237],[81.92771637450302,29.366436848061724],[81.9243900871401,29.384638834046985],[81.93037053533317,29.39479078231466],[81.92743347780855,29.40269214760024],[81.93035491694255,29.41501441323681],[81.92877551879211,29.43338997447593],[81.9382116051237,29.443828045236124],[81.96436156495918,29.445848097787625],[81.97410267511171,29.462385302623662],[81.97936618815093,29.465211801023575],[81.97912194054439,29.4730025868057],[81.99816236484081,29.470004778427572],[82.00615682542312,29.472993424153213],[82.01428885723209,29.461531445100572],[82.02009390713253,29.468578518390235],[82.02882835572687,29.46948263779595],[82.04116316190226,29.48284062698349],[82.04833378916655,29.48422723893392],[82.05703782999143,29.479297325320758],[82.07659684624967,29.483853825930094],[82.09039667469516,29.47633976801538],[82.09334143556478,29.464431439388935],[82.10199972154193,29.458696699486925],[82.11081798029085,29.465221250935237],[82.13016339297705,29.4703460863872],[82.1339090450605,29.46319615807679],[82.14259785108644,29.45712575691171],[82.14561123340893,29.447113155914924],[82.1394248010236,29.43815509157459],[82.14364344393314,29.429202893723648],[82.15272122664693,29.426964002536245],[82.1610744560095,29.417022040892373],[82.17708641878812,29.414495263898857],[82.18083970646133,29.406973436935118],[82.19443335875344,29.411156051270172],[82.20054371199123,29.408915211695106],[82.21012489064069,29.410847309252823],[82.21377131622201,29.406912868055965],[82.22226908148527,29.419075011838295],[82.2221010851738,29.42850596629496],[82.23969188158573,29.43888121910676],[82.24741187718067,29.4334039346592],[82.26678005715898,29.445024595178182],[82.2702662702802,29.442036108501338],[82.29435660067773,29.442841273725076],[82.29894110821115,29.45011147134622],[82.29637786666068,29.456315459927445],[82.30135146320504,29.461247472285883],[82.2991161837979,29.470546802612244],[82.3062256595459,29.478728663080137],[82.3016180736651,29.481959344250456],[82.30054988056837,29.49406604523387],[82.30453950639422,29.494262540135026],[82.30989443558379,29.503773673242595],[82.31692772535573,29.50664597093184],[82.32860670934876,29.50809558556492],[82.33085713393616,29.504855335402013],[82.33984334695842,29.50424707545754],[82.34578602494946,29.49400756314872],[82.36360592813134,29.490431871816497],[82.37058585678002,29.4912997333394],[82.38594153972427,29.50182753097276],[82.39154084243852,29.496973862473304],[82.39654529656497,29.48334720245943],[82.41055894620185,29.463915243991803],[82.41117708667831,29.450795828224823],[82.41795112360361,29.447715844506703],[82.42666267694251,29.44926268365163],[82.43252136333832,29.443384868055592],[82.4480068010159,29.450069720856995],[82.45281239581108,29.464524233444557],[82.49591968929562,29.493618732979325],[82.5020683250826,29.48393802461048],[82.50080218196324,29.475180280306233],[82.50608108615201,29.470795771307277],[82.50074910874854,29.4577887930078],[82.50286239556658,29.44536360810703],[82.5112690363762,29.43506500813076],[82.5134815306724,29.420559101237316],[82.54213363321703,29.42076548621881],[82.55848137468303,29.41149687205407],[82.5481302775175,29.380337370657188],[82.5609385268007,29.367601468788543],[82.5681168506768,29.36546744777874],[82.5718930464074,29.35696533507338],[82.57054303524977,29.345831253150504],[82.57486083884163,29.337622852260033],[82.58182555431303,29.336276489616605],[82.59040763453481,29.326750294802352],[82.59073609540448,29.303114731699036],[82.58053712293828,29.29550688101459],[82.55691225616111,29.287055868830073],[82.55050456973838,29.279842857065823],[82.55199236111275,29.265769864424414],[82.53093075576813,29.25007926881353],[82.54023746750755,29.24388681753497],[82.5341501716215,29.236660460027935],[82.54312130253453,29.22686345067689],[82.54572284347216,29.212252650733156],[82.55412943520413,29.20466413705798],[82.5622918040295,29.203312069215695],[82.5822020550244,29.19066399485149],[82.5784948704067,29.17999522670468],[82.57107263043142,29.171717998082453],[82.56741098666963,29.173415328171945],[82.55280283613041,29.16493011560518],[82.53103914756512,29.163867511577198],[82.51447048985878,29.15638925816231],[82.47242283538698,29.164032603725836],[82.4608659970793,29.157221932246756],[82.44647889702895,29.158072327140975],[82.43328204609715,29.146638650177596],[82.43436540186201,29.13960311130149],[82.41711010726043,29.136713503767478],[82.41708738261279,29.127936702018648],[82.41361655339757,29.123883914501413],[82.41804107197883,29.120027676791572],[82.41808700097347,29.111330977007807],[82.41159555226926,29.095722596753838],[82.35245250665977,29.11655379658264],[82.32316735586356,29.110061376179726],[82.30138821605809,29.119791458544864],[82.28565098249679,29.11593875338314],[82.28375138518469,29.123460609410248],[82.27819023856745,29.12752089891621],[82.2644974452493,29.12145590426547],[82.26535956783944,29.1149181340406],[82.26973063391557,29.113989402642822],[82.26268215372757,29.10718451822987],[82.25414597077187,29.109955518925755],[82.2366466729174,29.10130053348734],[82.22881226917713,29.105732690119574],[82.2252040788215,29.104451021097148],[82.22469313574194,29.095731428081642],[82.21981871361444,29.090236800683066],[82.2115267439986,29.08712799689765],[82.20105297433463,29.089006415234802],[82.20350182793233,29.080618710909363],[82.19846724152065,29.073367576823415],[82.18063234563476,29.06186708856812],[82.16747329360432,29.06934492453025],[82.16694701375422,29.06504806087248],[82.15667181395801,29.053919575879068],[82.15086665204979,29.05286483022548],[82.1478459051936,29.048211291148657],[82.14962342966425,29.041658275758785],[82.14669430178846,29.03258772958778],[82.13858537043461,29.031813306464517],[82.12546488247445,29.015590728342307],[82.11872906094963,29.014513084091988],[82.11754679814374,29.007042678445877],[82.12302418077422,28.994604183230976],[82.10027659499416,28.984442463007973],[82.09534122407885,28.97443737520729],[82.07836821471099,28.969394582199026],[82.04925056156254,28.981142358887134],[82.04297990609729,28.989335480576564],[82.04451310322814,28.99516381650358],[82.04167527995331,28.999348111207222],[82.04443667268959,29.003480988718852],[82.03929500928791,29.01196020120765],[82.0167224946105,29.02343534146011],[82.01166478395308,29.029624042485306],[82.01732463564181,29.05169390246743],[82.01344173384541,29.055521541597418],[82.01678285704574,29.061035218433513],[82.01222089355643,29.072657455808436],[82.0178658246848,29.075680398803986],[82.01942950172187,29.083375854770924],[82.01467683313753,29.094773043004167]]]}},{"type":"Feature","properties":{"name":"Kailali","DISTRICT":"Kailali","DISTRICT_NEP":"\u0915\u0948\u0932\u093e\u0932\u0940","COUNT":44.0,"ID":30,"VAR_VDC_CO":165.0,"Z_CODE":9,"ZONE":"Seti","AREA":"Tarai + Bhitri Madhes","DIVISION":"Far Western Div"},"geometry":{"type":"Polygon","coordinates":[[[80.789587052267,28.543432191479006],[80.76958539895077,28.549765663163527],[80.76802133673266,28.565679080572874],[80.73845368872179,28.574274340821333],[80.7388047232767,28.5659400071848],[80.72457006914293,28.57486158069383],[80.71467619748242,28.567944150823216],[80.69032618236761,28.58713571817872],[80.69576494713164,28.60343256078456],[80.67744161868798,28.60440499579845],[80.67960782110009,28.62052252416939],[80.67080457481443,28.62840094070852],[80.66766148091475,28.641949444945578],[80.65128352370195,28.633973457758362],[80.64156485218666,28.643328013483345],[80.63332631979405,28.637375633481863],[80.61162361529392,28.639356921959212],[80.60629882007755,28.65242288532277],[80.58976824405276,28.647795889551414],[80.59764058020829,28.65601589075684],[80.58024021769195,28.661340502013164],[80.59046192875665,28.679786781075794],[80.54274630630799,28.696449157331003],[80.54421088573666,28.700641136115017],[80.54065603505009,28.70303840693465],[80.54221215825825,28.707001526300978],[80.538733488204,28.716054823595663],[80.54834528442004,28.711624581751952],[80.55045821313158,28.71974343265123],[80.55952828172757,28.722699656353996],[80.55079364372638,28.73375160495621],[80.53822203727698,28.738740611948682],[80.55009167543189,28.744048410567448],[80.55685788246811,28.75331924827023],[80.54499581250559,28.751903984798414],[80.53584153845608,28.76791457127242],[80.53714593517208,28.771263578400742],[80.54863422384125,28.772135293724673],[80.5502894876308,28.77787780408721],[80.5385797701495,28.790316228852493],[80.53878564718906,28.79601676383605],[80.53119542463278,28.796653667316132],[80.52620633524364,28.806034978583728],[80.51109442409742,28.815147256860303],[80.51802089919903,28.819688312907658],[80.51430583280552,28.8234206006044],[80.5183792417556,28.831928536627927],[80.51531259376532,28.835126824362355],[80.5119027779667,28.831363936216597],[80.5077300514592,28.832450973088065],[80.50525838210136,28.83777767008703],[80.50796642082575,28.839511320506684],[80.50353432468303,28.840962623778672],[80.50308414728856,28.847694929554418],[80.4965389079255,28.854898232977547],[80.5025651604916,28.86435214854182],[80.5019319358289,28.86894079255006],[80.49634036157228,28.868366666984986],[80.49593599035857,28.872774132544578],[80.50481527651937,28.880320912084482],[80.50372430620058,28.88776267711408],[80.50785873209125,28.896861835958585],[80.5037622179578,28.902539432180898],[80.5031899490372,28.9116843061877],[80.51071135347343,28.921420500491624],[80.5050205387387,28.925482704166804],[80.48796355804369,28.92441448322716],[80.48168523009024,28.936843435042977],[80.46819827111358,28.938849615548357],[80.48083815919888,28.957625856813724],[80.4884204312921,28.977521545694522],[80.49001464390277,28.984761182141018],[80.48427793835381,28.99657984502103],[80.50068657571298,28.993280639257563],[80.51455485960501,28.997158083515615],[80.51904792559174,28.999299889762575],[80.518895277673,29.004460689771484],[80.53553256411224,29.014015812779743],[80.53426601026719,29.029765206470962],[80.54692130881058,29.038513548392153],[80.54470891511772,29.049416811579537],[80.55728029973612,29.05826241818656],[80.56117060309538,29.068158769749243],[80.56603758550695,29.06220655202225],[80.57261318952813,29.06444374235321],[80.5792423346853,29.05764857703401],[80.58401765730216,29.059277358322344],[80.58777852635077,29.05348723651666],[80.59313360936697,29.054761291334188],[80.59849645127287,29.047781115052555],[80.60668928962447,29.04853264004741],[80.61160180370469,29.057673765327937],[80.61702554484097,29.058760918480907],[80.63427360998566,29.03600287102468],[80.65660201757396,29.022147554725787],[80.67063062163038,29.018150298454042],[80.67439898643093,29.020759353276052],[80.67807593631582,29.015482258983255],[80.69230282512353,29.01480348121977],[80.70365389691494,29.00960848958998],[80.71664497138919,29.010276159000128],[80.72093978277279,29.007224739784068],[80.72439536815799,29.010896084744086],[80.73817217423633,29.010865739883325],[80.75274245913269,29.002701324542855],[80.76158371835164,29.00283684283329],[80.76360527609253,29.000077192652483],[80.7612025228285,28.988939289373945],[80.77060071544112,28.985109807817757],[80.78259248725298,28.98510042025088],[80.80312059086641,28.972355055954928],[80.80647715367694,28.966913940877447],[80.80381497573174,28.95957511680822],[80.80974990747747,28.955051382460432],[80.80544004933397,28.944941419451656],[80.81036037160625,28.942820707006398],[80.81106225608717,28.93807758315538],[80.8157994474257,28.939111328131798],[80.81679888264576,28.931562760388612],[80.82707426690135,28.932114059934094],[80.83215467729163,28.936700867575148],[80.83176557234802,28.940374072790743],[80.83980570308002,28.950005382632153],[80.83708991121215,28.95610066516861],[80.85059179861547,28.97471290757567],[80.85885326700246,28.97712748789353],[80.86625290303655,28.9688828829605],[80.88295141304593,28.96621114542293],[80.88540024978639,28.957831069629357],[80.88124301874434,28.944047897845707],[80.89452413848036,28.934435924705447],[80.89870445532486,28.935763367408246],[80.89749143588682,28.94265586600016],[80.90148879101659,28.936612092952206],[80.90647004458721,28.940449381898304],[80.91146676915554,28.931001322161674],[80.92486196636192,28.942976612355352],[80.93638841610309,28.942599136758485],[80.95408630908152,28.935779316938053],[80.96900727992217,28.94138849217322],[81.00753069631169,28.927548640082108],[81.02159751444444,28.919460507003976],[81.03924237666672,28.8901589607913],[81.05152424452366,28.87691190841598],[81.05880175170056,28.873477185815045],[81.0723038870594,28.87680727610086],[81.07289146455051,28.86489128118529],[81.0891704086644,28.862885143156984],[81.10244404263133,28.84482440411648],[81.10799742486279,28.848566343344462],[81.12601555153724,28.851661909527163],[81.12947859498236,28.86574259497337],[81.13695427722978,28.872259492114637],[81.1433925959621,28.87309872892656],[81.14919810877015,28.852718776049016],[81.15772674703875,28.844418877055173],[81.15299739522656,28.830418276109512],[81.1567505750523,28.8286808910991],[81.16537814468897,28.834885027326013],[81.17413549599011,28.835005290341705],[81.18179452878759,28.82507474909137],[81.20342105650404,28.81676166634526],[81.207052094008,28.820436830895485],[81.20669348202486,28.825260061499566],[81.19521267708718,28.83306215132762],[81.19933177254825,28.846278897687505],[81.19900350823099,28.861181526179674],[81.20464082741016,28.863380565957733],[81.20828724801456,28.859354574912377],[81.20527415270384,28.852942628247572],[81.20855444047562,28.847198271552294],[81.22433001860354,28.838892743730838],[81.23370541673361,28.82992153159677],[81.22946412376372,28.825460604743213],[81.22991433939397,28.81679442588135],[81.24211980831222,28.810853744202586],[81.23908385032726,28.803066726459058],[81.22793888789332,28.79897379542958],[81.22591743588995,28.795161334905778],[81.2326686815817,28.786054679520632],[81.24776530530261,28.779688735236274],[81.2507557792623,28.770086167232236],[81.24713245518616,28.761215868425623],[81.26110022998735,28.745878576690032],[81.2561268016662,28.729984149042313],[81.27283296712112,28.72623486365068],[81.27316876094132,28.71734172871316],[81.26651704801831,28.704218398800013],[81.28140776077268,28.694623610225324],[81.28755698176987,28.64803149345886],[81.27108764609598,28.6302392818427],[81.26879171224542,28.617863617314224],[81.25963014648269,28.61213817222139],[81.24865323095946,28.59414768452483],[81.22433439953134,28.570908491789922],[81.19797870634909,28.553118062805417],[81.16811414575234,28.524227851814306],[81.16017339007068,28.501465658897665],[81.1532239456983,28.502003394031057],[81.14731202745958,28.498238563047213],[81.11483851152335,28.472580976155186],[81.10901062232347,28.46147544264327],[81.09064160360337,28.4569723809849],[81.08586654630375,28.438423169448455],[81.06859613923974,28.4258585070443],[81.05956441379925,28.40995067512681],[81.06711665455565,28.399629155236873],[81.06738372852094,28.39451030941237],[81.04600118745378,28.41006875136386],[81.0348866133804,28.413429050118523],[81.03238474295647,28.398816269045888],[81.02107170119187,28.41040410452208],[81.01680736192272,28.415831862472253],[81.03382604028027,28.42798838594817],[81.02963790191167,28.43861890903302],[81.01926344151308,28.43174914798697],[81.01304622454255,28.438288762647982],[81.01751623057254,28.45170004913347],[80.99976500014282,28.454068536363607],[80.98923805960624,28.44171184109121],[80.97790993218031,28.44255657810379],[80.97915348354886,28.434414877717824],[80.96526981473687,28.43784761525747],[80.96814562572679,28.442947427694488],[80.96489591722309,28.444677192240245],[80.97989310370036,28.455321302260227],[80.96710794578955,28.45705667043764],[80.96414063103275,28.44965108648283],[80.9518056061796,28.447598817650384],[80.9516529117928,28.455654708572332],[80.93233785851233,28.45866208007867],[80.94530595046128,28.466189846031178],[80.9426054747582,28.468503211819066],[80.93243695688469,28.463119141223498],[80.93064437824114,28.45767986586935],[80.91764562054873,28.459808109334833],[80.91962130244765,28.46381510105387],[80.91453312291947,28.46787540664081],[80.91570042205221,28.45770638236143],[80.90576817023103,28.46584797552608],[80.90148071892786,28.48575879324701],[80.9070341014432,28.489741035578348],[80.90866644574038,28.497636745497818],[80.89981750349733,28.500558423268096],[80.89616343841998,28.5057134626921],[80.87589482484131,28.509823167986987],[80.86162225428967,28.504208280249532],[80.86560448663319,28.489626096434172],[80.8553442257362,28.497170740809647],[80.84453486828671,28.49547131868487],[80.84358888423365,28.499779607295032],[80.83004835937061,28.511804157085177],[80.81552382541452,28.520720005467734],[80.78905336459412,28.524427223250363],[80.78459832663209,28.52934194931437],[80.789587052267,28.543432191479006]]]}},{"type":"Feature","properties":{"name":"Kalikot","DISTRICT":"Kalikot","DISTRICT_NEP":"\u0915\u093e\u0932\u0940\u0915\u094b\u091f","COUNT":30.0,"ID":31,"VAR_VDC_CO":77.5,"Z_CODE":1,"ZONE":"Karnali","AREA":"Hill Area","DIVISION":"Mid Western Div"},"geometry":{"type":"Polygon","coordinates":[[[81.56555680911619,29.12616475509532],[81.55242074003861,29.128584780740447],[81.53529494056424,29.136897910371573],[81.53333428744045,29.146586309958938],[81.52467599904335,29.152757798938428],[81.49909814280886,29.15175619741957],[81.49695452242625,29.15484197075965],[81.49525315948082,29.16887681450788],[81.4873196000866,29.17301717669396],[81.49076741069626,29.185040023290544],[81.4821089624347,29.200604325305257],[81.48704405595745,29.22697483204146],[81.49963063577098,29.238870018101057],[81.49522134445597,29.244862288331298],[81.49475580353423,29.2571730649932],[81.49120854144603,29.26169682551139],[81.477637660855,29.26401195084238],[81.46820887938915,29.271979982817427],[81.48386975765119,29.279618405271954],[81.49076559964327,29.290636217344844],[81.50000342030646,29.297324784548962],[81.50796712299956,29.314621014171685],[81.51520647401523,29.312073131027365],[81.52388748704195,29.315134253830855],[81.52891438219345,29.326108176262032],[81.54737478630125,29.338259000898844],[81.55038779004926,29.349555208204755],[81.55845081402558,29.357918255359884],[81.5610521938955,29.351487313185494],[81.567025257328,29.347850419736712],[81.57099958391349,29.350461388249556],[81.57317348532037,29.360781113423194],[81.57628581700718,29.362869505911128],[81.60844687582116,29.36729456932897],[81.613672236493,29.370800017422372],[81.62559538571986,29.368875842531306],[81.63826620810713,29.361542943916938],[81.63954787885399,29.355388523741006],[81.64369007210811,29.35553352414239],[81.64195117513577,29.33446499431665],[81.64774895042225,29.32146580119991],[81.66852866236354,29.31707195983548],[81.67830050636856,29.321485282390523],[81.6909178190277,29.32059289619613],[81.70319166473365,29.33061714693129],[81.72993659196531,29.33523476567441],[81.74819897079873,29.329555459495815],[81.74819866214835,29.347110959882514],[81.75253910225572,29.352405322508137],[81.74967822019666,29.36657555703232],[81.76035757665713,29.385775181529716],[81.76652891488862,29.385756193345152],[81.76887833568702,29.39210328675108],[81.78934526197142,29.389042556313377],[81.79791921176015,29.407094036227765],[81.79903256011929,29.429171450171104],[81.80543256747131,29.439367267284112],[81.80316680428517,29.447386885685678],[81.8062180354502,29.45358141480154],[81.83269599628534,29.456515002609432],[81.84156768036074,29.461592009714703],[81.85902140312469,29.458725771731757],[81.86677177488147,29.46068454108709],[81.87315687420806,29.451286095258144],[81.88482076620909,29.44345160084082],[81.89760583162327,29.446516597900587],[81.9215817834548,29.444443832839323],[81.93090375473595,29.43756098440469],[81.92743347780855,29.40269214760024],[81.93037053533317,29.39479078231466],[81.9243900871401,29.384638834046985],[81.92771637450302,29.366436848061724],[81.92516873702243,29.353382233517237],[81.92982217007595,29.345707844416],[81.93031061290284,29.332908831873375],[81.91476421137725,29.32250309859519],[81.9074104870488,29.321965176161036],[81.90446607698264,29.31437841277896],[81.89589192569235,29.30765361352794],[81.89885947296338,29.301047216208847],[81.89719655168217,29.297661966301433],[81.88253506853125,29.285537885071324],[81.8793618975112,29.27284943782784],[81.85965022135413,29.273238232615075],[81.85369258845078,29.266879645895983],[81.8478645337725,29.26639705270784],[81.84629322728603,29.258766442933624],[81.84992457527729,29.24453709421133],[81.85911680582278,29.240993696353023],[81.86874405877425,29.225774607167732],[81.87549512879359,29.227166933239534],[81.89432214397182,29.21393714760875],[81.90135548910708,29.21387049227944],[81.90885430582274,29.2057803770428],[81.91073860053194,29.20064248530836],[81.90822909353011,29.188070382992013],[81.90082963793358,29.185253391505334],[81.89467377354545,29.17283953468116],[81.90367550857762,29.157254258763643],[81.92646140766388,29.157328948108503],[81.93479163417915,29.153858010871996],[81.93614954499657,29.15027064133899],[81.94407542140823,29.149479273410524],[81.95017060839373,29.14211958474373],[81.94792047001523,29.12927857370011],[81.9577763288543,29.12804095410735],[81.98087535249307,29.10774706475736],[81.9981460399355,29.102842057066397],[82.01710269894177,29.092055357668755],[82.01810228834063,29.076551979141517],[82.01215224778569,29.072123447014366],[82.01678285704574,29.061035218433513],[82.01344173384541,29.055521541597418],[82.01732463564181,29.05169390246743],[82.01166478395308,29.029624042485306],[82.00736237407392,29.03052798289309],[82.00057339614993,29.01574350057143],[81.98600328621625,29.01267466406666],[81.984370990831,29.002829824897397],[81.96112759193805,28.990963090824742],[81.9579695482173,28.98545895225319],[81.93042360502776,28.982132472722927],[81.92000334592257,28.97766573712517],[81.90998715308481,28.986739921627102],[81.90055858376793,28.982092018429547],[81.88878798781677,28.98435757875605],[81.87432484203242,28.971684232206105],[81.8482511035631,28.97231134056491],[81.84162953268739,28.981297841362874],[81.81904953465254,28.984701838283993],[81.80370100484471,29.000510172351],[81.79450113691753,29.00448077883959],[81.79501970667789,29.01361804155216],[81.7712877892289,29.019280113894954],[81.75127876455696,29.010264649636465],[81.73020904368424,29.02176270121482],[81.71591353162583,29.020095643236054],[81.71535652687524,29.027899778706598],[81.70232722231655,29.03202672260332],[81.69057161927593,29.049738460670973],[81.65110266935126,29.040078116233833],[81.63062041908663,29.046684283798385],[81.61360178660489,29.03324994809686],[81.59883307987457,29.04545373785782],[81.58935097370592,29.04893038459175],[81.5813030882109,29.04716805260512],[81.56374250141806,29.053678901314747],[81.56181230889914,29.066462640296976],[81.56619059319115,29.089367816344],[81.53943761570662,29.108946475425398],[81.55357274882036,29.121163995844515],[81.56555680911619,29.12616475509532]]]}},{"type":"Feature","properties":{"name":"Kanchanpur","DISTRICT":"Kanchanpur","DISTRICT_NEP":"\u0915\u091e\u094d\u091a\u0928\u092a\u0941\u0930","COUNT":24.0,"ID":32,"VAR_VDC_CO":41.471,"Z_CODE":9,"ZONE":"Mahakali","AREA":"Tarai","DIVISION":"Far Western Div"},"geometry":{"type":"Polygon","coordinates":[[[80.52748030745421,28.803649123728295],[80.53119542463278,28.796653667316132],[80.53878564718906,28.79601676383605],[80.5385797701495,28.790316228852493],[80.5502894876308,28.77787780408721],[80.54839774691746,28.77200178893825],[80.5362152875243,28.770514049184303],[80.54109002590363,28.756347645168578],[80.54826076911762,28.750569004721545],[80.55687312496775,28.75423469032649],[80.55067905122627,28.744534746141273],[80.53834409893199,28.738225677357416],[80.55079364372638,28.73375160495621],[80.55952828172757,28.722699656353996],[80.55045821313158,28.71974343265123],[80.54929119552092,28.71194499780281],[80.54032017774533,28.716594571964325],[80.53832920587914,28.71472933513587],[80.54221215825825,28.707001526300978],[80.54065603505009,28.70303840693465],[80.54421088573666,28.700641136115017],[80.54274630630799,28.696449157331003],[80.55426521059738,28.69079262750322],[80.53990101864214,28.690695189134875],[80.50621450356452,28.671049019571168],[80.5035828097785,28.66527216790886],[80.5216709986677,28.576957023370603],[80.5307793275117,28.57232461395333],[80.52300632764613,28.55304492933318],[80.51794874593716,28.551814743628054],[80.50649833280447,28.56812473339103],[80.49985400918942,28.569761006823096],[80.48117955302,28.585424379194954],[80.46829528915744,28.583465561247273],[80.47181185713065,28.590289460617264],[80.4603689629408,28.613842884619356],[80.46433568780256,28.615166508408034],[80.45168766702876,28.62868629174649],[80.44267095266866,28.62854505384286],[80.43775055873297,28.635386016917224],[80.41849653272078,28.63908379226908],[80.37643394315124,28.628385973204715],[80.37139158826437,28.629169760763705],[80.36766122940246,28.6352974562163],[80.36082621880108,28.635572008040196],[80.35728658359923,28.64073277015909],[80.36045990812785,28.645428261890494],[80.32599468148682,28.66640673228292],[80.32133353042377,28.68133219439191],[80.32200467180196,28.69147644252054],[80.31738176124864,28.699890824411746],[80.29901258375736,28.706474160543763],[80.29374894492437,28.711377433891982],[80.27766839436943,28.71002696801219],[80.25630108080541,28.72943408337786],[80.26310549842859,28.734341312762183],[80.26517264251935,28.743583484783073],[80.25155582125318,28.75743510309148],[80.24157032478082,28.75620486097046],[80.2335910193819,28.759342062534824],[80.21615266186103,28.755434066158234],[80.17104580157547,28.782410462185297],[80.1385638008848,28.81390699868507],[80.11821875987755,28.828847532277685],[80.07508812115151,28.82441095367709],[80.06485067806655,28.83740057011511],[80.05858661752784,28.916450783351475],[80.09616298987125,28.97533508715575],[80.10035078600035,28.986497800251477],[80.11804100421362,28.981718639752547],[80.12691240766057,29.00606757885173],[80.13569262048762,29.007320692198846],[80.13637913713956,29.009622654016223],[80.12466956590215,29.013101194218116],[80.13145853508559,29.030431724064265],[80.12654585726808,29.03175142782301],[80.1365843535685,29.058926804645324],[80.12859743775233,29.061098976976936],[80.14475363867818,29.103424978954322],[80.16401501470645,29.117006159270392],[80.16787482532509,29.125790627051874],[80.17819594000723,29.128571401861],[80.1844663095038,29.13731394039592],[80.1885173436161,29.112501714305917],[80.18534402190666,29.107808132825554],[80.18596986153504,29.08723359596216],[80.1915385773564,29.085917714750664],[80.21114372053869,29.067456545312503],[80.21164734753955,29.057277987248906],[80.22328060186699,29.056000321174036],[80.22246444407897,29.051056927908046],[80.22774334663858,29.045585320717827],[80.25514426955155,29.052966391757487],[80.26501536675657,29.05223797008791],[80.27258278868457,29.045877649167892],[80.27782340370302,29.049913282412284],[80.28218684006436,29.048639344942764],[80.28317846114174,29.052831315627635],[80.29361398039518,29.057038656004895],[80.31274586524724,29.058293801528556],[80.32497421878452,29.051380457324175],[80.34871360757413,29.053963048626276],[80.35435865248228,29.04976543562733],[80.35570895207563,29.044509292049586],[80.36052238792446,29.047982305689388],[80.37806766699157,29.043403401273753],[80.38679443772358,29.04747722044591],[80.39253869631222,29.040397875252275],[80.41034339844093,29.03205803556146],[80.41514162001191,29.03280379659414],[80.42034425395296,29.026498755760453],[80.46014119859899,29.03716794289963],[80.46094226284724,29.03157803782301],[80.46818922342541,29.029892187133672],[80.46896748857189,29.018802003852255],[80.47829698013146,29.017709308128953],[80.47183609170733,28.996846698677416],[80.47976962330297,28.993945988932264],[80.48161563954868,28.996827744972926],[80.48573492768146,28.998241007618585],[80.4838431571877,28.994344636613945],[80.49005279287329,28.984299647471083],[80.48083815919888,28.957625856813724],[80.46819827407988,28.938658898542794],[80.48168523009024,28.936843435042977],[80.48796355804369,28.92441448322716],[80.5050205387387,28.925482704166804],[80.51071135347343,28.921420500491624],[80.5031899490372,28.9116843061877],[80.5037622179578,28.902539432180898],[80.50785873209125,28.896861835958585],[80.50372430620058,28.88776267711408],[80.50481527651937,28.880320912084482],[80.49593599035857,28.872774132544578],[80.49634036157228,28.868366666984986],[80.5019319358289,28.86894079255006],[80.5025651604916,28.86435214854182],[80.4965389079255,28.854898232977547],[80.50308414728856,28.847694929554418],[80.50353432468303,28.840962623778672],[80.50796642082575,28.839511320506684],[80.50525838210136,28.83777767008703],[80.5077300514592,28.832450973088065],[80.5119027779667,28.831363936216597],[80.51531259376532,28.835126824362355],[80.5183792417556,28.831928536627927],[80.51430583280552,28.8234206006044],[80.51802089919903,28.819688312907658],[80.51109442409742,28.815147256860303],[80.52748030745421,28.803649123728295]]]}},{"type":"Feature","properties":{"name":"Kapilbastu","DISTRICT":"Kapilbastu","DISTRICT_NEP":"\u0915\u092a\u093f\u0932\u0935\u0938\u094d\u0924\u0941","COUNT":78.0,"ID":33,"VAR_VDC_CO":513.5,"Z_CODE":3,"ZONE":"Lumbini","AREA":"Tarai + Bhitri Madhes","DIVISION":"Western Div"},"geometry":{"type":"Polygon","coordinates":[[[82.74778949385548,27.572025578955405],[82.75579138264611,27.58803642435946],[82.74497421983483,27.595376992977904],[82.74545472120477,27.60036426252265],[82.73539274637103,27.608940690858148],[82.733119316481,27.619012451230162],[82.73674274673068,27.621772183281568],[82.73083834477661,27.62407978404443],[82.73665876231898,27.625948895494822],[82.7336836499807,27.628618899705746],[82.73825298719281,27.632038527296046],[82.73507189282194,27.63562778700801],[82.73765782340791,27.640731422878172],[82.73337826921475,27.64281399919705],[82.73362994577654,27.64626598940425],[82.72816041204284,27.645644175232356],[82.73144055356902,27.649079042440352],[82.7256428265302,27.65845844931947],[82.72043266568973,27.65737128804306],[82.72038682019661,27.661715831954293],[82.71180483994141,27.66513527880081],[82.7159164819189,27.66812197118409],[82.71326938668673,27.670973161348865],[82.7160384584924,27.672590483700898],[82.7149093049412,27.68148743912523],[82.71834196911023,27.687495087182736],[82.70594559405558,27.70291442559216],[82.70838629512417,27.724728724591603],[82.70087961467365,27.745507290320344],[82.70189411191896,27.749905249178383],[82.69611169167857,27.756421985621362],[82.70936211477583,27.75995044111964],[82.72298641392925,27.758552669698588],[82.72561810156982,27.764361960124035],[82.7312630508953,27.767056875803124],[82.73152990524888,27.77501361228983],[82.78190001104653,27.77751270722563],[82.7835021108854,27.769432030078917],[82.80370953993003,27.77700188656318],[82.80529592342268,27.795146768822505],[82.8163951961378,27.795753404440475],[82.84065351891996,27.79035262273776],[82.84461258968132,27.793488073073007],[82.8604720311586,27.790497843826326],[82.86601018294003,27.7931965732477],[82.88869699692964,27.79147280359346],[82.89892660699759,27.79369671218674],[82.90702803233518,27.788473073593206],[82.91401560899095,27.789258927256544],[82.91924875226127,27.784805747223416],[82.92528274658284,27.78760747141393],[82.92991322684391,27.784372967687705],[82.94241602590404,27.790365486016892],[82.95299657994144,27.790413313628925],[82.96069351664644,27.79564670928926],[82.96808545710107,27.79305877673492],[82.99647064057817,27.792893251203417],[83.00404551795306,27.798420350496855],[83.01100235745477,27.811778301058787],[83.01972143036063,27.82068683751937],[83.0160905130194,27.81009624451152],[83.02072859412823,27.80843706773444],[83.02249855561413,27.79841107440283],[83.03304868813036,27.793320973282786],[83.03456694052798,27.781767329044392],[83.0499230861086,27.769006637888705],[83.05254746567859,27.756735910997982],[83.05829149709879,27.764303662395225],[83.0661946075349,27.75790710892611],[83.06676661742446,27.764536457326756],[83.07486794540868,27.76488177037623],[83.08663072115405,27.774867904881976],[83.08993387125831,27.77129962716182],[83.08927763242025,27.782408912201657],[83.09344271409175,27.783023081464496],[83.1000262471269,27.769297236145203],[83.10849372192145,27.77049696907049],[83.12161468211146,27.761834765852335],[83.12735872231781,27.76888567340475],[83.14369122085418,27.760669794844798],[83.17802657345267,27.758713520847092],[83.18580759928383,27.754103989232018],[83.20200252966934,27.7602682097658],[83.21235425162416,27.759362449060685],[83.21082867866977,27.753688581252106],[83.21787761031013,27.736329573193906],[83.21549772238055,27.72713886193841],[83.22270674576542,27.715568132408382],[83.22173052104596,27.70402970810777],[83.22713912431938,27.699324783656333],[83.22622381156708,27.694183025993173],[83.22926751683644,27.695121399579925],[83.22547662232132,27.672372558163037],[83.22795593629972,27.667267084950918],[83.22357734947037,27.66161987636543],[83.22434043792367,27.647630755586196],[83.22064070960884,27.645712084537468],[83.23054270559524,27.625452300331062],[83.23171013335178,27.609472093345435],[83.22155700307609,27.596070226744512],[83.21957379011872,27.586828025855535],[83.21440940696964,27.58524690410269],[83.2116099648353,27.575590834475175],[83.20588876624265,27.57085905080803],[83.20929105388267,27.569100683074847],[83.20881055220082,27.564271707626364],[83.20429463088628,27.559888954136202],[83.21225121340004,27.54951593843657],[83.21561531569623,27.550200662115856],[83.21677498588002,27.541400970000257],[83.22141315919818,27.534682055697257],[83.2245713025465,27.5349643624095],[83.22387724417811,27.528003161243035],[83.23076577844002,27.52187931749284],[83.23163547629805,27.51835486903078],[83.22924779105807,27.51852075952074],[83.23305442792811,27.51423729666504],[83.22940054058009,27.50830020679201],[83.23147549653615,27.506213785856634],[83.22668488797137,27.505492805631878],[83.22998041871554,27.50147824723242],[83.22612816497305,27.497139367816963],[83.22818022289917,27.495777673318305],[83.22119270355932,27.49155890164782],[83.22299310055305,27.48594610867898],[83.21895779863996,27.479745823050287],[83.2219710132868,27.479450253367133],[83.22074295003372,27.473501754567735],[83.22470210305667,27.472111479302946],[83.2233977078708,27.46887307626749],[83.22734157703336,27.46901044864771],[83.22249018180196,27.4547332614856],[83.21789792192561,27.453382916128415],[83.21688350428228,27.444545048669678],[83.22027825064848,27.437892866936433],[83.22953915177332,27.4351027992225],[83.23134715330511,27.43082884342619],[83.22548097020295,27.428564942774823],[83.22178901303276,27.41850835179618],[83.21707468521377,27.417928503834453],[83.18829216973849,27.45426933549184],[83.1669479074091,27.45766190089202],[83.03419140001483,27.448938527279733],[82.96667236236704,27.464330403324603],[82.95427618539401,27.468005358799974],[82.94494652452018,27.476940347167815],[82.93962166540878,27.49139857137051],[82.92949100953535,27.50123754953651],[82.87041690593772,27.498669674288767],[82.83251144392158,27.502123046538387],[82.80199040642013,27.49658609658096],[82.78542151036137,27.500241924382614],[82.73584465439895,27.50260232841124],[82.7368360764281,27.51810958457578],[82.74316765125161,27.516774648503194],[82.74212248754826,27.521201188100154],[82.74714961404125,27.519639280345395],[82.74952961120172,27.522892954023533],[82.74521184481026,27.529030185005812],[82.74727908986415,27.531625878889646],[82.74457867520505,27.529867426286852],[82.74512024773375,27.532312432421264],[82.74209941353152,27.532165538553265],[82.74462436666643,27.53443892606721],[82.74058891070094,27.537066958324],[82.74209917217914,27.546166112164716],[82.73776623819101,27.547136805009917],[82.7410540180412,27.550033849236296],[82.73826962444531,27.55215458994891],[82.74714900226432,27.555118461940438],[82.74402888311042,27.561701988026986],[82.75135206081276,27.565327628527246],[82.74778949385548,27.572025578955405]]]}},{"type":"Feature","properties":{"name":"Kaski","DISTRICT":"Kaski","DISTRICT_NEP":"\u0915\u093e\u0938\u094d\u0915\u0940","COUNT":45.0,"ID":34,"VAR_VDC_CO":172.5,"Z_CODE":8,"ZONE":"Gandaki","AREA":"Hill Area","DIVISION":"Western Div"},"geometry":{"type":"Polygon","coordinates":[[[84.07895444559166,28.091587976192315],[84.06969386475444,28.07774174348004],[84.05830449480182,28.08825964085329],[84.04770875863159,28.084189567830176],[84.03773069920612,28.091583533887157],[84.04172027321799,28.095037488676468],[84.03048357727693,28.100083702967524],[84.02573117310939,28.0962444872917],[84.02703544692724,28.105475234403674],[84.01250338850977,28.10557037223619],[84.01499014488553,28.11044514940086],[84.00996304368995,28.11051563847692],[83.99886354034034,28.12170677274489],[84.00196046253271,28.131969328310003],[83.99011354144868,28.134736459172995],[83.99050253976431,28.13726347187356],[83.9800287252299,28.140095467594218],[83.980143087,28.143400603456065],[83.96853269749492,28.143497693168865],[83.96095781098892,28.13881355673002],[83.96059923317507,28.14110216117342],[83.9555340259354,28.139334133259315],[83.9302611290581,28.143952928054684],[83.92353279167699,28.149681979494623],[83.9224952230206,28.155372973499265],[83.92717131554599,28.160638753958615],[83.92360108535289,28.168452395090547],[83.9053767304045,28.177120228664045],[83.89816003796935,28.190087000549784],[83.89087485283635,28.194616430312493],[83.87744132816053,28.19237720419313],[83.87061383031117,28.197707654311156],[83.85604370538947,28.194043751843232],[83.84681327422906,28.19914530483511],[83.83726229672975,28.21230275858261],[83.82418722393376,28.21435277422478],[83.81676489840044,28.210051983737934],[83.81103581933596,28.21891644493664],[83.79838779024618,28.22855892909897],[83.82200481976214,28.25021715865523],[83.82064677763942,28.26017640334751],[83.80171314488734,28.260658633069813],[83.76562305519766,28.273924395163522],[83.77450226229824,28.28535422480023],[83.76144998063965,28.29238959461185],[83.77472302463572,28.309312152197446],[83.74655871998051,28.327620601285382],[83.73922767819933,28.336761577075258],[83.7387012140203,28.34230191022124],[83.72610664193398,28.349020695463782],[83.72748722913711,28.35673332853043],[83.71859995879018,28.368004594020263],[83.72285644819812,28.37540449358175],[83.71785984456749,28.376438106786324],[83.70496766996504,28.38818610524166],[83.7021678385357,28.39957379933805],[83.71283238036892,28.395521214904416],[83.75939599411208,28.393921797398576],[83.75727508223517,28.405549805731326],[83.74531384978155,28.402706028767017],[83.73185706158085,28.42034337129687],[83.73768487249775,28.43407892623463],[83.73639559976183,28.43811448689706],[83.75351327314411,28.458412797678573],[83.75226195653725,28.47203381482955],[83.7547029807048,28.474856469099556],[83.7725532607591,28.48047718068968],[83.7819205969412,28.496127591453135],[83.80160141831752,28.515481890306194],[83.81357790675398,28.518272267619658],[83.82815543049765,28.533323905219348],[83.82766704687185,28.541921437285147],[83.81025877197875,28.55894460527887],[83.80125694450014,28.57686999396175],[83.80896135321413,28.589434571404418],[83.81932819224487,28.5953889255388],[83.82984771407794,28.595446301180584],[83.87252809542535,28.61338392168398],[83.88752560113548,28.60682347390236],[83.9250114400292,28.605569128522415],[83.93902484506627,28.601129443319916],[83.96388562398451,28.60530081469136],[83.97910440179471,28.596333517922112],[83.98957076215576,28.58445770779944],[84.01347802368718,28.58721966420848],[84.03094728385543,28.5726281465533],[84.05984373804601,28.563472251127614],[84.07173667317049,28.548201693049524],[84.08524671297438,28.53850201505427],[84.12448713638085,28.53470353250488],[84.13737899266636,28.539393473732176],[84.14008718635466,28.53329818738247],[84.16246162419073,28.512195653150144],[84.18531635008263,28.506165523808868],[84.18915376119007,28.48914596062385],[84.21838575697372,28.48569443038081],[84.22628122189009,28.480772136571744],[84.23339842963712,28.484016351076978],[84.2545977667677,28.47967976754627],[84.2617302493869,28.48201998189514],[84.27416471228656,28.47135335001403],[84.27869597640567,28.470853741172416],[84.26969469684721,28.460776090954866],[84.26626211299057,28.451552941861483],[84.24640564811047,28.44190042225061],[84.24486506999767,28.424180840407544],[84.22962374153954,28.415987381533025],[84.22455877230517,28.40235481946974],[84.21500821334388,28.3940184112288],[84.21236895271691,28.386118853343245],[84.21873130522218,28.37160535377651],[84.21808312186465,28.360091730710067],[84.20927255446298,28.349731821511867],[84.20452030793443,28.33807128212734],[84.20590123452013,28.328436257155538],[84.19737289009221,28.319398024269915],[84.19547370660008,28.305134235287504],[84.18776158921031,28.296530850822684],[84.18758625742551,28.290406910026427],[84.19628283787605,28.278616890073337],[84.20582603119014,28.27376899932301],[84.210540523418,28.26585620393327],[84.21417205616464,28.244263226370073],[84.21108268471065,28.238137332867062],[84.21351616359097,28.236768018900076],[84.20858101538224,28.215897727449118],[84.21038138937392,28.211972789192785],[84.20150220297397,28.19959699376947],[84.19070812855749,28.195635624889967],[84.19433174932996,28.188399858823672],[84.20578954991937,28.189445167399057],[84.20923768985968,28.183651222878655],[84.21877321460455,28.18088978055563],[84.21335723496665,28.172358902985813],[84.21975758582222,28.165081221638932],[84.22097843205057,28.14949961987254],[84.22859937115754,28.139784587240314],[84.21889621603258,28.132636345162307],[84.21740122689489,28.123825172832046],[84.22331332933065,28.118199097091036],[84.22915702751312,28.09976061701223],[84.22599895478795,28.09590807435882],[84.2190265394857,28.099918756567057],[84.20953694511954,28.094458367821492],[84.19698057813648,28.09743527530128],[84.19129749087148,28.094688855639408],[84.18289099300807,28.096037099399172],[84.17909195880061,28.101283680064256],[84.16583384578578,28.100970699838854],[84.15844202166154,28.09722298721693],[84.14474128249343,28.106167428771155],[84.1142659192081,28.106086860858746],[84.10514229470267,28.110515181972836],[84.09360069198078,28.10377695594347],[84.08777278216108,28.0950286546773],[84.07895444559166,28.091587976192315]]]}},{"type":"Feature","properties":{"name":"Kathmandu","DISTRICT":"Kathmandu","DISTRICT_NEP":"\u0915\u093e\u0920\u092e\u093e\u0921\u094c\u0902","COUNT":59.0,"ID":35,"VAR_VDC_CO":295.0,"Z_CODE":5,"ZONE":"Bagmati","AREA":"Hill Area","DIVISION":"Valley Div"},"geometry":{"type":"Polygon","coordinates":[[[85.22148870867396,27.654492559786274],[85.18886921330562,27.67986893486834],[85.19623001486202,27.708903919215576],[85.20003659602739,27.70808580162607],[85.20099004461493,27.71297581927022],[85.19720629670473,27.716341925886546],[85.20144760249269,27.720102947678708],[85.20622299950894,27.718750836181542],[85.20729851982803,27.722774997334195],[85.21792486416328,27.722626409192678],[85.22160163212786,27.728208776143774],[85.21365267207122,27.737132329436218],[85.22072421431652,27.73572303987249],[85.23518752047137,27.741254087539453],[85.23701062401575,27.745196252168117],[85.24667580105886,27.744589926374886],[85.25109254703898,27.748953619208947],[85.25515855980042,27.744891397817796],[85.2671732506108,27.745709771621314],[85.26956062558746,27.76081846759484],[85.26302298309375,27.766475048786443],[85.26301526535974,27.770831041131103],[85.25158022970128,27.775015202090188],[85.25641651801958,27.780282903589004],[85.26070370291428,27.77870955209801],[85.2683472750265,27.78212543031712],[85.29747183128883,27.812232600695165],[85.30615296888152,27.8105315401938],[85.31017306846456,27.813419071721476],[85.33269965477677,27.815158784562108],[85.34530950877145,27.808733710897307],[85.36171042814998,27.81404355983592],[85.37270303367997,27.809125129865286],[85.38594584400225,27.812380897866515],[85.39176620130742,27.817259552199175],[85.40472694627437,27.811593541322093],[85.42071608542673,27.809558845445995],[85.43106772916934,27.813224609772263],[85.43619404926274,27.81107339808921],[85.4486968364923,27.81769341536809],[85.45305281813417,27.809362937064968],[85.46269520211449,27.80437010564735],[85.46779873986505,27.797285026184756],[85.46791344561179,27.78381463518845],[85.47371878042055,27.777429501083063],[85.48095041769386,27.780952176406306],[85.48857882813545,27.77980608832011],[85.49779378117778,27.78643940257831],[85.50310317651467,27.784602878264415],[85.53348688844332,27.791913589688],[85.55120785864858,27.781010549368304],[85.55958411500657,27.76724086701236],[85.56574791503778,27.76421237107914],[85.56408511951575,27.75496825465877],[85.55120072013035,27.75752747412352],[85.53827066141913,27.754767575182274],[85.525180727838,27.736565258240354],[85.52505890608727,27.725383474839866],[85.51533265883549,27.727956097216918],[85.4750397706465,27.715757128481457],[85.46867759519311,27.720614605044005],[85.45635776578827,27.71985725365201],[85.43931577992187,27.72804830136963],[85.42146544029256,27.723909434357786],[85.42034414699582,27.72005691774188],[85.41479068194903,27.720030126459502],[85.41500434925436,27.716519016417216],[85.4101984512745,27.717211243256823],[85.41172424027651,27.71180060598071],[85.40705568102035,27.71114636786664],[85.39564382263629,27.701038141408475],[85.38860280142556,27.70201640852811],[85.3896784982587,27.697437293167674],[85.38506334332591,27.696508422510252],[85.38485745553764,27.69268643565223],[85.37553552752209,27.69459536827447],[85.37581785106867,27.691034672686907],[85.37160695149154,27.692495501960718],[85.36127069253787,27.682509352813067],[85.35727341215029,27.682785828483293],[85.35203301429178,27.667976510640873],[85.33109285214368,27.679693868268206],[85.32656145767646,27.686170568991514],[85.30816927055564,27.693348885838642],[85.30366854101341,27.692446717925304],[85.2988324429182,27.677841475466863],[85.2916771176031,27.672888419904194],[85.29758158785427,27.668046192269273],[85.29691806691199,27.66077220698987],[85.2873827920267,27.65056293195772],[85.28739816968249,27.64464114634508],[85.28235582086747,27.6439125229733],[85.2930662786688,27.63398202340285],[85.29368461334741,27.61263690308434],[85.29012979994391,27.611900675079323],[85.29448576575997,27.604209098604688],[85.29182359489752,27.597518676782506],[85.28775765415612,27.598025920291985],[85.28553025441317,27.59363746878666],[85.27993860987577,27.595439661232167],[85.28173898362382,27.59178553814975],[85.27939713298156,27.588627214314933],[85.28515661933744,27.58597633052782],[85.27722315810404,27.582947604460642],[85.26593339879821,27.570447780525416],[85.25943387003731,27.577477532240263],[85.24263614727764,27.578169566997644],[85.23975255699553,27.581123738548918],[85.23921839123206,27.589929168530464],[85.24299434634935,27.594681915702285],[85.23750939169254,27.6017936921487],[85.23676149633319,27.617224652869325],[85.22188590501409,27.62890015321604],[85.23316023378977,27.649879286090204],[85.22784315156007,27.65463951494285],[85.22148870867396,27.654492559786274]]]}},{"type":"Feature","properties":{"name":"Kavrepalanchok","DISTRICT":"Kavrepalanchok","DISTRICT_NEP":"\u0915\u093e\u092d\u094d\u0930\u0947\u092a\u0932\u093e\u091e\u094d\u091a\u094b\u0915","COUNT":90.0,"ID":36,"VAR_VDC_CO":674.0326,"Z_CODE":7,"ZONE":"Bagmati","AREA":"Hill Area","DIVISION":"Valley Div"},"geometry":{"type":"Polygon","coordinates":[[[85.44510248058587,27.515001396600418],[85.4387017406232,27.540492631812196],[85.43463587024497,27.537526904131138],[85.42666416842064,27.539275656546145],[85.4174260358405,27.54680885868584],[85.40532747838161,27.543556923957315],[85.40046038083028,27.552644546997513],[85.38837685680272,27.560330277080652],[85.40280953359638,27.57174497022347],[85.40657004488791,27.585612120440555],[85.40319034959464,27.601197521335564],[85.41181783522373,27.61196940106848],[85.41153551120088,27.615558704755273],[85.42814232340447,27.624705799256326],[85.43809738772092,27.62381721688294],[85.45317846462021,27.63575639501282],[85.46015866777287,27.624673899862252],[85.46370585947216,27.62509544408591],[85.47688738670875,27.640957656038356],[85.47669660015156,27.644682370804166],[85.48012180206297,27.641979956177185],[85.49277708512223,27.652263665134935],[85.4914190729271,27.65996482603537],[85.5031890630031,27.68954152869105],[85.50643868661993,27.692894400136076],[85.52129875605002,27.69431930586622],[85.51948269717795,27.718536615987517],[85.52546319222441,27.726268411836],[85.52336531642854,27.72960212350904],[85.525180727838,27.736565258240354],[85.53827066141913,27.754767575182274],[85.54448776284427,27.756404035902243],[85.550018332444,27.756936229619434],[85.55409968160026,27.749164548941216],[85.56178910326024,27.74881566234294],[85.56741130868402,27.744789703533364],[85.58027266440794,27.749842029021014],[85.59561347015146,27.744164615214125],[85.6039283157656,27.7487972868518],[85.61063377931121,27.74349353717036],[85.61460840028973,27.732441509177427],[85.64416107041576,27.71830981260279],[85.6536431087827,27.720602397208765],[85.65797616595087,27.71426110344441],[85.66581055892502,27.71243034280232],[85.67142521399032,27.704725438181793],[85.67979365143918,27.70016742233373],[85.6810526356478,27.685831188395113],[85.68733844916275,27.684810952561627],[85.68673593762978,27.678543956510296],[85.6943339766998,27.670709396278895],[85.69397559302115,27.66351170137569],[85.70628041860061,27.652311050155788],[85.70603653157538,27.6417243018832],[85.70798152152635,27.65364038132557],[85.70529627103447,27.656392394382692],[85.70957582943606,27.6548533728786],[85.71338987358722,27.662033960686415],[85.72067489723037,27.666224151314932],[85.72290243015617,27.66415490038111],[85.7203317238141,27.661255947392682],[85.724710395704,27.662371719146194],[85.72572486283707,27.667553538143657],[85.73143847124643,27.670172188236947],[85.7313163211461,27.674743691418474],[85.73472617041104,27.676677626405652],[85.74581019184512,27.677995670644943],[85.75140953014694,27.67319539724916],[85.76668922781101,27.671559293059513],[85.76900070991208,27.6677430686704],[85.7799474288258,27.668673953860345],[85.79199273243809,27.665014280323003],[85.81258929866604,27.669052119640046],[85.82187333091271,27.65565244256747],[85.8158928330714,27.64807321753621],[85.81739570979668,27.644083426314804],[85.82370443200149,27.641995171732496],[85.84224175358266,27.62611440996728],[85.85015999712363,27.62731225006849],[85.85713986095932,27.632673444224825],[85.86699581775827,27.629025177446692],[85.87531103058105,27.616334953596596],[85.88099421857753,27.614567094577495],[85.87420499332748,27.61257207269466],[85.86318234227629,27.594867553911694],[85.85267049167986,27.591480229994186],[85.84651451485182,27.58509870919263],[85.84652989883047,27.579045325985735],[85.82665800781243,27.575909593824075],[85.82325595521438,27.56592164513862],[85.8285657172545,27.546729799347176],[85.81945786066726,27.52562481338203],[85.81584966987118,27.523807212514892],[85.81890115052614,27.517860681371697],[85.80932005522675,27.510035369674178],[85.80513204306469,27.51126161576976],[85.79751913813237,27.50028758550571],[85.80189026029858,27.497690081173083],[85.8083288936577,27.48468323176282],[85.80715422721138,27.47961202501512],[85.81398938323196,27.473974519129893],[85.81467614575324,27.46403240952606],[85.809397334744,27.46231776859127],[85.80927542969187,27.455156311604863],[85.82151908377806,27.451031287656516],[85.80310440336905,27.43871442397837],[85.7908073399199,27.443356292719447],[85.78497941783621,27.435231616105376],[85.78454486560585,27.422422998332113],[85.77899148086952,27.4183644307102],[85.77349182844377,27.398216906090184],[85.75831890823584,27.400598721632782],[85.74397737112903,27.40838168051008],[85.73438849306024,27.40790472782358],[85.72719483456117,27.412037465004428],[85.7144173947992,27.406447314555628],[85.7116103358196,27.397298533298187],[85.70054178791153,27.38528694123909],[85.69634643212585,27.37270140139364],[85.69543883492254,27.3638978504284],[85.70437181829955,27.35725529424441],[85.704120315243,27.345899948892825],[85.68926801787619,27.337086632936973],[85.67911446245886,27.345165274914685],[85.67241675106686,27.344366057323434],[85.67208116724387,27.341182970806884],[85.66098961561272,27.334864306564473],[85.65064554214607,27.33362065685627],[85.64165148310148,27.34266244320867],[85.64345934652833,27.345847460920613],[85.63934000699636,27.34624599384616],[85.64179627561366,27.34982390092042],[85.63929418402518,27.34881114819857],[85.63519763912349,27.35362479973271],[85.63145985036594,27.347628569402296],[85.62292373744006,27.344849670798034],[85.5781450847335,27.34467347963199],[85.57700088710875,27.34168681951629],[85.57071511646822,27.340530966961037],[85.56507009551939,27.341097307026793],[85.56458943175488,27.344776246425305],[85.55905895878124,27.33936358395084],[85.55525225815188,27.345905144040085],[85.5503472534565,27.34342191789857],[85.53346535465698,27.356649832712215],[85.52002427250774,27.34966934135721],[85.5043401648129,27.35637091142728],[85.51025962224685,27.364894187579413],[85.50597247707104,27.364388715685042],[85.50162412712733,27.37260286209381],[85.47854815344392,27.377164458010206],[85.4764807258592,27.383738467949065],[85.48077547986468,27.385195621822604],[85.47709060875492,27.402800724278272],[85.46074306685173,27.397996277131135],[85.46358852958079,27.394397477993106],[85.45596776366209,27.394609051215067],[85.44912524179325,27.387531401986415],[85.44311377383053,27.402121217799888],[85.4324797675664,27.403639159379242],[85.43244149070907,27.410274231552343],[85.41950389366448,27.402799790958735],[85.41724569484299,27.41242146811587],[85.40941123745849,27.417406704936496],[85.41389657037047,27.42528533023436],[85.41054754326473,27.43335836082038],[85.41539916296273,27.43512639343899],[85.41125687789655,27.438549710980908],[85.41810704908468,27.444566968674398],[85.41047863238002,27.44591331280448],[85.42078436598489,27.45673290072656],[85.43305067841997,27.463476881127875],[85.4464763223255,27.479209410447837],[85.44172364816707,27.488400023894254],[85.44510248058587,27.515001396600418]]]}},{"type":"Feature","properties":{"name":"Khotang","DISTRICT":"Khotang","DISTRICT_NEP":"\u0916\u094b\u091f\u093e\u0919\u094d\u0917","COUNT":76.0,"ID":37,"VAR_VDC_CO":487.6667,"Z_CODE":2,"ZONE":"Sagarmatha","AREA":"Hill Area","DIVISION":"Eastern Div"},"geometry":{"type":"Polygon","coordinates":[[[86.68118697902094,27.39068175736034],[86.70975521730935,27.39561231285884],[86.73415848108208,27.394598117976066],[86.74115365679695,27.397539110723667],[86.75134526365228,27.394409606596728],[86.77120160148131,27.41174621543132],[86.78860206901157,27.407468715479958],[86.80377477714018,27.415387590443913],[86.81079256489032,27.430750044862116],[86.82180013304931,27.4402403631946],[86.83085521736066,27.43220175993023],[86.8371791924711,27.430664684014605],[86.857310425732,27.43552453079016],[86.87129343878631,27.428237442892893],[86.89118051830712,27.435153225777135],[86.90601778807728,27.433498054810823],[86.91043520279513,27.407585281760234],[86.92002448906553,27.38991542977185],[86.93069673411738,27.384655615538776],[86.92383911317786,27.370649166212182],[86.93155934563875,27.357344815095022],[86.93380979519846,27.35407785547766],[86.94674760800073,27.35185812551348],[86.95121803907475,27.34326635850335],[86.94867793630176,27.336282220830817],[86.96839775099731,27.317967918011647],[86.9850736324277,27.308848076342386],[86.96570541569375,27.295745408620107],[86.96553783626092,27.284597937991006],[86.95131876816156,27.27240317869941],[86.94824466015848,27.266170460100966],[86.91233014324202,27.26678203568074],[86.89512084696017,27.249788759901843],[86.90067432844685,27.24947417225796],[86.91320817433247,27.231844418025844],[86.92834310719377,27.223243299991758],[86.92968614475856,27.203168344173946],[86.91646653230988,27.184658928497843],[86.91664215456467,27.176913872302325],[86.91285098854515,27.170095636457372],[86.92276820368883,27.156566272016846],[86.91716192976531,27.129016953184568],[86.90671870739428,27.126365790435464],[86.89479576554442,27.114964458185682],[86.9031719723477,27.10469443708346],[86.92337225768507,27.091785083759607],[86.94621181740314,27.0859132726595],[86.96464263972793,27.058082106971103],[86.96206440560199,27.05046859676365],[86.95396309245017,27.048212260904272],[86.95018743330935,27.029807901367555],[86.94468755978035,27.0204054046788],[86.96713059761498,27.00747701661007],[86.96600955756347,26.99202501810457],[86.95706158518807,26.985424109651692],[86.95845004860314,26.98107003989818],[86.96752021427253,26.98126473000199],[86.97236440626176,26.974028969970686],[86.97299792541155,26.95731826183788],[86.96466805152451,26.94153428764353],[86.96506502578305,26.927772076587896],[86.95608649474178,26.92320612953479],[86.95710118972416,26.917763052541723],[86.94980101744386,26.908078260791964],[86.95155562476411,26.9046110360742],[86.94014355669904,26.903586682199226],[86.93139368976937,26.907734649436243],[86.91449703561777,26.895785868114423],[86.88496743107413,26.898543141752288],[86.86779600506013,26.89354412418428],[86.86231114941384,26.89515369036015],[86.85322586840608,26.888346804942383],[86.83851076190048,26.884558890186558],[86.83464336232609,26.87519837944706],[86.82280414457983,26.872284003346277],[86.81401617159284,26.874803238380753],[86.80528169022004,26.872981730537045],[86.79907206573756,26.87791359382731],[86.78464669463881,26.88087519820175],[86.77975674138744,26.88779818095882],[86.77215128422925,26.885017380768595],[86.77357754080514,26.896946821579885],[86.76847406258373,26.90058182072318],[86.76088329928804,26.924183052986166],[86.76411751654729,26.934706931961568],[86.76134824885895,26.942101024145785],[86.76449081973468,26.957545427553914],[86.7608441693369,26.970380690849087],[86.75493207253518,26.974404740413778],[86.75649565064691,26.985800171562833],[86.75233810449429,26.988964112717834],[86.75352015032395,27.005587119030302],[86.7482182684554,27.01228123157274],[86.7471958033277,27.02437846006904],[86.73891117483576,27.033038824155607],[86.72672848150094,27.039486791753188],[86.71999974629057,27.062157329665606],[86.71027341863963,27.06765174901831],[86.71002153301059,27.074567180654032],[86.69854816561481,27.086418201844438],[86.69799874434828,27.09463813946115],[86.69027863899973,27.102329664687602],[86.67843163196586,27.107126019271487],[86.66881194310204,27.120054628532372],[86.64033485083601,27.13306301509432],[86.60549581145783,27.13972610458491],[86.5812677456587,27.152454208996886],[86.54628423142832,27.137484154600415],[86.53318632216771,27.1351228420344],[86.5208286776482,27.11820785162336],[86.51452007670461,27.114244623968805],[86.50240617345062,27.114570545346396],[86.49235215272807,27.104784633465727],[86.48382350044348,27.10964016867511],[86.47502048161058,27.102455671852663],[86.46576723640236,27.102377320199384],[86.45944322537882,27.105632769012807],[86.45966419339604,27.11767470714505],[86.4489232509561,27.12513350540475],[86.44565050917579,27.132632481250923],[86.43006573346838,27.130715500769266],[86.42647270369082,27.13328631827533],[86.42764738141594,27.137789189918983],[86.43746499029452,27.14432716926917],[86.4337116684262,27.151406557145513],[86.44276637224971,27.16100554720851],[86.46786364598611,27.168238000283587],[86.47356950720615,27.176692625724304],[86.48418815771,27.18038701409219],[86.49121377592265,27.186755207400527],[86.51126120280193,27.186837558422226],[86.52525918613289,27.192742426482223],[86.53122439737382,27.201887455858536],[86.54229305509419,27.208757307081157],[86.54753355850158,27.218354325705064],[86.55557387682579,27.218943782073104],[86.55603915772868,27.22133730071849],[86.55233937561995,27.221772074288275],[86.5569697039142,27.22685097349544],[86.56126456168738,27.223589769683482],[86.57211206475291,27.227232669243485],[86.58659083336823,27.223975454686705],[86.59748395694785,27.23458909763663],[86.61873666320719,27.235037650475256],[86.62115462681832,27.246103149511402],[86.63101046991704,27.248267968385242],[86.6345346128821,27.256459366454433],[86.643879355975,27.25849830281462],[86.65003535487492,27.26396057201442],[86.65674838031768,27.262318606059562],[86.66045564199825,27.268774473752064],[86.66896891838012,27.26948790606317],[86.67029616683065,27.27377336204143],[86.6667260058101,27.27704983524695],[86.67287424138321,27.288727603365956],[86.66725192126728,27.297550119715797],[86.67617712587882,27.29849242089761],[86.67710769951594,27.302682510912117],[86.6861395592697,27.31018741955313],[86.67996787238135,27.324624663114008],[86.68289706923305,27.32958338105331],[86.67826633672969,27.34317958465328],[86.68070737853223,27.3452622671342],[86.67876168592626,27.36601616200071],[86.68349859334909,27.38103719052247],[86.68118697902094,27.39068175736034]]]}},{"type":"Feature","properties":{"name":"Lalitpur","DISTRICT":"Lalitpur","DISTRICT_NEP":"\u0932\u0932\u093f\u0924\u092a\u0941\u0930","COUNT":42.0,"ID":38,"VAR_VDC_CO":150.5,"Z_CODE":5,"ZONE":"Bagmati","AREA":"Hill Area","DIVISION":"Valley Div"},"geometry":{"type":"Polygon","coordinates":[[[85.35203301429178,27.667976510640873],[85.36102685892445,27.669126684907333],[85.36355193937558,27.665016758603635],[85.36085919451381,27.66132441925963],[85.36926568666019,27.66085729754017],[85.36978454677347,27.654533105489683],[85.38462950199289,27.648994903645903],[85.39344056665638,27.635490323015624],[85.40433396513667,27.632513396252183],[85.41825602774252,27.620090268261514],[85.41153551120088,27.615558704755273],[85.41181783522373,27.61196940106848],[85.40319034959464,27.601197521335564],[85.40657004488791,27.585612120440555],[85.40280953359638,27.57174497022347],[85.38837685680272,27.560330277080652],[85.40046038083028,27.552644546997513],[85.40532747838161,27.543556923957315],[85.4174260358405,27.54680885868584],[85.42666416842064,27.539275656546145],[85.43463587024497,27.537526904131138],[85.4387017406232,27.540492631812196],[85.44250087659765,27.530802323004817],[85.44082271589038,27.52665990538503],[85.44510248058587,27.515001396600418],[85.44172364816707,27.488400023894254],[85.4464763223255,27.479209410447837],[85.43305067841997,27.463476881127875],[85.4113177183309,27.44772514552471],[85.41197383094652,27.44422929881284],[85.41828252540908,27.443418850333174],[85.41125687789655,27.438549710980908],[85.41539916296273,27.43512639343899],[85.41054754326473,27.43335836082038],[85.41389657037047,27.42528533023436],[85.40944176031576,27.416948982685422],[85.41707023727007,27.412648419473065],[85.41865703097895,27.408284821592684],[85.40593298354962,27.403039875913233],[85.40502515334914,27.405593572753485],[85.39752646178013,27.404834394650237],[85.39479536918803,27.411198603874915],[85.38410042483873,27.40835292136678],[85.38356632920652,27.413696825755437],[85.35730910637695,27.428833674077044],[85.33533928069501,27.432048821913558],[85.3288397663189,27.43832142554919],[85.31540621477053,27.436280528758353],[85.31330823289343,27.444929546972737],[85.30185799281163,27.446342581499156],[85.29491603975254,27.452247092608726],[85.26353279375101,27.45500055298712],[85.25817758450165,27.458994097410184],[85.25716281345125,27.468674915791777],[85.24726862550574,27.477018659791938],[85.24761940625632,27.48321508603939],[85.24440778144063,27.48685202246469],[85.24776407522138,27.49660156904928],[85.23721394043892,27.50027843823834],[85.23400992293033,27.50496241524981],[85.24141693332719,27.512591245051162],[85.24075316063568,27.51768339881429],[85.25048690701199,27.521459767130217],[85.2511504404409,27.528194022176717],[85.2315681869404,27.537212750357703],[85.23973797171439,27.547994156804112],[85.2469772626623,27.5504011314412],[85.25406365040062,27.569347147736],[85.26664283444902,27.570663303031775],[85.27722315810404,27.582947604460642],[85.28488963350186,27.585596797881035],[85.27939713298156,27.588627214314933],[85.28173898362382,27.59178553814975],[85.27993860987577,27.595439661232167],[85.28553025441317,27.59363746878666],[85.28775765415612,27.598025920291985],[85.29182359489752,27.597518676782506],[85.29448576575997,27.604209098604688],[85.29012979994391,27.611900675079323],[85.29368461334741,27.61263690308434],[85.2930662786688,27.63398202340285],[85.28235582086747,27.6439125229733],[85.28739816968249,27.64464114634508],[85.2873827920267,27.65056293195772],[85.29691806691199,27.66077220698987],[85.29758158785427,27.668046192269273],[85.2916771176031,27.672888419904194],[85.2988324429182,27.677841475466863],[85.30259296011968,27.691392031416324],[85.30745982697948,27.693526241814407],[85.32656145767646,27.686170568991514],[85.33109285214368,27.679693868268206],[85.35203301429178,27.667976510640873]]]}},{"type":"Feature","properties":{"name":"Lamjung","DISTRICT":"Lamjung","DISTRICT_NEP":"\u0932\u092e\u094d\u091c\u0941\u0919\u094d\u0917","COUNT":61.0,"ID":39,"VAR_VDC_CO":315.1667,"Z_CODE":8,"ZONE":"Gandaki","AREA":"Hill Area","DIVISION":"Western Div"},"geometry":{"type":"Polygon","coordinates":[[[84.26903111246837,28.456568853836206],[84.2788185061878,28.44708272111862],[84.28820144774643,28.44501930501046],[84.3280137749508,28.452915630605144],[84.3742874733835,28.453965303077407],[84.3714343590581,28.459044063954718],[84.37324987075695,28.46110193379499],[84.39811846256693,28.456603300443984],[84.41579310641976,28.471477633162237],[84.41717344882471,28.49094037068873],[84.42296313501284,28.503295138271085],[84.432490835584,28.510157302485254],[84.44476490651608,28.509339318753998],[84.4602125537945,28.500023015911832],[84.47047305038801,28.483623384666327],[84.47941371784371,28.473164580943294],[84.48636321980565,28.470582376627267],[84.4907344605864,28.461616818059404],[84.50901961953217,28.464386325448697],[84.5312485293936,28.473012829149106],[84.55068566032213,28.471498841457976],[84.56813152350419,28.482833458057584],[84.58306037101264,28.477102636096095],[84.59222990188957,28.466153692395196],[84.59856174123125,28.452067400822127],[84.61288029403264,28.447587675670047],[84.62152320829233,28.449329064167287],[84.63742095113585,28.439185055298157],[84.64701786868967,28.418622049412896],[84.66035246490205,28.409114995614285],[84.67581563207504,28.38720752415651],[84.67631169567022,28.37648539427009],[84.69473453628655,28.361300761129332],[84.68046984754417,28.34286196454972],[84.66938582779511,28.342261027485304],[84.6676697371858,28.32781987024569],[84.6633674534887,28.321873229621456],[84.65859968943462,28.323261577128072],[84.65983566208158,28.31463544370106],[84.6549993138698,28.31252030942958],[84.64647881036717,28.293128016753407],[84.65148360779736,28.26446325278472],[84.64649493776135,28.250203223990564],[84.64058304413088,28.245303596777752],[84.63293971897087,28.230006022324904],[84.64029397830333,28.20513275793474],[84.63320753290348,28.18938128392402],[84.61199335165782,28.172557753662275],[84.60951438585688,28.15977963889871],[84.60116146670623,28.152053539079986],[84.58546238038657,28.146240220440884],[84.5868965806899,28.142996137557066],[84.57611777817688,28.13818988537284],[84.57416506626082,28.130559245419068],[84.55629189157236,28.124745893075733],[84.55598682544944,28.121297714951044],[84.55211163016635,28.120244893112186],[84.55400354687414,28.116306605417073],[84.54962490668392,28.11384818731167],[84.55108964201301,28.10951701470148],[84.54217224434771,28.100656136983126],[84.53025674077152,28.09945252212088],[84.51912703861092,28.09432013811843],[84.5131999180947,28.08781085504025],[84.48973507654605,28.085231986220055],[84.48881211629457,28.081533958398552],[84.49301540623003,28.078856349692202],[84.48402921603608,28.076847953252255],[84.48811059964176,28.06673807938626],[84.48212254278315,28.055636316646225],[84.47473815663527,28.061449272482182],[84.47408198927303,28.067834486057052],[84.46713249487236,28.0699189203812],[84.46876485721245,28.07549362001154],[84.4576805171976,28.09089961069432],[84.44314828976728,28.099290955864763],[84.44359063444521,28.10439074993486],[84.42724288292143,28.11129637702419],[84.4220020286815,28.11928354584971],[84.41930924777013,28.117443079593393],[84.39567628883204,28.12975734253085],[84.38888709653811,28.12653220328272],[84.3591134862377,28.129169363536587],[84.34067583976912,28.12197711905978],[84.32948496745459,28.124128239138262],[84.30990324924637,28.107548860752672],[84.30502869917237,28.10840319981653],[84.28130464362016,28.098311968333935],[84.27788723406296,28.09304048297463],[84.26925958552195,28.09067545235405],[84.26382812733397,28.093396907680823],[84.25388851171178,28.08522832250603],[84.24795358211752,28.087877297504107],[84.24554311623743,28.082703093748826],[84.24130934870321,28.083624194185905],[84.23288008662858,28.07877221038463],[84.23062967963817,28.080593528154427],[84.23038540030703,28.089341737450702],[84.22577011754915,28.09518906576218],[84.22927141259606,28.10183181109616],[84.22331332933065,28.118199097091036],[84.21740122689489,28.123825172832046],[84.21889621603258,28.132636345162307],[84.22859937115754,28.139784587240314],[84.22097843205057,28.14949961987254],[84.21975758582222,28.165081221638932],[84.21335723496665,28.172358902985813],[84.21877321460455,28.18088978055563],[84.20923768985968,28.183651222878655],[84.20578954991937,28.189445167399057],[84.19433174932996,28.188399858823672],[84.19070812855749,28.195635624889967],[84.20150220297397,28.19959699376947],[84.21038138937392,28.211972789192785],[84.20858101538224,28.215897727449118],[84.21351616359097,28.236768018900076],[84.21108268471065,28.238137332867062],[84.21417205616464,28.244263226370073],[84.2115246310238,28.26346652909152],[84.20600148751461,28.273582098906026],[84.1965879795886,28.27827741767948],[84.18717429216304,28.292079495908546],[84.18787600697068,28.29692945211046],[84.19547370660008,28.305134235287504],[84.19699911336737,28.318707621247313],[84.20590123452013,28.328436257155538],[84.20452030793443,28.33807128212734],[84.20927255446298,28.349731821511867],[84.21808312186465,28.360091730710067],[84.21873130522218,28.37160535377651],[84.21236895271691,28.386118853343245],[84.21403182026303,28.392063542176878],[84.22455877230517,28.40235481946974],[84.22962374153954,28.415987381533025],[84.24486506999767,28.424180840407544],[84.24640564811047,28.44190042225061],[84.26626211299057,28.451552941861483],[84.26903111246837,28.456568853836206]]]}},{"type":"Feature","properties":{"name":"Mahottari","DISTRICT":"Mahottari","DISTRICT_NEP":"\u092e\u0939\u094b\u0924\u094d\u0924\u0930\u0940","COUNT":77.0,"ID":40,"VAR_VDC_CO":500.5,"Z_CODE":3,"ZONE":"Janakpur","AREA":"Tarai","DIVISION":"Central Div"},"geometry":{"type":"Polygon","coordinates":[[[85.85490267233466,26.61894658549002],[85.8510199883801,26.610385189323726],[85.85473501992318,26.610324219530344],[85.8526297020938,26.604303216499854],[85.85069200121373,26.60868397897353],[85.83120138831971,26.611365160331044],[85.83062182291545,26.601697652822818],[85.81751621129004,26.602813142238503],[85.80332714680004,26.61498835409842],[85.80139697551364,26.62433922889821],[85.76929656181267,26.62999731665022],[85.7483411724178,26.639002685650222],[85.73417500657197,26.650590485912986],[85.73223729407727,26.65558726723795],[85.73646325894119,26.664009443366208],[85.72544772375136,26.67047270037591],[85.7233572091594,26.687229152464568],[85.72788023829473,26.71785853909811],[85.72599595403504,26.7213715346176],[85.72949731111686,26.72524507384265],[85.72824616317654,26.72979177114372],[85.73141955886847,26.730672939455733],[85.72986328731156,26.73460361263233],[85.73408173313494,26.737500687170186],[85.72872634730216,26.75005938184248],[85.73501159732407,26.777507618429443],[85.73443147011193,26.79592906064525],[85.72124148754362,26.820109982144608],[85.70427569038006,26.832258444160328],[85.68025364928873,26.84331207106589],[85.67633240805287,26.855575173855577],[85.67848356288401,26.85821093096795],[85.67619491871598,26.864466443648936],[85.68348749653464,26.872873409559514],[85.68911725615183,26.872699947062845],[85.68794230263211,26.881694187673414],[85.6948383111674,26.884743879400645],[85.69772160541598,26.89665235603002],[85.70971329066995,26.904246939438842],[85.70519725033681,26.90574209525081],[85.70723392694104,26.91096017176485],[85.71142952691042,26.911835635121935],[85.70563178045495,26.92006883584184],[85.71162767806855,26.92112551041254],[85.70702769473884,26.924144501308874],[85.71345077716887,26.925464373602775],[85.71133757979621,26.932004058306408],[85.71756992097205,26.934876371759763],[85.71944626131277,26.947015600315495],[85.73063677974159,26.963724582048748],[85.7353202926184,26.979634349805654],[85.73386312528125,26.98674238417457],[85.73909608559426,26.992605138988736],[85.73961447739788,27.00933683293506],[85.74744848312136,27.026875382503142],[85.74772294919079,27.034565134347815],[85.75699114806353,27.04936118304171],[85.76513055252171,27.053915660115088],[85.78088281056404,27.072417464202434],[85.78188955965797,27.082174610104257],[85.78781667817414,27.08923127046211],[85.78655029694704,27.092549741738047],[85.797725842591,27.095107452012503],[85.79448367320501,27.100087044091623],[85.79885475389096,27.09956454851027],[85.80070068849334,27.106258778026575],[85.79198141088882,27.107376242335352],[85.79771782011852,27.114385220037367],[85.79085981391118,27.118285289300932],[85.79757269612425,27.123404268307482],[85.79241577389034,27.12964828860808],[85.79335390359125,27.137601241254472],[85.79934215479119,27.13946465346824],[85.81054802729616,27.15109672311447],[85.81108189717813,27.156835434004496],[85.82533912746308,27.168433224609547],[85.84348724955223,27.160032398689484],[85.83975711764325,27.15259433848621],[85.83464615264319,27.149716321069075],[85.83565315456015,27.14709205901956],[85.8535190398323,27.138044694370365],[85.86246736988952,27.127172012463216],[85.88289581485775,27.1464062517384],[85.90559817570154,27.13385166460162],[85.9008381945362,27.127191715923534],[85.90578918006723,27.119549729878326],[85.91991724748283,27.105947959400567],[85.93717287489834,27.09634940991048],[85.93853091135723,27.08750584115418],[85.93487712853198,27.07688660554832],[85.94530545886391,27.061635062842395],[85.93200954814833,27.0430055138845],[85.91718757558013,27.042999548448776],[85.9139837583335,27.0376899078565],[85.92298530090174,27.035948800943135],[85.92700560769036,27.02901436207558],[85.91148225078845,27.008099975202274],[85.9136795729659,26.991282501035727],[85.90625013513645,26.96094296424515],[85.91791399316945,26.958978760346113],[85.9172581281373,26.950308710325352],[85.91384076384146,26.942601740755304],[85.91289524541529,26.922852878164235],[85.90519832265797,26.91649993606086],[85.89886723527069,26.892820287075097],[85.90034729730256,26.885292672126983],[85.89509148752062,26.877631444446955],[85.89744112249373,26.873264040744743],[85.90648845868454,26.870441562215],[85.9167181208131,26.871343825563674],[85.9151162465159,26.86696109976691],[85.91981575687564,26.84640368316249],[85.91603988534291,26.83728348645662],[85.91557491463512,26.819460880962776],[85.91117348661456,26.811696678896766],[85.91231022450418,26.806432880283005],[85.90877067006268,26.805343822698628],[85.91076175017481,26.80197005349931],[85.90866427634847,26.78539280931517],[85.90067743600456,26.78083642573939],[85.8977407503223,26.768590373861052],[85.89244676385273,26.76256550540636],[85.88248412758743,26.760019257791306],[85.8798219774686,26.75204910835236],[85.87937201998898,26.746195964877618],[85.88890005799563,26.73781978397571],[85.88841198223932,26.730788002321635],[85.89356897441688,26.72111105320279],[85.88691747786216,26.697921539317345],[85.89496565061533,26.687365426441428],[85.90633971191065,26.68145335174827],[85.90366997128308,26.671562670610342],[85.89700280827266,26.668701791757297],[85.90588234914122,26.664488974150334],[85.90544774536997,26.653791591722367],[85.88781107068725,26.64464446815229],[85.87961835565848,26.63539641718306],[85.8750565403851,26.63702888988087],[85.86926675650156,26.628496070571856],[85.8630877705406,26.6276377394301],[85.86211152191925,26.618319239559696],[85.85490267233466,26.61894658549002]]]}},{"type":"Feature","properties":{"name":"Makwanpur","DISTRICT":"Makwanpur","DISTRICT_NEP":"\u092e\u0915\u0935\u093e\u0928\u092a\u0941\u0930","COUNT":45.0,"ID":41,"VAR_VDC_CO":172.5,"Z_CODE":7,"ZONE":"Narayani","AREA":"Hill Area","DIVISION":"Central Div"},"geometry":{"type":"Polygon","coordinates":[[[85.23921839123206,27.589929168530464],[85.24263614727764,27.578169566997644],[85.2597695219052,27.577338313690348],[85.26306511631478,27.570882570765512],[85.25355255920684,27.568816944136497],[85.2469772626623,27.5504011314412],[85.23973797171439,27.547994156804112],[85.2315681869404,27.537212750357703],[85.2511504404409,27.528194022176717],[85.25048690701199,27.521459767130217],[85.24075316063568,27.51768339881429],[85.24141693332719,27.512591245051162],[85.23400992293033,27.50496241524981],[85.23721394043892,27.50027843823834],[85.24776407522138,27.49660156904928],[85.24440778144063,27.48685202246469],[85.24761940625632,27.48321508603939],[85.24748985792449,27.476564755030196],[85.25716281345125,27.468674915791777],[85.25878786888758,27.458334223675262],[85.26817089357645,27.45303623428486],[85.29491603975254,27.452247092608726],[85.30185799281163,27.446342581499156],[85.31330823289343,27.444929546972737],[85.31585629372525,27.43608218949672],[85.32918304505566,27.438260401385687],[85.33533928069501,27.432048821913558],[85.34048842409013,27.432996772374615],[85.34746848977302,27.42856841759759],[85.34979509269823,27.431320512988105],[85.36877466635484,27.42434436203724],[85.37152861507187,27.419402908164713],[85.38389435563806,27.4134164758751],[85.38487852690807,27.408040156724635],[85.39479536918803,27.411198603874915],[85.39752646178013,27.404834394650237],[85.40502515334914,27.405593572753485],[85.40593298354962,27.403039875913233],[85.41798572590812,27.408618566903154],[85.41995397164074,27.402652945523535],[85.43244149070907,27.410274231552343],[85.4324797675664,27.403639159379242],[85.44311377383053,27.402121217799888],[85.44912524179325,27.387531401986415],[85.45596776366209,27.394609051215067],[85.46358852958079,27.394397477993106],[85.46044558204318,27.396895830482755],[85.46074306685173,27.397996277131135],[85.4776474932763,27.40220950807386],[85.47654912651845,27.3962514654919],[85.48077547986468,27.385195621822604],[85.4764807258592,27.383738467949065],[85.47893722382494,27.376060208100192],[85.47214040230158,27.372413573006423],[85.46969956258967,27.360356352279336],[85.46361222431003,27.35458703927795],[85.44889715881192,27.349685352820465],[85.44710477955292,27.335265148496887],[85.42618782382446,27.33078103423985],[85.41939879186396,27.31914141522338],[85.42592140333583,27.302447988100955],[85.43338203752282,27.299080031398358],[85.43230658336545,27.29171258378122],[85.43536568371582,27.285991097795627],[85.44085820971748,27.28180683686241],[85.44793731963837,27.28363021372476],[85.46106586775456,27.279318295159467],[85.47474378371686,27.268907228614975],[85.48221961530821,27.26850302759367],[85.49183939795637,27.24967360904945],[85.49166453968294,27.220263004457443],[85.5037554985588,27.222343931721948],[85.50145201019745,27.20819644293108],[85.51040031874328,27.198061839696127],[85.50383235406208,27.19405856542984],[85.48797284414641,27.198170186824356],[85.48680580864897,27.192793831158987],[85.49232124916811,27.1871868146112],[85.48810282083583,27.183593621795858],[85.48242729070701,27.18391393632216],[85.48051263545761,27.180383717582743],[85.49020850084145,27.171500235127347],[85.49538813287487,27.173794654728628],[85.48904909763456,27.16592171845476],[85.47257948081896,27.161853440785208],[85.46672078836492,27.166192178220882],[85.45614020063874,27.166586793976162],[85.45254718148566,27.16890014402305],[85.45335561332709,27.17773611617077],[85.44810709758771,27.186789409129386],[85.43656532959464,27.187348026848813],[85.42663304782123,27.19310754680682],[85.418280018736,27.19013412103985],[85.40927837869835,27.197003633991294],[85.39882748695875,27.19677460477901],[85.39348733895012,27.210424196419748],[85.3851648241105,27.20743169965741],[85.3765904186289,27.212102242486022],[85.35964778785169,27.21080508950589],[85.34874658897495,27.222185049244864],[85.33760918544634,27.219825691112547],[85.30739288902174,27.231840432321025],[85.3044865093653,27.22998088688339],[85.29302860777659,27.232925387380913],[85.26191252788092,27.22665980985884],[85.25779314588088,27.22922489918407],[85.25809055356723,27.23421598980578],[85.25152229473709,27.244981907090985],[85.2424520626082,27.248799933639955],[85.23179530916123,27.24340054204665],[85.20839899699534,27.24539507842801],[85.2024563844551,27.25025638148519],[85.19392794557312,27.245173615809417],[85.17914406054715,27.248463263651708],[85.17730559506447,27.249647592187316],[85.18095949555416,27.254591056265934],[85.1709510441439,27.254793058321752],[85.16770124278662,27.260196042741974],[85.15599162603775,27.262141178815845],[85.14528115197913,27.272977595581033],[85.14478510787028,27.28298836595454],[85.13675226986373,27.29024123709786],[85.12639286413305,27.29291875100727],[85.12553069279812,27.30114630370406],[85.12087735496723,27.30217801331602],[85.11716202552488,27.31748496562878],[85.10407928733291,27.320067077420227],[85.09490208932188,27.332475032212464],[85.09133915271323,27.356595055410004],[85.0851142854839,27.361742429983753],[85.07081863268976,27.364416067008822],[85.06731728188743,27.36041665955706],[85.0654940530255,27.362636585768822],[85.06147393580369,27.360450896306663],[85.05617210234361,27.365674572649763],[85.03649102491644,27.357402831166123],[85.03195207145993,27.36055913884761],[85.02456020012723,27.358705245274926],[85.02095963980953,27.35674270244212],[85.02149371884464,27.35210063995514],[85.01320159557865,27.355407555563538],[85.00397892461778,27.352870863622083],[84.99888290995544,27.365591659420705],[84.98153602290611,27.36220614553923],[84.97739392893564,27.356097389822587],[84.97191676521346,27.35514752909238],[84.96558513575866,27.358572720831084],[84.96419666789087,27.363706821597262],[84.95676670753201,27.359180971889714],[84.95378396255174,27.361482888585332],[84.95629364733438,27.364259778875105],[84.95179284434856,27.367011765637002],[84.94495794246387,27.360243084346774],[84.94088427426223,27.36578527892914],[84.92623780075846,27.36423260628519],[84.92172929699498,27.370671167553684],[84.90871514049924,27.377155367589733],[84.9008198023484,27.374984875585522],[84.89670026596173,27.385521967658697],[84.88988804124956,27.38933430900632],[84.88184774597656,27.38807735296634],[84.87672890967575,27.39767037623236],[84.85189086419567,27.39857398963573],[84.8510973973298,27.40441184778028],[84.84040219498601,27.414809612494487],[84.82527500994318,27.41962309207],[84.8101251057355,27.415985867954962],[84.8092400455029,27.42452428774568],[84.79094691577147,27.437757906538984],[84.78004600413908,27.43509531682573],[84.77028159525389,27.438909519437452],[84.7553147641287,27.435728114402202],[84.7433228173247,27.442075014073637],[84.73945525666328,27.44049008950791],[84.73469507006195,27.444268133813853],[84.72607498595593,27.444685671613023],[84.71893507881754,27.43126475360836],[84.70492169971318,27.433026767920165],[84.664788830838,27.429522661107715],[84.66777123430657,27.4447019314453],[84.68103692169862,27.448552727977244],[84.68597238505708,27.453789913346185],[84.68534679443023,27.45702256912647],[84.69202158343144,27.45949818880209],[84.68606375381246,27.4626048881095],[84.69313514339355,27.468944455070478],[84.69086943529399,27.472922791624818],[84.69679664196325,27.47541937868348],[84.69120462356426,27.496510764573582],[84.68066949501296,27.51333571774003],[84.67892998528741,27.525507295051376],[84.68330830579083,27.54453336165887],[84.6799974488703,27.551580329336158],[84.69049386139997,27.564061059175703],[84.70317234513368,27.558524721774155],[84.70977082933175,27.562014958610312],[84.7309620874761,27.582073070109566],[84.7330901240801,27.596432238957224],[84.73830779747196,27.603616656192706],[84.73493580355867,27.616200156955934],[84.73160218118682,27.61713652868324],[84.7316630686001,27.624219784706344],[84.72285223913663,27.626542588363474],[84.71790115758957,27.63974589644606],[84.72250856325901,27.646752936270268],[84.73001490053132,27.64637352555827],[84.7274440654585,27.649903669657988],[84.73189129266854,27.65601051951936],[84.74585887007686,27.655682703943878],[84.74401296667064,27.647308261446828],[84.75235836864906,27.64984493747399],[84.75386106729503,27.65454805917515],[84.76754634425194,27.656770134919114],[84.76998720284956,27.668094989384677],[84.77988877465356,27.671655844092964],[84.78342817567768,27.680182887341793],[84.79219305419709,27.686963038794456],[84.79715157240788,27.68350540524661],[84.80011925330385,27.67144255840607],[84.82936605939162,27.692486808512637],[84.86610461315964,27.67965971688368],[84.8798511788132,27.668781396966796],[84.88767778196666,27.67476242763483],[84.90034813913763,27.694252069187183],[84.90725936870216,27.698585284629768],[84.91912158562728,27.694629987798624],[84.9231418657407,27.688561414565495],[84.94461579963536,27.687001684626225],[84.95149667304531,27.683488773928392],[84.95860627407845,27.686158934672065],[84.95868249881946,27.689105524316616],[84.9758767634565,27.694812071306742],[84.97783712310192,27.70154253004357],[84.98897450834129,27.704350071914067],[84.99090441831581,27.707897451820862],[85.01349207647566,27.707358080933435],[85.03080107527809,27.697759535363087],[85.0344397025984,27.703330457560252],[85.03862006780209,27.702823215262733],[85.03860475105193,27.705796503990264],[85.04184687908463,27.702603941470517],[85.0403061165993,27.694111257510027],[85.04267099458765,27.69021302539789],[85.0524656547427,27.69944964040643],[85.0611163422901,27.694555962434844],[85.06478554888875,27.69686751973829],[85.06574659589317,27.703279464380454],[85.075953258969,27.709029766599922],[85.08091175684166,27.706680203907062],[85.08825777973848,27.712216856620394],[85.09258308069877,27.71189270587027],[85.11546092233064,27.696385815997402],[85.12025180778328,27.683581105601778],[85.1312138496674,27.681027571337125],[85.13419667107718,27.67497614604014],[85.14154287988511,27.671358348864597],[85.16176574328567,27.670744562781838],[85.17328443000073,27.67941668291062],[85.18851827498274,27.681470958086933],[85.22148870867396,27.654492559786274],[85.23136751449192,27.65226132166804],[85.23287037625464,27.648839869756678],[85.22188590501409,27.62890015321604],[85.23676149633319,27.617224652869325],[85.23750939169254,27.6017936921487],[85.24299434634935,27.594681915702285],[85.23921839123206,27.589929168530464]]]}},{"type":"Feature","properties":{"name":"Manang","DISTRICT":"Manang","DISTRICT_NEP":"\u092e\u0928\u093e\u0919","COUNT":13.0,"ID":42,"VAR_VDC_CO":15.1667,"Z_CODE":8,"ZONE":"Gandaki","AREA":"Himalayan","DIVISION":"Western Div"},"geometry":{"type":"Polygon","coordinates":[[[83.9382880846233,28.824728357518843],[83.95134764405415,28.835143632563554],[83.9592506487548,28.834413307706626],[83.96761931313938,28.817222177995998],[83.99502811944801,28.813423514066482],[84.00468586752761,28.80180707145519],[84.01481642709692,28.797563768167553],[84.02325331524503,28.80198091276167],[84.02528992478997,28.81021611886746],[84.03690024389151,28.813164789497275],[84.04738143456278,28.82257113154508],[84.04588611951418,28.83026655250576],[84.05182074211497,28.842632756564566],[84.0607612614256,28.839127511569856],[84.07214273539813,28.841761495550898],[84.07724600174234,28.84735531450505],[84.08494298060512,28.84962497100603],[84.08907743955488,28.855434285449846],[84.08430949419477,28.866066701760367],[84.09172411931702,28.873478092957434],[84.09000761654647,28.879403653279464],[84.09389804775476,28.88123460047009],[84.0958050152279,28.88740624282039],[84.11539479557374,28.88105184867607],[84.1306284949797,28.88864454430388],[84.13850115984623,28.87937771312807],[84.14637361932675,28.880247507780226],[84.15764851127935,28.87226044326994],[84.17013596019997,28.881710683282638],[84.17732161598816,28.894904621062636],[84.18478204830923,28.90045270558001],[84.22033042914937,28.89165166165661],[84.22590671853118,28.89404334504585],[84.2478688695387,28.890378105072998],[84.25424618620302,28.890399184866983],[84.25825860235943,28.895602017224782],[84.26556653523882,28.897818268346644],[84.27209652200375,28.892819670454692],[84.27402662366093,28.88675298257714],[84.28396647210478,28.882723282727152],[84.287406979198,28.877238306573524],[84.30867503489681,28.869432583024665],[84.31562447166495,28.86984845712485],[84.32361914961629,28.86272910552092],[84.33330713902237,28.864727977202143],[84.34313993858233,28.873007173543506],[84.35700859506215,28.859416875855313],[84.37525555401004,28.864454011603588],[84.40895029055557,28.8536160815799],[84.40767657107988,28.843002640232886],[84.39934650612925,28.837355366355077],[84.40062821772787,28.830289308534756],[84.40842444446673,28.828757972396215],[84.41889051072398,28.831622714150797],[84.42749547833854,28.823610814961086],[84.43532224241015,28.820933268076068],[84.42962400496947,28.81335597604557],[84.43205769935622,28.80149911591758],[84.44536937797193,28.79322410149649],[84.44594172509481,28.782564916412873],[84.436589611826,28.769399546501976],[84.45202953325106,28.76469288777404],[84.46041338825205,28.75135424760333],[84.48040743856807,28.747133991024434],[84.49186550804426,28.734777594228962],[84.48185741868404,28.718463468298552],[84.4892494053385,28.71390734765663],[84.50098978039799,28.698848489077108],[84.52002266012558,28.69450425071546],[84.52030500765726,28.689751577421482],[84.51442362475646,28.685241016703912],[84.51263882379955,28.67363774093843],[84.52218213077295,28.66331054542524],[84.51876485374542,28.651899867820365],[84.53142043838348,28.64639024369819],[84.53626472794836,28.63312211001952],[84.54274133625057,28.627322496586196],[84.5414298487664,28.59841543483945],[84.54893645872195,28.584270042483617],[84.55301810996856,28.56126958431454],[84.55942617156724,28.550177559945027],[84.560021539101,28.53285661073919],[84.56703983285713,28.523616462086874],[84.57055679042271,28.510079393159078],[84.56501114284929,28.50121475729808],[84.5670327850742,28.49519956082034],[84.56470629857398,28.486971972457415],[84.56813152350419,28.482833458057584],[84.55068566032213,28.471498841457976],[84.5312485293936,28.473012829149106],[84.50901961953217,28.464386325448697],[84.4907344605864,28.461616818059404],[84.48636321980565,28.470582376627267],[84.47941371784371,28.473164580943294],[84.47047305038801,28.483623384666327],[84.4602125537945,28.500023015911832],[84.44476490651608,28.509339318753998],[84.432490835584,28.510157302485254],[84.42296313501284,28.503295138271085],[84.41717344882471,28.49094037068873],[84.41579310641976,28.471477633162237],[84.39811846256693,28.456603300443984],[84.37324987075695,28.46110193379499],[84.3714343590581,28.459044063954718],[84.3742874733835,28.453965303077407],[84.3280137749508,28.452915630605144],[84.28820144774643,28.44501930501046],[84.2788185061878,28.44708272111862],[84.26903111246837,28.456568853836206],[84.27869597640567,28.470853741172416],[84.27416471228656,28.47135335001403],[84.26652090121794,28.480366536602315],[84.23339842963712,28.484016351076978],[84.22628122189009,28.480772136571744],[84.21838575697372,28.48569443038081],[84.18915376119007,28.48914596062385],[84.18531635008263,28.506165523808868],[84.16246162419073,28.512195653150144],[84.14008718635466,28.53329818738247],[84.13737899266636,28.539393473732176],[84.12448713638085,28.53470353250488],[84.08524671297438,28.53850201505427],[84.07173667317049,28.548201693049524],[84.05984373804601,28.563472251127614],[84.03094728385543,28.5726281465533],[84.01347802368718,28.58721966420848],[83.98957076215576,28.58445770779944],[83.97910440179471,28.596333517922112],[83.96388562398451,28.60530081469136],[83.93902484506627,28.601129443319916],[83.9250114400292,28.605569128522415],[83.88752560113548,28.60682347390236],[83.87153640871222,28.613309526731975],[83.84980238615508,28.653764160455182],[83.81319328715793,28.681842915849014],[83.78926286777995,28.69325698323709],[83.81309347670634,28.714467022435628],[83.81915040781011,28.714169596064117],[83.82236950183743,28.718121308534734],[83.83027247604618,28.718954864306074],[83.84513238022353,28.727031971218672],[83.86411947544634,28.722790708977364],[83.87213680544095,28.72715825914367],[83.87878090416972,28.737827089081105],[83.89118451536044,28.743758589012348],[83.89069615122571,28.751251865578134],[83.89733244950074,28.77056019044571],[83.90754667782437,28.778515167702594],[83.92329923256473,28.779903832930486],[83.93893721839922,28.78849589020991],[83.94221706044743,28.806390947736745],[83.9376170347054,28.812369864688108],[83.94037071898846,28.820235089668355],[83.9382880846233,28.824728357518843]]]}},{"type":"Feature","properties":{"name":"Morang","DISTRICT":"Morang","DISTRICT_NEP":"\u092e\u094b\u0930\u0919\u094d\u0917","COUNT":66.0,"ID":43,"VAR_VDC_CO":368.5,"Z_CODE":3,"ZONE":"Koshi","AREA":"Tarai + Bhitri Madhes","DIVISION":"Eastern Div"},"geometry":{"type":"Polygon","coordinates":[[[87.65985524334403,26.45757616737823],[87.67282370961773,26.44987328491308],[87.67203816183628,26.441702898999313],[87.67518881177598,26.436378099762198],[87.67906403632206,26.43675006905828],[87.67831690727984,26.4159007305849],[87.65025982865609,26.40595999641645],[87.6518315505527,26.39359384896944],[87.6274587707279,26.39391382572171],[87.61211048771221,26.39025367089442],[87.6071903582258,26.38124977291282],[87.58707421761989,26.382237339758056],[87.58776054799199,26.392684900592204],[87.55282214339944,26.40581524121477],[87.54752774928374,26.41861425293117],[87.5342237355529,26.421682676489667],[87.51638068257971,26.431010394647043],[87.46659747640115,26.440465334110293],[87.44302584913027,26.433150875600965],[87.42776163149367,26.422502807357922],[87.38851353778269,26.419145480788575],[87.37608711769867,26.407112848323212],[87.36867991002084,26.40815213395917],[87.35638334054566,26.388280982844844],[87.35334758010796,26.37210611277625],[87.358306281027,26.361139897621502],[87.34097481903649,26.347836996368667],[87.32188827280281,26.36027721902824],[87.31233726336768,26.371559946844087],[87.30132195170721,26.366353147009406],[87.28945198802538,26.373808118830144],[87.26588020110952,26.373958378367174],[87.26614651786133,26.405718696004538],[87.25625998296124,26.411216932355632],[87.24997421024626,26.409534688525298],[87.24255158170932,26.41830378565557],[87.24815053419115,26.432319767186716],[87.24422168819457,26.442418230662458],[87.247051585375,26.453750758116144],[87.24498404142138,26.465222424884264],[87.23859133260788,26.470034135429902],[87.2435878158864,26.4758244279057],[87.24525810720607,26.491234490781995],[87.25255060472847,26.50337764758215],[87.24992625822392,26.511502198888177],[87.25417511539167,26.519232082722258],[87.25055919035272,26.522020320481353],[87.24753084756735,26.515728473373997],[87.24599742061416,26.521182988214388],[87.25541832837351,26.5293592424739],[87.25402980330753,26.536570274634162],[87.26085727340092,26.534457235334273],[87.2599112384377,26.539688619935905],[87.26616633756176,26.54875547332883],[87.2724368484082,26.550616992362915],[87.27775366532575,26.559119303515253],[87.28390216350162,26.55903549460016],[87.28689983505019,26.57260896297743],[87.29128608341541,26.576589328795773],[87.28544999615947,26.593074910067923],[87.2894395915414,26.595926217048916],[87.28864611846724,26.60142460943104],[87.29374935691227,26.609103013925562],[87.30082075211644,26.61549219766755],[87.30126289455009,26.629597724474266],[87.29425226942841,26.635105543860714],[87.29529727975941,26.638866525214905],[87.28887390813789,26.650559346200268],[87.2849605071998,26.65186760467563],[87.28499852740804,26.65749379235274],[87.2890718249009,26.670029770993956],[87.29389302218242,26.66798344904847],[87.30408438022239,26.67688635307119],[87.31400068240492,26.705713582415193],[87.32165184489926,26.711646959670066],[87.31948528081051,26.71609065555081],[87.32509980976347,26.7150837620393],[87.33008085669074,26.728968133893748],[87.33498576837587,26.73601144284057],[87.33925766241919,26.736627537686076],[87.33837241064207,26.752975885170315],[87.32393899354078,26.77464693832721],[87.32350390503836,26.78698067518289],[87.34911935822407,26.820475052003168],[87.34976769816564,26.823875568408283],[87.34676206973549,26.8255481137247],[87.35394010164678,26.83911974519823],[87.34748623903461,26.849677788829005],[87.36898317131816,26.84576272466201],[87.38439237700013,26.8536491933184],[87.39195948639804,26.86586482572226],[87.40084663366392,26.86337038952414],[87.42141265720326,26.870526499648847],[87.42907935733712,26.863611194892872],[87.44921833237937,26.864336281391875],[87.45286484588529,26.858197128195965],[87.46052363253206,26.864210608225328],[87.47199680716378,26.861847813979043],[87.473964810411,26.867523621817632],[87.48366051076168,26.867683997549726],[87.4889621441619,26.872596992056135],[87.49962670394446,26.87041727320005],[87.50242625984053,26.873537472406547],[87.50749923589532,26.869652633541214],[87.50930743557913,26.85757639072033],[87.52039903542556,26.862214854460007],[87.53120859475936,26.857355547902518],[87.53429035263673,26.86268999040103],[87.53972176196058,26.863409094833077],[87.55848763958103,26.863499067345888],[87.56583392503396,26.8576422430887],[87.57318772310701,26.85700346853686],[87.5804880085479,26.861487383589672],[87.5996124081202,26.8621971973136],[87.62205561019876,26.842904546664922],[87.63119452764359,26.839046481181217],[87.6343602827745,26.8405646547453],[87.64212623009406,26.830283175694966],[87.64783226220278,26.831023264556432],[87.65248586007931,26.818920370706824],[87.66137303861662,26.81515003101354],[87.66113676480091,26.80585823563475],[87.65604115662168,26.798303796030392],[87.66148034333881,26.79236302111658],[87.67095486005472,26.790816466112727],[87.6792166320605,26.781538172899882],[87.66313640882471,26.760814443207195],[87.67552513047944,26.752388733782222],[87.68248222309491,26.753088794204455],[87.6853580319993,26.75763175382903],[87.69034703068337,26.756741189075452],[87.69091160312563,26.75358099817968],[87.68396990218046,26.746808469633972],[87.67834813253207,26.73026546983589],[87.65517334142308,26.716134741918115],[87.6511461163422,26.690166475207576],[87.65287023408575,26.68575900747035],[87.64234345552777,26.66650581342987],[87.64190136695555,26.65022609620404],[87.65396987783758,26.633530835524642],[87.65543492022357,26.61592947390763],[87.64730320352034,26.60832539234713],[87.64668548492033,26.600029137118078],[87.63841634167208,26.59765073346278],[87.64213167841524,26.583936249313652],[87.63570862905426,26.580692017594476],[87.64088842894596,26.575685755136483],[87.64137702874862,26.558303700949775],[87.64588561702884,26.549269456476896],[87.64056904828435,26.529528113624156],[87.64262157232841,26.50752688931833],[87.64847278907206,26.49718815482098],[87.6500293351601,26.48116784625482],[87.65973288485392,26.47148143607522],[87.65706311509778,26.463526528773215],[87.65985524334403,26.45757616737823]]]}},{"type":"Feature","properties":{"name":"Mugu","DISTRICT":"Mugu","DISTRICT_NEP":"\u092e\u0941\u0917\u0941","COUNT":24.0,"ID":44,"VAR_VDC_CO":50.0,"Z_CODE":1,"ZONE":"Karnali","AREA":"Himalayan","DIVISION":"Mid Western Div"},"geometry":{"type":"Polygon","coordinates":[[[82.49745965546109,29.947134183956308],[82.51412750733498,29.952068272996858],[82.53042129720883,29.971191695597767],[82.56307094818168,29.955110921247776],[82.56665671102768,29.93236416587901],[82.57964800251673,29.921493490512518],[82.58475900362343,29.921199861089175],[82.60216751849568,29.889176834489735],[82.61911027599272,29.879420003333337],[82.63770065963467,29.874770596225108],[82.64248372750691,29.870048514607646],[82.64050812327955,29.862837477767],[82.63144575940589,29.856677187592005],[82.63171288923353,29.84953484160059],[82.62179607535306,29.84723655731938],[82.6189660529476,29.842226381576864],[82.62046129962019,29.837565281029935],[82.63970007731886,29.833789366506984],[82.66063211461743,29.84221173383473],[82.67604136742494,29.84322275962711],[82.68439433923099,29.84707345760718],[82.68643864241207,29.852007335340947],[82.69717929996,29.855263031595914],[82.71056737849678,29.838747139582964],[82.72213959078273,29.838697723383056],[82.72658698756548,29.835236275916024],[82.7301115401277,29.822143607974564],[82.73711453630277,29.81346608888163],[82.72917351481327,29.80859506057376],[82.72809802759765,29.802875442737104],[82.71024787713814,29.792711872909713],[82.70075816618508,29.79475621958682],[82.69410631262463,29.7911000776321],[82.69607461144948,29.781569979260098],[82.68671477450467,29.77364173736607],[82.69007908195545,29.763064623010827],[82.69772272042874,29.76160002858961],[82.71105694234461,29.768876076932653],[82.71892182927182,29.76605739537183],[82.72380389065286,29.770461122154543],[82.74485053900116,29.769397230705206],[82.74803162148255,29.766345805753172],[82.74803193815549,29.74995177362227],[82.76190028554075,29.749959606288915],[82.76672917969715,29.74240347019017],[82.76624876075748,29.73374109731301],[82.7629228487146,29.731132039909408],[82.79762446708887,29.71900294983713],[82.81670292728315,29.721816306989208],[82.82121139550854,29.716104399333574],[82.81485718454896,29.70533833070792],[82.81861051248214,29.696172526759632],[82.82713913743683,29.689755025248733],[82.82717805664986,29.649549971989703],[82.82326477838602,29.646027370972668],[82.81505666012765,29.64643729167231],[82.80625368646318,29.63874363753508],[82.7983888372267,29.639515925789958],[82.79431544855163,29.631568687678946],[82.79621524822171,29.61394836981842],[82.8095042481758,29.59293345568799],[82.80764305116551,29.58659971569735],[82.81915476357759,29.55938837797609],[82.81360901763031,29.555795187482595],[82.80837595174577,29.55649885654424],[82.80321927859838,29.55151534460154],[82.79606414681413,29.537623410302945],[82.78503377266553,29.525657661331614],[82.78648329270014,29.51874418960058],[82.7815783429054,29.514382418930623],[82.77400334972072,29.51622272764209],[82.74805947647576,29.50747415768275],[82.73181107291148,29.507706595497204],[82.72637219740207,29.500218964995575],[82.72856172073203,29.49049814893067],[82.72352721769491,29.479337313808777],[82.73532087448889,29.467907812472337],[82.72637304623636,29.455579731676377],[82.72529757402197,29.44893894804547],[82.71720396387056,29.444905164562083],[82.71936286063696,29.44112327663151],[82.71432833150506,29.431287924598518],[82.69026097971297,29.425232308618575],[82.68575274905989,29.41844462300688],[82.68724801721929,29.4126163311844],[82.6731357478659,29.402483329144555],[82.66093038755258,29.40189383688006],[82.65921412914362,29.39542468918496],[82.6418750625125,29.385373649331868],[82.63807602822598,29.39134876022392],[82.62393292424382,29.398260142658824],[82.62688480923602,29.413630073221334],[82.62625912988774,29.421815640355497],[82.62308567922838,29.424697329299295],[82.58624075588732,29.422608446634488],[82.58076371641025,29.41618501744061],[82.55896196239682,29.41143012798474],[82.54213363321703,29.42076548621881],[82.5134815306724,29.420559101237316],[82.5112690363762,29.43506500813076],[82.50286239556658,29.44536360810703],[82.50074910874854,29.4577887930078],[82.50608108615201,29.470795771307277],[82.50080218196324,29.475180280306233],[82.5020683250826,29.48393802461048],[82.49591968929562,29.493618732979325],[82.45281239581108,29.464524233444557],[82.4480068010159,29.450069720856995],[82.43252136333832,29.443384868055592],[82.42666267694251,29.44926268365163],[82.41795112360361,29.447715844506703],[82.41117708667831,29.450795828224823],[82.41055894620185,29.463915243991803],[82.38630770462176,29.501619654629895],[82.37058585678002,29.4912997333394],[82.36360592813134,29.490431871816497],[82.34578602494946,29.49400756314872],[82.33984334695842,29.50424707545754],[82.33085713393616,29.504855335402013],[82.32860670934876,29.50809558556492],[82.31009276962898,29.503945321357765],[82.3046615579899,29.494375064897767],[82.30054988056837,29.49406604523387],[82.3016180736651,29.481959344250456],[82.3062256595459,29.478728663080137],[82.2991161837979,29.470546802612244],[82.30135146320504,29.461247472285883],[82.29637786666068,29.456315459927445],[82.29894110821115,29.45011147134622],[82.29435660067773,29.442841273725076],[82.2702662702802,29.442036108501338],[82.26678005715898,29.445024595178182],[82.24741187718067,29.4334039346592],[82.23969188158573,29.43888121910676],[82.2221010851738,29.42850596629496],[82.22226908148527,29.419075011838295],[82.21377131622201,29.406912868055965],[82.21012489064069,29.410847309252823],[82.20054371199123,29.408915211695106],[82.19443335875344,29.411156051270172],[82.18409702890581,29.40615721357635],[82.17542342033227,29.415433568418404],[82.1610744560095,29.417022040892373],[82.15272122664693,29.426964002536245],[82.14364344393314,29.429202893723648],[82.1394248010236,29.43815509157459],[82.14561123340893,29.447113155914924],[82.14259785108644,29.45712575691171],[82.1339090450605,29.46319615807679],[82.13095674989542,29.469901726829136],[82.11081798029085,29.465221250935237],[82.10199972154193,29.458696699486925],[82.09334143556478,29.464431439388935],[82.09039667469516,29.47633976801538],[82.07659684624967,29.483853825930094],[82.05703782999143,29.479297325320758],[82.04833378916655,29.48422723893392],[82.04116316190226,29.48284062698349],[82.02882835572687,29.46948263779595],[82.02009390713253,29.468578518390235],[82.01428885723209,29.461531445100572],[82.00615682542312,29.472993424153213],[81.99816236484081,29.470004778427572],[81.97912194054439,29.4730025868057],[81.97936618815093,29.465211801023575],[81.97410267511171,29.462385302623662],[81.96436156495918,29.445848097787625],[81.9382116051237,29.443828045236124],[81.9309190147572,29.437375989127613],[81.9215817834548,29.444443832839323],[81.89760583162327,29.446516597900587],[81.88482076620909,29.44345160084082],[81.87315687420806,29.451286095258144],[81.86677177488147,29.46068454108709],[81.85902140312469,29.458725771731757],[81.84156768036074,29.461592009714703],[81.83269599628534,29.456515002609432],[81.8076826718182,29.453997197750926],[81.8039138893364,29.47516673122154],[81.77713764138544,29.516286853019782],[81.78460560023457,29.527407660806503],[81.79288993362769,29.530604189923633],[81.79038765690953,29.540553859711544],[81.79901498977272,29.55923088905061],[81.79854172184751,29.57659947561032],[81.78970022088491,29.590123093881846],[81.7904629552329,29.595764511595156],[81.77792187413854,29.599769396364675],[81.77377194288295,29.605828417083675],[81.77705955498247,29.617429773488833],[81.78268160622481,29.619863398370754],[81.78482508425802,29.62481825372968],[81.79111842806456,29.627377761009715],[81.80017335556566,29.62320118376629],[81.81631494314412,29.623394028661206],[81.82447734040564,29.619966956939695],[81.84344138474921,29.622025052640574],[81.85298449888923,29.61943143309761],[81.86682970883518,29.633201386647954],[81.87251279675033,29.635078119493496],[81.8767920495371,29.649072987573724],[81.88329895304948,29.65350915316773],[81.88381757262553,29.65950911522421],[81.88977517068878,29.667488793981867],[81.89857826777245,29.668596980742656],[81.90976915651149,29.663197938580105],[81.91771025932158,29.66379308504955],[81.92050984459685,29.664876395932037],[81.92182939137636,29.673597899797993],[81.93062480660828,29.677658384980134],[81.93804728210074,29.672705568725736],[81.94682746954412,29.67517356742591],[81.9928487830071,29.70424518877127],[81.99831810882827,29.715306847098113],[82.00458852876375,29.719937541524047],[82.00609880948211,29.727201970529745],[82.01538998371176,29.735793897743022],[82.02840386766523,29.740306441828398],[82.03590237211212,29.749275963727474],[82.04842048204833,29.75002756334223],[82.06034366449958,29.746217205803305],[82.06125176610436,29.728366113469498],[82.06803343696767,29.724734957837317],[82.06689686432124,29.721919959933427],[82.07321329622565,29.713366393543577],[82.08047549180289,29.713089955599127],[82.0818945093062,29.70524197327058],[82.09270399018794,29.699429072118107],[82.09295590063594,29.68991039281609],[82.10121747178323,29.68630405099886],[82.09811284074854,29.680416575263372],[82.1022475402044,29.673186553504568],[82.10079066212013,29.66571615002343],[82.11369806851053,29.65292875878922],[82.1027822284672,29.634829566444086],[82.14261728201849,29.64584593627029],[82.149581799348,29.654994726711717],[82.1561955203666,29.658275151349976],[82.1695681017352,29.653947971462358],[82.18427548460753,29.658313689713353],[82.19253708399158,29.65323882764518],[82.20172149221854,29.66017533309155],[82.21484997638065,29.655335121683596],[82.21917509854072,29.663642813760745],[82.23435553628715,29.662767637331747],[82.23707112844866,29.668235531131963],[82.2325092562104,29.67457108419142],[82.23581985293819,29.68040707006583],[82.23138008872154,29.683811305046373],[82.23176119589593,29.700542909253045],[82.24598049690641,29.697716685200042],[82.26149646946462,29.70287770597058],[82.26818665016476,29.696658520782936],[82.28194065012747,29.692331348077662],[82.29755579741486,29.697173873584298],[82.31315549590184,29.71229604341646],[82.32386573376333,29.71063505121428],[82.33958766986774,29.71589143482645],[82.34953509523137,29.713025100822495],[82.35292219589162,29.70704045082465],[82.3615194312863,29.702667433545074],[82.36685162502631,29.70399108547017],[82.3788892962269,29.697031995338158],[82.39252117244985,29.696519161686606],[82.41108062293195,29.71418363330401],[82.41095069695758,29.727144756514974],[82.41426893610824,29.732149217280032],[82.40902055719434,29.73598827445817],[82.39753178286641,29.76123140640898],[82.41147622396204,29.771137445232743],[82.41279580332039,29.777789671544042],[82.40876025604182,29.785681481040417],[82.40405353510502,29.787149933947394],[82.40364894287991,29.802483570780975],[82.40094082346353,29.805369079262228],[82.40604408479199,29.81098004512773],[82.42267396467223,29.807127802014556],[82.4265338242744,29.811695528442176],[82.43844160811155,29.815572975476382],[82.4398603177778,29.824212473541532],[82.43548149465755,29.832081391488018],[82.42988222519021,29.835210975792997],[82.4357863783288,29.845280915323123],[82.43503087726191,29.860782377049492],[82.44028677543989,29.862674364887717],[82.4487314067229,29.860240938708007],[82.4616156264571,29.863706451598574],[82.45933441029835,29.88151938026367],[82.4476247544576,29.888699703412236],[82.45538262481497,29.8972458411413],[82.46786257632168,29.898869022796482],[82.46971615912224,29.90445324128153],[82.47430838404398,29.90667706717009],[82.47069992758071,29.919584736391414],[82.48825258024321,29.929151351787944],[82.49745965546109,29.947134183956308]]]}},{"type":"Feature","properties":{"name":"Mustang","DISTRICT":"Mustang","DISTRICT_NEP":"\u092e\u0941\u0938\u094d\u0924\u093e\u0919","COUNT":16.0,"ID":45,"VAR_VDC_CO":22.6667,"Z_CODE":8,"ZONE":"Dhaulagiri","AREA":"Himalayan","DIVISION":"Western Div"},"geometry":{"type":"Polygon","coordinates":[[[83.9877865573246,29.300536283057887],[84.01038189672435,29.294498532455428],[84.01561506549255,29.28910894659241],[84.02326631255119,29.289238755065334],[84.02640927250012,29.285651413873172],[84.02974271864485,29.292912070888978],[84.04238275513286,29.30087089999076],[84.0528641959142,29.297581193833388],[84.05644204699648,29.290393118562083],[84.0633075871153,29.289821075558443],[84.06912049441772,29.285293540803107],[84.08057060365893,29.288520657519946],[84.08579590790346,29.294616062673924],[84.09021274043663,29.29416794724128],[84.1203145695149,29.279616700852564],[84.11753790205798,29.27683409243249],[84.12166498090103,29.27038410133291],[84.11866714068141,29.26518510208476],[84.11238141132567,29.263068041093394],[84.11487597778724,29.25865869831579],[84.11233594837256,29.248173024628812],[84.11634092175564,29.244221427064044],[84.12801234246862,29.243186017650757],[84.14118667321873,29.23624793372377],[84.15741209291639,29.241780898644166],[84.17935898369443,29.237806700536204],[84.19263983576437,29.244230268774633],[84.20102349522163,29.240116631494057],[84.20294591485214,29.236672308722813],[84.19782751391261,29.22543898139558],[84.19973484264152,29.213982626696065],[84.18832297553777,29.20581974670955],[84.17752881618792,29.206839912279783],[84.16433961742298,29.19490080281134],[84.16681893004056,29.190365585953007],[84.16228778477854,29.185305785285962],[84.16926038223207,29.172184548856436],[84.16594220772811,29.16418009288084],[84.17339541705583,29.14985543772576],[84.17480705481205,29.130917235703414],[84.20096486735451,29.124028943162603],[84.20171286326371,29.10383390288588],[84.19601456898253,29.09916123915583],[84.19581635715882,29.09304874725205],[84.18613621058518,29.080798822873476],[84.189684095375,29.04699614747056],[84.19644283707989,29.046618634291562],[84.20902186999697,29.053719238381014],[84.22157053925814,29.05352490583104],[84.23596545248498,29.04463961570784],[84.24228937627247,29.044319311104807],[84.2478658575689,29.03731435341909],[84.24786636337649,29.01271563603413],[84.24274021789391,29.006963520782747],[84.23827801661189,28.987748681383472],[84.24181018863901,28.97617791817915],[84.23147408580644,28.959728386149475],[84.22048250615457,28.91568967600849],[84.22590671853118,28.89404334504585],[84.22033042914937,28.89165166165661],[84.18439300388124,28.90033445470789],[84.17732161598816,28.894904621062636],[84.17013596019997,28.881710683282638],[84.15764851127935,28.87226044326994],[84.14637361932675,28.880247507780226],[84.13850115984623,28.87937771312807],[84.1306284949797,28.88864454430388],[84.11539479557374,28.88105184867607],[84.0958050152279,28.88740624282039],[84.09389804775476,28.88123460047009],[84.09000761654647,28.879403653279464],[84.09172411931702,28.873478092957434],[84.08430949419477,28.866066701760367],[84.08907743955488,28.855434285449846],[84.08494298060512,28.84962497100603],[84.07724600174234,28.84735531450505],[84.07214273539813,28.841761495550898],[84.0607612614256,28.839127511569856],[84.05182074211497,28.842632756564566],[84.04588611951418,28.83026655250576],[84.04738143456278,28.82257113154508],[84.03690024389151,28.813164789497275],[84.02528992478997,28.81021611886746],[84.02325331524503,28.80198091276167],[84.01467148872615,28.79753134396866],[84.00468586752761,28.80180707145519],[83.99502811944801,28.813423514066482],[83.96761931313938,28.817222177995998],[83.95979227270443,28.83392507976354],[83.95036359141518,28.8347965117971],[83.9382880846233,28.824728357518843],[83.94037071898846,28.820235089668355],[83.9376170347054,28.812369864688108],[83.94221706044743,28.806390947736745],[83.93893721839922,28.78849589020991],[83.92329923256473,28.779903832930486],[83.90754667782437,28.778515167702594],[83.89733244950074,28.77056019044571],[83.89069615122571,28.751251865578134],[83.89118451536044,28.743758589012348],[83.87878090416972,28.737827089081105],[83.87203000985211,28.727078156221115],[83.86411947544634,28.722790708977364],[83.85396603740926,28.72675556658606],[83.83632167113853,28.7241176752634],[83.81915040781011,28.714169596064117],[83.81270443392584,28.714261041761947],[83.78926286777995,28.69325698323709],[83.7768973689709,28.68877302995763],[83.7674000931802,28.686524327764968],[83.74449202836848,28.690191473308317],[83.73607817352188,28.67810368055606],[83.7367114373679,28.67251757934992],[83.72789315002949,28.667007621425935],[83.73003695957942,28.654830351766634],[83.7205473164652,28.652343253562574],[83.70685462897863,28.640245844830154],[83.7055350871702,28.631713130821865],[83.69730435470065,28.61740157644233],[83.6859381556758,28.613705302267764],[83.67676178054018,28.585164311936182],[83.66255048272711,28.566807551973785],[83.63778879863612,28.566557339217173],[83.64261743091058,28.573072316766385],[83.62090703382847,28.57600331574428],[83.61295048957805,28.58401713916063],[83.59665618962075,28.589334093926823],[83.58912697872681,28.589864175069813],[83.57969080875178,28.58347690953132],[83.56934654143686,28.593781212488892],[83.57020843952405,28.599371150713253],[83.56406745269172,28.607138975867503],[83.5656388435443,28.609900586502928],[83.56157273155965,28.61982736289808],[83.56467724041744,28.63213821341477],[83.56148834782124,28.644290673892463],[83.54372930155417,28.65486377601606],[83.5407005139698,28.67172886347002],[83.53466626358829,28.682664504019456],[83.52755651273141,28.688450760742786],[83.53970833348814,28.69724491853839],[83.53724410197735,28.71114626646671],[83.54937272027706,28.736302061806374],[83.55870202011153,28.74631295359018],[83.55773306243228,28.754303994011437],[83.5537586300099,28.757029284396474],[83.55556637783184,28.766065497318486],[83.5488990023798,28.775456316624815],[83.5082014162719,28.788174640543648],[83.50445578711384,28.79338498058357],[83.48693348213149,28.790588801987912],[83.48774946199818,28.8037883575719],[83.4801055787381,28.817205203583423],[83.48358382217978,28.832268106470494],[83.48033403025254,28.83782937340457],[83.48165360393747,28.844727637042542],[83.49199763436268,28.84650718472999],[83.49797071999858,28.842660507151773],[83.50183823312582,28.84620027797567],[83.50630061736736,28.857019736099343],[83.50603346477742,28.86523964648335],[83.49950334933095,28.877269993438354],[83.52292202979963,28.89800512769802],[83.52862783903501,28.908700637979],[83.54622622181287,28.921892817006086],[83.5565166550864,28.933774658053686],[83.5586752647321,28.94490304271481],[83.56699021292842,28.943402223944435],[83.57490062138072,28.953956636885717],[83.58007260910058,28.9562148076867],[83.5890430847841,28.980771697394697],[83.5985403007139,28.985818220253716],[83.60455156324696,28.980209317379693],[83.60928877632823,28.980312376793307],[83.61504041749409,28.987754251513635],[83.61698528635796,29.006236689690265],[83.61196565297736,29.014799817482654],[83.61656547523073,29.01895943068204],[83.61257550334592,29.03602093420055],[83.61901364977841,29.04582771278943],[83.61963890018096,29.059761523529247],[83.63103562321531,29.06250421145074],[83.63153141826295,29.064962564168013],[83.63074537746328,29.081076251015467],[83.61612157288825,29.09265256314861],[83.61563324411779,29.098377886759213],[83.62062983317253,29.097861119465144],[83.62888354422896,29.106908870791365],[83.64992262096507,29.104536670675607],[83.65256194100553,29.109274126984715],[83.6514556320554,29.119138004801954],[83.66025102977024,29.12449729361541],[83.68043570214626,29.123509688276837],[83.67933705383047,29.131729583679345],[83.67495063726085,29.137096298869476],[83.6758124045857,29.149025674104735],[83.66288217292785,29.156757151338056],[83.66208103032879,29.164999936959095],[83.66610871166499,29.16975839326789],[83.65740462034789,29.17617017210052],[83.66358343653557,29.184119360278363],[83.65813671692197,29.187514042824727],[83.65590890512419,29.204018675372943],[83.67503313801515,29.207772284154046],[83.68424046530126,29.213158279756605],[83.71128238338139,29.24462894204407],[83.72185535598717,29.24161195939265],[83.74064393745299,29.245504788088923],[83.76209500670964,29.240029629547145],[83.76741959047548,29.24073536574337],[83.77114210840428,29.24686698152362],[83.77809153191149,29.247658565739847],[83.7813946784449,29.24443931062942],[83.79730732728471,29.250298390249785],[83.79720046443589,29.25355202406647],[83.80229615388306,29.256403325453007],[83.79452242540411,29.27745456901018],[83.79736008721652,29.2818754377433],[83.80786426205788,29.28591880575271],[83.81092313554554,29.290869871761817],[83.80797088091872,29.294714684411982],[83.8127613434904,29.302099328727046],[83.8231435312195,29.302839473256768],[83.82916240069974,29.298374877617633],[83.83503618859638,29.30094011550863],[83.84809601405942,29.297648540571696],[83.85416810952607,29.301684211277525],[83.85671581559092,29.309913698046305],[83.8705231028541,29.31241612354146],[83.88741214184144,29.320176670583795],[83.89803847913957,29.31887042431975],[83.90478181142241,29.325787842724885],[83.91980973832527,29.323325919562073],[83.92749159894399,29.31852187398338],[83.94675325750352,29.316586397097296],[83.96293271479313,29.331357698800584],[83.97585521802672,29.328693583096342],[83.99789382695639,29.315790004628873],[83.99789403983996,29.305422617266633],[83.98964019223558,29.30334557674553],[83.9877865573246,29.300536283057887]]]}},{"type":"Feature","properties":{"name":"Myagdi","DISTRICT":"Myagdi","DISTRICT_NEP":"\u092e\u094d\u092f\u093e\u0917\u094d\u0926\u0940","COUNT":41.0,"ID":46,"VAR_VDC_CO":143.5,"Z_CODE":4,"ZONE":"Dhaulagiri","AREA":"Hill Area","DIVISION":"Western Div"},"geometry":{"type":"Polygon","coordinates":[[[83.56889368788494,28.340306373035798],[83.57305877985293,28.34025494130297],[83.57499650074212,28.334234021630834],[83.59715728044588,28.315347606378417],[83.60160494206876,28.298482531538486],[83.59176428515029,28.301465205478163],[83.58523424183461,28.309715543693795],[83.56273040442728,28.31708262272908],[83.54649729472975,28.313613231996474],[83.53520749898038,28.303331488970755],[83.52706780353105,28.315094818087402],[83.50974373951264,28.31677287461693],[83.49798064618324,28.324403303813337],[83.48463870525289,28.32011768645408],[83.44351399122793,28.328796628077622],[83.43895200829937,28.34031207707758],[83.42438180312428,28.34117962643449],[83.41912564193521,28.35252341932849],[83.41133698131785,28.35751247143669],[83.3907556727491,28.35560308748838],[83.38411893836643,28.358360763269197],[83.37776456075942,28.355421714988505],[83.36357550412538,28.370720854843437],[83.33564040776177,28.37092260533481],[83.33326045182397,28.36581897345252],[83.32547952922809,28.36500640342248],[83.31219110062389,28.35470937769911],[83.30227419579492,28.355956524308912],[83.2859263624208,28.36858368273472],[83.27882436981405,28.367511747367033],[83.2866889892873,28.379832204408856],[83.28235583600579,28.392625462094372],[83.2898010439056,28.396964391036498],[83.2907544023018,28.40700185987124],[83.29683404884369,28.415769226016558],[83.2893124252675,28.41849255981075],[83.28798495984262,28.425385065745672],[83.2795554654178,28.433181467922463],[83.2746657404783,28.4299811591457],[83.27264399547444,28.44210884614361],[83.29044089311029,28.44681601100086],[83.3004719245403,28.46143082874849],[83.29651263607344,28.47020376874859],[83.28259837656944,28.47627981939155],[83.27391696701812,28.493619712970442],[83.26567835571332,28.492175861983704],[83.25468580989745,28.495709693304594],[83.24100031271244,28.506570845320457],[83.21945003502414,28.513855932316925],[83.19974618786992,28.50163829238808],[83.16892010397275,28.493440812321698],[83.14640109159431,28.49714230819388],[83.13022134846531,28.495747929524132],[83.13087708404345,28.512088599471998],[83.1261702577969,28.518704515020566],[83.12566661586025,28.52781507408675],[83.10153783642767,28.54135946758967],[83.10037024423863,28.565633949925765],[83.10845608012045,28.578162287233596],[83.10358096177558,28.60986706049061],[83.10554111880263,28.62770297042588],[83.10740998401266,28.632230626147326],[83.1158774847775,28.63150411655868],[83.11525173284475,28.643570790463365],[83.12442837519968,28.65866238326894],[83.12500803063836,28.664017733123952],[83.11917986364956,28.669081192017074],[83.11894330499308,28.67330939073927],[83.12282607903937,28.676746172822398],[83.12751757419511,28.674093363887902],[83.13906689561983,28.67544953242355],[83.14646629139581,28.681821505003125],[83.14240785092775,28.689774356336674],[83.14357491793089,28.693659284402884],[83.14947923884382,28.6955016996782],[83.15255336261994,28.701232798907316],[83.14995965868954,28.704387224739587],[83.15095882807711,28.712172318614428],[83.14421510061983,28.725539593660105],[83.14609157818924,28.73087207604899],[83.1426587567069,28.733885358668843],[83.1454352316497,28.747159321226626],[83.18659796202482,28.743578254673185],[83.20995623874151,28.73197917334251],[83.2292939405912,28.742888486141595],[83.24800656533705,28.730131683163467],[83.2769411145662,28.721984667773235],[83.29794182187572,28.731774496395275],[83.32572421538954,28.737973219566914],[83.36202005735711,28.73418611289401],[83.37434730001328,28.744549873638874],[83.3776654580505,28.754026665012066],[83.38852044997333,28.763104969442196],[83.41044442312888,28.760671743719865],[83.43643411264189,28.768821481543473],[83.44610687944235,28.768955128285302],[83.45629828441855,28.773799499924177],[83.46118794574134,28.780119944066467],[83.48346272399826,28.782889492993643],[83.48693348213149,28.790588801987912],[83.50445578711384,28.79338498058357],[83.5082014162719,28.788174640543648],[83.5488990023798,28.775456316624815],[83.5561309063819,28.764553117637966],[83.5537586300099,28.757029284396474],[83.55773306243228,28.754303994011437],[83.55870202011153,28.74631295359018],[83.54937272027706,28.736302061806374],[83.53724410197735,28.71114626646671],[83.53970833348814,28.69724491853839],[83.52755651273141,28.688450760742786],[83.53466626358829,28.682664504019456],[83.5407005139698,28.67172886347002],[83.54372930155417,28.65486377601606],[83.56148834782124,28.644290673892463],[83.56467724041744,28.63213821341477],[83.56163377177833,28.619138874231755],[83.5656388435443,28.609900586502928],[83.56406745269172,28.607138975867503],[83.57020843952405,28.599371150713253],[83.56934654143686,28.593781212488892],[83.57969080875178,28.58347690953132],[83.58912697872681,28.589864175069813],[83.59443632630325,28.589738381355566],[83.61138665739118,28.584867715024203],[83.62090703382847,28.57600331574428],[83.64143502385096,28.573575792775483],[83.63778879863612,28.566557339217173],[83.64256417412501,28.56573351212898],[83.66001025568768,28.565764289731867],[83.67247479806797,28.57683180596069],[83.68334478445463,28.59956547872221],[83.6859381556758,28.613705302267764],[83.69730435470065,28.61740157644233],[83.7055350871702,28.631713130821865],[83.70685462897863,28.640245844830154],[83.7205473164652,28.652343253562574],[83.73003695957942,28.654830351766634],[83.72789315002949,28.667007621425935],[83.7367114373679,28.67251757934992],[83.73607817352188,28.67810368055606],[83.74449202836848,28.690191473308317],[83.7674000931802,28.686524327764968],[83.78926286777995,28.69325698323709],[83.81319328715793,28.681842915849014],[83.84980238615508,28.653764160455182],[83.87153640871222,28.613309526731975],[83.82984771407794,28.595446301180584],[83.81967909418951,28.59554722630182],[83.80598635716831,28.585932955252854],[83.80125694450014,28.57686999396175],[83.81025877197875,28.55894460527887],[83.82766704687185,28.541921437285147],[83.82865888303571,28.534346158047658],[83.81357790675398,28.518272267619658],[83.80160141831752,28.515481890306194],[83.7819205969412,28.496127591453135],[83.7725532607591,28.48047718068968],[83.7547029807048,28.474856469099556],[83.75226195653725,28.47203381482955],[83.75351327314411,28.458412797678573],[83.73647950687753,28.438371956647764],[83.73768487249775,28.43407892623463],[83.73185706158085,28.42034337129687],[83.74531384978155,28.402706028767017],[83.75727508223517,28.405549805731326],[83.75939599411208,28.393921797398576],[83.68801722292687,28.398841231859496],[83.67816938012272,28.378771891684575],[83.67953499987658,28.37141022028834],[83.66467533751374,28.350192685824236],[83.65812260522998,28.34813474686065],[83.63407000319405,28.366191511198316],[83.62670071546879,28.38087282663224],[83.59283054232843,28.391531516016194],[83.58399709266816,28.380813066637703],[83.56918292902238,28.373794445709407],[83.56539194383286,28.357215325837448],[83.56889368788494,28.340306373035798]]]}},{"type":"Feature","properties":{"name":"Nawalparasi_E","DISTRICT":"Nawalparasi_E","DISTRICT_NEP":"\u0928\u0935\u0932\u092a\u0930\u093e\u0938\u0940 -\u092a\u0930\u094d\u0935","COUNT":77.0,"ID":47,"VAR_VDC_CO":488.256,"Z_CODE":3,"ZONE":"Lumbini","AREA":"Tarai + Bhitri Madhes","DIVISION":"Western Div"},"geometry":{"type":"Polygon","coordinates":[[[83.89725905345676,27.438058649190907],[83.88980226600012,27.446313144000158],[83.89185814200022,27.46145839400009],[83.88574489200016,27.46394695700019],[83.8887253290003,27.472178957000267],[83.88715382900011,27.480924019000156],[83.8767799540002,27.48911995700024],[83.88571220500017,27.495942270000114],[83.89975982900023,27.498584207000306],[83.88920132900023,27.508177707000186],[83.87780582900024,27.51021477000029],[83.88448876700022,27.52768151900011],[83.8725357050003,27.54108601900009],[83.8573073290001,27.54830108200008],[83.85274595400023,27.558804894000218],[83.84925951700018,27.56012564400021],[83.84367045400018,27.55604201900013],[83.8439230790002,27.54904939400018],[83.8381659540002,27.544847957000115],[83.83943283000025,27.5510999560002],[83.83368132900011,27.565473895000196],[83.84356651700023,27.57241283200011],[83.83823414200015,27.585555332000183],[83.8235977670002,27.592478457000254],[83.81016570400016,27.588523207000208],[83.8114614540001,27.595204144000093],[83.8031156420002,27.595957519000137],[83.79198220400025,27.60616770700011],[83.80172714200023,27.611717145000284],[83.79935095400009,27.62007620700018],[83.80726870400031,27.620674207000093],[83.80306982900026,27.629385019000154],[83.81191101600018,27.635261895000212],[83.80858907900023,27.647363332000282],[83.81468357900013,27.65309852000013],[83.81191732900027,27.655279082000106],[83.81390382900031,27.66217520700019],[83.78525345400021,27.666818269000146],[83.77031507900011,27.666412957000205],[83.76480026600024,27.661003957000105],[83.76033501700016,27.667230957000186],[83.74683207900028,27.66663383200023],[83.7272265790001,27.672267082000246],[83.71014651600024,27.658937332000107],[83.70536695300012,27.66197126900022],[83.69652030721545,27.66130942667189],[83.69937424585765,27.676462670269927],[83.70462245131068,27.682886115387248],[83.68994517135889,27.697977381569558],[83.68912109884627,27.709178212439838],[83.68279700537516,27.71823338971791],[83.6771596290414,27.71849649718382],[83.67859373400472,27.72012143190625],[83.69566612108883,27.71598692583575],[83.71430225478338,27.715689680496325],[83.72859795696223,27.70917688584393],[83.73232051180133,27.714223327661784],[83.75113959472571,27.72103031527962],[83.78233195868557,27.725094967468294],[83.80144111686371,27.721364814371157],[83.82045123673612,27.71067346836105],[83.8249519168358,27.71406449365469],[83.83361012735128,27.714039828727493],[83.84628094912426,27.709539081719186],[83.84885166525225,27.712079478095802],[83.84452629466784,27.716332416011426],[83.84183321159043,27.730487434894656],[83.84496838939742,27.735066610508852],[83.87522257455095,27.733224728402604],[83.87679397010385,27.73591196250544],[83.8836366416511,27.73508053570066],[83.88858754943033,27.73030504114371],[83.89646766897403,27.730093461990805],[83.90312723225031,27.730713393374344],[83.90451550305568,27.735715936302142],[83.90820766614826,27.734249373129387],[83.90663627062344,27.73156404610893],[83.9242655426603,27.72690507842384],[83.92837709908042,27.734329775455933],[83.9505067774893,27.747550649207312],[83.98995309392939,27.74927914135384],[83.99433936922065,27.751539210568296],[83.99287453099163,27.761528975795443],[83.99954146313911,27.775825265998833],[84.00034982758189,27.78865866418721],[84.01237954175906,27.80125574113714],[84.02012965602586,27.81799513944958],[84.0267510385687,27.82063477042402],[84.02502674561833,27.83528376118454],[84.02026653033153,27.84089269316263],[84.02247098662957,27.848498543006258],[84.02854302400732,27.856457278637322],[84.03540853510901,27.858006008880352],[84.04084760570294,27.856087472273657],[84.03984077089507,27.85027057125751],[84.04736986168461,27.856491892017175],[84.05364815815278,27.849128381530875],[84.06833263437869,27.85711394815945],[84.07150588782713,27.865053568550252],[84.07866896099853,27.863718653993942],[84.0775017144195,27.869176973119693],[84.08046914029558,27.869876951526294],[84.10086749146478,27.86641382957481],[84.09570323181839,27.85845129270905],[84.10265275073004,27.85502420325679],[84.109174883977,27.861832919495953],[84.11679584516997,27.850864867424434],[84.12124312947168,27.854023217949873],[84.12016741554004,27.859878231159655],[84.12670494837283,27.859250869583775],[84.1289554413035,27.852949595064217],[84.12070924979929,27.84845997816086],[84.12472183034413,27.84569272700304],[84.14321293134611,27.850375124325183],[84.15578453958551,27.848330822972628],[84.15621189511836,27.83968941587625],[84.16269597973354,27.84165390556774],[84.16256619686357,27.846870029448837],[84.16946227455645,27.84568577819175],[84.17334498946161,27.85244105401864],[84.19083697534518,27.846630155730395],[84.20220314830465,27.85245293684261],[84.2074210185475,27.849412978151463],[84.20600990613144,27.842276304581844],[84.20951139975557,27.83878431897375],[84.2118685329603,27.84065338728618],[84.21011393274688,27.844429568731755],[84.21356191900236,27.846567565482076],[84.2184593490212,27.84603172381503],[84.2254623830679,27.836635175168283],[84.22873488441655,27.84044004104203],[84.22772020772828,27.845726717086848],[84.24017733340435,27.846670959496464],[84.24585287165138,27.8454428249982],[84.25268803504645,27.83846075854376],[84.26586986921541,27.83877945861758],[84.26757874748398,27.832523947704033],[84.27256000290032,27.83648141404376],[84.29160804089736,27.837860594112044],[84.30008346369522,27.822782590780776],[84.30574379750686,27.818880595465487],[84.30092273026025,27.815319823922607],[84.30180011236217,27.80921496690928],[84.29806988710601,27.8064952767171],[84.30010693790928,27.792391740989046],[84.31383052847474,27.78547462358307],[84.31833911649659,27.774374927661597],[84.31566176832212,27.763351408503638],[84.32199340283853,27.759300663317617],[84.32657828034235,27.74790726298528],[84.33325308835725,27.74921759532299],[84.33997379294141,27.744009200082587],[84.34389464166088,27.751191685868434],[84.35175191798271,27.748931802584536],[84.36074568850358,27.75361405828346],[84.36693955185808,27.773290490369618],[84.37642914521484,27.779080823189076],[84.39212842208752,27.77554706732053],[84.40624882257032,27.76183278052082],[84.41866790384552,27.757904188778923],[84.41782132245066,27.74922843081731],[84.42417582410707,27.7461522533701],[84.42133049658543,27.743133149422988],[84.43075213042243,27.7131963473434],[84.42947072745949,27.704699856727245],[84.37811691397462,27.6813228062573],[84.36519429428546,27.68860611483467],[84.36006783367213,27.698330728609392],[84.35030341778685,27.702852494116996],[84.34371250651816,27.702316476615295],[84.32535878077596,27.69402570021589],[84.32297124117434,27.68657241854686],[84.31396987144888,27.680322464081428],[84.29237415341493,27.66836795305892],[84.27097664649983,27.662993204059262],[84.25791708470871,27.651143718568335],[84.25033441518906,27.65418364243186],[84.20667748244193,27.638803509760976],[84.17641606820956,27.61914769221744],[84.13526923507806,27.58459094237179],[84.1194027349888,27.556408357308612],[84.11471133810096,27.553347268582627],[84.10730420924102,27.55176992241411],[84.07466221705107,27.55956787738461],[84.06442508307464,27.55139928739669],[84.05060235890812,27.556544642541496],[84.0440344027237,27.552283912204416],[84.03885495182851,27.540583307399913],[84.03117323403632,27.53726470565931],[84.018304130974,27.538517528500506],[84.00556461573109,27.54482246371174],[83.9853646784996,27.543950583108995],[83.97041292680308,27.550602591716427],[83.95775748289816,27.548451108568145],[83.94847389690011,27.540231040540505],[83.93176001560101,27.54550222779943],[83.92356716023073,27.544123217766355],[83.9197606620458,27.54069977981419],[83.9188377971667,27.531629235465687],[83.92173682539698,27.518574656195312],[83.9256426272022,27.514785154584274],[83.93121900559197,27.513084035884162],[83.94192920241863,27.51578857085866],[83.95429458760589,27.527611340925603],[83.96614156775422,27.52204637618854],[83.96917023604249,27.511301389175856],[83.9626557493271,27.50321677142233],[83.93875624709688,27.49158836198518],[83.94460006689366,27.46584728734217],[83.93637693222996,27.45182560361019],[83.91587201852929,27.442318025251097],[83.89725905345676,27.438058649190907]]]}},{"type":"Feature","properties":{"name":"Nuwakot","DISTRICT":"Nuwakot","DISTRICT_NEP":"\u0928\u0941\u0935\u093e\u0915\u094b\u091f","COUNT":62.0,"ID":49,"VAR_VDC_CO":325.5,"Z_CODE":7,"ZONE":"Bagmati","AREA":"Hill Area","DIVISION":"Central Div"},"geometry":{"type":"Polygon","coordinates":[[[85.29091920806921,27.804472190715977],[85.26724117648152,27.781280532915915],[85.25641651801958,27.780282903589004],[85.24687356605098,27.77256821758715],[85.24247192903864,27.775428911804646],[85.23322634395178,27.77455146051236],[85.23201349395423,27.7714618140465],[85.22971724666513,27.776506260123274],[85.22704739060936,27.772657533611927],[85.21555135355923,27.77560965751986],[85.20770184130356,27.77090833913504],[85.20616084793868,27.773820573519362],[85.20447507208799,27.769062139580722],[85.2022474921797,27.77353443366882],[85.20151525183368,27.769393940518867],[85.19777735320964,27.76889801405822],[85.1936809068893,27.769067686596788],[85.19221617359644,27.773147114549023],[85.18984382213308,27.769410916449687],[85.17867581101387,27.772118927382945],[85.17609751423842,27.767347128900685],[85.15466175992164,27.766969162006102],[85.14866591419705,27.763784079790266],[85.13961097832134,27.765891364450162],[85.1345000449569,27.761737450691513],[85.13092228298471,27.76416713654636],[85.1247815040891,27.760678811034374],[85.11542893676804,27.768915757812437],[85.11498637758964,27.77446563556022],[85.10583994727173,27.774320542989635],[85.08782905701646,27.78781543711224],[85.05276881268581,27.797169576533207],[85.0465897304023,27.80166087877239],[85.0484813961039,27.81021459696764],[85.04710822930112,27.813056268313638],[85.04169209193898,27.81230284660578],[85.04160045101979,27.817246247272625],[85.03791599381022,27.814671499568327],[85.02758712820363,27.816336299261234],[85.01242966754553,27.809519806806446],[85.01687666019806,27.827044924863284],[85.02292584746235,27.83301257768648],[85.01354293962198,27.832810266568288],[85.00586859846665,27.842044693007754],[85.00641003966936,27.85062508937346],[84.98915448301287,27.858190582550563],[84.99484491304663,27.875141659094332],[84.98884879539499,27.88541361583071],[85.01014642209489,27.925659195805167],[85.00874258556587,27.936167715386464],[85.0163936907304,27.944145557344857],[85.01502043238344,27.951472906972374],[85.00845245283747,27.948636830047246],[85.00804809640682,27.951194347076804],[85.01962000359798,27.968296183750738],[85.02858328419123,27.971662494373096],[85.03168766998736,27.989549951217057],[85.02965839544412,27.995650975487056],[85.00314967386592,28.000227771403157],[85.00002950527359,28.008071937055124],[84.99046335541371,28.01584734048239],[84.98931883512512,28.02871122544467],[84.99561232598492,28.024999961958457],[85.01264647804592,28.02619985030736],[85.03274714600775,28.031973197018317],[85.05463259433402,28.050446459372957],[85.06224537956528,28.066966542556465],[85.08065266449618,28.066982098217103],[85.10478866637605,28.076596564920813],[85.11491152406532,28.076842755095146],[85.12247858101196,28.091253501227722],[85.13577499918486,28.08407319928442],[85.15560870306967,28.088385647635118],[85.17043842386717,28.081340780458113],[85.15470132521938,28.069088823901268],[85.13787352971049,28.048983098010982],[85.13304498685098,28.03817505154293],[85.14374019794822,28.02756941786553],[85.18720689774594,28.019087004634642],[85.1837895777072,28.009633075543306],[85.18617752481396,27.996895083028253],[85.18025046263084,27.987624201829938],[85.18352333562018,27.973251773069386],[85.18850460792788,27.976253749903464],[85.21283922142212,27.972830764186785],[85.21970470923728,27.975600096378287],[85.25243819040072,27.971372419905148],[85.25548184805376,27.97462611284475],[85.25738138429779,27.971309563796158],[85.27630753188556,27.965155414138042],[85.28992382306699,27.98316701271234],[85.29850576118069,27.982858190618632],[85.31775966834978,27.98927615541499],[85.32962182013155,27.98855925160674],[85.34204038291983,28.00995606976904],[85.35771665715366,28.012561530727805],[85.3898394050659,28.030548642130054],[85.39466039355673,28.037710169663864],[85.40346351818914,28.039152140433707],[85.40482866771542,28.054935956087093],[85.41229670618442,28.062036497689018],[85.41981070926994,28.059885326794138],[85.425562468311,28.061895585988005],[85.4277745893306,28.067138450862434],[85.42571481207182,28.072543355021075],[85.43286243481437,28.080748146648226],[85.44187151643747,28.082617328844833],[85.44438137930017,28.07669940172727],[85.46972313162856,28.06429173122766],[85.47928931331421,28.05536439630346],[85.48410305414988,28.044430632597162],[85.4945083122069,28.037694657318113],[85.49718623917056,28.02041949532402],[85.4928993322607,28.008776110347043],[85.4944175059402,28.002829558434456],[85.48731569571126,27.99256692261494],[85.49200758536891,27.971961862219448],[85.48389864406718,27.97044742959301],[85.47857426220453,27.959450559910476],[85.48258693639207,27.952600047024784],[85.48257203788856,27.93551174191361],[85.48763761330308,27.919874882023628],[85.47971967184455,27.904464761388343],[85.47548632306626,27.885083958871046],[85.46849116255655,27.881776798563465],[85.47029172306596,27.86925048946178],[85.46097758836031,27.863294222063374],[85.46010042762289,27.858324104188895],[85.45135845974231,27.85053886348183],[85.45484472389282,27.84612952741646],[85.44891781149529,27.82962853356607],[85.44785775077403,27.815925448353006],[85.43619404926274,27.81107339808921],[85.43106772916934,27.813224609772263],[85.42071608542673,27.809558845445995],[85.40472694627437,27.811593541322093],[85.39176620130742,27.817259552199175],[85.38594584400225,27.812380897866515],[85.37270303367997,27.809125129865286],[85.36171042814998,27.81404355983592],[85.34530950877145,27.808733710897307],[85.33269965477677,27.815158784562108],[85.31017306846456,27.813419071721476],[85.30615296888152,27.8105315401938],[85.3000044438258,27.81278572327675],[85.2917429807548,27.80898649213871],[85.29091920806921,27.804472190715977]]]}},{"type":"Feature","properties":{"name":"Okhaldhunga","DISTRICT":"Okhaldhunga","DISTRICT_NEP":"\u0913\u0916\u0932\u0922\u0941\u0919\u094d\u0917\u093e ","COUNT":56.0,"ID":50,"VAR_VDC_CO":266.0,"Z_CODE":2,"ZONE":"Sagarmatha","AREA":"Hill Area","DIVISION":"Eastern Div"},"geometry":{"type":"Polygon","coordinates":[[[86.45451544268454,27.454507319929988],[86.46741525146479,27.445572407366836],[86.46032871360411,27.434403844359355],[86.46981105649773,27.422922788475724],[86.483893088505,27.422257424954875],[86.48867598776349,27.4270998352812],[86.50101111449011,27.42656794451813],[86.50977648214253,27.41077855821405],[86.53201355745564,27.396810759721607],[86.53608732286672,27.38746565098946],[86.55768363793125,27.37239167699343],[86.56503758356693,27.36445221566792],[86.56389356311563,27.35339627649558],[86.57076702094314,27.340778495246152],[86.58966249575832,27.343713970273672],[86.63496003783123,27.33807140804833],[86.65725017637392,27.339793976809627],[86.67063010591356,27.352629527395912],[86.67858650394486,27.353550833054992],[86.68070737853223,27.3452622671342],[86.67872417727608,27.336887806904635],[86.68289706923305,27.32958338105331],[86.67996787238135,27.324624663114008],[86.6861395592697,27.31018741955313],[86.67710769951594,27.302682510912117],[86.67617712587882,27.29849242089761],[86.66725192126728,27.297550119715797],[86.67287424138321,27.288727603365956],[86.6667260058101,27.27704983524695],[86.67029616683065,27.27377336204143],[86.66896891838012,27.26948790606317],[86.66045564199825,27.268774473752064],[86.65674838031768,27.262318606059562],[86.65003535487492,27.26396057201442],[86.643879355975,27.25849830281462],[86.6345346128821,27.256459366454433],[86.63101046991704,27.248267968385242],[86.62115462681832,27.246103149511402],[86.61873666320719,27.235037650475256],[86.59748395694785,27.23458909763663],[86.58659083336823,27.223975454686705],[86.57211206475291,27.227232669243485],[86.56126456168738,27.223589769683482],[86.5569697039142,27.22685097349544],[86.55233937561995,27.221772074288275],[86.55603915772868,27.22133730071849],[86.55557387682579,27.218943782073104],[86.54753355850158,27.218354325705064],[86.54229305509419,27.208757307081157],[86.53122439737382,27.201887455858536],[86.52525918613289,27.192742426482223],[86.51126120280193,27.186837558422226],[86.49071030641218,27.186533965949273],[86.48418815771,27.18038701409219],[86.47344745491968,27.176595357472824],[86.46786364598611,27.168238000283587],[86.44722128858325,27.164192520481155],[86.42806675224969,27.146792993191713],[86.41959914310924,27.15094096557775],[86.4168220866128,27.16601336051151],[86.40221361207136,27.170441583947934],[86.39984104744003,27.176716165089786],[86.38569790862239,27.180997543617543],[86.37902280052498,27.193294925131784],[86.36873973741572,27.192554765027307],[86.35807505003353,27.201463020444574],[86.3435734384033,27.202870273321402],[86.33991164927166,27.210367334365046],[86.3431458918969,27.219682054288214],[86.34098685764829,27.229023383234605],[86.31588175468003,27.231439354491222],[86.30611728548988,27.23721222162246],[86.29492640265002,27.238440255911083],[86.28788523975994,27.24569314037594],[86.28131718708265,27.2458780257463],[86.26666287456715,27.25364953431],[86.26630418266716,27.26108562075572],[86.2574553062225,27.258136971932466],[86.25280214982836,27.250336529620302],[86.24319043835482,27.24716854244536],[86.2396662426922,27.241338235550774],[86.23012320229499,27.237430264073957],[86.20358374391775,27.250270855925425],[86.21381302848233,27.268927056498427],[86.21623124803278,27.26806123784098],[86.22372976117684,27.277499994714205],[86.24060353266333,27.288785059457602],[86.23545420789674,27.29625539376688],[86.23722378654384,27.306128890716455],[86.23382149295504,27.307519166910513],[86.228908543748,27.319934820691337],[86.21931959502773,27.322602802420132],[86.22229456836735,27.327353636032573],[86.21722929119503,27.328444456963762],[86.21565773309446,27.33358237110478],[86.2180453476056,27.337028684181544],[86.21712960008887,27.35307948832288],[86.22183617314758,27.35997783474329],[86.21905176149313,27.362226351815213],[86.22471948105488,27.37058752081335],[86.22200352832694,27.38209539333689],[86.2257947945492,27.38424675547939],[86.22771685967058,27.397900282727335],[86.23603167665048,27.404133084636882],[86.23445251270779,27.40819153479227],[86.24191285159053,27.419014902070625],[86.24826726949013,27.420624668951206],[86.25125734614099,27.432527423666016],[86.25654372322487,27.437209637786108],[86.25423223932881,27.440983905651652],[86.26375215075352,27.45615758300021],[86.29206844371355,27.470402784319056],[86.2950433337219,27.478969882640516],[86.30539498070043,27.482856889761308],[86.31939274149686,27.498774443656],[86.32464868402232,27.499739565963633],[86.33828018588402,27.52008367589806],[86.35560413455863,27.526268953498075],[86.37536189623123,27.515980062157293],[86.40149675118366,27.51702755179032],[86.4231238872987,27.487459020567854],[86.42880710076504,27.48469752296676],[86.44017339371155,27.485382395546857],[86.45376770820415,27.461535262121078],[86.45451544268454,27.454507319929988]]]}},{"type":"Feature","properties":{"name":"Palpa","DISTRICT":"Palpa","DISTRICT_NEP":"\u092a\u093e\u0932\u094d\u092a\u093e","COUNT":66.0,"ID":51,"VAR_VDC_CO":368.5,"Z_CODE":4,"ZONE":"Lumbini","AREA":"Hill Area","DIVISION":"Western Div"},"geometry":{"type":"Polygon","coordinates":[[[83.65498051136345,27.902511899503747],[83.67465363081674,27.927250159157154],[83.67920778430486,27.926561736243873],[83.6821905397076,27.92334437583872],[83.67961221292882,27.91990760806069],[83.6834874942985,27.9163736697317],[83.68943748604089,27.923937614491003],[83.69833230277952,27.91700897863134],[83.71104118526459,27.916616288677734],[83.71911193951122,27.92024004114722],[83.72313984216215,27.91385869254747],[83.74500303388487,27.899795506361674],[83.74747458948858,27.901841942110877],[83.74253134808562,27.90467593123471],[83.74414850769094,27.907668313224125],[83.7571092049338,27.903140871486425],[83.75622419785685,27.9092724268747],[83.76227348704627,27.909993428979508],[83.77506639988019,27.903360463428704],[83.78781374023374,27.886243754340146],[83.79769256286262,27.882303676957807],[83.80722057643827,27.87326190018778],[83.8209210566662,27.877793552954984],[83.83594148162653,27.86985420549298],[83.84550749212768,27.868525046854018],[83.84745265078924,27.87263313179693],[83.84366121658613,27.87954467901503],[83.8452021089616,27.881654038028202],[83.85103019584554,27.881308926262044],[83.85160245067199,27.874616656189357],[83.85838409777001,27.873586882684386],[83.86112251921398,27.882367559338526],[83.87755393019832,27.888396386509335],[83.88099444258116,27.882373577909526],[83.89238353874977,27.886149955739757],[83.91013488477353,27.880289471384366],[83.91378892503208,27.877796847774057],[83.91073766989376,27.87273897262059],[83.92477396997874,27.86827067074463],[83.93882525552446,27.878090928327182],[83.948788081741,27.86943440815249],[83.95828534356868,27.87305246284276],[83.96810311832171,27.870311999142583],[83.97155110059123,27.872655969764033],[83.97845490716942,27.866127811615005],[83.99464995497452,27.866086097512632],[83.99927296169545,27.855100835569406],[84.01857283823492,27.850958740847183],[84.02221915206661,27.8536364704516],[84.01536877120124,27.858717083093623],[84.0208992845146,27.861915500035614],[84.02854302400728,27.856457278637254],[84.02026653033141,27.840892693162527],[84.02502674561826,27.835283761184545],[84.02675103856868,27.82063477042391],[84.02012965602584,27.817995139449526],[84.01237954175895,27.801255741137105],[84.00034982758174,27.788658664187132],[83.99954146313914,27.775825265998794],[83.99287453099161,27.761528975795443],[83.99400372754282,27.75116921341169],[83.98591770362437,27.748098538972215],[83.95050677748917,27.747550649207213],[83.9283770990803,27.73432977545593],[83.92426554266038,27.72690507842375],[83.90663627062342,27.731564046108932],[83.90820766614816,27.734249373129295],[83.90451550305558,27.735715936302142],[83.90312723225036,27.730713393374227],[83.89646766897401,27.730093461990823],[83.88858754943027,27.730305041143744],[83.88363664165111,27.73508053570064],[83.87679397010379,27.735911962505334],[83.87522257455089,27.73322472840262],[83.84496838939731,27.735066610508852],[83.84183321159036,27.73048743489463],[83.84452629466783,27.716332416011447],[83.84885166525216,27.712079478095774],[83.84628094912424,27.7095390817191],[83.83361012735133,27.71403982872742],[83.82495191683572,27.714064493654554],[83.82045123673613,27.71067346836098],[83.80144111686369,27.72136481437106],[83.78233195868559,27.725094967468227],[83.75113959472564,27.721030315279588],[83.73232051180142,27.7142233276617],[83.7285979569621,27.70917688584379],[83.71430225478336,27.715689680496183],[83.69566612108886,27.715986925835765],[83.67859373400458,27.72012143190613],[83.67715962904141,27.71849649718376],[83.68279700537518,27.718233389717803],[83.68912109884616,27.70917821243986],[83.68994517135884,27.69797738156956],[83.70462245131071,27.682886115387188],[83.69937424585763,27.67646267026989],[83.69528569947927,27.662172141953036],[83.69258519065735,27.665563060935966],[83.68948811576725,27.663030286030008],[83.68329385325738,27.664058162964725],[83.66201039111323,27.67952695380547],[83.65319939979705,27.69112245319692],[83.63081006077853,27.693773099762637],[83.62159507990552,27.68835658610313],[83.60878678016594,27.702074713542768],[83.59796966995353,27.705888906850657],[83.57801384382537,27.705329813264],[83.56718140527198,27.713055623700722],[83.54749249347476,27.71681819434551],[83.53122862263544,27.726075387747425],[83.51850449323959,27.725855877583204],[83.51348495875212,27.729246762681388],[83.50680257484855,27.725180567477025],[83.49937245527305,27.729551705821404],[83.49246884153885,27.72586122109622],[83.48737299936144,27.730568056241466],[83.47564072080674,27.721527874450437],[83.455005838938,27.728191246704103],[83.44405156757647,27.723920922440104],[83.43855898461572,27.732220870483225],[83.43349373763292,27.732480173119857],[83.43207473272734,27.739426085414912],[83.41635260216725,27.74195095846772],[83.40580268713362,27.734823691817713],[83.3893937936366,27.74884119400289],[83.38366499070638,27.742919332018648],[83.37589166785047,27.74331400532935],[83.3710554261896,27.73511880327052],[83.36245811485207,27.742325895125035],[83.35754525933552,27.752288908230476],[83.34614087875418,27.749977247751424],[83.34382172431383,27.757026134231257],[83.32867157873385,27.76751728751196],[83.32367507661934,27.762878965575325],[83.31928109594686,27.764866179069024],[83.3138573627987,27.76253934743589],[83.30307836458228,27.76821685339504],[83.29654098139365,27.760767333287845],[83.28601389104377,27.75698525400204],[83.26003927091321,27.756996325365225],[83.25585873748518,27.767151973413533],[83.25833000111632,27.78540748921937],[83.2528832563245,27.790087619017118],[83.2453998184987,27.79016952051661],[83.24944259934435,27.804439062306944],[83.24784056776365,27.80845936441061],[83.23104261694277,27.82330457454453],[83.24817579145788,27.83191571486076],[83.2740818537954,27.82638718577986],[83.29041416797202,27.82844144769667],[83.29309917438016,27.8384369906148],[83.31014072571561,27.851562414102],[83.30062036283351,27.85983750941465],[83.30789788440018,27.856997830571444],[83.3174866929152,27.860236351747496],[83.33046228595958,27.87519641927791],[83.32804402147926,27.879006919976028],[83.32075130344614,27.87854337132363],[83.32029352431383,27.882741056777455],[83.3090034150185,27.889011685234127],[83.31107047187986,27.901757364870868],[83.29749179913642,27.910841043086602],[83.30651609735853,27.914613564990418],[83.3089798512219,27.92616345132373],[83.32526652837888,27.92083313269033],[83.34419242249727,27.926474829348958],[83.34685454371346,27.936375012458715],[83.34277322863288,27.94371948365519],[83.34539727554281,27.949927375607437],[83.35463515689104,27.954289218099753],[83.3609362419431,27.95168983011414],[83.37786347261839,27.958885846050606],[83.37676503967538,27.95600599615702],[83.38214305048974,27.955637989436504],[83.39269323230957,27.948045679547537],[83.3992767607374,27.934951112499817],[83.4100023277281,27.93104346688627],[83.4193623471328,27.93086051409009],[83.42685325222328,27.939490589444794],[83.43168963502131,27.939864466082945],[83.43384091458323,27.935645826491246],[83.44070645520291,27.935476187841086],[83.44016488872467,27.93286716466456],[83.44810610435526,27.92868484564152],[83.46050210773436,27.93443325150022],[83.4682602786178,27.92829988995505],[83.48387566564215,27.92273688832144],[83.49048934750627,27.92919658653703],[83.5061732952092,27.928763886950417],[83.50981195203046,27.932984518403995],[83.50291582346746,27.93715350208727],[83.50666129307591,27.940533070893984],[83.51612816023284,27.93765337515454],[83.52297095515006,27.929988538975675],[83.5237415296454,27.92413543012967],[83.53062980378621,27.932160923422064],[83.53101109178616,27.939204126284423],[83.53680869585246,27.93711776176296],[83.53793023423223,27.92811591212421],[83.54846502037246,27.928142766937423],[83.55986931622417,27.934900055321105],[83.56562874379708,27.934684629061124],[83.57102947772879,27.943062928251987],[83.57640759059926,27.937259473631684],[83.57463030929492,27.93026583663311],[83.59296127841644,27.93121778633137],[83.60070422540647,27.92340992540017],[83.61078890488967,27.9252028183525],[83.6164414303073,27.930621186010224],[83.62072102869045,27.926362527034982],[83.62615243734975,27.926095602521976],[83.62101869731852,27.91768488463549],[83.63350641436405,27.914179680654946],[83.63147733984233,27.910241334075078],[83.63431529848974,27.899380013279103],[83.64095955753322,27.902416334049462],[83.64477381753127,27.898567710722805],[83.64904563720013,27.90237258820041],[83.65498051136345,27.902511899503747]]]}},{"type":"Feature","properties":{"name":"Panchthar","DISTRICT":"Panchthar","DISTRICT_NEP":"\u092a\u093e\u0901\u091a\u0925\u0930","COUNT":41.0,"ID":52,"VAR_VDC_CO":143.5,"Z_CODE":2,"ZONE":"Mechi","AREA":"Hill Area","DIVISION":"Eastern Div"},"geometry":{"type":"Polygon","coordinates":[[[87.84097101817913,27.047743645754778],[87.79678012680418,27.027170072135732],[87.77799168583748,27.012863960770442],[87.76405457931034,27.0132222580369],[87.75474776131699,27.02040262831546],[87.73949096495694,27.019696694523404],[87.73265621393708,27.00637109235312],[87.71860482528056,27.00036321573745],[87.70372988447592,26.980328003061377],[87.6899836284105,26.97446126390247],[87.68060877750295,26.953966519862274],[87.67720655018452,26.95209932760032],[87.68034957262486,26.946795511750206],[87.70631706051276,26.929330008857047],[87.69398970591745,26.92261650652485],[87.69826948285824,26.911879149726875],[87.69031332426256,26.899840874338302],[87.6882540742287,26.88108370304948],[87.64706859814815,26.867965365767787],[87.6366636126747,26.860721702165613],[87.61176442596819,26.86372506754858],[87.58366146103118,26.859896850643402],[87.57764256365866,26.863703478049473],[87.57456814628553,26.87133215048484],[87.56734402910233,26.872066286360404],[87.55967719537013,26.88490720444549],[87.5514995473593,26.88475257659617],[87.5443287468214,26.889198089204566],[87.52223697940485,26.884851227662693],[87.53179499225851,26.901958818349822],[87.52875110262832,26.908965749562746],[87.53103951492672,26.913890133551362],[87.52241915302994,26.925739299224034],[87.52399051150074,26.92992559099205],[87.5209009028889,26.934617202588374],[87.52548547372851,26.939152562400384],[87.52640047267705,26.95755497392408],[87.50273684534817,26.971663879826224],[87.49256787605638,26.985378240116578],[87.50070741364893,26.984054801679804],[87.5114938305486,26.9906862645787],[87.52005263486251,27.002613930628357],[87.53598049930845,27.01358813806949],[87.54218979106125,27.023867957349516],[87.53944334320538,27.033794787296806],[87.53292102857188,27.035070574618807],[87.53694096637983,27.04541329134045],[87.57034520474542,27.069751432934517],[87.5711994497624,27.075820099313162],[87.58904938162065,27.09960297179792],[87.60342873627866,27.107943334973314],[87.60812021225274,27.1076249203871],[87.6123767515962,27.11252073161283],[87.62199615603002,27.113129296221057],[87.63423961887297,27.11873472337172],[87.63758836758994,27.124086334640968],[87.64478189333585,27.12673172525194],[87.64491906898739,27.132729812857633],[87.66317383819937,27.132863646170044],[87.67578337338351,27.14247606845878],[87.69211576985674,27.143269752234232],[87.69507550366633,27.14711468346683],[87.70604507224276,27.15052683006292],[87.71115595687311,27.156978917270912],[87.71103356921373,27.171637510293795],[87.71802082364555,27.187642702375935],[87.7446055533068,27.199059573555473],[87.7515319312983,27.20840870223098],[87.75137152402895,27.217639456298727],[87.74608488583884,27.224379338069443],[87.73339098512959,27.234712213831173],[87.72754760454603,27.235719098847017],[87.72319164222324,27.242006995477013],[87.71572339714325,27.243650849353717],[87.68103650097456,27.267491887125924],[87.68197451257197,27.27984852968958],[87.68732194239558,27.28339598374482],[87.68885513236121,27.288610244400605],[87.69793287117979,27.291291906419332],[87.70933744396662,27.286503183219956],[87.7241670686467,27.286152532769798],[87.73180327220739,27.278663172522087],[87.74519113965982,27.27784523658488],[87.75528344472508,27.281043763771095],[87.78097609977135,27.272744182132865],[87.79712533486402,27.276949812351663],[87.80814840039517,27.27601740293113],[87.83969924606119,27.28621758680922],[87.85259888476223,27.285920303699776],[87.86153189073286,27.27965728510401],[87.86964089785657,27.27909100148553],[87.88041971572123,27.28420244544486],[87.88423399517359,27.280859227078967],[87.88799472462043,27.28406908227935],[87.89126735525977,27.28211809621549],[87.89440252926302,27.286464619910323],[87.9172114677864,27.28610649042859],[87.92512224937613,27.28066735554902],[87.93288790011903,27.283499663024593],[87.93882286571821,27.280623743295987],[87.95094434783603,27.282935470895325],[87.9593888610302,27.288601862506784],[87.96846638250548,27.300705002613142],[87.974035098402,27.30155761569987],[87.99094674737158,27.324161840873167],[88.0038462646205,27.329130287194307],[88.00497508569585,27.336987894682775],[88.01753103716926,27.354286261159448],[88.02667655690018,27.3944497584239],[88.03737113301538,27.413559911832667],[88.05006448221334,27.42704010408383],[88.06765532077812,27.438208884581396],[88.07819028177568,27.432481816834496],[88.08006700342976,27.42676793749245],[88.06713689138813,27.425333495777615],[88.05538168714592,27.418206140761658],[88.04691445645882,27.40546792053829],[88.04842498783813,27.40088499257608],[88.04181187748036,27.37024028319286],[88.05014999330173,27.358713435443313],[88.05761827212513,27.355704042580783],[88.06661262256017,27.335976327369988],[88.05251559565673,27.324571121031227],[88.04852621556873,27.31273317259135],[88.04152353323553,27.30441010323794],[88.0448039952024,27.293771906717698],[88.03172145386573,27.286284069883287],[88.03086028488107,27.25007812237063],[88.02769451207865,27.249404828659113],[88.02421612863182,27.242090723393343],[88.02481888367096,27.23730370910546],[88.01924255064479,27.235936156747396],[88.0188842666814,27.225095730634887],[88.0121714781298,27.216078452356665],[88.01563489438006,27.2108967042545],[88.01167591531556,27.203819080424392],[88.01600139748211,27.196213320399778],[88.01246987539002,27.177602977349576],[88.01936610586236,27.17106147182131],[88.010982607883,27.1658318249986],[88.00740540421873,27.14332701554227],[88.00066959147135,27.140275400655007],[87.99864821541814,27.133687957870677],[87.9912105844684,27.13084039856846],[87.98742715842555,27.119378166889803],[87.99162310161651,27.105482518050426],[87.96216992318648,27.101116437378494],[87.95184094428649,27.10618362941426],[87.94373209807632,27.099639940079083],[87.9276208350842,27.102620569395576],[87.91768108561715,27.099816830036172],[87.91451542018557,27.094430890941222],[87.89552835833982,27.092601555894056],[87.88988352043619,27.084598918267048],[87.88126347321437,27.08231967846162],[87.88056175994795,27.077933147763375],[87.8616283958199,27.062991940408075],[87.85223783735596,27.062558838734866],[87.84097101817913,27.047743645754778]]]}},{"type":"Feature","properties":{"name":"Parbat","DISTRICT":"Parbat","DISTRICT_NEP":"\u092a\u0930\u094d\u0935\u0924","COUNT":55.0,"ID":53,"VAR_VDC_CO":256.6667,"Z_CODE":8,"ZONE":"Dhaulagiri","AREA":"Hill Area","DIVISION":"Western Div"},"geometry":{"type":"Polygon","coordinates":[[[83.58809921673452,28.080181423394016],[83.60105952570474,28.096089359003937],[83.60478189912746,28.110606827567192],[83.62296010774692,28.121586701200012],[83.62926113368547,28.122174204409678],[83.63312090219756,28.132175485398914],[83.63911672642301,28.13629316437847],[83.63749167465434,28.14730516636514],[83.63385286953688,28.15104889602346],[83.63817809579129,28.154314043116496],[83.63715576748746,28.160987231702368],[83.64390676442596,28.167004467713355],[83.6395050454442,28.174787581527305],[83.64506607492221,28.177688476649482],[83.64806386282339,28.18628797108634],[83.65834676308376,28.19405795303424],[83.65927733609546,28.198724822849805],[83.67121564142555,28.203952566003846],[83.66921690105758,28.209557721957616],[83.67459479773548,28.215166802238308],[83.66768319443808,28.230784550507586],[83.6605583012816,28.23039156630456],[83.65738476483484,28.237396570511095],[83.64860450353854,28.237596692918956],[83.63530807910796,28.24655449274203],[83.63061663107545,28.246483857420298],[83.62964012218936,28.250546124195548],[83.62336960057493,28.250498351476114],[83.61606910932353,28.257791277353373],[83.60998164274244,28.259114765729908],[83.61071381864122,28.266905583531738],[83.6051984313676,28.27079613694961],[83.6077384102784,28.28496838648128],[83.60046848794013,28.289358593300015],[83.60232203204723,28.297273393783737],[83.59993409589465,28.310720843264832],[83.57499650074212,28.334234021630834],[83.57305877985293,28.34025494130297],[83.56832917326038,28.341101656215326],[83.56539194383286,28.357215325837448],[83.56918292902238,28.373794445709407],[83.58399709266816,28.380813066637703],[83.59268560545594,28.391417083416627],[83.59678203445195,28.39175471434635],[83.62670071546879,28.38087282663224],[83.63407000319405,28.366191511198316],[83.64957866794941,28.356531906542916],[83.64989151259222,28.352275098663075],[83.65902275109681,28.3482415620837],[83.66563649218263,28.351249274674316],[83.67953499987658,28.37141022028834],[83.67816938012272,28.378771891684575],[83.68801722292687,28.398841231859496],[83.69953604798361,28.399692004561444],[83.70511261390806,28.38793245327122],[83.71785984456749,28.376438106786324],[83.72285644819812,28.37540449358175],[83.71859995879018,28.368004594020263],[83.72748722913711,28.35673332853043],[83.72610664193398,28.349020695463782],[83.7387012140203,28.34230191022124],[83.73922767819933,28.336761577075258],[83.74655871998051,28.327620601285382],[83.77472302463572,28.309312152197446],[83.76144998063965,28.29238959461185],[83.77450226229824,28.28535422480023],[83.76562305519766,28.273924395163522],[83.80171314488734,28.260658633069813],[83.82004412668425,28.260666538097162],[83.82262269096952,28.25162466275353],[83.79838779024618,28.22855892909897],[83.8093041574175,28.22001113706889],[83.80360573662033,28.22133463044748],[83.79941799460272,28.209059991937057],[83.78783061293862,28.202867221899183],[83.7832613314795,28.19687671788193],[83.77215438852572,28.19845759888535],[83.7641676029572,28.19206844421762],[83.75627226898752,28.190328982634206],[83.75753873829778,28.181988927101283],[83.76604459193864,28.17065280859189],[83.76043786633596,28.16386318283981],[83.76442768548802,28.15445896431059],[83.75946177098724,28.146206545076915],[83.73078667610226,28.14806370438237],[83.71855862773847,28.135657350525612],[83.70884017839323,28.130406753638912],[83.7053084661182,28.118538352824885],[83.73004760844768,28.10149239380319],[83.72287700222365,28.09800787853985],[83.7173847218572,28.090119721755517],[83.70363075823754,28.090321677437704],[83.71054982725033,28.08329384133815],[83.70842927561236,28.07607706027504],[83.71270902890996,28.063659508601592],[83.70240330050436,28.05274268638049],[83.69400446555746,28.05242215616787],[83.69167027490153,28.04754166099544],[83.6939054991378,28.041696203179598],[83.68851230170056,28.03831279482737],[83.69122810866928,28.032724812682492],[83.69787241803442,28.033016709113745],[83.69359301279395,28.02700904456016],[83.68909986219627,28.029000068480038],[83.6861783109484,28.022818871193174],[83.67853476334908,28.018333082379097],[83.65593200976349,28.011821652299723],[83.63509117904083,28.017657299219547],[83.62735611211592,28.012036740466673],[83.6271044980714,28.00551419855461],[83.61496000496152,28.011906869498734],[83.60666799165107,28.010283741291616],[83.5988183021871,28.01517171471314],[83.5959346643695,28.021156386895424],[83.59115166480008,28.021610223977333],[83.59005309621548,28.026021503184968],[83.58383596269113,28.02645052586684],[83.57843493201088,28.034000951359637],[83.56243821232415,28.034961931821062],[83.5640476918117,28.040712087485055],[83.55919599728013,28.043294330680105],[83.56402448116992,28.058103613719496],[83.56096538600255,28.0643533802102],[83.56795295787812,28.065370007323857],[83.57254508355133,28.073675820905258],[83.58084468086483,28.077618073481926],[83.58130994161625,28.08135232840401],[83.58809921673452,28.080181423394016]]]}},{"type":"Feature","properties":{"name":"Parsa","DISTRICT":"Parsa","DISTRICT_NEP":"\u092a\u0930\u094d\u0938\u093e","COUNT":90.0,"ID":54,"VAR_VDC_CO":590.537,"Z_CODE":3,"ZONE":"Narayani","AREA":"Tarai","DIVISION":"Central Div"},"geometry":{"type":"Polygon","coordinates":[[[84.80831746545289,27.00784211971571],[84.80026202087225,27.00078352811192],[84.79711905814516,27.00422593695762],[84.79373221241876,26.995904865060666],[84.79092489246308,26.999682942519662],[84.78868982374551,26.99709486693336],[84.78630973761356,26.99857861522491],[84.78879639323965,27.00899184799029],[84.78582128192139,27.011038204743315],[84.78422700499353,27.008085867961377],[84.78264018263499,27.014204072080634],[84.77266980677993,27.01787142298372],[84.75661996018543,27.00294559800148],[84.7296762567451,27.01501762429068],[84.72139946619428,27.01437859271798],[84.71406081861896,27.021543749504993],[84.70145098563049,27.027055301906252],[84.64275015765782,27.04664112584764],[84.64323829009756,27.051077229865413],[84.64633540945619,27.05142056922255],[84.6457631437779,27.058587736236746],[84.64297875987441,27.05974153654009],[84.64632731969847,27.07563219634223],[84.65309366013794,27.077747360339128],[84.65301731843147,27.080777865280467],[84.65828092825376,27.079645081928106],[84.65413103992394,27.081996569153635],[84.65516845517584,27.08438627925005],[84.65781553960997,27.082627901465877],[84.66480307070982,27.086448086216645],[84.66323919726364,27.089263057247265],[84.66606173025329,27.08773545073577],[84.67035645036738,27.09101777008178],[84.66447493224693,27.092612080988662],[84.66492496585212,27.09477482789161],[84.66758729524139,27.093636283291843],[84.66993675148511,27.098211639626076],[84.67465875646478,27.096516230571755],[84.6748187175108,27.108807996081456],[84.67101218078257,27.107284102448354],[84.6699136320927,27.11045953717713],[84.67699268504919,27.115244755519296],[84.67737375640651,27.13341826129656],[84.68357543936183,27.1436808815356],[84.68037898413513,27.152051436836363],[84.6867638197508,27.158579805208838],[84.67693837829302,27.1626209645027],[84.68092027707031,27.168861312003738],[84.67527522948245,27.17096865696699],[84.68370446355476,27.177979572632243],[84.68149981854334,27.180107949349317],[84.68539028140505,27.180888044919417],[84.6792417078396,27.185722646507244],[84.68356679377153,27.196645120946236],[84.68054587375711,27.20072452803167],[84.68728920638668,27.20915054367036],[84.68481753043514,27.213220423229224],[84.69097360417287,27.21504378001455],[84.68956981703948,27.22354786448654],[84.6852444643426,27.226503923556628],[84.64801655838465,27.297923342169998],[84.62237680965494,27.336367832872984],[84.60776846777841,27.335450255758317],[84.56503401536825,27.347598319772597],[84.50373217115299,27.354732131489023],[84.48588930371707,27.358590078574373],[84.48412704690763,27.3637985528937],[84.48793346273222,27.371541750871177],[84.49534052595256,27.37669505712844],[84.50172548634704,27.376594074388755],[84.50408256936151,27.38117896464553],[84.51987327093482,27.38408955894702],[84.53045389977234,27.38105349481648],[84.53966889567941,27.38591884541503],[84.5347253962156,27.40179983480726],[84.54587042766534,27.403842592708003],[84.54623650570205,27.408223384497163],[84.53248240778495,27.414423406565035],[84.54172028412627,27.419506175690763],[84.54835700760012,27.418032029636695],[84.54781522377606,27.426763078637403],[84.55603833143816,27.441848976698395],[84.55778490223157,27.458882002815233],[84.56165241294457,27.46303589417007],[84.57308744261752,27.4588612595342],[84.5758566407986,27.453982743013235],[84.58477417418514,27.4564927256183],[84.60127447455766,27.451149069635886],[84.60682787731366,27.45432460539102],[84.628278963293,27.450876760334193],[84.634938667942,27.44447637645042],[84.64297901643555,27.442914522598926],[84.6476631126723,27.42914096068459],[84.6617374082662,27.43303754166451],[84.6627596759319,27.42974576944509],[84.67070846660644,27.429084101973615],[84.69060322938756,27.432528772514903],[84.71893507881754,27.43126475360836],[84.72607498595593,27.444685671613023],[84.73469507006195,27.444268133813853],[84.73945525666328,27.44049008950791],[84.7433228173247,27.442075014073637],[84.7553147641287,27.435728114402202],[84.77028159525389,27.438909519437452],[84.78004600413908,27.43509531682573],[84.79094691577147,27.437757906538984],[84.8092400455029,27.42452428774568],[84.8101251057355,27.415985867954962],[84.81939352647133,27.419495219285405],[84.83370441389256,27.417746561153603],[84.84762639862221,27.408624748714857],[84.85189086419567,27.39857398963573],[84.86409631407871,27.39700075909418],[84.87151106121296,27.39928758111944],[84.87861314758362,27.39633156706453],[84.88184774597656,27.38807735296634],[84.88988804124956,27.38933430900632],[84.89670026596173,27.385521967658697],[84.90152162148148,27.374603451048618],[84.9084557731914,27.377264072650387],[84.92172929699498,27.370671167553684],[84.92623780075846,27.36423260628519],[84.94088427426223,27.36578527892914],[84.94495794246387,27.360243084346774],[84.95365417830114,27.36663798805532],[84.95676670753201,27.359180971889714],[84.96419666789087,27.363706821597262],[84.969475658608,27.35628798302031],[84.96399887370463,27.33612330575838],[84.96903392783591,27.319979124196415],[84.9677067225029,27.31316284953217],[84.96227532487363,27.312413243327274],[84.95760698911617,27.300321662065247],[84.96265729526924,27.284392991038235],[84.97217014717792,27.271595975920523],[84.9729331320801,27.264161807949815],[84.9652212197658,27.244357550144997],[84.95990516932186,27.19652925377704],[84.9532228078748,27.191030754597076],[84.94471005279549,27.16401925649672],[84.94653331636107,27.159995138825746],[84.95062973236955,27.16148852333813],[84.94917279889636,27.156930344537997],[84.9524988760078,27.151840137611234],[84.94681593340586,27.14118845815393],[84.95516914155498,27.134955929686097],[84.95503198802678,27.126873305729077],[84.9513781425474,27.11900423084489],[84.94162920760755,27.111434487986138],[84.94170559616872,27.10605243177632],[84.93857036788368,27.103996444656364],[84.94027170947751,27.09315797625372],[84.92832571799066,27.089694354403058],[84.92422175749603,27.083854510270232],[84.92752485707747,27.08350936232067],[84.928745527593,27.076906729535793],[84.93600016879532,27.074732658882986],[84.93584767259847,27.071042266179926],[84.93128594135828,27.068665850893876],[84.91756239114,27.072603961196677],[84.90010151854234,27.046130145902968],[84.90213841584695,27.040072978546153],[84.89917872911049,27.03341306529211],[84.91725799334367,27.034498530143527],[84.910057031633,27.022141808653345],[84.91129290614197,27.018247369165863],[84.89056689715221,27.001242644005135],[84.88659264443707,26.99404107613993],[84.88026112015186,26.991967875123567],[84.88044425345547,26.989271127396133],[84.87408222302454,26.98681076869611],[84.86720137363503,26.98894479530121],[84.86621740997043,26.98381256247454],[84.85901610616715,26.989173530383518],[84.85582748420886,26.98681811561664],[84.85781065533013,26.997759629759063],[84.85012885501703,26.998339293494823],[84.85469806978676,27.00827194991799],[84.82564128783116,27.020938981305555],[84.81346642877504,27.01825920790751],[84.81205512720604,27.020831969926512],[84.81242901270382,27.015917176754307],[84.80904959046926,27.01828393319457],[84.8069289661407,27.014736548573627],[84.81090337332303,27.013905079956718],[84.80676122128152,27.01058271125244],[84.80831746545289,27.00784211971571]]]}},{"type":"Feature","properties":{"name":"Pyuthan","DISTRICT":"Pyuthan","DISTRICT_NEP":"\u092a\u094d\u092f\u0941\u0920\u093e\u0928","COUNT":49.0,"ID":55,"VAR_VDC_CO":204.1667,"Z_CODE":4,"ZONE":"Rapti","AREA":"Hill Area","DIVISION":"Mid Western Div"},"geometry":{"type":"Polygon","coordinates":[[[82.61354258695766,28.170046869371465],[82.65793169945617,28.190793720217012],[82.66520156917517,28.188875204720237],[82.68225090471448,28.19278705524594],[82.68401318000899,28.185913626045924],[82.69027583278574,28.19933067979568],[82.69640896419929,28.20368102835576],[82.69623337131668,28.21157481741655],[82.70518914688125,28.20762327876488],[82.7123292620474,28.209774670329818],[82.73303269652503,28.20749588734753],[82.73519926737178,28.201103071633543],[82.74089004572461,28.200269716386643],[82.74604689221219,28.196411576262427],[82.74555111347759,28.192751703049385],[82.7525616260409,28.190449842570416],[82.75842040261824,28.17986701774924],[82.78662252050395,28.1778915811025],[82.79309118591146,28.188634781557067],[82.8143972421633,28.187536548896784],[82.82548104458785,28.199740709600995],[82.82477912939055,28.205603351730144],[82.81701328887222,28.21453644398751],[82.8293940331938,28.220073143572314],[82.83884538449905,28.231115812389938],[82.85041759463029,28.232580685083317],[82.85286619195892,28.238649346253474],[82.84879232913393,28.25605606244933],[82.86168423917024,28.257944346552257],[82.88869594983878,28.277037443976692],[82.88775736667546,28.293269384946782],[82.89964225918348,28.29914936965889],[82.90424194800448,28.31115509239807],[82.92025370688421,28.321486479003006],[82.9269738159356,28.348091644768466],[82.94091822096794,28.36197415906652],[82.96712174627282,28.35766241406859],[82.9800823126561,28.35942864201157],[82.99400424052733,28.35097624832949],[83.00420370426879,28.332701857557602],[83.01290004203133,28.33287553488885],[83.01903338727563,28.325426202762372],[83.03380960659779,28.32172459060587],[83.0442299042266,28.324730445711015],[83.05127099408271,28.3190147474307],[83.06163797292288,28.31767606041714],[83.0688392696493,28.311367233428584],[83.06942682716577,28.30193436085196],[83.0974081660142,28.275898027220226],[83.0943800223844,28.25848548689774],[83.07784979621898,28.2337682765812],[83.07074768458995,28.239167383916328],[83.0515546222788,28.243681389337198],[83.02981381518451,28.24104345683574],[83.02189567898796,28.23489270812152],[83.02712871758881,28.236176310885533],[83.02770114744636,28.219595349745724],[83.03706908336595,28.203289146925993],[83.03438388837178,28.203758273340828],[83.0361539973342,28.185790813098773],[83.03317148932464,28.175617904637182],[83.02947937041415,28.17492554780002],[83.03500243307234,28.168204745517322],[83.04221123432991,28.16871597104628],[83.03692497279523,28.157734387685675],[83.05373804664053,28.149816041095878],[83.05689627407843,28.145318969775182],[83.05517997276333,28.140795128380027],[83.04951972297395,28.140701596051752],[83.05912409408013,28.126851834910504],[83.05305965065965,28.12068966880423],[83.0530902918222,28.113654103884233],[83.04827683971745,28.11087909687452],[83.05048152369814,28.106214180346747],[83.04507310368454,28.100948395414928],[83.03975604598587,28.10551218740567],[83.02816103409063,28.09927937719219],[83.00205648421972,28.11380785836687],[83.00200340806025,28.0959662437895],[82.99330715672758,28.09086252231838],[82.98512984904626,28.073861855886207],[82.9756631678389,28.066757497913446],[82.97512164721219,28.061548997534533],[82.96454887746373,28.053019964847735],[82.96157393297148,28.046316205407457],[82.96087221726306,28.04105620896947],[82.97039247240228,28.038435886212305],[82.97477128695849,28.031253529909183],[82.97632005151621,28.019841020910356],[82.9720253725822,28.014575251930665],[82.97348253858306,28.006389680361256],[82.96834101915488,28.006198890263562],[82.96870723784407,28.003031078879904],[82.95467875323995,27.997906303349534],[82.95251999912743,27.993706674998776],[82.96427542212272,27.988050161782333],[82.96821919250523,27.993523807885012],[82.97416172551729,27.991795991865626],[82.97580195945838,27.984329427366507],[82.98599351416087,27.981590868967036],[82.99079185715954,27.976201261926168],[82.99925168756135,27.978139070782547],[83.00183785058063,27.970077481051906],[83.00943577589344,27.966394834695393],[83.01662187190216,27.956990659083296],[83.01446318327024,27.9491406983127],[83.01778918323276,27.947504389649296],[83.01286898360807,27.941878155219722],[83.01592057562335,27.928337259158656],[83.01084022862297,27.919993298625624],[83.00420332489234,27.932225822422737],[83.00262430664125,27.929157156278773],[82.99805484924023,27.932616706334645],[82.9921657890606,27.930171625422574],[82.98848899729182,27.925476109819023],[82.98391188943253,27.930175323272007],[82.96876201008656,27.926297823824118],[82.94303905159832,27.931073026531706],[82.93930123260961,27.926381324704877],[82.92857580586885,27.92271177018935],[82.92576872568651,27.913669816435966],[82.91692760412991,27.904530512011398],[82.90048838821865,27.9086059133641],[82.89514842816057,27.91418623107421],[82.8881228297644,27.906702379935883],[82.88069279817631,27.906507744095826],[82.87704653027613,27.90119239774512],[82.8674880294839,27.90964295416017],[82.86268218552223,27.9079054510073],[82.86144646166261,27.903812637307336],[82.85464956340691,27.904842416529196],[82.84837910501898,27.90123204765864],[82.83509038416632,27.906650144792437],[82.8247463252287,27.905848987228225],[82.8129532270463,27.885129279540763],[82.8052410718574,27.877780828898302],[82.79993171371949,27.878392958055173],[82.7973532580725,27.882123355482477],[82.7913726379622,27.880761549753434],[82.7908537263595,27.891111778342935],[82.78876359892641,27.888464591145183],[82.7870852880005,27.892381904130062],[82.78249302153682,27.891601805954018],[82.7791440601934,27.897615080397483],[82.77433062598867,27.893709120300105],[82.76934881016344,27.921469881535828],[82.77555822147808,27.926211203300042],[82.76444341719399,27.941319683776296],[82.75645644052507,27.945368503793247],[82.75149039797412,27.943808366232034],[82.76621281978376,27.962844077286857],[82.76607541601,27.96811741216538],[82.75959127577607,27.969498116097807],[82.76271114871034,27.976920881581307],[82.7465161555621,27.97467972664086],[82.74138961617477,27.990202146073614],[82.73193039051749,27.992769071026782],[82.72145647303306,28.00206258509124],[82.70545971105277,28.00591485473818],[82.69585542736519,28.015265596025284],[82.69726642322904,28.02961137878096],[82.70285791378771,28.03557709674585],[82.70883854091723,28.03645638702842],[82.7187323458,28.047325509244263],[82.70461212722411,28.053247088217756],[82.68519796064324,28.051185163595708],[82.66979615199091,28.05849324057449],[82.65638544918869,28.060072194759616],[82.6398393568332,28.06901851846619],[82.6252767825051,28.069920410289484],[82.62492578993994,28.07490194356866],[82.61063755897665,28.091641010773955],[82.60044602005726,28.093744482672292],[82.6068002885307,28.103047764171396],[82.60740264080835,28.119476167211804],[82.60429769402275,28.130865765716578],[82.58846866590997,28.140063845554305],[82.59007049589847,28.147313034774083],[82.60704353398599,28.15204306024048],[82.61354258695766,28.170046869371465]]]}},{"type":"Feature","properties":{"name":"Ramechhap","DISTRICT":"Ramechhap","DISTRICT_NEP":"\u0930\u093e\u092e\u0947\u091b\u093e\u092a","COUNT":55.0,"ID":56,"VAR_VDC_CO":256.6667,"Z_CODE":7,"ZONE":"Janakpur","AREA":"Hill Area","DIVISION":"Central Div"},"geometry":{"type":"Polygon","coordinates":[[[86.0753190652812,27.290666573751203],[86.06342638314536,27.29141017464291],[86.05904014156233,27.287349716983943],[86.05488264653883,27.28831468011315],[86.04767363517276,27.29686062911341],[86.0386492122197,27.298430086696722],[86.0307688530878,27.309333297639373],[86.02150036209137,27.308976500384844],[86.02311747372474,27.314129725068774],[86.01850216508045,27.32036230894899],[85.99766866413275,27.33747889225061],[85.98350277385431,27.335748844669112],[85.98299898341212,27.350880393572407],[85.97861258085055,27.354536382282628],[85.97738407349902,27.370592900405974],[85.97017514638065,27.37516810207386],[85.96703207422428,27.38349288502736],[85.96131069666122,27.387455907045194],[85.9541628637425,27.38883849241831],[85.95201181124371,27.381467210670206],[85.94530647517624,27.380456294171093],[85.93400101702731,27.38907655372275],[85.93356606457584,27.39548848131828],[85.92753959000018,27.39761679235713],[85.92538824335155,27.40431095371076],[85.91789706299467,27.409048260748367],[85.89614836538465,27.416291363196272],[85.89139593437443,27.413548761292464],[85.88584233155244,27.4199358100898],[85.87851151421879,27.41670683485077],[85.85221627209968,27.425103705322588],[85.82997924906373,27.43763731356783],[85.82679812231959,27.4418349606537],[85.82888817037771,27.448130591464228],[85.80927542969187,27.455156311604863],[85.809397334744,27.46231776859127],[85.81467614575324,27.46403240952606],[85.81398938323196,27.473974519129893],[85.80715422721138,27.47961202501512],[85.8083288936577,27.48468323176282],[85.80189026029858,27.497690081173083],[85.79751913813237,27.50028758550571],[85.80513204306469,27.51126161576976],[85.80932005522675,27.510035369674178],[85.81890115052614,27.517860681371697],[85.81584966987118,27.523807212514892],[85.81945786066726,27.52562481338203],[85.8285657172545,27.546729799347176],[85.82325595521438,27.56592164513862],[85.82665800781243,27.575909593824075],[85.84652989883047,27.579045325985735],[85.84651451485182,27.58509870919263],[85.85267049167986,27.591480229994186],[85.86371631864091,27.595388222464543],[85.87460166254374,27.612907742676455],[85.88056702683349,27.614656724800504],[85.8830921071849,27.61071272270694],[85.89119342607208,27.612211900307567],[85.90973058346323,27.604219227153294],[85.91507043809112,27.605106154484243],[85.93056390696175,27.59528063218906],[85.95225155311589,27.589075038101544],[85.98230050464426,27.555074367789924],[85.99411708374964,27.545578725122837],[85.99766427687953,27.546000271155712],[86.00059367996172,27.541238095891046],[85.98777843891061,27.519618105891915],[85.9879693979578,27.507808859986497],[85.99366017357953,27.508030188169244],[85.99465958738278,27.503554056999555],[85.9995416899432,27.506786806496585],[86.00064789977452,27.502381242707308],[86.03181749713998,27.502965362946934],[86.04450361891266,27.49797067565534],[86.05692255762409,27.501930187384435],[86.05784565446886,27.499031291483266],[86.060141744963,27.50165560787431],[86.06171329470412,27.496889595047392],[86.0650544173343,27.502233565724545],[86.07400252654372,27.5019953191651],[86.07779394664556,27.49684790801265],[86.09353124718844,27.50029063077605],[86.09860416759204,27.49843312438678],[86.11034460805921,27.48220895367775],[86.11440294438572,27.480729051511585],[86.1124730871035,27.47478625012251],[86.11575330886652,27.474179822648576],[86.12264166252825,27.47818692139447],[86.12941542453439,27.489994379116588],[86.1419106057787,27.495924008886874],[86.14238327698759,27.509512664880948],[86.15082014292801,27.51591329923334],[86.15233023175932,27.531533117747642],[86.1582115136016,27.541318950812464],[86.18439177557907,27.55914197897892],[86.19191309562753,27.571983140065868],[86.20282914422667,27.580422590822117],[86.23573790099245,27.586384991609876],[86.26076640035203,27.598303377631844],[86.26891359202972,27.595122342992024],[86.28147735932738,27.604183563200873],[86.28883877458682,27.603420817726754],[86.30302731772692,27.61579483523919],[86.30639864846655,27.63517373416185],[86.31170014618016,27.646037113874147],[86.33016052359423,27.66136351720336],[86.33925309050916,27.683330555013757],[86.3519007335765,27.693965199662152],[86.37577763542829,27.692386467448824],[86.38159027726734,27.701251133130963],[86.40905973032487,27.719005531659572],[86.42060918990197,27.715630025614622],[86.42537677543184,27.722934601535353],[86.42710048344969,27.737045844461292],[86.41053140698364,27.746598614042732],[86.41282746589133,27.750578935012605],[86.41031750207604,27.760765131028396],[86.41400950312703,27.7671866643632],[86.41312444047605,27.77491262831175],[86.4221943443206,27.786495079238485],[86.41073640799172,27.7906983014367],[86.41745694349531,27.79423051208151],[86.41972215204854,27.81353882370519],[86.42985261624301,27.815341282999775],[86.43868600735748,27.828356020490396],[86.44998356317971,27.83252721565069],[86.45595679233662,27.823502552327035],[86.47042779262705,27.826155689101732],[86.47373861902908,27.82141450167065],[86.4789259346218,27.820993105619976],[86.48016957033484,27.811558316436532],[86.48666901889864,27.8088902872222],[86.49853106058426,27.813770963155],[86.51066799435495,27.806413280893334],[86.52474239206602,27.805757457097446],[86.54637638593141,27.811464112520706],[86.56708000727829,27.80400740711069],[86.56563070981139,27.799618964288968],[86.56883482258117,27.791118726165166],[86.56398364012124,27.769613297262914],[86.57276425159456,27.754598234406114],[86.56288559880349,27.749347599447358],[86.55096326801274,27.710879600047917],[86.54025320780974,27.70161624705462],[86.53660734095341,27.67861560928574],[86.53839255002647,27.671093727650316],[86.53301471409294,27.662822200191542],[86.52711802377108,27.660186376778807],[86.52882688397526,27.655618713470123],[86.52621808737895,27.650415884628753],[86.51353974849557,27.648085092165083],[86.50696424581321,27.640200701287807],[86.4998626447049,27.62037164080264],[86.49250138940646,27.613749788640277],[86.48410245181904,27.617245501938072],[86.46969241896176,27.61713272911098],[86.43479266818319,27.610289168979726],[86.42018454713357,27.598683734521444],[86.41345656193408,27.58680761658314],[86.39849735482288,27.583471703448023],[86.38826028244377,27.57278179048518],[86.3802733892785,27.571177715889977],[86.36923538465638,27.558199174841242],[86.36965513072651,27.549662649797533],[86.35853314619905,27.539785180022875],[86.3549481230451,27.524861444274915],[86.33828018588402,27.52008367589806],[86.32464868402232,27.499739565963633],[86.31939274149686,27.498774443656],[86.30539498070043,27.482856889761308],[86.2950433337219,27.478969882640516],[86.29206844371355,27.470402784319056],[86.26294356342906,27.455108620847533],[86.25423223932881,27.440983905651652],[86.25654372322487,27.437209637786108],[86.25125734614099,27.432527423666016],[86.24826726949013,27.420624668951206],[86.24191285159053,27.419014902070625],[86.23445251270779,27.40819153479227],[86.23603167665048,27.404133084636882],[86.22771685967058,27.397900282727335],[86.2257947945492,27.38424675547939],[86.22200352832694,27.38209539333689],[86.22471948105488,27.37058752081335],[86.21712960008887,27.35307948832288],[86.2180453476056,27.337028684181544],[86.21565773309446,27.33358237110478],[86.21722929119503,27.328444456963762],[86.2223098267725,27.327277349122916],[86.2189763063633,27.32311773500484],[86.22902297245722,27.3198032272591],[86.22898491857003,27.315643668744322],[86.23749079446141,27.305463289667586],[86.23545420789674,27.29625539376688],[86.24060353266333,27.288785059457602],[86.22372976117684,27.277499994714205],[86.21623124803278,27.26806123784098],[86.21381302848233,27.268927056498427],[86.21113563013243,27.260947373073634],[86.204384639403,27.254352233219038],[86.20512467703396,27.250400570060357],[86.19139346450307,27.255198802209197],[86.18216317181086,27.252089944662448],[86.15798114574366,27.252737979317622],[86.15128363638806,27.242196886855545],[86.14833143548164,27.24276899111965],[86.13489002168248,27.251429266858135],[86.12884043975959,27.264041341854703],[86.11304185847361,27.272419315311385],[86.10674089342547,27.268183364717984],[86.09553479067927,27.267759783272506],[86.0777223276832,27.275485468026908],[86.0753190652812,27.290666573751203]]]}},{"type":"Feature","properties":{"name":"Rasuwa","DISTRICT":"Rasuwa","DISTRICT_NEP":"\u0930\u0938\u0941\u0935\u093e","COUNT":18.0,"ID":57,"VAR_VDC_CO":28.5,"Z_CODE":7,"ZONE":"Bagmati","AREA":"Himalayan","DIVISION":"Central Div"},"geometry":{"type":"Polygon","coordinates":[[[85.42571481207182,28.072543355021075],[85.4277745893306,28.067138450862434],[85.425562468311,28.061895585988005],[85.41981070926994,28.059885326794138],[85.41229670618442,28.062036497689018],[85.40482866771542,28.054935956087093],[85.40346351818914,28.039152140433707],[85.39466039355673,28.037710169663864],[85.3898394050659,28.030548642130054],[85.35771665715366,28.012561530727805],[85.34204038291983,28.00995606976904],[85.32962182013155,27.98855925160674],[85.31775966834978,27.98927615541499],[85.29850576118069,27.982858190618632],[85.28992382306699,27.98316701271234],[85.27681862984312,27.965336604271585],[85.25738138429779,27.971309563796158],[85.25548184805376,27.97462611284475],[85.25243819040072,27.971372419905148],[85.21970470923728,27.975600096378287],[85.21283922142212,27.972830764186785],[85.18850460792788,27.976253749903464],[85.18352333562018,27.973251773069386],[85.18025046263084,27.987624201829938],[85.18617752481396,27.996895083028253],[85.1837895777072,28.009633075543306],[85.18720689774594,28.019087004634642],[85.14374019794822,28.02756941786553],[85.13304498685098,28.03817505154293],[85.14818684520023,28.061433312401213],[85.17050705075971,28.082717762810425],[85.15560870306967,28.088385647635118],[85.13577499918486,28.08407319928442],[85.12967225485365,28.085947854165124],[85.12247858101196,28.091253501227722],[85.12276828000451,28.09993115738453],[85.12513293939271,28.10664445582079],[85.13784175494187,28.10994598461897],[85.15044367103697,28.118169933427303],[85.15826252375325,28.1296607970048],[85.15486003513156,28.140754784719668],[85.17418990345206,28.16240727017991],[85.1826496823911,28.16701896020268],[85.19521360365775,28.16812151361975],[85.19958450951701,28.175633951597682],[85.19892827565698,28.184883744496755],[85.20438216813469,28.2040376022724],[85.20121624116285,28.211155130971246],[85.18859109609772,28.219500725731308],[85.18750778631647,28.223313152588137],[85.19316018441751,28.234413008943896],[85.19413640832845,28.24439136906405],[85.20282501201571,28.250216026775632],[85.19823253682408,28.259284572398848],[85.1869881376365,28.26721823904467],[85.18421120498712,28.276866595667872],[85.17839838321575,28.276671968291296],[85.17353159668275,28.270935103731674],[85.16575824211891,28.272605662159993],[85.15091290617958,28.296878043952663],[85.13496181017051,28.30421278000289],[85.12122263526354,28.326335791868853],[85.12161148344639,28.33584878994135],[85.12870582925117,28.33809937342176],[85.14064440334215,28.330463238311772],[85.16755730491374,28.33151644122372],[85.18184541338131,28.324231265257954],[85.20268580261161,28.340623782840346],[85.24075188549257,28.318485915335938],[85.24741942793975,28.302442863056545],[85.25478098307389,28.2944709897925],[85.27047250027346,28.297400670871443],[85.27357732685205,28.29381332447805],[85.27291378466595,28.28779235947334],[85.3035722024036,28.289915552991133],[85.34037121473729,28.303970141510156],[85.34819798142182,28.30171408234133],[85.3482669166651,28.288503076165743],[85.37017568532339,28.285774271104245],[85.3776440230673,28.27858434187318],[85.41203976217584,28.308361651940103],[85.41538822189204,28.327135947225948],[85.43737305314205,28.334793625233488],[85.45800014823435,28.33702918007452],[85.48737716955384,28.331197527756267],[85.50579203434813,28.333448303945545],[85.52580903410083,28.327551651644267],[85.56025919321846,28.309531323995056],[85.57540914156519,28.31039362231406],[85.58014645705853,28.30619600745069],[85.58854524715078,28.3089291321342],[85.59969039724993,28.305040587723752],[85.59574674551929,28.29471506978144],[85.60716724417473,28.256998945679594],[85.63658952630925,28.275165294858517],[85.64520925278062,28.29123721420733],[85.66193037319678,28.3048909709708],[85.65311930641437,28.318092295410793],[85.66447764173432,28.333191600873906],[85.66478243460735,28.349026889129785],[85.67577487724058,28.351624649111884],[85.68572999480931,28.347993554537886],[85.68258632433174,28.383840782297398],[85.71004079169434,28.3875125623192],[85.71362630889693,28.379340373932468],[85.72229987303326,28.375037932167228],[85.71758562363549,28.370855414915727],[85.71828763350656,28.361706703158564],[85.73098934817723,28.34062308682988],[85.72576413405466,28.330112550193068],[85.73464367311283,28.32543439778054],[85.73589481817385,28.32127296054013],[85.73538415365778,28.30110837748017],[85.73214989755627,28.29287504262728],[85.74195279351103,28.273315208676568],[85.74233452584498,28.25884165376635],[85.748330596783,28.25137706705419],[85.74912420200594,28.23966129578591],[85.75766056911877,28.23014844438876],[85.76419048977264,28.229036671241207],[85.77501538363116,28.219003199347238],[85.77662516067363,28.210308408898605],[85.78259055673037,28.210325674692402],[85.79916724959078,28.200441059951377],[85.79811478253818,28.188881644750868],[85.7811418465942,28.17871991989829],[85.7785025249282,28.17411595081168],[85.74864500672857,28.175114805859362],[85.74358746078143,28.171731389050166],[85.72669826220526,28.169673260076458],[85.7193291458957,28.174189329734805],[85.71295190778052,28.169953382921694],[85.71282239570546,28.162021433361986],[85.70299699723252,28.163863600181003],[85.69818359317287,28.15890867428005],[85.68873971326454,28.15612403732204],[85.67716741126834,28.158139728042983],[85.65232189687234,28.15195052213449],[85.64881295669917,28.146505474106544],[85.63718741782506,28.14096493093844],[85.63287760320078,28.13055358171486],[85.62688934653578,28.12938819636409],[85.61496608562548,28.133915633586863],[85.61339429797451,28.149872953267902],[85.60160063848639,28.15821855985066],[85.584490277771,28.153347344449447],[85.55563178735117,28.168156086537916],[85.53279243050675,28.167083871662808],[85.52674332849398,28.157397221756277],[85.50291237764304,28.151814518973538],[85.49038684911454,28.138757780705507],[85.49539904387335,28.12238094009617],[85.48896090587604,28.11209543030871],[85.48930431569752,28.10582845409665],[85.472842283268,28.104914642972066],[85.45725012285656,28.092809534999155],[85.44540329988187,28.090122126871428],[85.44187151643747,28.082617328844833],[85.43286243481437,28.080748146648226],[85.42571481207182,28.072543355021075]]]}},{"type":"Feature","properties":{"name":"Rautahat","DISTRICT":"Rautahat","DISTRICT_NEP":"\u0930\u094c\u0924\u0939\u091f","COUNT":100.0,"ID":58,"VAR_VDC_CO":784.0461,"Z_CODE":3,"ZONE":"Narayani","AREA":"Tarai","DIVISION":"Central Div"},"geometry":{"type":"Polygon","coordinates":[[[85.32287176538794,26.802504172532515],[85.32560280547038,26.798682227804054],[85.33144616198602,26.798363820953202],[85.3408369374202,26.78705057988566],[85.33781621113881,26.78102003039462],[85.3293716496852,26.777360019657323],[85.34545233982323,26.77563427560043],[85.34536859798335,26.76692227775092],[85.35099079933929,26.76312898608512],[85.34584932327843,26.75994963654713],[85.33285815501223,26.760540657544908],[85.33157676651291,26.751233600676436],[85.32689302323867,26.746559029595034],[85.32257537914717,26.74514955588353],[85.3039390552728,26.753090758854757],[85.26030459450556,26.7552814231523],[85.2529964752217,26.76130799599728],[85.23197257631836,26.763554324096027],[85.21004865853581,26.759037779936182],[85.21031559345647,26.762072106714154],[85.2061199896803,26.761396899566837],[85.19751500197042,26.769591915329084],[85.1927394318982,26.77965984106459],[85.19484476046411,26.78523455948634],[85.19291466388385,26.791049519380906],[85.18035823503008,26.7958115500672],[85.18208980188616,26.7998586117996],[85.17684122697324,26.812218959238578],[85.19038891163264,26.829841508260298],[85.19380619360487,26.842089467296788],[85.19138012648371,26.854310634104632],[85.19557549672659,26.866940040857774],[85.18903790165298,26.87012111331092],[85.1763747855197,26.86926649858725],[85.17070681963158,26.87284809235627],[85.16561856547462,26.87880222609249],[85.1730562453214,26.878977803072154],[85.16841797769547,26.88948056608272],[85.1632077940214,26.889032297364135],[85.16432909978494,26.89252245276331],[85.17551993070867,26.893628792039163],[85.17074444060803,26.899582930454514],[85.17593934814107,26.901021024965512],[85.17705297442362,26.907124015631148],[85.16997357202423,26.92013086604101],[85.17813589214617,26.923209181143697],[85.17934868772612,26.92929310142393],[85.17861630172483,26.932378905648022],[85.17289502422551,26.93150914218989],[85.16397730017208,26.938323352966375],[85.16435101532873,26.94221781839665],[85.16918736732062,26.944718205997017],[85.17397802918111,26.943114343651914],[85.17562568239369,26.94718428956001],[85.16846247805806,26.954538259315076],[85.17229912224175,26.976879014016287],[85.16367133314492,26.980838181892896],[85.1775698249612,27.003221052050932],[85.18700606040301,27.00757910435001],[85.18736450395502,27.012207833128045],[85.18302394194666,27.01256250003668],[85.18145242610996,27.015980139806995],[85.18277208556516,27.01864639662663],[85.19498507935754,27.021787712636357],[85.1981888841839,27.027881199572604],[85.19136899208073,27.033463404480134],[85.17932376194285,27.033436514134774],[85.17724875750821,27.037603667129613],[85.19900491924408,27.038195235562238],[85.20102639811982,27.040480067679177],[85.19467189926564,27.04294404244628],[85.19799779017318,27.047410707666998],[85.19644916500934,27.050542270803398],[85.1882868527626,27.047143549441795],[85.18314526481585,27.04978491097351],[85.19218469661067,27.060572056664345],[85.19227615137922,27.06493568309128],[85.19721175484251,27.063204042698814],[85.20049191231631,27.06578832170438],[85.19425928584793,27.07748876481468],[85.20245968504548,27.08365671032762],[85.197195624552,27.107496360598574],[85.20457973773594,27.11607687409676],[85.23124060614975,27.134205029243912],[85.23182014095438,27.145453577833123],[85.24610785790625,27.158531328169648],[85.25139370501395,27.190120010273073],[85.2653303117689,27.213372552139663],[85.26274411672438,27.221931927791488],[85.27073859437478,27.225723525941508],[85.27035711331352,27.228807427376253],[85.29302860777659,27.232925387380913],[85.31150461254467,27.230793457067673],[85.33882210430295,27.219591127567],[85.34874658897495,27.222185049244864],[85.35964778785169,27.21080508950589],[85.3765904186289,27.212102242486022],[85.3851648241105,27.20743169965741],[85.39348733895012,27.210424196419748],[85.39882748695875,27.19677460477901],[85.40927837869835,27.197003633991294],[85.418280018736,27.19013412103985],[85.42663304782123,27.19310754680682],[85.43656532959464,27.187348026848813],[85.44810709758771,27.186789409129386],[85.45335561332709,27.17773611617077],[85.45292098216493,27.168429076881555],[85.4668504717979,27.16615403673263],[85.46959676475372,27.162585749427677],[85.48620373765284,27.164416908525475],[85.50072033835339,27.175810628719063],[85.50337507284863,27.173132992517914],[85.49949232396612,27.168036948117393],[85.50358124765488,27.16280752974244],[85.49459499827263,27.162969495045843],[85.48944600012251,27.154696070324878],[85.49093367780999,27.14768339768912],[85.48816474679174,27.138965638524933],[85.47371676898484,27.12914152765308],[85.47164204666336,27.119161227162724],[85.46408248918112,27.110214529430966],[85.44923781966355,27.10111323332343],[85.44271575363075,27.090642716386263],[85.43432454483587,27.08948873863531],[85.43138018346545,27.079577082484597],[85.43369183030762,27.06737498843195],[85.42431663379327,27.062456223762965],[85.42331750875096,27.0527143374328],[85.41533064179018,27.04968751663716],[85.41121919017436,27.03703522527499],[85.40226350829367,27.034452761846165],[85.3955431827812,27.019942836384992],[85.38807509765869,27.014326074950333],[85.38580957514219,27.008778054906763],[85.38853306105467,27.001246648058416],[85.39667269597395,26.994228358608048],[85.40154754474273,26.978845129246515],[85.3957577650559,26.970230308666864],[85.40064787163196,26.954782234918344],[85.39735248809967,26.95061881019782],[85.39849694438048,26.94066335271527],[85.38590288570302,26.91946485476086],[85.39526345696747,26.892552795750806],[85.3901526642608,26.880833097262578],[85.37899232574382,26.88072230381335],[85.36976212188745,26.872956122994356],[85.36003595756947,26.871014460298145],[85.34302484349783,26.860600991577495],[85.3430096919811,26.855245631554368],[85.35242325183667,26.84907224060786],[85.352392888727,26.841416821811478],[85.3489449406117,26.837032161712933],[85.33530543143179,26.833978551890176],[85.33222377914613,26.822811967421885],[85.32317671237887,26.812144969782377],[85.32287176538794,26.802504172532515]]]}},{"type":"Feature","properties":{"name":"Rolpa","DISTRICT":"Rolpa","DISTRICT_NEP":"\u0930\u094b\u0932\u094d\u092a\u093e","COUNT":51.0,"ID":59,"VAR_VDC_CO":221.0,"Z_CODE":4,"ZONE":"Rapti","AREA":"Hill Area","DIVISION":"Mid Western Div"},"geometry":{"type":"Polygon","coordinates":[[[82.49175656031507,28.551964220230314],[82.50902719112322,28.55124927086174],[82.53015001548948,28.55785410396554],[82.53548994605404,28.55365839872668],[82.53536809433825,28.54236221354945],[82.540921617682,28.538252333958035],[82.54498013373178,28.525632628993186],[82.56469189919987,28.52175752920545],[82.57659228682661,28.514083232401426],[82.58820265209987,28.51448199383857],[82.59785267061116,28.506901117094422],[82.61363568703388,28.510929287013848],[82.64119726375004,28.494749219283197],[82.65756777015024,28.492926191856455],[82.65989431335042,28.498950983608584],[82.66754550777253,28.50210174070933],[82.67177911290405,28.5097590992275],[82.68155854021752,28.517403185586137],[82.68638734100865,28.514904857180706],[82.68207722651505,28.519762365675025],[82.68720341473635,28.523843787719276],[82.69450382780033,28.52014588249572],[82.69001086578317,28.512086106760982],[82.70326901933554,28.509139711549008],[82.71856365870853,28.522118238647508],[82.7374819272466,28.52650500353324],[82.74278367535216,28.524651306499347],[82.74244061553088,28.512700956399268],[82.75268564580557,28.50529554890639],[82.75732367727582,28.50614049213358],[82.77132946678498,28.500154074576677],[82.79146072621998,28.500156267064465],[82.80963162580306,28.49300462623196],[82.81253048253,28.488753578763514],[82.82607854663169,28.48411171206528],[82.83294418359893,28.47825297404778],[82.86770663149808,28.479409215642765],[82.87930943370623,28.476361718429576],[82.8863508529469,28.452474475352414],[82.9006617636289,28.44737680553996],[82.91430915355843,28.43423657687767],[82.91226487557101,28.427414589024483],[82.91854320474039,28.417428719416595],[82.91920702330734,28.409182111595047],[82.91617105020869,28.402747265560123],[82.93648540607745,28.402125816975577],[82.93809505550045,28.39863761993437],[82.94362562590071,28.3984527031196],[82.94214580108618,28.394148191729975],[82.95033885021022,28.3842157498582],[82.9479894132019,28.37871352106365],[82.95497711994565,28.372080471762352],[82.95580117642858,28.361528092930712],[82.94091822096794,28.36197415906652],[82.92734759583001,28.348650451915603],[82.92025370688421,28.321486479003006],[82.90424194800448,28.31115509239807],[82.89964225918348,28.29914936965889],[82.88775736667546,28.293269384946782],[82.88889427708808,28.277609598866192],[82.88376812480884,28.271424562234685],[82.86108923128461,28.25767161231093],[82.84857873860963,28.255844363161053],[82.85235514698154,28.23555208901353],[82.84947931874325,28.231827338237228],[82.83884538449905,28.231115812389938],[82.8293940331938,28.220073143572314],[82.81701328887222,28.21453644398751],[82.82477912939055,28.205603351730144],[82.82548104458785,28.199740709600995],[82.81527449429824,28.188116342053043],[82.79309118591146,28.188634781557067],[82.78662252050395,28.1778915811025],[82.75842040261824,28.17986701774924],[82.7525616260409,28.190449842570416],[82.74555111347759,28.192751703049385],[82.74604689221219,28.196411576262427],[82.74089004572461,28.200269716386643],[82.73519926737178,28.201103071633543],[82.73303269652503,28.20749588734753],[82.7123292620474,28.209774670329818],[82.70518914688125,28.20762327876488],[82.69623337131668,28.21157481741655],[82.69640896419929,28.20368102835576],[82.69027583278574,28.19933067979568],[82.68401318000899,28.185913626045924],[82.68225090471448,28.19278705524594],[82.66520156917517,28.188875204720237],[82.65793169945617,28.190793720217012],[82.63889146701501,28.18081512325618],[82.62515281358729,28.178598796823792],[82.61354258695766,28.170046869371465],[82.60704353398599,28.15204306024048],[82.59019254671705,28.147488496437305],[82.58846866590997,28.140063845554305],[82.60429769402275,28.130865765716578],[82.60740264080835,28.119476167211804],[82.6068002885307,28.103047764171396],[82.59859997006275,28.092863342887405],[82.5950221132795,28.10148562613614],[82.58842354274938,28.103242042069652],[82.58235886149217,28.110504475987888],[82.57761402516498,28.109964680351066],[82.56725460235415,28.115502969957696],[82.55904620680552,28.130907098651903],[82.56191442538494,28.13365537544931],[82.55724581752604,28.136273860500694],[82.53913614548848,28.131929069420664],[82.51611359940114,28.13926755678377],[82.51847824459637,28.147788840938063],[82.50402244830026,28.149928490954466],[82.49551707703597,28.13505814169357],[82.49121465872607,28.136105120949118],[82.48453230435192,28.130564689976815],[82.4792990022102,28.144382090812947],[82.4694966167037,28.1404703434506],[82.41838626489634,28.15671304106036],[82.39683591248212,28.16892247132062],[82.40142043180863,28.176394839379693],[82.39924628109479,28.180180548924803],[82.40354859634593,28.18502673529519],[82.40059628940033,28.192415084684765],[82.40373118834792,28.2131022369177],[82.4070112490957,28.22098272194594],[82.41777473441282,28.229088355812873],[82.427661081573,28.230078314173614],[82.42689046002664,28.23903057508346],[82.43734118999548,28.246668947387807],[82.42779037719627,28.252197711697853],[82.41331933464694,28.253891083213016],[82.40362353408423,28.262232926117218],[82.39527010989035,28.282963784240888],[82.38361381267212,28.29169466330112],[82.37630561039535,28.304682412132298],[82.37609946121711,28.315169954041313],[82.36351257958346,28.31956581568599],[82.36737235110533,28.329975218885806],[82.36419894674272,28.33020022187247],[82.36319181579603,28.34087274820001],[82.37931799111792,28.351785812890107],[82.37609870226457,28.35853906822679],[82.38291835021168,28.364895769186376],[82.3835895067542,28.372860132574342],[82.36358765950234,28.38835373087419],[82.36559365907213,28.40321444926567],[82.35321269443195,28.410465350561186],[82.35037474147525,28.42192360580158],[82.37660854149031,28.430399441705195],[82.37381624395891,28.448351620496293],[82.38355753030642,28.456083432701956],[82.3956178982291,28.460485353364426],[82.39606020231942,28.468484041817813],[82.40040834605655,28.469868709113555],[82.40562599993994,28.478245083525305],[82.40574027705021,28.48664236640346],[82.41167503767943,28.49271679322516],[82.40750212752857,28.50371349308661],[82.41703733577437,28.51771417894472],[82.41816613814933,28.528752909491608],[82.42946382029214,28.524583986462257],[82.43357547796778,28.52632910627903],[82.46294477283291,28.52126215548878],[82.49116942162598,28.538203961770705],[82.49412913148315,28.543572693818927],[82.49175656031507,28.551964220230314]]]}},{"type":"Feature","properties":{"name":"Rukum_E","DISTRICT":"Rukum_E","DISTRICT_NEP":"\u0930\u0941\u0915\u0941\u092e-\u0908","COUNT":43.0,"ID":60,"VAR_VDC_CO":157.6667,"Z_CODE":4,"ZONE":"Rapti","AREA":"Hill Area","DIVISION":"Mid Western Div"},"geometry":{"type":"Polygon","coordinates":[[[82.69627157879205,28.863932530885393],[82.70468922378836,28.854660256568877],[82.71211930630403,28.851555486447864],[82.72373733563904,28.84978198220807],[82.7264149540402,28.846360553753755],[82.7361182012628,28.84801611766619],[82.74256421790324,28.84530993258909],[82.75592958019712,28.819813139551172],[82.75924791928452,28.81975787898972],[82.76567883696362,28.808511376615343],[82.78175913603741,28.82429345647148],[82.79935783700682,28.820700596240442],[82.81717749603678,28.83141343806369],[82.83569152964577,28.831671172316987],[82.8437776905775,28.82652383081745],[82.85459460425659,28.832237874416478],[82.86758566998998,28.83426538559428],[82.88591677904128,28.826154446376734],[82.89668042697355,28.824733758365085],[82.90501045831593,28.832362567694588],[82.9302146712588,28.827091507951764],[82.94721825853776,28.82903706988145],[82.9566546955873,28.82098131077595],[82.96586977094626,28.82037687074694],[82.97585561648839,28.80344895370706],[82.98115738162886,28.800679816306456],[82.99705483159295,28.80398517686467],[83.01211331494426,28.79910112714731],[83.0223507366253,28.79077074679327],[83.03608938385975,28.792792549535363],[83.04572412648088,28.786521906748817],[83.06517650678921,28.783892199406807],[83.06826606753953,28.780014962741916],[83.07918214244472,28.786165753421415],[83.08176828331472,28.779517387748115],[83.09823053864483,28.766606069946533],[83.10254080992655,28.753597308608335],[83.11365552664904,28.743607700747418],[83.13237545251002,28.748053593988004],[83.14543523164974,28.747159321226604],[83.14265875670702,28.73388535866883],[83.14609157818938,28.730872076048968],[83.14421510061993,28.72553959366013],[83.15095882807714,28.712172318614535],[83.14995965868951,28.70438722473972],[83.15255336261993,28.70123279890737],[83.14245360613722,28.690571555239387],[83.14646629139594,28.6818215050032],[83.13484081301743,28.673721572103148],[83.1200341254418,28.67522611534355],[83.11846276651443,28.670717535851736],[83.12500803063836,28.664017733124012],[83.12442837519967,28.658662383269075],[83.11525173284485,28.6435707904634],[83.11478664062997,28.630846126010965],[83.09635642581009,28.635159882884636],[83.08431131503983,28.630862847197363],[83.08087864791412,28.62561807182624],[83.05752831977094,28.620126982103045],[83.04282064541093,28.629983038363605],[83.03553563445536,28.625733751672385],[83.02475673899971,28.626464042830605],[83.01912709236444,28.621737987024687],[82.99804225335367,28.62357810406388],[82.98376944873621,28.630653509176852],[82.97455445159432,28.626915317508463],[82.96707123669023,28.615443565084718],[82.95649078376078,28.61051527807905],[82.95269208555396,28.598164372015106],[82.96228887108873,28.581898232520928],[82.98547168135633,28.57087129239426],[82.9855862324689,28.564076036754443],[82.97736318233672,28.546236222169057],[82.97381606340588,28.542347445359667],[82.93303438582745,28.56558766927691],[82.92081371210259,28.56723910569241],[82.91624437181741,28.56445075337257],[82.91367377537114,28.555580455251118],[82.9113628528197,28.5298526588428],[82.91406333594767,28.527606047708503],[82.89461122315083,28.515449448689537],[82.87735585723306,28.51544538787863],[82.88839426536708,28.50664012766697],[82.89602289018444,28.492559577967995],[82.91158497261159,28.48091460140023],[82.90652745918061,28.475770883227597],[82.88678517300605,28.47968030624935],[82.878554226635,28.476291142256912],[82.86770663149815,28.479409215642875],[82.83253987813157,28.478363584338297],[82.82607854663172,28.484111712065328],[82.81253048253001,28.488753578763465],[82.80963162580309,28.493004626231993],[82.79146072622001,28.500156267064597],[82.77132946678512,28.500154074576812],[82.75732367727596,28.50614049213368],[82.75268564580563,28.505295548906474],[82.74217361583146,28.513080480029316],[82.74278367535226,28.524651306499266],[82.73800065704427,28.52645542437466],[82.7185636587086,28.522118238647636],[82.70326901933566,28.509139711549096],[82.69001086578322,28.51208610676099],[82.69450382780042,28.520145882495797],[82.68689828192413,28.52374270326078],[82.68207722651516,28.519762365675035],[82.68638734100875,28.51490485718074],[82.68155854021751,28.517403185586204],[82.67177911290406,28.509759099227495],[82.66754550777256,28.50210174070935],[82.65989431335049,28.498950983608665],[82.65731603619645,28.492807943602713],[82.64087687038807,28.494859830812914],[82.61363568703382,28.510929287013823],[82.59785267061113,28.5069011170944],[82.58820265209994,28.5144819938385],[82.57659228682667,28.514083232401504],[82.56469189919989,28.521757529205388],[82.54624645264107,28.52505858767819],[82.54092161768199,28.53825233395804],[82.5353680943382,28.542362213549552],[82.53582561292228,28.552607551298763],[82.53058881582552,28.55750116923366],[82.53224970200029,28.564035208000234],[82.53747045300014,28.570838582000192],[82.54609357700025,28.572907333000217],[82.55551026500024,28.581591208000305],[82.56876014100021,28.577673458000106],[82.57702126500016,28.579506396000284],[82.58289426600021,28.587095396000223],[82.58059826500022,28.60207020800027],[82.58251114100023,28.61231114600008],[82.57965082700014,28.614424208000116],[82.57064126600017,28.60958108300008],[82.56210476500019,28.61032545800009],[82.54768376500016,28.618330833000186],[82.55338939000018,28.625111833000233],[82.54952445200013,28.627053333000106],[82.54178476500022,28.620629333000295],[82.51024889000013,28.6276468330002],[82.48770351600024,28.640518083000245],[82.4929357650002,28.6517030830002],[82.49182320300014,28.659190833000196],[82.50171582800021,28.6623407080001],[82.50329151600022,28.667634270000235],[82.50750407800024,28.66192864600015],[82.52114014100022,28.66056014600025],[82.54110857700022,28.64684752000022],[82.55656051600022,28.643922645000202],[82.58084926500021,28.664571458000125],[82.58860939000022,28.663777333000212],[82.60110257800022,28.669221583000194],[82.60256489000022,28.684745208000265],[82.61781007800028,28.689668208000228],[82.61434820300025,28.69574595800026],[82.61714845300014,28.710193520000132],[82.60718807800015,28.715541271000234],[82.60332426500031,28.742787145000193],[82.59750614000018,28.74373295800018],[82.58995607800023,28.73983545800013],[82.56793182700022,28.74379958300011],[82.5690458900001,28.756815708000147],[82.5656148280001,28.758581708000236],[82.56661076500018,28.764754895000237],[82.5638277650001,28.767874333000236],[82.56866320300014,28.767463271000167],[82.56896039000014,28.77056808300017],[82.5888899530002,28.782045083000128],[82.59160670300014,28.790234708000185],[82.5981415780002,28.791902083000195],[82.6151837030003,28.807279395000137],[82.6216457020002,28.80896970800029],[82.61559357800019,28.826470958000243],[82.6279672660001,28.839098646000195],[82.62664439100013,28.84672314500017],[82.63183826500017,28.853304020000166],[82.63867832800025,28.85512827000008],[82.64497157800014,28.866384583000183],[82.65050976500015,28.869115520000094],[82.65799576500018,28.866573583000218],[82.66038451600019,28.860006021000174],[82.6737323280002,28.85205333300013],[82.69627157879205,28.863932530885393]]]}},{"type":"Feature","properties":{"name":"Rupandehi","DISTRICT":"Rupandehi","DISTRICT_NEP":"\u0930\u0941\u092a\u0928\u094d\u0926\u0947\u0939\u0940","COUNT":74.0,"ID":62,"VAR_VDC_CO":456.8769,"Z_CODE":3,"ZONE":"Lumbini","AREA":"Tarai + Bhitri Madhes","DIVISION":"Western Div"},"geometry":{"type":"Polygon","coordinates":[[[83.5903136076083,27.551697445566795],[83.5962790901162,27.54677892526381],[83.59002390968358,27.541818269650268],[83.5912903718183,27.533541144061953],[83.58668285601989,27.53215074589173],[83.59380784132989,27.52782918832431],[83.58974198073656,27.524230288124514],[83.59154997207789,27.5206467305174],[83.59813327858627,27.519828647476892],[83.59679843484174,27.51310583240672],[83.59902594592425,27.51177847015294],[83.5944565574635,27.511177643410615],[83.59639429248976,27.504237457656934],[83.59309887643438,27.501824832093902],[83.61084270610074,27.489861373457355],[83.61129303734333,27.47577688388666],[83.61468777845762,27.469633918544037],[83.38891044557171,27.479742516214795],[83.39241955795941,27.476511810232143],[83.38867412732627,27.470750178016157],[83.39561597035221,27.46974519544223],[83.39804186877933,27.465633358607537],[83.402603625475,27.466415365983785],[83.39984982986114,27.46367280748612],[83.40199351167584,27.45770146993275],[83.39607408606646,27.446742751717593],[83.383983181869,27.442447618622293],[83.38643194660233,27.439380914427847],[83.38428842798793,27.436256929422168],[83.39328249328281,27.42476441451688],[83.40114742003627,27.421001668241942],[83.39982011449486,27.41918792478817],[83.40562531691705,27.41887904511299],[83.40974474608205,27.413069845347163],[83.4061975770766,27.411532610719362],[83.40249037367202,27.400974430495076],[83.38486900494185,27.390435123671892],[83.38816472388612,27.37595207439907],[83.38289360116408,27.371035299011698],[83.37483804988535,27.370030102520847],[83.37240468631235,27.365006565685054],[83.37381607277813,27.357372159180915],[83.36975013095456,27.358228423528768],[83.35800255747516,27.350834134254665],[83.35926137391225,27.34332369192868],[83.35120581591264,27.342684673548234],[83.35248743042406,27.34006232433361],[83.34409624383873,27.338290438542487],[83.34257825973789,27.334716368646994],[83.33179176472285,27.332778524683462],[83.3182665635181,27.337477615529533],[83.31555094119528,27.332915611454244],[83.31760302312578,27.330226521933767],[83.291666445496,27.335066568589493],[83.27283929157194,27.352722940143096],[83.26567601472296,27.36562297863558],[83.27232764135337,27.383689752097496],[83.24015836010673,27.406611646995763],[83.21707468521377,27.417928503834453],[83.22178901303276,27.41850835179618],[83.22548097020295,27.428564942774823],[83.23134715330511,27.43082884342619],[83.22953915177332,27.4351027992225],[83.22027825064848,27.437892866936433],[83.21688350428228,27.444545048669678],[83.21789792192561,27.453382916128415],[83.22249018180196,27.4547332614856],[83.22734157703336,27.46901044864771],[83.2233977078708,27.46887307626749],[83.22470210305667,27.472111479302946],[83.22074295003372,27.473501754567735],[83.2219710132868,27.479450253367133],[83.21895779863996,27.479745823050287],[83.22299310055305,27.48594610867898],[83.22119270355932,27.49155890164782],[83.22818022289917,27.495777673318305],[83.22612816497305,27.497139367816963],[83.22998041871554,27.50147824723242],[83.22668488797137,27.505492805631878],[83.23147549653615,27.506213785856634],[83.22940054058009,27.50830020679201],[83.23305442792811,27.51423729666504],[83.22924779105807,27.51852075952074],[83.23163547629805,27.51835486903078],[83.23076577844002,27.52187931749284],[83.22387724417811,27.528003161243035],[83.2245713025465,27.5349643624095],[83.22141315919818,27.534682055697257],[83.21677498588002,27.541400970000257],[83.21561531569623,27.550200662115856],[83.21225121340004,27.54951593843657],[83.20429463088628,27.559888954136202],[83.20881055220082,27.564271707626364],[83.20929105388267,27.569100683074847],[83.20588876624265,27.57085905080803],[83.2116099648353,27.575590834475175],[83.21440940696964,27.58524690410269],[83.21957379011872,27.586828025855535],[83.22155700307609,27.596070226744512],[83.23171013335178,27.609472093345435],[83.23054270559524,27.625452300331062],[83.22064070960884,27.645712084537468],[83.22434043792367,27.647630755586196],[83.22357734947037,27.66161987636543],[83.22795593629972,27.667267084950918],[83.22547662232132,27.672372558163037],[83.22926751683644,27.695121399579925],[83.22622381156708,27.694183025993173],[83.22713912431938,27.699324783656333],[83.22173052104596,27.70402970810777],[83.22270674576542,27.715568132408382],[83.21549772238055,27.72713886193841],[83.21787761031013,27.736329573193906],[83.21082867866977,27.753688581252106],[83.21235425162416,27.759362449060685],[83.22587929215238,27.76321513571428],[83.23755093791279,27.750408621021116],[83.24647612133762,27.75131084230943],[83.24746767263868,27.75893192850949],[83.25585873748518,27.767151973413533],[83.25982567239294,27.757217554633584],[83.26475362145538,27.75620682224611],[83.28601389104377,27.75698525400204],[83.29654098139365,27.760767333287845],[83.30307836458228,27.76821685339504],[83.3138573627987,27.76253934743589],[83.31928109594686,27.764866179069024],[83.32367507661934,27.762878965575325],[83.32867157873385,27.76751728751196],[83.34382172431383,27.757026134231257],[83.34614087875418,27.749977247751424],[83.35754525933552,27.752288908230476],[83.36245811485207,27.742325895125035],[83.3710554261896,27.73511880327052],[83.37589166785047,27.74331400532935],[83.38366499070638,27.742919332018648],[83.3893937936366,27.74884119400289],[83.40580268713362,27.734823691817713],[83.41635260216725,27.74195095846772],[83.43207473272734,27.739426085414912],[83.43349373763292,27.732480173119857],[83.43855898461572,27.732220870483225],[83.44405156757647,27.723920922440104],[83.455005838938,27.728191246704103],[83.47564072080674,27.721527874450437],[83.48737299936144,27.730568056241466],[83.49291891635286,27.72583071281767],[83.49937245527305,27.729551705821404],[83.50783240501151,27.72522254029157],[83.51382823660413,27.729199088281472],[83.51850449323959,27.725855877583204],[83.53122862263544,27.726075387747425],[83.54749249347476,27.71681819434551],[83.56718140527198,27.713055623700722],[83.57801384382537,27.705329813264],[83.60272217353436,27.704578746583003],[83.60913006055061,27.70189162969531],[83.62159507990552,27.68835658610313],[83.63303755522651,27.693338296283883],[83.63377016102389,27.67808471569688],[83.62948313602851,27.671380930341897],[83.62994095997784,27.664803087882884],[83.61907061826766,27.659508609246448],[83.60946667132706,27.649644556074996],[83.60268507101003,27.648114902239183],[83.59775730437154,27.63908816747812],[83.60089262591526,27.635931837212603],[83.5952171418075,27.63432400535535],[83.5977193179326,27.630622213558457],[83.59215822856032,27.63069841962539],[83.59305082395642,27.62660563333358],[83.5866887708451,27.625808341262236],[83.58817638616429,27.621364643254072],[83.58186012080789,27.619611856805523],[83.58108208246202,27.616541292416315],[83.57478101500224,27.61800019032537],[83.5726756549551,27.61404467707645],[83.5734692304174,27.601804434058085],[83.58265404153433,27.588524901846455],[83.5805869991981,27.574947686504135],[83.58871125129782,27.57339345609885],[83.59024451023247,27.575867085563164],[83.59586668151876,27.57281187139639],[83.5903136076083,27.551697445566795]]]}},{"type":"Feature","properties":{"name":"Salyan","DISTRICT":"Salyan","DISTRICT_NEP":"\u0938\u0932\u094d\u092f\u093e\u0928","COUNT":47.0,"ID":63,"VAR_VDC_CO":188.0,"Z_CODE":4,"ZONE":"Rapti","AREA":"Hill Area","DIVISION":"Mid Western Div"},"geometry":{"type":"Polygon","coordinates":[[[82.39552194824162,28.27711258042716],[82.41331933464694,28.253891083213016],[82.42779037719627,28.252197711697853],[82.43734118999548,28.246668947387807],[82.42689046002664,28.23903057508346],[82.427661081573,28.230078314173614],[82.41891134850198,28.229815004405335],[82.40685868643126,28.220713808421653],[82.40059628940033,28.192415084684765],[82.40354859634593,28.18502673529519],[82.39924628109479,28.180180548924803],[82.40142043180863,28.176394839379693],[82.39683591248212,28.16892247132062],[82.39372344207611,28.17446086048199],[82.39688144191967,28.182774272471445],[82.39283066500317,28.189304378866833],[82.3780851122291,28.184566759037825],[82.3671459407322,28.189868551913943],[82.35493265137514,28.20558158663831],[82.34716691935164,28.208686359031944],[82.34608355744496,28.216393231529402],[82.33757017516197,28.22355645841274],[82.31244233574925,28.22342070742021],[82.31018419600032,28.231680643953183],[82.30225067707693,28.23267035908115],[82.30039675321511,28.245990031406883],[82.27549009173092,28.24851097627786],[82.25832634986169,28.243683688484406],[82.25601502281775,28.23973962313789],[82.24367998435254,28.237963878040222],[82.23318331676829,28.23999106116638],[82.21781199103144,28.2496831072298],[82.19869542019897,28.242958156980205],[82.19002187406892,28.248393483339065],[82.16944811496916,28.25159344266584],[82.1608358573196,28.241801900381034],[82.14373313889622,28.237192033325456],[82.13282432908181,28.25156625005169],[82.12598163631424,28.25439068145615],[82.11781933282785,28.251569863125717],[82.10834478693523,28.258311592649193],[82.101181738635,28.25905147980265],[82.09398062874902,28.255093999477204],[82.09170747363103,28.24935528556861],[82.0812795099701,28.24861325581313],[82.06857847764047,28.237046081967268],[82.05328352343354,28.241771852508016],[82.04221496077744,28.23021995822037],[82.03687536101373,28.21511126256538],[82.0309405088132,28.21413089665442],[82.02312165174261,28.201253560371118],[82.02919395355399,28.19403308390028],[82.02923983036413,28.187737506191816],[82.01822456886299,28.181857545237598],[82.01282388521167,28.170040629031625],[82.01499807018558,28.16409027774404],[82.01108477550001,28.16069545766412],[82.01204605887413,28.15422824629021],[82.00761403051011,28.15110995943164],[81.97792389236228,28.182896420238414],[81.96526840555516,28.18452116420366],[81.96268985087137,28.194428893955852],[81.95195674521581,28.19411597565493],[81.93853069205228,28.201790262360937],[81.93801188613533,28.206367470630695],[81.92670659547873,28.209495084992508],[81.92695059632777,28.215845974095508],[81.92091648269624,28.220388780341178],[81.92157241234429,28.226913227512018],[81.90931353872246,28.23228175740637],[81.89650549565327,28.233328626422036],[81.88290394867425,28.243548986488232],[81.87677081613066,28.23919673733584],[81.86091908097649,28.23873880732449],[81.86467205031705,28.24984623111871],[81.84355636397054,28.27203972286723],[81.81453032303482,28.278807897646576],[81.80848095941118,28.283022669919127],[81.79810654015687,28.27366594478316],[81.79330829290443,28.274022523228343],[81.7871594853197,28.29471526597751],[81.7674476905913,28.300793167062423],[81.76123043291561,28.309232324413834],[81.75311387821824,28.307756066728377],[81.745088747022,28.31328676227423],[81.7434256807705,28.318256832183888],[81.75171747880276,28.332240329480904],[81.75165626002273,28.343721507076758],[81.76930014950672,28.374511130175247],[81.76848374950202,28.384357850590668],[81.77926252016819,28.390718411969527],[81.7913001022684,28.38924814018795],[81.79742563178347,28.392002177655343],[81.80371147414014,28.38778740931118],[81.81084396594328,28.389454371848014],[81.81971590054549,28.380673866781933],[81.83778748587822,28.38115661951993],[81.84248666804517,28.37462461578832],[81.85511926498796,28.373053272321222],[81.8662034214615,28.364535986254108],[81.88494636913819,28.36114337400205],[81.8918196222275,28.3554028755207],[81.90220946042331,28.355036835872227],[81.90741210388528,28.349181884927393],[81.93080085961648,28.337926062054006],[81.93702561554777,28.337306313496377],[81.93947424749794,28.341616556144803],[81.94616431575386,28.342053387470624],[81.96036814524201,28.35296260361922],[81.96892718724048,28.351959544637968],[81.98139174474402,28.363131927789038],[81.9756244954701,28.37521951090733],[81.97667702587594,28.38601412167215],[81.98985867927546,28.395393772030538],[81.97409069375716,28.404593762020937],[81.97200033041989,28.41582888732131],[81.96190784944787,28.424952665864883],[81.96042783121489,28.43173455134097],[81.96508869374527,28.43570153212947],[81.96607259253217,28.445081019191136],[81.96119040275589,28.447253223438484],[81.9619074136694,28.450489704549497],[81.98007063877026,28.445140328359383],[81.98579951212534,28.44676340860356],[81.98689793825976,28.45016772603657],[81.9834040748105,28.454430209673063],[81.99021608181961,28.461538332217156],[82.01040062021686,28.46804778167292],[82.00905021795036,28.478651641969677],[82.02522962469814,28.499140611364382],[82.02094224968508,28.5127940003361],[82.02758648467234,28.51682203741016],[82.01836360516604,28.52777289669088],[82.01741740161776,28.54441105447932],[82.00856073899938,28.552155961802917],[82.00409033853678,28.56260148372045],[81.99409705639356,28.56998592008228],[81.99572943266594,28.575402310807824],[82.00281613109458,28.578320379304536],[82.00085548798934,28.587249732732392],[82.01151216629407,28.595588032319977],[82.00405132289376,28.613257881031668],[82.02550226650379,28.61388181501881],[82.02696685822194,28.616992432346667],[82.0217412532266,28.627216711148883],[82.02870571548195,28.64062803848438],[82.04406930500163,28.636680399754628],[82.04676965066628,28.642127319437297],[82.0564271126219,28.644683060376096],[82.05887587238799,28.641484766031894],[82.05441339575944,28.634849654313115],[82.06972360083778,28.630116260265275],[82.08231823431946,28.618185162215802],[82.10049656237294,28.621612596569364],[82.10860555195313,28.61929930672078],[82.1194758983874,28.623325494447332],[82.12884355724313,28.62162442407994],[82.13827212665049,28.626594642659782],[82.14467998977882,28.624386224450458],[82.14280356059692,28.6159069116807],[82.16714574546425,28.611366265846847],[82.18473654425438,28.623131850522245],[82.19393634355353,28.623488617186784],[82.20207582403121,28.622500813086333],[82.22113174295392,28.60721127385773],[82.2374106260669,28.60970607768972],[82.2497153363333,28.600578519717057],[82.27260056123556,28.59291581499545],[82.28264704567437,28.596905757220277],[82.29246481207741,28.593354737129456],[82.29953622962589,28.597634528905346],[82.3053185418808,28.596915604392315],[82.30738589958092,28.59288196334451],[82.31227565336583,28.594428747314947],[82.33998195602048,28.589579189315565],[82.35312585430216,28.57672502854466],[82.36526262989953,28.573986496287755],[82.37499655565783,28.566464742490076],[82.37754455085354,28.55959895680238],[82.37599612845678,28.551939730779807],[82.3820684042799,28.546412828661772],[82.37814752150375,28.540956354034055],[82.38351808896549,28.52971173887026],[82.39285526258745,28.5265821975176],[82.40150566884004,28.535576542695793],[82.40693713386545,28.53165737812695],[82.41725833222073,28.530475073775115],[82.41703733577437,28.51771417894472],[82.40750212752857,28.50371349308661],[82.41167503767943,28.49271679322516],[82.40583944171796,28.48687313566415],[82.40562599993994,28.478245083525305],[82.400652448593,28.470160509901383],[82.39606020231942,28.468484041817813],[82.39641885609909,28.46164683258384],[82.37393829441419,28.44854424662009],[82.37623475848946,28.430006558976572],[82.3503594867853,28.421807268052913],[82.35321269443195,28.410465350561186],[82.36559365907213,28.40321444926567],[82.36358765950234,28.38835373087419],[82.3835895067542,28.372860132574342],[82.38291835021168,28.364895769186376],[82.37609870226457,28.35853906822679],[82.37931799111792,28.351785812890107],[82.36319181579603,28.34087274820001],[82.36419894674272,28.33020022187247],[82.36737235110533,28.329975218885806],[82.36351257958346,28.31956581568599],[82.37609946121711,28.315169954041313],[82.37630561039535,28.304682412132298],[82.38329341480073,28.29206465050212],[82.39527010989035,28.282963784240888],[82.39552194824162,28.27711258042716]]]}},{"type":"Feature","properties":{"name":"Sankhuwasabha","DISTRICT":"Sankhuwasabha","DISTRICT_NEP":"\u0938\u0919\u094d\u0916\u0941\u0935\u093e\u0938\u092d\u093e","COUNT":34.0,"ID":64,"VAR_VDC_CO":99.1667,"Z_CODE":2,"ZONE":"Koshi","AREA":"Himalayan","DIVISION":"Eastern Div"},"geometry":{"type":"Polygon","coordinates":[[[86.96666876978313,27.541823111385508],[86.96589023418797,27.561505189545745],[86.96204536880207,27.568378596004628],[86.95345570529533,27.572360634329097],[86.95691862104674,27.589210625446576],[86.95372960571238,27.604675886053794],[86.96824581290824,27.632860439237785],[86.98369301337618,27.646313956349584],[86.98752981280371,27.658954808549208],[86.98739186983603,27.68706662715388],[87.00509682590815,27.711507443415524],[87.00823176913286,27.726023039418102],[86.99536253693584,27.73174434672619],[86.99368405531071,27.742146071158906],[86.97884664149719,27.75035239742705],[86.982988730268,27.756104523160385],[86.97944872036963,27.77535552414303],[86.98619210098299,27.780688116894915],[86.9831252438517,27.791412128981694],[86.99358368886402,27.795137036393747],[87.01015974562848,27.814788904233875],[86.99752690018644,27.824667864246024],[86.97673949669318,27.82592623008019],[86.98967694761703,27.839431194631118],[86.99059218297599,27.84701415377044],[86.98014836727253,27.870992924558994],[86.97399210796515,27.877397120181683],[86.97329751932307,27.89522350640741],[86.9670649514214,27.902716699359203],[86.97287750111713,27.915309903728975],[86.98109317705214,27.91987965101467],[86.97918570738001,27.936189807603803],[86.98328185267444,27.949442864603924],[86.99220694988135,27.954836525825105],[87.0088139926041,27.95350752121612],[87.0157175920201,27.957739674612696],[87.02417765628144,27.950040547312327],[87.03912929870762,27.950435602696043],[87.05337968237752,27.926632363669814],[87.0657758836809,27.923960629930214],[87.07827901032498,27.91570849342833],[87.07781397139694,27.902886522685872],[87.08855505390125,27.889618473989763],[87.08882220679125,27.882655369146402],[87.10717629977361,27.874975491275734],[87.108153205755,27.85433792670343],[87.11590397382916,27.84037560987444],[87.12193805826817,27.839328677491814],[87.12633975858644,27.834234681992697],[87.14049799323818,27.83716436438063],[87.15673150755914,27.824520061009064],[87.16828096199235,27.821737695530697],[87.19318008470741,27.82001977752277],[87.21781972033294,27.823632420848405],[87.22567705695388,27.81975717537976],[87.23865250487218,27.839513878677444],[87.24998059011178,27.843107209695976],[87.26044656804304,27.85098404934435],[87.2847812988817,27.84456492720765],[87.30360820533102,27.843485806604406],[87.30446276915349,27.835527163688678],[87.31786608606713,27.825783629528498],[87.33786001677024,27.829962623568917],[87.34551897446178,27.827901102578572],[87.34796763074552,27.83045676738412],[87.35524518983301,27.82747979347489],[87.36066131794804,27.82892934855985],[87.3738428075136,27.845352309504968],[87.40260170984659,27.851953582940187],[87.41857532672284,27.86254634893197],[87.42564693663076,27.858835107873777],[87.4259445984059,27.852188593740884],[87.43317645647544,27.84624977019465],[87.4317576630042,27.842443014378176],[87.40888018397885,27.83885519100075],[87.40361669997426,27.83411575420707],[87.42265723582834,27.831648212914725],[87.44979928819026,27.822356932868338],[87.49009954916218,27.846517820765982],[87.49302128445419,27.84397751164886],[87.50886539208825,27.84713609220702],[87.5359615516612,27.843196358847592],[87.54770142058207,27.853256946573072],[87.55213324020276,27.865209321403505],[87.56138644233154,27.867089971132586],[87.57132637735238,27.861402945925306],[87.57879456360396,27.86204389623222],[87.58635451997276,27.852889574882816],[87.59100066697768,27.833539418152398],[87.5894981789238,27.82043516015988],[87.60151288924611,27.821148667297432],[87.61146819503773,27.81062312749451],[87.61737237189537,27.819318068203962],[87.63201113923272,27.824824366428203],[87.63252205852203,27.83265144067224],[87.63581748493037,27.834427085841405],[87.66951210844263,27.83493120594054],[87.66974107333156,27.830121303333193],[87.66303588626631,27.82265647811413],[87.66476023045354,27.808751263638108],[87.67733227386391,27.789883768430492],[87.67087886292279,27.780727279181075],[87.67163424460327,27.77345903132892],[87.6571481902642,27.76168955715266],[87.66370887980472,27.750296186744645],[87.65574507951926,27.739661605090625],[87.64121318180236,27.730974132713],[87.64412731806122,27.72721132080465],[87.63792562630522,27.718768121336332],[87.63937522388053,27.710111458885475],[87.62190614861954,27.711865742122452],[87.61284388063994,27.700245128503603],[87.61639898444726,27.6886438190093],[87.60527711264045,27.67423868473558],[87.60116540364318,27.674311081933602],[87.60004391109095,27.67938797411452],[87.5906151616237,27.68144946212358],[87.57979058551612,27.67616637497951],[87.57485485642138,27.68284141371103],[87.57461813696925,27.693149716238942],[87.56112337494258,27.69849910755953],[87.54936842273386,27.680773562826342],[87.54546317356713,27.659544672585966],[87.53228909713671,27.652228489284955],[87.53971155761278,27.65101756604496],[87.54428871783276,27.645797698601108],[87.54504410385157,27.638245280075076],[87.53463911732928,27.631733977352507],[87.53608106129904,27.624086212288052],[87.52772844802865,27.60307847239948],[87.52939925468796,27.59495391623328],[87.52499771532635,27.59289980294556],[87.5127921359844,27.598975855365907],[87.49880968682247,27.58125789818748],[87.48975487731752,27.576863590377567],[87.48770300463198,27.569595290013257],[87.48183682077092,27.56717497170737],[87.48205832247264,27.555047218003857],[87.48722294417313,27.54654128903624],[87.48070836479393,27.54330468587544],[87.47497980578432,27.527171745374453],[87.47636088352903,27.51242545384511],[87.46822149323793,27.507495245282858],[87.46977023104184,27.499942840038884],[87.46649773885093,27.49593579509053],[87.47125807151163,27.486701315114498],[87.45864862075797,27.473766590166377],[87.46109032472633,27.44674189038894],[87.45621624988561,27.42594590808852],[87.44444607519735,27.406234986270473],[87.4567053583007,27.386738102827113],[87.45850600296392,27.3716656883502],[87.46654644694553,27.366863553278257],[87.47438865682422,27.357467016757163],[87.47972123008594,27.343332998220585],[87.49252956184228,27.332521423117658],[87.49747318672092,27.31397418093212],[87.51437027433963,27.306172210358064],[87.51665900592384,27.296867117108913],[87.49182918800649,27.268943635429125],[87.47966230884165,27.250218715208803],[87.47777076261089,27.237022897154688],[87.46741182241567,27.217905129981478],[87.46745795866855,27.201646413863585],[87.47011272730141,27.197893129587925],[87.45169054352638,27.1796715921032],[87.43136085195424,27.17957014672753],[87.41994121088455,27.176089336848307],[87.40601219823527,27.15594162816647],[87.40940705965029,27.146010997708835],[87.40675259027326,27.136396850927603],[87.38973336513389,27.14794452733112],[87.38609436636601,27.15916059326929],[87.37419387681989,27.167273528025202],[87.37610833258408,27.17950049872714],[87.36534445894183,27.18834390375269],[87.36031735565463,27.187722072946702],[87.35702181451524,27.1909127275227],[87.34291698251526,27.18715723657448],[87.32854504653548,27.188327989026085],[87.31239585228836,27.18235631803508],[87.29227194796026,27.190419519627756],[87.2852843361029,27.19022486275653],[87.26518366753639,27.18256336018467],[87.26116362132505,27.177093494432366],[87.25819601950718,27.183999343019586],[87.24703549943852,27.191570651961058],[87.24659289702822,27.198549018114107],[87.23746891013023,27.217376542992454],[87.22995482559493,27.222285492240367],[87.22681939147186,27.229532722632754],[87.2155521450963,27.233930480722375],[87.21108168481344,27.243698979859968],[87.20236997839774,27.246958196543442],[87.20555090370974,27.25225830758342],[87.20433018648008,27.260037674972526],[87.1987614225615,27.26144507518288],[87.1972585487227,27.264990496901014],[87.2097995747412,27.267904891512867],[87.20459688764595,27.2731934103184],[87.20683945422506,27.28141911928487],[87.19971423579803,27.29453467198681],[87.20139994818918,27.301896418117327],[87.1820997793213,27.316070238843917],[87.19123073010397,27.327021430433685],[87.18450989781417,27.33651143972739],[87.19200075919038,27.346697822691898],[87.19224473964353,27.352442253831136],[87.17596543811723,27.365700680452644],[87.16860380517282,27.37587154101412],[87.15470474071577,27.381264798901768],[87.14203368585271,27.39395685674684],[87.13161327807437,27.394601298228668],[87.12506031309293,27.402220365858216],[87.13015592465531,27.409341866605928],[87.12390024681399,27.426824874040893],[87.12745490482841,27.434690147360172],[87.13326771301102,27.436109192738364],[87.14020168237468,27.447062250557636],[87.13795880524849,27.45277230720305],[87.11052694642214,27.45890721616893],[87.10870365296655,27.46365415432775],[87.09425564783972,27.455535032670884],[87.07257563867088,27.46005466343442],[87.0568920773958,27.44097305092019],[87.04213859990595,27.44793590272999],[87.01007670635566,27.436070769299494],[86.98042499306518,27.44192719402028],[86.97504686090149,27.446956331941276],[86.96324565601466,27.45026698745936],[86.95484661287536,27.458256014852836],[86.94016192606992,27.45922269575526],[86.94411337479427,27.461982454439138],[86.94798068013225,27.47514969092378],[86.96293215259058,27.483547266980246],[86.94724778575106,27.500728770637856],[86.94288415385655,27.5092175496652],[86.9432120038379,27.51691111765566],[86.95240386483276,27.532967824454243],[86.96666876978313,27.541823111385508]]]}},{"type":"Feature","properties":{"name":"Saptari","DISTRICT":"Saptari","DISTRICT_NEP":"\u0938\u092a\u094d\u0924\u0930\u0940","COUNT":132.0,"ID":65,"VAR_VDC_CO":1113.5135,"Z_CODE":3,"ZONE":"Sagarmatha","AREA":"Tarai","DIVISION":"Eastern Div"},"geometry":{"type":"Polygon","coordinates":[[[86.55526053247287,26.522212531279276],[86.54184183302067,26.5385377804279],[86.52386158294426,26.54354001663337],[86.51572216496248,26.539267794116856],[86.49874128312051,26.54199668709293],[86.48593303210289,26.54985978222018],[86.49641423446552,26.56067558288124],[86.49443047588447,26.57876325769855],[86.51294412626713,26.602099837986295],[86.5095570230033,26.606562585478475],[86.51206641858673,26.623387780591024],[86.50578039557361,26.633962995140507],[86.50429248233023,26.652018254474044],[86.49845663838875,26.657617640491218],[86.49863196372822,26.663775931311598],[86.5034606637748,26.667552230924045],[86.50896806180464,26.682374934913014],[86.50686242947693,26.69166859295681],[86.51010436054344,26.69838001755771],[86.50255934915491,26.723440249360948],[86.51075197168389,26.73690127041086],[86.52852598390895,26.744722918707854],[86.52779352025217,26.75128360884146],[86.52014966705205,26.760611501991075],[86.52475699068164,26.77164652831132],[86.5251228723038,26.785103602716376],[86.53127891396473,26.788832245123324],[86.53820552450365,26.78777006226489],[86.53791573903807,26.78329390387413],[86.5476801223379,26.781878940464296],[86.55756635495848,26.790247817154736],[86.56389028196219,26.791090897974527],[86.566590948428,26.78096953459046],[86.57151118955292,26.784677177444276],[86.57787328136489,26.78443888740422],[86.57722504942528,26.775759296046417],[86.57270919354195,26.768235390898386],[86.56884922602748,26.768059865035266],[86.55318095168022,26.74597635215823],[86.57392270990152,26.739581924251524],[86.5720769971583,26.72235814110547],[86.58332147413513,26.712208313106306],[86.58120086320159,26.708151703117704],[86.5863960493558,26.696472213542133],[86.60189689146583,26.699884422208328],[86.610700294725,26.68904415308383],[86.61629941488981,26.69512243408759],[86.62739884687637,26.690045705314915],[86.63378364162683,26.698548027042435],[86.64193841110995,26.698206779556536],[86.64892620303678,26.68985725843643],[86.65660034106381,26.691529986263994],[86.66490739950152,26.704489423364105],[86.6690039137569,26.70153717625879],[86.6704534752829,26.693681521322812],[86.6848255033698,26.688105166904464],[86.69114941587529,26.689699677682324],[86.70275201285415,26.699392169775777],[86.70626854278139,26.707173529019226],[86.71796289172258,26.706826620709286],[86.73694987058768,26.71233297590122],[86.74671455094702,26.696953632074727],[86.75314533112946,26.69523346395406],[86.75313789102418,26.6863059479594],[86.75992697802862,26.69540331853764],[86.76413786404171,26.69505246887396],[86.77579390362745,26.70265850665629],[86.78140080041094,26.701695475660344],[86.79995284510198,26.712673528004547],[86.8062844169364,26.712812860360728],[86.80842808023222,26.708943226003473],[86.8142790901437,26.707787574037],[86.82391362485558,26.714340813865913],[86.83756093385364,26.70985535664651],[86.84046011006305,26.691798212589873],[86.84620425705664,26.69373409998202],[86.84821057799334,26.691340621585745],[86.85075072802887,26.69645381849221],[86.85851641179964,26.697928202648225],[86.8616134620145,26.70177885500112],[86.86566416831636,26.700653687317043],[86.86655649452013,26.70993214028128],[86.87129366471915,26.71315726524037],[86.88494852977836,26.71210854956091],[86.88919738833759,26.71974116253984],[86.90408776945397,26.732094232244147],[86.90342401557865,26.735977242183186],[86.91115913234128,26.739946219615483],[86.90869474516616,26.759294532283636],[86.92131959757782,26.766574460737417],[86.92781917149198,26.758429001053116],[86.92472221634509,26.750153687729707],[86.9325110178094,26.740730438449866],[86.94882835594477,26.732201803960674],[86.96708305203018,26.73570179648791],[86.97323947425798,26.721666953995847],[86.98278275113687,26.71497291134858],[86.98414084098246,26.70403143416767],[86.99051831123883,26.698224176182332],[86.9913268200119,26.703001679998376],[86.99587334783969,26.703060881030108],[87.00083165487273,26.710350214568415],[87.01000098563483,26.710886290853267],[87.01459372692636,26.690243036356257],[87.01076440006436,26.684054165850938],[87.01338885227047,26.670908007869386],[87.0062640190344,26.666368792627964],[87.00189317070844,26.65569994289049],[86.9949055859774,26.65409588274563],[86.99111436467618,26.649594868648816],[86.98567574186534,26.62940916360268],[86.97884077969407,26.62523613242787],[86.98940652993976,26.606006199998713],[86.98254138256529,26.58636020196264],[86.99233655758624,26.572123257335875],[86.97387611356116,26.558091803350585],[86.96431799647,26.54509800910506],[86.9509074242753,26.53729740542962],[86.93362915936252,26.53379933832836],[86.92648149508726,26.526609140307606],[86.9167708328175,26.512472941888827],[86.9162447048387,26.501462771334037],[86.9108667265084,26.499195040242927],[86.90409293034871,26.488352595114332],[86.89162053314585,26.486149587502815],[86.89396295832871,26.462134391166547],[86.88454189201634,26.46141522331506],[86.87294686808248,26.4541143333417],[86.86095494029654,26.45762906621388],[86.85605006552107,26.44854888922836],[86.84591191939717,26.44829506203912],[86.8464079024317,26.441764879093046],[86.83793272572518,26.44261343144079],[86.83343204003562,26.439085068378],[86.76628639050148,26.45936490575571],[86.76254091549337,26.455910936015584],[86.76412772012411,26.45128986097003],[86.75353959267726,26.44652744892097],[86.75305909586132,26.44207417095576],[86.74398144011857,26.435025073337833],[86.74709385773802,26.43366911943194],[86.747032936451,26.428575035342668],[86.72972421036356,26.422517533757485],[86.73040306388336,26.426106861666508],[86.72507080597894,26.42622883152589],[86.72014267529181,26.434935034162677],[86.69981292369701,26.43742547164227],[86.69336663459686,26.451242895991303],[86.63960901102513,26.46354140837341],[86.63716786202792,26.46641549034143],[86.63337658269644,26.4645940681451],[86.63021070951176,26.46871352764046],[86.62744163280662,26.467065676158683],[86.62985978430207,26.46961180435916],[86.62613712402981,26.46955834082871],[86.62935613376317,26.478100661836198],[86.62701423467344,26.47708409468141],[86.62060622263792,26.484439987062437],[86.57026613341682,26.496545932751093],[86.5545893571135,26.516208712541793],[86.55526053247287,26.522212531279276]]]}},{"type":"Feature","properties":{"name":"Sarlahi","DISTRICT":"Sarlahi","DISTRICT_NEP":"\u0938\u0930\u094d\u0932\u093e\u0939\u0940","COUNT":100.0,"ID":66,"VAR_VDC_CO":853.3029,"Z_CODE":3,"ZONE":"Janakpur","AREA":"Tarai","DIVISION":"Central Div"},"geometry":{"type":"Polygon","coordinates":[[[85.68063505805172,26.843863252174902],[85.64236320692996,26.853293639837638],[85.63439878191862,26.872287114394716],[85.62849438697077,26.87312617846064],[85.62346726402374,26.873641036117125],[85.60692160027232,26.857315312219644],[85.58518087370567,26.84724886901566],[85.58376177366313,26.858211315032058],[85.57817782360088,26.856435641241728],[85.57532471057425,26.861110092833016],[85.565705704175,26.841010172258457],[85.55763480081613,26.84407488080691],[85.5534012342019,26.83437489723271],[85.5429883935948,26.838442744970422],[85.5198061755,26.814471033305512],[85.5074862694165,26.816866254523518],[85.49775252951369,26.812187787635917],[85.49551770724146,26.797142011384633],[85.47946745720914,26.802506652452223],[85.47691977361033,26.79235660157172],[85.4639210525366,26.78907604587178],[85.4516471144177,26.78146238957487],[85.43223267420561,26.790301859425504],[85.42513834915513,26.78610976603583],[85.41746409548158,26.790587702266325],[85.40736408353371,26.791441958757797],[85.39741690634408,26.778717098683614],[85.38386896163479,26.77438377226948],[85.37487534826501,26.76089224121172],[85.36900915951652,26.75848528784946],[85.3612357298159,26.76333893744472],[85.33413246329634,26.741791194347883],[85.3257869382727,26.744903580237043],[85.33157676651291,26.751233600676436],[85.33285815501223,26.760540657544908],[85.35089928211083,26.761927461460864],[85.34536859798335,26.76692227775092],[85.34545233982323,26.77563427560043],[85.3293716496852,26.777360019657323],[85.33781621113881,26.78102003039462],[85.3408369374202,26.78705057988566],[85.33144616198602,26.798363820953202],[85.32560280547038,26.798682227804054],[85.32152149859395,26.804596327182793],[85.33530543143179,26.833978551890176],[85.3489449406117,26.837032161712933],[85.352392888727,26.841416821811478],[85.35214861929374,26.849598617789756],[85.3431775204394,26.855053009086834],[85.34219337144333,26.859435691812855],[85.36003595756947,26.871014460298145],[85.36976212188745,26.872956122994356],[85.37899232574382,26.88072230381335],[85.3901526642608,26.880833097262578],[85.39526345696747,26.892552795750806],[85.38590288570302,26.91946485476086],[85.39849694438048,26.94066335271527],[85.39735248809967,26.95061881019782],[85.40064787163196,26.954782234918344],[85.3957577650559,26.970230308666864],[85.40132633628664,26.978091789948223],[85.40115839517411,26.983958270392705],[85.38594687917143,27.009132792404145],[85.3997463078678,27.025948610301583],[85.40226350829367,27.034452761846165],[85.41091406224486,27.036644248697726],[85.41533064179018,27.04968751663716],[85.4234166751186,27.05285165590785],[85.42431663379327,27.062456223762965],[85.43369183030762,27.06737498843195],[85.43138018346545,27.079577082484597],[85.43432454483587,27.08948873863531],[85.44271575363075,27.090642716386263],[85.44923781966355,27.10111323332343],[85.46408248918112,27.110214529430966],[85.47164204666336,27.119161227162724],[85.47371676898484,27.12914152765308],[85.48816474679174,27.138965638524933],[85.49093367780999,27.14768339768912],[85.48944600012251,27.154696070324878],[85.50066758763754,27.14365559276451],[85.52077608602977,27.140892414786656],[85.53079216319932,27.14100891433163],[85.53665823874805,27.14885895741361],[85.54594972010315,27.143950029008614],[85.54678891002806,27.14064490149517],[85.55173211007077,27.140568694215215],[85.54976388071739,27.145719952681105],[85.5535551699763,27.14680519876927],[85.5689188197378,27.143504120511775],[85.57108541326846,27.137075055316235],[85.58070467763926,27.143952498314395],[85.59468758893537,27.140639954916868],[85.60005028869637,27.1436285912742],[85.60497831162814,27.13962740964857],[85.62280584492103,27.140682368783196],[85.6297706338656,27.13742883442517],[85.63345506812288,27.141355775843],[85.64678180470588,27.144624897178158],[85.67107779284812,27.166470120823952],[85.68171934260165,27.169353948847906],[85.69489327694774,27.184098564446096],[85.71685534433138,27.187848436977536],[85.72475058247,27.195128268228927],[85.74318856401045,27.187553254887963],[85.7694456044611,27.18217353283614],[85.79368892041057,27.168472755745118],[85.81581904833625,27.160808165966376],[85.81034959635186,27.15561673449858],[85.8102047589501,27.15063899447884],[85.79934215479119,27.13946465346824],[85.79323948392705,27.1372960907086],[85.79241577389034,27.12964828860808],[85.79757269612425,27.123404268307482],[85.79085981391118,27.118285289300932],[85.79771782011852,27.114385220037367],[85.79217214417334,27.10623003071684],[85.79642112349325,27.108007591349953],[85.8009524489838,27.105110660222312],[85.79885475389096,27.09956454851027],[85.79448367320501,27.100087044091623],[85.79753514060036,27.094722198672198],[85.78655029694704,27.092549741738047],[85.78781667817414,27.08923127046211],[85.78188955965797,27.082174610104257],[85.78088281056404,27.072417464202434],[85.76513055252171,27.053915660115088],[85.75699114806353,27.04936118304171],[85.74772294919079,27.034565134347815],[85.74744848312136,27.026875382503142],[85.73961447739788,27.00933683293506],[85.73909608559426,26.992605138988736],[85.73386312528125,26.98674238417457],[85.7353202926184,26.979634349805654],[85.73063677974159,26.963724582048748],[85.71944626131277,26.947015600315495],[85.71756992097205,26.934876371759763],[85.71133757979621,26.932004058306408],[85.71345077716887,26.925464373602775],[85.70702769473884,26.924144501308874],[85.71162767806855,26.92112551041254],[85.70563178045495,26.92006883584184],[85.71142952691042,26.911835635121935],[85.70723392694104,26.91096017176485],[85.70519725033681,26.90574209525081],[85.70971329066995,26.904246939438842],[85.69772160541598,26.89665235603002],[85.6948383111674,26.884743879400645],[85.68794230263211,26.881694187673414],[85.68897232087947,26.87248824777269],[85.68348749653464,26.872873409559514],[85.67619491871598,26.864466443648936],[85.68063505805172,26.843863252174902]]]}},{"type":"Feature","properties":{"name":"Sindhuli","DISTRICT":"Sindhuli","DISTRICT_NEP":"\u0938\u093f\u0928\u094d\u0927\u0941\u0932\u0940","COUNT":54.0,"ID":67,"VAR_VDC_CO":247.5,"Z_CODE":7,"ZONE":"Janakpur","AREA":"Bhitri Madhes","DIVISION":"Central Div"},"geometry":{"type":"Polygon","coordinates":[[[85.47870072559715,27.37695085651851],[85.50162412712733,27.37260286209381],[85.50597247707104,27.364388715685042],[85.51025962224685,27.364894187579413],[85.50385193329042,27.35708418820407],[85.5135019781381,27.350666689707513],[85.52317479138851,27.349987891335648],[85.53320598781603,27.356726115629563],[85.5503472534565,27.34342191789857],[85.55525225815188,27.345905144040085],[85.55905895878124,27.33936358395084],[85.56458943175488,27.344776246425305],[85.56507009551939,27.341097307026793],[85.57071511646822,27.340530966961037],[85.57700088710875,27.34168681951629],[85.5781450847335,27.34467347963199],[85.62292373744006,27.344849670798034],[85.63145985036594,27.347628569402296],[85.63519763912349,27.35362479973271],[85.63929418402518,27.34881114819857],[85.64179627561366,27.34982390092042],[85.63934000699636,27.34624599384616],[85.64345934652833,27.345847460920613],[85.64165148310148,27.34266244320867],[85.65064554214607,27.33362065685627],[85.66098961561272,27.334864306564473],[85.67208116724387,27.341182970806884],[85.67241675106686,27.344366057323434],[85.67911446245886,27.345165274914685],[85.68926801787619,27.337086632936973],[85.704120315243,27.345899948892825],[85.70437181829955,27.35725529424441],[85.69543883492254,27.3638978504284],[85.69634643212585,27.37270140139364],[85.70054178791153,27.38528694123909],[85.7116103358196,27.397298533298187],[85.7144173947992,27.406447314555628],[85.72719483456117,27.412037465004428],[85.73438849306024,27.40790472782358],[85.74397737112903,27.40838168051008],[85.75831890823584,27.400598721632782],[85.77349182844377,27.398216906090184],[85.77899148086952,27.4183644307102],[85.78454486560585,27.422422998332113],[85.78497941783621,27.435231616105376],[85.7908073399199,27.443356292719447],[85.80310440336905,27.43871442397837],[85.82151908377806,27.451031287656516],[85.82888817037771,27.448130591464228],[85.82679812231959,27.4418349606537],[85.82997924906373,27.43763731356783],[85.85221627209968,27.425103705322588],[85.87851151421879,27.41670683485077],[85.88584233155244,27.4199358100898],[85.89139593437443,27.413548761292464],[85.89614836538465,27.416291363196272],[85.91789706299467,27.409048260748367],[85.92538824335155,27.40431095371076],[85.92753959000018,27.39761679235713],[85.93356606457584,27.39548848131828],[85.93376453119541,27.389347369162177],[85.94451311471693,27.38082055209363],[85.95201181124371,27.381467210670206],[85.95570378956478,27.38929242665829],[85.96595644951357,27.38451130054383],[85.97017514638065,27.37516810207386],[85.97738407349902,27.370592900405974],[85.97861258085055,27.354536382282628],[85.98299898341212,27.350880393572407],[85.98350277385431,27.335748844669112],[85.99766866413275,27.33747889225061],[86.01850216508045,27.32036230894899],[86.02311747372474,27.314129725068774],[86.02150036209137,27.308976500384844],[86.0307688530878,27.309333297639373],[86.0386492122197,27.298430086696722],[86.04767363517276,27.29686062911341],[86.05488264653883,27.28831468011315],[86.07421292904529,27.291576279678484],[86.07617373461504,27.276870054187956],[86.09118658524851,27.268740000591215],[86.105840747624,27.267956395313725],[86.11237818281947,27.27267295902219],[86.12790976290337,27.264645902066295],[86.13489002168248,27.251429266858135],[86.14833143548164,27.24276899111965],[86.15157350847097,27.242526833741483],[86.15689028994714,27.252514821023503],[86.18216317181086,27.252089944662448],[86.19139346450307,27.255198802209197],[86.23012320229499,27.237430264073957],[86.2396662426922,27.241338235550774],[86.24319043835482,27.24716854244536],[86.25280214982836,27.250336529620302],[86.2574553062225,27.258136971932466],[86.26596090385921,27.261133294440242],[86.26666287456715,27.25364953431],[86.28131718708265,27.2458780257463],[86.28788523975994,27.24569314037594],[86.29492640265002,27.238440255911083],[86.30611728548988,27.23721222162246],[86.31588175468003,27.231439354491222],[86.34098685764829,27.229023383234605],[86.3431458918969,27.219682054288214],[86.33991164927166,27.210367334365046],[86.3435734384033,27.202870273321402],[86.35807505003353,27.201463020444574],[86.36873973741572,27.192554765027307],[86.37902280052498,27.193294925131784],[86.3842103399178,27.182473675489693],[86.38980964389584,27.17961490806714],[86.38455375096383,27.176193338470554],[86.37375993366285,27.158992301350235],[86.37045700549643,27.151066006271822],[86.37421787597748,27.1477246909625],[86.37049523322635,27.14701324987088],[86.36790934143772,27.140637504034054],[86.36352298150204,27.14213075159435],[86.35915196811591,27.139378617201253],[86.35556653877015,27.14329208949156],[86.34497068237806,27.143902207861615],[86.34303299670741,27.147350356125923],[86.33659482615424,27.138043210057575],[86.33795276913457,27.13385888055114],[86.33513025646894,27.13413155958814],[86.33664846637453,27.126600132213834],[86.3262131486577,27.110962988761628],[86.30643275826671,27.108899086742895],[86.31119300267271,27.102977373583812],[86.32308575507813,27.099123163542888],[86.33236186998998,27.099893820622846],[86.34118778651957,27.106500440587617],[86.3549036915993,27.104290250702995],[86.35611669442991,27.100134526217186],[86.3626237297928,27.099551039084275],[86.35702459894803,27.094195583340294],[86.3582758703961,27.08403033548642],[86.35360744105336,27.076908846796353],[86.35524758028807,27.075306843313495],[86.35148681111431,27.073840158479445],[86.35086899440518,27.06987321374793],[86.3469937541701,27.07054829009695],[86.3460326668714,27.066232325641277],[86.35086905922792,27.066793118105313],[86.3511590469333,27.061632293981916],[86.36329598673919,27.054083880247983],[86.36698847874867,27.037571577771608],[86.3826191944968,27.031489844181685],[86.37936949778268,27.03144592420878],[86.37403741825199,27.023323154253927],[86.37538007335868,27.02061116678254],[86.37198553540902,27.015887024414898],[86.37409115257704,27.007356243183757],[86.37309954001776,27.00358382414709],[86.36663835355569,27.000393002915732],[86.36515124401579,26.97998233565317],[86.35298427027652,26.964610258523788],[86.31503301168871,26.96345387010613],[86.29658014658698,26.95239954445137],[86.28347462493892,26.949193355141254],[86.27837152766119,26.934727307952738],[86.26307674719796,26.927107867368807],[86.2596822753958,26.91914342605972],[86.25541772407587,26.93245165839139],[86.24141183009681,26.939893241620915],[86.23418751721549,26.950470342131258],[86.22664305019966,26.949570027222066],[86.21880095873362,26.954301610272367],[86.21020352028482,26.96556717964567],[86.19860825210094,26.9705523549808],[86.19152130389453,26.97858337195043],[86.18726468141826,26.977456157629565],[86.18757734202399,26.982451067272912],[86.14038009774892,26.999307845131547],[86.10640288737055,27.015241768239868],[86.0891778867521,27.019139757822266],[86.05526205397591,27.01823709950487],[86.04753442294975,27.021402889936798],[86.0122912875549,27.01869029742637],[85.99166397736315,27.024848240020756],[85.97089894582466,27.050970536821136],[85.96201127006547,27.079850810134396],[85.95560332733935,27.084244845930684],[85.95001171885035,27.083985377233077],[85.95097281746418,27.08783026694326],[85.9441300592814,27.09208125706935],[85.93589864749096,27.110203140271224],[85.93795807981154,27.12156996349214],[85.91411154899404,27.129738019177076],[85.88302549748532,27.146410068233347],[85.86246736988952,27.127172012463216],[85.8535190398323,27.138044694370365],[85.83565315456015,27.14709205901956],[85.83464615264319,27.149716321069075],[85.84354827866542,27.159937040733507],[85.83155630316706,27.16674928759306],[85.82456866315893,27.16826347300465],[85.81586480844511,27.16130784765764],[85.80899924605144,27.16168917077919],[85.7694456044611,27.18217353283614],[85.74318856401045,27.187553254887963],[85.72475058247,27.195128268228927],[85.71685534433138,27.187848436977536],[85.69489327694774,27.184098564446096],[85.68171934260165,27.169353948847906],[85.67107779284812,27.166470120823952],[85.64678180470588,27.144624897178158],[85.63345506812288,27.141355775843],[85.6297706338656,27.13742883442517],[85.62280584492103,27.140682368783196],[85.60497831162814,27.13962740964857],[85.60005028869637,27.1436285912742],[85.59468758893537,27.140639954916868],[85.58070467763926,27.143952498314395],[85.57108541326846,27.137075055316235],[85.5689188197378,27.143504120511775],[85.5535551699763,27.14680519876927],[85.54976388071739,27.145719952681105],[85.55173211007077,27.140568694215215],[85.54678891002806,27.14064490149517],[85.54594972010315,27.143950029008614],[85.53665823874805,27.14885895741361],[85.52809172435687,27.14040620221001],[85.50066758763754,27.14365559276451],[85.4897969110458,27.15445386426657],[85.49459499827263,27.162969495045843],[85.50358124765488,27.16280752974244],[85.49949232396612,27.168036948117393],[85.5031385821879,27.17365364851503],[85.50072033835339,27.175810628719063],[85.49020850084145,27.171500235127347],[85.48051263545761,27.180383717582743],[85.48242729070701,27.18391393632216],[85.48810282083583,27.183593621795858],[85.49232124916811,27.1871868146112],[85.48680580864897,27.192793831158987],[85.48859073280751,27.19871946426548],[85.50383235406208,27.19405856542984],[85.51040031874328,27.198061839696127],[85.50145201019745,27.20819644293108],[85.5037554985588,27.222343931721948],[85.49166453968294,27.220263004457443],[85.49183939795637,27.24967360904945],[85.48221961530821,27.26850302759367],[85.47474378371686,27.268907228614975],[85.46106586775456,27.279318295159467],[85.44793731963837,27.28363021372476],[85.44085820971748,27.28180683686241],[85.43536568371582,27.285991097795627],[85.43230658336545,27.29171258378122],[85.43338203752282,27.299080031398358],[85.42592140333583,27.302447988100955],[85.41939879186396,27.31914141522338],[85.42618782382446,27.33078103423985],[85.44710477955292,27.335265148496887],[85.4483326708902,27.34904643895371],[85.46738059583718,27.357211377675764],[85.47275843163756,27.366035978834237],[85.47214040230158,27.372413573006423],[85.47870072559715,27.37695085651851]]]}},{"type":"Feature","properties":{"name":"Sindhupalchok","DISTRICT":"Sindhupalchok","DISTRICT_NEP":"\u0938\u093f\u0928\u094d\u0927\u0941\u092a\u093e\u0932\u094d\u091a\u094b\u0915","COUNT":79.0,"ID":68,"VAR_VDC_CO":526.6667,"Z_CODE":7,"ZONE":"Bagmati","AREA":"Hill Area","DIVISION":"Central Div"},"geometry":{"type":"Polygon","coordinates":[[[86.0032726848605,27.831600279640842],[86.01976573521632,27.80956312075786],[86.02256554305978,27.800759635599007],[86.02181816896176,27.791063530910158],[86.02609782471421,27.785036921558586],[86.01978941609102,27.7724666053124],[86.03409298612915,27.756627735406955],[86.03058422321475,27.742789192799744],[86.02790673066305,27.739411535268836],[86.00461713197473,27.74523566233503],[85.97724668048474,27.735369368192533],[85.96981650997755,27.740947738068478],[85.96103620701123,27.742194884158927],[85.96095242871388,27.73591073159996],[85.95324789183732,27.729500576690146],[85.95185967427683,27.722487860096297],[85.93633618891815,27.708969521374964],[85.93889965703045,27.693481372337335],[85.9342006947746,27.687553784091214],[85.93915190941142,27.669201093359195],[85.91825024090747,27.663532608941054],[85.91506955438356,27.64690387013038],[85.90955432895576,27.642147275479164],[85.91063003882972,27.63709517878903],[85.89113213992832,27.624484590436733],[85.88515166137553,27.615984197491546],[85.88506023139912,27.610735641778938],[85.88015505309676,27.61658487497407],[85.87531103058105,27.616334953596596],[85.86699581775827,27.629025177446692],[85.85713986095932,27.632673444224825],[85.85015999712363,27.62731225006849],[85.84224175358266,27.62611440996728],[85.82370443200149,27.641995171732496],[85.81739570979668,27.644083426314804],[85.8158928330714,27.64807321753621],[85.82187333091271,27.65565244256747],[85.81258929866604,27.669052119640046],[85.79199273243809,27.665014280323003],[85.7799474288258,27.668673953860345],[85.76900070991208,27.6677430686704],[85.76668922781101,27.671559293059513],[85.75140953014694,27.67319539724916],[85.74581019184512,27.677995670644943],[85.73472617041104,27.676677626405652],[85.7313163211461,27.674743691418474],[85.73143847124643,27.670172188236947],[85.72572486283707,27.667553538143657],[85.724710395704,27.662371719146194],[85.7203317238141,27.661255947392682],[85.72290243015617,27.66415490038111],[85.72067489723037,27.666224151314932],[85.71338987358722,27.662033960686415],[85.70957582943606,27.6548533728786],[85.70529627103447,27.656392394382692],[85.70798152152635,27.65364038132557],[85.70750106050023,27.647546940157675],[85.70646371318749,27.642115280428072],[85.70603653157538,27.6417243018832],[85.70628041860061,27.652311050155788],[85.69397559302115,27.66351170137569],[85.6943339766998,27.670709396278895],[85.68673593762978,27.678543956510296],[85.68733844916275,27.684810952561627],[85.6810526356478,27.685831188395113],[85.67979365143918,27.70016742233373],[85.67142521399032,27.704725438181793],[85.66581055892502,27.71243034280232],[85.65776256784979,27.714415581291846],[85.65490943313738,27.720032172093354],[85.64416107041576,27.71830981260279],[85.61580607159347,27.731751130722863],[85.61063377931121,27.74349353717036],[85.6039283157656,27.7487972868518],[85.59561347015146,27.744164615214125],[85.58182122912066,27.749742881378676],[85.57395637633216,27.749042817331254],[85.56983713563255,27.744801186642803],[85.55409968160026,27.749164548941216],[85.550018332444,27.756936229619434],[85.56408511951575,27.75496825465877],[85.5656487397147,27.764513703472137],[85.55958411500657,27.76724086701236],[85.55120785864858,27.781010549368304],[85.53348688844332,27.791913589688],[85.50310317651467,27.784602878264415],[85.49779378117778,27.78643940257831],[85.48857882813545,27.77980608832011],[85.48095041769386,27.780952176406306],[85.47371878042055,27.777429501083063],[85.46791344561179,27.78381463518845],[85.46779873986505,27.797285026184756],[85.46269520211449,27.80437010564735],[85.45143555717866,27.811436012084734],[85.44833051022677,27.825568143793912],[85.45484472389282,27.84612952741646],[85.45135845974231,27.85053886348183],[85.46010042762289,27.858324104188895],[85.46097758836031,27.863294222063374],[85.47029172306596,27.86925048946178],[85.46849116255655,27.881776798563465],[85.47548632306626,27.885083958871046],[85.47971967184455,27.904464761388343],[85.48763761330308,27.919874882023628],[85.48257203788856,27.93551174191361],[85.48258693639207,27.952600047024784],[85.47857426220453,27.959450559910476],[85.48389864406718,27.97044742959301],[85.49200758536891,27.971961862219448],[85.48731569571126,27.99256692261494],[85.4944175059402,28.002829558434456],[85.4927925508937,28.008015145059773],[85.49720893323932,28.0294881209],[85.4945083122069,28.037694657318113],[85.48410305414988,28.044430632597162],[85.47928931331421,28.05536439630346],[85.47029527059223,28.06380922504421],[85.4430997889575,28.07773879169399],[85.4446862466637,28.0894183668626],[85.45725012285656,28.092809534999155],[85.47352120259217,28.105236967074447],[85.48930431569752,28.10582845409665],[85.48896090587604,28.11209543030871],[85.49539904387335,28.12238094009617],[85.49038684911454,28.138757780705507],[85.50291237764304,28.151814518973538],[85.52674332849398,28.157397221756277],[85.53279243050675,28.167083871662808],[85.55563178735117,28.168156086537916],[85.584490277771,28.153347344449447],[85.60160063848639,28.15821855985066],[85.61339429797451,28.149872953267902],[85.61496608562548,28.133915633586863],[85.63144348115337,28.129889860202514],[85.63718741782506,28.14096493093844],[85.64881295669917,28.146505474106544],[85.6510632262792,28.15135355471797],[85.67716741126834,28.158139728042983],[85.68873971326454,28.15612403732204],[85.69818359317287,28.15890867428005],[85.70299699723252,28.163863600181003],[85.71282239570546,28.162021433361986],[85.71295190778052,28.169953382921694],[85.7193291458957,28.174189329734805],[85.72669826220526,28.169673260076458],[85.74358746078143,28.171731389050166],[85.74864500672857,28.175114805859362],[85.7785025249282,28.17411595081168],[85.7811418465942,28.17871991989829],[85.79811478253818,28.188881644750868],[85.79981576169287,28.195844775389347],[85.8158657327441,28.2027661918761],[85.81781880376043,28.193318072168978],[85.82846821272354,28.184817966909343],[85.84831730143374,28.18335931435198],[85.85059090809018,28.16730092526367],[85.85879155687557,28.161074132761115],[85.86072936993845,28.151690856107358],[85.87129483681257,28.144611595669822],[85.8685488360622,28.134545469775592],[85.87099782200677,28.121874228550933],[85.87824489399871,28.116988164688784],[85.88864239296771,28.116555412442064],[85.8973389041019,28.10956194279576],[85.90262581707064,28.0891628682784],[85.90016207346358,28.078757268786337],[85.89543255445783,28.075040100405968],[85.89978119819855,28.053580618503496],[85.91400059795073,28.04952620180981],[85.93491818751203,28.023907447402312],[85.9390832817051,28.024138286704613],[85.95333331975783,28.014358524656263],[85.96605777444262,28.00024562984035],[85.97417437844008,28.00024386091182],[85.97714189737356,27.99671563353031],[85.97830160292112,27.987896865534356],[85.95977268880897,27.967575575960506],[85.95783531118235,27.956780919299874],[85.9487654975952,27.941035108909876],[86.00062391835725,27.911335515988664],[86.01375992115604,27.91512148691623],[86.02319639895076,27.907637883007244],[86.03965090793255,27.904153749986634],[86.04737841343933,27.906560739831658],[86.06501539424862,27.899784838776974],[86.04779078791066,27.886121524594454],[86.04856135685722,27.88141080899319],[86.04248945252269,27.867823972017277],[86.03045959208049,27.86278118952792],[86.02493699677154,27.846142877566212],[86.01051948407641,27.839524726007244],[86.0032726848605,27.831600279640842]]]}},{"type":"Feature","properties":{"name":"Siraha","DISTRICT":"Siraha","DISTRICT_NEP":"\u0938\u093f\u0930\u093e\u0939\u093e","COUNT":111.0,"ID":69,"VAR_VDC_CO":975.6351,"Z_CODE":3,"ZONE":"Sagarmatha","AREA":"Tarai","DIVISION":"Eastern Div"},"geometry":{"type":"Polygon","coordinates":[[[86.30559618055807,26.61906838953028],[86.29287212486392,26.613319935231537],[86.27563185447765,26.617393388637737],[86.25327306250077,26.614854561227425],[86.25215926938235,26.61713171691447],[86.24778066415735,26.612384671168705],[86.24839863970325,26.608711450799508],[86.24386737685462,26.60834710444012],[86.24320381839563,26.60284106197483],[86.24019821477849,26.603504711372473],[86.234522796676,26.597998586236475],[86.23442377343436,26.59084284146661],[86.23133422425863,26.5931314077516],[86.21728280380415,26.588492912044224],[86.20537470268661,26.596689779859222],[86.19564853743812,26.59442770317426],[86.19545754888539,26.608106001786382],[86.19020150338761,26.611901205320688],[86.19392416330716,26.61188600914109],[86.19225348520415,26.61474866019553],[86.1738156554633,26.61401599940469],[86.17155758438378,26.617183789730152],[86.14654422929192,26.608791782932514],[86.15527839965293,26.625924132036268],[86.15104439532836,26.637821056447223],[86.16597314358239,26.639362304012632],[86.17008458819951,26.652277800097714],[86.18250357074237,26.654890842298784],[86.1889265037323,26.663715473676714],[86.19650144297336,26.666767087839457],[86.20017796308761,26.68480717137648],[86.19299172881605,26.69855591859969],[86.19296093215831,26.712382978077923],[86.18341759531978,26.7225671651591],[86.17500295499943,26.74772655264928],[86.16256861407072,26.750152280962965],[86.15727440996473,26.754784735084506],[86.1477919868499,26.770539796685863],[86.14801301917448,26.77987163436016],[86.1445190621255,26.787200871110407],[86.15239890313235,26.801588770391994],[86.1549387623971,26.82094478611298],[86.14935456721648,26.831029863403273],[86.15515949244863,26.844942839888876],[86.15296999675428,26.852003185080246],[86.14497536392822,26.855462677737258],[86.13984127455514,26.864075418770216],[86.14155752633954,26.870771556979207],[86.1310604238693,26.89148336004557],[86.13432524029773,26.89817761647205],[86.13186103432342,26.909500504094783],[86.13349336116953,26.916787866352575],[86.15223597563329,26.934174031028462],[86.15877350965431,26.934315270930274],[86.15690490112608,26.91743097441972],[86.16851540178357,26.913614899746868],[86.17847074220549,26.900026406382683],[86.18432933788459,26.900713088580112],[86.18705280045421,26.894695980280968],[86.22744546039286,26.880686505839993],[86.24624218131771,26.86396084732374],[86.27121717438251,26.882537200193138],[86.28753423315437,26.886706568818763],[86.31040425543938,26.882764809225872],[86.31426430279491,26.87904396484381],[86.34080348016616,26.880179181341738],[86.36604601254605,26.87256423285073],[86.37404034144689,26.883770959306332],[86.37706090898487,26.897115551488177],[86.38279735511804,26.902389001678753],[86.3828811393723,26.908518680899096],[86.40346253369329,26.909815909619418],[86.42823972786273,26.90253089741906],[86.4519185695958,26.888744288626807],[86.4795562664766,26.888557851145436],[86.47738991209292,26.88325966699617],[86.47994568221436,26.871055661606583],[86.48815387556037,26.869400367357702],[86.49609530808813,26.856637648636763],[86.50476881099958,26.85608280549254],[86.5054326465445,26.848234768250034],[86.5116955978409,26.846592791426502],[86.51252722241726,26.840449776442036],[86.51775261728157,26.84328774957282],[86.51963707831692,26.83156243433163],[86.53720528483407,26.831585617286752],[86.54047014976818,26.83589971533606],[86.54669490660535,26.83676758783856],[86.55178307671547,26.835495584341057],[86.55150853461976,26.8316735894422],[86.55463620008274,26.83067046526246],[86.5515849711993,26.824412953507768],[86.55346938651478,26.81487898854534],[86.54060825056384,26.798280576503046],[86.53536750344897,26.799975971784793],[86.53570323833189,26.795909867909856],[86.52323876739413,26.779839751770623],[86.52475699068164,26.77164652831132],[86.52014966705205,26.760611501991075],[86.52779352025217,26.75128360884146],[86.52852598390895,26.744722918707854],[86.51075197168389,26.73690127041086],[86.50255934915491,26.723440249360948],[86.51010436054344,26.69838001755771],[86.50686242947693,26.69166859295681],[86.50896806180464,26.682374934913014],[86.5034606637748,26.667552230924045],[86.49863196372822,26.663775931311598],[86.49845663838875,26.657617640491218],[86.50429248233023,26.652018254474044],[86.50578039557361,26.633962995140507],[86.51206641858673,26.623387780591024],[86.5095570230033,26.606562585478475],[86.51294412626713,26.602099837986295],[86.49443047588447,26.57876325769855],[86.49641423446552,26.56067558288124],[86.48593303210289,26.54985978222018],[86.45548769894894,26.568158679412292],[86.43044355355275,26.572998688210824],[86.39497886014186,26.585190707712524],[86.39690867285968,26.59359950170267],[86.34090831802877,26.606071536034133],[86.33897065211394,26.608598518831588],[86.3446154971208,26.616982580534376],[86.30559618055807,26.61906838953028]]]}},{"type":"Feature","properties":{"name":"Solukhumbu","DISTRICT":"Solukhumbu","DISTRICT_NEP":"\u0938\u094b\u0932\u0941\u0916\u0941\u092e\u094d\u092c\u0941","COUNT":34.0,"ID":70,"VAR_VDC_CO":99.1667,"Z_CODE":2,"ZONE":"Sagarmatha","AREA":"Himalayan","DIVISION":"Eastern Div"},"geometry":{"type":"Polygon","coordinates":[[[86.65725017637392,27.339793976809627],[86.63100851960512,27.338469940285446],[86.60697896191665,27.34344726393849],[86.57076702094314,27.340778495246152],[86.56389356311563,27.35339627649558],[86.56443491584739,27.365581255524795],[86.53608732286672,27.38746565098946],[86.53201355745564,27.396810759721607],[86.50977648214253,27.41077855821405],[86.50259021702709,27.425425571329363],[86.49134591610022,27.427563325763074],[86.48492291754614,27.422457696481768],[86.47343457867767,27.421326541724692],[86.4646159997572,27.42846686918893],[86.46032871360411,27.434403844359355],[86.46741525146479,27.445572407366836],[86.45451544268454,27.454507319929988],[86.45376770820415,27.461535262121078],[86.43988350874463,27.485658931523812],[86.42880710076504,27.48469752296676],[86.4231238872987,27.487459020567854],[86.40149675118366,27.51702755179032],[86.37536189623123,27.515980062157293],[86.35560413455863,27.526268953498075],[86.35853314619905,27.539785180022875],[86.36965513072651,27.549662649797533],[86.36923538465638,27.558199174841242],[86.37629143497904,27.568078482005156],[86.38826028244377,27.57278179048518],[86.39849735482288,27.583471703448023],[86.41345656193408,27.58680761658314],[86.42018454713357,27.598683734521444],[86.43479266818319,27.610289168979726],[86.46969241896176,27.61713272911098],[86.48410245181904,27.617245501938072],[86.49250138940646,27.613749788640277],[86.4998626447049,27.62037164080264],[86.50717783207246,27.640601212523457],[86.5137075705633,27.648203340157167],[86.52621808737895,27.650415884628753],[86.52882688397526,27.655618713470123],[86.52711802377108,27.660186376778807],[86.53301471409294,27.662822200191542],[86.53803403269268,27.670311778156663],[86.53660734095341,27.67861560928574],[86.54025320780974,27.70161624705462],[86.55096326801274,27.710879600047917],[86.56288559880349,27.749347599447358],[86.57276425159456,27.754598234406114],[86.56398364012124,27.769613297262914],[86.56883482258117,27.791118726165166],[86.56563070981139,27.799618964288968],[86.56708000727829,27.80400740711069],[86.54242488531656,27.811170338004313],[86.5403498807275,27.814877856428904],[86.5541029356389,27.857146889289364],[86.55102827207355,27.876163309404987],[86.55462103643178,27.885537153108746],[86.55166094222562,27.89807107603416],[86.55443743548668,27.908924875420496],[86.5478002563603,27.930458706689677],[86.53372561578075,27.94211703906141],[86.52173382282946,27.9404346978036],[86.51216722468983,27.967253266551715],[86.52014636273681,27.974370994484765],[86.5128381334669,27.984759264254595],[86.5211599361177,28.019351802025813],[86.53145808831651,28.027161876141296],[86.53566844503894,28.050181585872796],[86.54889606011312,28.050761600850915],[86.56534246018563,28.068994509999722],[86.5586063928747,28.077874210587453],[86.56685999692301,28.09184824715809],[86.56187073132016,28.105154537536066],[86.56826317187145,28.111822143452798],[86.57441162590862,28.11306191757655],[86.60436097417019,28.100145133022345],[86.60801515256834,28.09216175182239],[86.60260672747484,28.087569172180746],[86.60835879327749,28.076017498361765],[86.63480654069558,28.070733176853413],[86.64997168782565,28.07484722808718],[86.65795084300701,28.081102912774952],[86.66361835591496,28.09798725824905],[86.68909693761701,28.108667906468117],[86.73827728068699,28.103784499878998],[86.74830881434733,28.094962074031077],[86.74737835188496,28.08608795878903],[86.75084937709423,28.081348683605846],[86.76493153891039,28.074629946931157],[86.75521311477372,28.068193048106817],[86.75118564190217,28.054169496851348],[86.74686805410622,28.050566760770476],[86.75291765403428,28.037933721471312],[86.75866952684149,28.035023470239405],[86.77333885428561,28.03807140208736],[86.78010538315974,28.03163479680632],[86.77927398422361,28.027406568224524],[86.79009886351525,28.01893698333294],[86.80267797518921,28.02361932994032],[86.81182452008463,28.019061337493447],[86.8187663313334,28.020173346279275],[86.82807308033334,28.015277786220956],[86.83581589641341,28.01535039733461],[86.847319409277,28.01984772909338],[86.85204120524371,28.027709201910373],[86.86742772729514,28.025264474938254],[86.87250830701674,28.02215777267585],[86.87304255925153,28.010512552169494],[86.88992449906826,27.99697379617701],[86.92535096048142,27.987890541021674],[86.9330787454336,27.978089690163877],[86.93347577407502,27.962612944740687],[86.94944975979432,27.956864995563897],[86.97312072039138,27.954376552724582],[86.98328947950279,27.949511523166517],[86.97918570738001,27.936189807603803],[86.98109317705214,27.91987965101467],[86.97287750111713,27.915309903728975],[86.9670649514214,27.902716699359203],[86.97329751932307,27.89522350640741],[86.97399210796515,27.877397120181683],[86.98014836727253,27.870992924558994],[86.99059218297599,27.84701415377044],[86.98967694761703,27.839431194631118],[86.97673949669318,27.82592623008019],[86.99752690018644,27.824667864246024],[87.01015974562848,27.814788904233875],[86.99358368886402,27.795137036393747],[86.9831252438517,27.791412128981694],[86.98619210098299,27.780688116894915],[86.97944872036963,27.77535552414303],[86.982988730268,27.756104523160385],[86.97884664149719,27.75035239742705],[86.99368405531071,27.742146071158906],[86.99536253693584,27.73174434672619],[87.007865587774,27.726837398337942],[87.00746148845036,27.717721075130697],[86.9982010269807,27.69949018476256],[86.99077869701756,27.69509019014397],[86.98739186983603,27.68706662715388],[86.98752981280371,27.658954808549208],[86.98369301337618,27.646313956349584],[86.96824581290824,27.632860439237785],[86.95372960571238,27.604675886053794],[86.95691862104674,27.589210625446576],[86.95345570529533,27.572360634329097],[86.96204536880207,27.568378596004628],[86.96589023418797,27.561505189545745],[86.96670691742422,27.541569457190736],[86.94798713497987,27.527938513991234],[86.94288415385655,27.5092175496652],[86.96293215259058,27.483547266980246],[86.94798068013225,27.47514969092378],[86.94411337479427,27.461982454439138],[86.94041363206318,27.460626384419676],[86.94017737472588,27.45056791471458],[86.9307946452625,27.44155632529561],[86.91588878364243,27.44032211744744],[86.90601778807728,27.433498054810823],[86.89118051830712,27.435153225777135],[86.87129343878631,27.428237442892893],[86.85918701440849,27.435391061155933],[86.83511189246154,27.43086299445561],[86.82180013304931,27.4402403631946],[86.81079256489032,27.430750044862116],[86.80377477714018,27.415387590443913],[86.78860206901157,27.407468715479958],[86.77056082140014,27.411505899618188],[86.75174193858824,27.39448780787389],[86.74115365679695,27.397539110723667],[86.73415848108208,27.394598117976066],[86.68429932259956,27.392621412982535],[86.68091236663065,27.390227843864107],[86.68349859334909,27.38103719052247],[86.67876168592626,27.36601616200071],[86.67858650394486,27.353550833054992],[86.67063010591356,27.352629527395912],[86.65725017637392,27.339793976809627]]]}},{"type":"Feature","properties":{"name":"Sunsari","DISTRICT":"Sunsari","DISTRICT_NEP":"\u0938\u0941\u0928\u0938\u0930\u0940","COUNT":53.0,"ID":71,"VAR_VDC_CO":238.5,"Z_CODE":3,"ZONE":"Koshi","AREA":"Tarai","DIVISION":"Eastern Div"},"geometry":{"type":"Polygon","coordinates":[[[87.0448730643786,26.58733012206602],[87.04232558006069,26.568393668617993],[87.01528365028149,26.53217200330242],[86.99081954211894,26.523200199516022],[86.97933874884818,26.525194915238934],[86.97509746274865,26.520108388193798],[86.96126708378657,26.523844321053403],[86.95933716978801,26.520405638904506],[86.94676554384318,26.521025258089953],[86.94457627309583,26.51715554842536],[86.93270647954212,26.51687689707706],[86.92842736444695,26.496933421880414],[86.92986165764358,26.489678525909383],[86.90409293034871,26.488352595114332],[86.9108667265084,26.499195040242927],[86.9162447048387,26.501462771334037],[86.9167708328175,26.512472941888827],[86.9332858848957,26.53362005736032],[86.9509074242753,26.53729740542962],[86.96363907809152,26.54463836663178],[86.97387611356116,26.558091803350585],[86.99233655758624,26.572123257335875],[86.98254138256529,26.58636020196264],[86.98940652993976,26.606006199998713],[86.97884077969407,26.62523613242787],[86.98567574186534,26.62940916360268],[86.99111436467618,26.649594868648816],[86.9949055859774,26.65409588274563],[87.00189317070844,26.65569994289049],[87.0062640190344,26.666368792627964],[87.01338885227047,26.670908007869386],[87.01072628140012,26.682961350106623],[87.01455559595655,26.68972618947363],[87.0139756849481,26.6968437813173],[87.00955097369102,26.70789963671896],[87.01390648561744,26.722239810197074],[87.01837660634811,26.72803962654372],[87.0245250628421,26.72978861830574],[87.02535639710526,26.73733344287181],[87.03299989531934,26.744927971958546],[87.03429660107462,26.75065526050477],[87.04293183275347,26.756334996570494],[87.0640856534088,26.74446887959988],[87.06893718852986,26.75052045079705],[87.09865743702687,26.751259045876534],[87.1051338753677,26.75484275259153],[87.1269199228817,26.786155238407954],[87.13576074043172,26.809409656597616],[87.14204641049378,26.815648156857943],[87.1441822081338,26.822824917992452],[87.14211463693302,26.83544088714619],[87.1495902204648,26.84707673154031],[87.15261058628545,26.86926493252141],[87.15808764749845,26.875371823020643],[87.16624997773319,26.878221294817763],[87.17927168550527,26.87720690238776],[87.18538217867595,26.870713056852807],[87.21603326726458,26.863365224248213],[87.23363165926989,26.878798445380156],[87.25641798463207,26.865934906979525],[87.29690936006791,26.874920351818478],[87.30140261685911,26.86915502129229],[87.3105414172929,26.87045969458243],[87.32376942784119,26.854210740977855],[87.3335185040417,26.85537620092881],[87.35000367464677,26.846859018826493],[87.35394010164678,26.83911974519823],[87.34676206973549,26.8255481137247],[87.34976769816564,26.823875568408283],[87.34911935822407,26.820475052003168],[87.32350390503836,26.78698067518289],[87.32393899354078,26.77464693832721],[87.33837241064207,26.752975885170315],[87.33925766241919,26.736627537686076],[87.33498576837587,26.73601144284057],[87.33008085669074,26.728968133893748],[87.32509980976347,26.7150837620393],[87.31948528081051,26.71609065555081],[87.32165184489926,26.711646959670066],[87.31400068240492,26.705713582415193],[87.30408438022239,26.67688635307119],[87.29389302218242,26.66798344904847],[87.2890718249009,26.670029770993956],[87.28499852740804,26.65749379235274],[87.2849605071998,26.65186760467563],[87.28887390813789,26.650559346200268],[87.29529727975941,26.638866525214905],[87.29425226942841,26.635105543860714],[87.30126289455009,26.629597724474266],[87.30082075211644,26.61549219766755],[87.29374935691227,26.609103013925562],[87.28864611846724,26.60142460943104],[87.2894395915414,26.595926217048916],[87.28544999615947,26.593074910067923],[87.29128608341541,26.576589328795773],[87.28689983505019,26.57260896297743],[87.28390216350162,26.55903549460016],[87.27775366532575,26.559119303515253],[87.2724368484082,26.550616992362915],[87.26616633756176,26.54875547332883],[87.2599112384377,26.539688619935905],[87.26085727340092,26.534457235334273],[87.25402980330753,26.536570274634162],[87.25541832837351,26.5293592424739],[87.24599742061416,26.521182988214388],[87.24753084756735,26.515728473373997],[87.25055919035272,26.522020320481353],[87.25417511539167,26.519232082722258],[87.24992625822392,26.511502198888177],[87.25255060472847,26.50337764758215],[87.24525810720607,26.491234490781995],[87.2435878158864,26.4758244279057],[87.23859133260788,26.470034135429902],[87.24498404142138,26.465222424884264],[87.247051585375,26.453750758116144],[87.24422168819457,26.442418230662458],[87.24815053419115,26.432319767186716],[87.24252869282137,26.41847543169124],[87.24510718317444,26.414336890099428],[87.22877477269127,26.413779710365148],[87.21891909299939,26.40327096409232],[87.21092438615446,26.409606486545506],[87.21133624343615,26.413211068685722],[87.18592599190904,26.41433396068641],[87.18904619669661,26.40559530413639],[87.16248411084553,26.4041263158902],[87.1390417822304,26.415010202882563],[87.09150842380946,26.45041622673228],[87.08017109512431,26.521792326559993],[87.07267194083836,26.54203312109238],[87.0717784835858,26.58584679819913],[87.0448730643786,26.58733012206602]]]}},{"type":"Feature","properties":{"name":"Surkhet","DISTRICT":"Surkhet","DISTRICT_NEP":"\u0938\u0941\u0930\u094d\u0916\u0947\u0924","COUNT":51.0,"ID":72,"VAR_VDC_CO":221.0,"Z_CODE":9,"ZONE":"Bheri","AREA":"Bhitri Madhes","DIVISION":"Mid Western Div"},"geometry":{"type":"Polygon","coordinates":[[[81.80913520655436,28.3898090834279],[81.80371147414014,28.38778740931118],[81.79432851066599,28.392333984931124],[81.7913001022684,28.38924814018795],[81.77882007778463,28.390558203679614],[81.76848374950202,28.384357850590668],[81.76930014950672,28.374511130175247],[81.76671420695328,28.370176093355962],[81.75768985476137,28.37006917343355],[81.75225075950202,28.374377404662283],[81.73225676458935,28.377642222114652],[81.72443760035715,28.38314049781177],[81.71664902477113,28.38414547584883],[81.6954876878868,28.3995856666401],[81.68760739850586,28.411001897066914],[81.67378469317165,28.417720684609414],[81.67011552268002,28.41340661317828],[81.6584593504712,28.415452857144988],[81.64301166873695,28.430322877740597],[81.6316071663595,28.43637037233733],[81.62629006266084,28.444494856535705],[81.61216980014918,28.45436619588553],[81.60789030110558,28.4536414149012],[81.60007107443148,28.463003621112474],[81.57452343259179,28.478546741769865],[81.572601005237,28.48337758352744],[81.55734408911097,28.495009227686655],[81.53882243348151,28.49465997546442],[81.53940209826699,28.500129752071782],[81.53613709365547,28.504109977632574],[81.53020214128696,28.509379416845395],[81.51621928569227,28.513584550105602],[81.51191670844648,28.52455073272084],[81.49736164640375,28.533579096181118],[81.49119794992386,28.532428992024663],[81.4861402353056,28.539165057571758],[81.4761165587282,28.539809552367274],[81.4723403749297,28.548597751202607],[81.46910595245876,28.548452764458556],[81.46612318030104,28.553485752261555],[81.44536639791784,28.55431319751019],[81.4336490908933,28.563135623112725],[81.43074245097922,28.57735736490379],[81.42446430550503,28.577668153155717],[81.4217714333684,28.581368031528857],[81.42464721883024,28.58780667993196],[81.41682039325313,28.59558021079237],[81.40990146974268,28.595648780050187],[81.40153305347356,28.602051047561055],[81.40099136029843,28.606879999010303],[81.37934961424335,28.612330417532547],[81.3646038107397,28.623546304156253],[81.34554052104686,28.62474567091344],[81.31636184953469,28.63678336408605],[81.31024367021057,28.651129029237143],[81.3163081948929,28.652385932649242],[81.32112143885875,28.667628107746953],[81.3074055613196,28.673017598622348],[81.30209626344256,28.670597330386222],[81.30027303102092,28.67392913540589],[81.28533671497539,28.673314835614583],[81.28118652992939,28.695138543641043],[81.26662384878657,28.703989539615158],[81.27316876094132,28.71734172871316],[81.27245916351183,28.727091178734884],[81.2561268016662,28.729984149042313],[81.26110022998735,28.745878576690032],[81.24713245518616,28.761215868425623],[81.2507557792623,28.770086167232236],[81.24776530530261,28.779688735236274],[81.2326686815817,28.786054679520632],[81.22591743588995,28.795161334905778],[81.22793888789332,28.79897379542958],[81.23908385032726,28.803066726459058],[81.24211980831222,28.810853744202586],[81.22991433939397,28.81679442588135],[81.22963193813634,28.82603657249543],[81.23381984588524,28.82969076537994],[81.23201188858594,28.83192213223731],[81.20616671172115,28.850430895660967],[81.20843984432943,28.857580908013304],[81.20654793765576,28.862095157164376],[81.20237520023761,28.863704756105484],[81.19900350823099,28.861181526179674],[81.19933177254825,28.846278897687505],[81.19521267708718,28.83306215132762],[81.20669348202486,28.825260061499566],[81.207052094008,28.820436830895485],[81.20342105650404,28.81676166634526],[81.18179452878759,28.82507474909137],[81.17413549599011,28.835005290341705],[81.16537814468897,28.834885027326013],[81.1567505750523,28.8286808910991],[81.15299739522656,28.830418276109512],[81.15772674703875,28.844418877055173],[81.14919810877015,28.852718776049016],[81.1433925959621,28.87309872892656],[81.13695427722978,28.872259492114637],[81.12947859498236,28.86574259497337],[81.12601555153724,28.851661909527163],[81.10799742486279,28.848566343344462],[81.10244404263133,28.84482440411648],[81.0891704086644,28.862885143156984],[81.07289146455051,28.86489128118529],[81.0723038870594,28.87680727610086],[81.05880175170056,28.873477185815045],[81.05152424452366,28.87691190841598],[81.03924237666672,28.8901589607913],[81.02117794846399,28.91985719318872],[80.98717813856317,28.93413384390835],[80.98105249426543,28.9387815413564],[80.98234164242076,28.941480203702582],[81.00333461935651,28.95718029447287],[81.02083413477628,28.952895102906],[81.02854623266103,28.96324732116754],[81.04183471555855,28.97004464420527],[81.04991300789709,28.97831995862089],[81.06496388304879,28.970287147207443],[81.08947382795184,28.96778906433388],[81.09894830881512,28.963881392209917],[81.10767511101628,28.966067120293012],[81.11924736753255,28.96350975164779],[81.13255146029981,28.948815172006015],[81.14221664227897,28.94541671702235],[81.147541362722,28.937606921353545],[81.16878659853295,28.921455364078927],[81.1844095790343,28.91489489620839],[81.19452475683556,28.91622813752325],[81.20421290267406,28.908107528503972],[81.23663345059452,28.905990983503457],[81.24124084519657,28.913999252264507],[81.24568815746633,28.91516459052938],[81.25172221083017,28.91373047549625],[81.26130360339572,28.903025649105523],[81.26613235859278,28.90268051313679],[81.27241041675937,28.907446613367792],[81.27578200378707,28.91627304276229],[81.28351706786178,28.92163610618292],[81.302053904724,28.92575774054025],[81.30988832062722,28.920101173068726],[81.31630376593341,28.92023857201218],[81.32419931678913,28.908101439102094],[81.3366030429558,28.906983996978955],[81.3371676576333,28.900003759167724],[81.34233980504256,28.89270126885681],[81.35523940488838,28.889777742474923],[81.37484422751345,28.89302400061863],[81.38746141389619,28.89994528689976],[81.39439544657493,28.90852573830103],[81.40354183931964,28.908939712955203],[81.41406125597784,28.914144518645802],[81.42222366947611,28.9098649332919],[81.43146922366225,28.91071374445434],[81.44091330276477,28.900394165700927],[81.46536993477505,28.89329217958265],[81.4670863962212,28.888470873849545],[81.46236466791706,28.87509582254578],[81.46750640391235,28.861812443621695],[81.46314313565603,28.85274569590214],[81.49053676541863,28.840984528737316],[81.49824173791002,28.821283551778233],[81.5100964071232,28.80933337194594],[81.52237053612042,28.803345014555216],[81.51547488478602,28.780455055860664],[81.52783292432154,28.77457350084122],[81.53505720612296,28.761108965871703],[81.52002190501258,28.749551311861094],[81.54649994612642,28.749095843058633],[81.54921580229124,28.739548578755922],[81.55930053921426,28.73679284775905],[81.55943799286788,28.728271607828766],[81.5729403555858,28.718339235443555],[81.575213704595,28.712512856410598],[81.58562649793045,28.707590582950758],[81.60124175610679,28.70721507438948],[81.616277544402,28.689905782659284],[81.62984835801568,28.692185030429954],[81.63925439101227,28.676450988400834],[81.67526783307186,28.67915583056345],[81.69143242299093,28.673554680181503],[81.70163175193886,28.661074283195028],[81.71470685553311,28.655534121702964],[81.72743859256491,28.655337850877288],[81.7390796366107,28.6455637494229],[81.75103327072586,28.645983485043878],[81.777847169063,28.633625366496137],[81.78390402377407,28.63738257509283],[81.78235521925465,28.651913296309658],[81.79221862950162,28.65545313777104],[81.79773371716085,28.66819311812368],[81.81054153851292,28.67968971926067],[81.80723057936741,28.694359639905485],[81.81141846913,28.699047523517425],[81.81472120599535,28.719103384394952],[81.82006097243665,28.724109780941045],[81.84506697187356,28.710452857994785],[81.85900427942579,28.69338957875915],[81.86590818151686,28.679658034368476],[81.86802150495761,28.664061211796522],[81.87724428275557,28.65885666296492],[81.87944893146157,28.65580521747264],[81.87748856084151,28.64891076515685],[81.88555183582184,28.643246572341496],[81.9369517705966,28.641187513871966],[81.94760867814489,28.636169887350743],[81.95746444227728,28.64076248949399],[81.9756428668251,28.63852371365663],[82.00834553715121,28.645273635011506],[82.04039997166973,28.641938423412824],[82.03599084645917,28.63801531112989],[82.02985759427025,28.640851193140595],[82.02730975151452,28.639111817935074],[82.0217412532266,28.627216711148883],[82.02696685822194,28.616992432346667],[82.02478521315919,28.613147544123148],[82.01295358415611,28.615418826711476],[82.00420388549125,28.613526794339247],[82.01151216629407,28.595588032319977],[82.00085548798934,28.587249732732392],[82.00281613109458,28.578320379304536],[81.99572943266594,28.575402310807824],[81.99409705639356,28.56998592008228],[82.00409033853678,28.56260148372045],[82.00856073899938,28.552155961802917],[82.0180276909523,28.543232430253706],[82.01836360516604,28.52777289669088],[82.02761698567954,28.51754485611377],[82.02054559478286,28.511632527089823],[82.02522962469814,28.499140611364382],[82.00905021795036,28.478651641969677],[82.01040062021686,28.46804778167292],[81.99085685678071,28.46198080477796],[81.98373971266109,28.455023344772464],[81.98622669716322,28.446957945897225],[81.97203031792084,28.446637351365972],[81.9640814801093,28.45149481339745],[81.96152602001412,28.449053598653474],[81.96607259253217,28.445081019191136],[81.96508869374527,28.43570153212947],[81.96042783121489,28.43173455134097],[81.96190784944787,28.424952665864883],[81.97200033041989,28.41582888732131],[81.97409069375716,28.404593762020937],[81.98985867927546,28.395393772030538],[81.97667702587594,28.38601412167215],[81.9756244954701,28.37521951090733],[81.98139174474402,28.363131927789038],[81.96892718724048,28.351959544637968],[81.96036814524201,28.35296260361922],[81.94616431575386,28.342053387470624],[81.93947424749794,28.341616556144803],[81.93702561554777,28.337306313496377],[81.93080085961648,28.337926062054006],[81.90741210388528,28.349181884927393],[81.90220946042331,28.355036835872227],[81.8918196222275,28.3554028755207],[81.88494636913819,28.36114337400205],[81.8662034214615,28.364535986254108],[81.85529471861096,28.372978894909885],[81.84248666804517,28.37462461578832],[81.83778748587822,28.38115661951993],[81.81971590054549,28.380673866781933],[81.80913520655436,28.3898090834279]]]}},{"type":"Feature","properties":{"name":"Syangja","DISTRICT":"Syangja","DISTRICT_NEP":"\u0938\u094d\u092f\u093e\u0919\u094d\u091c\u093e","COUNT":62.0,"ID":73,"VAR_VDC_CO":325.5,"Z_CODE":8,"ZONE":"Gandaki","AREA":"Hill Area","DIVISION":"Western Div"},"geometry":{"type":"Polygon","coordinates":[[[83.93065018002225,28.143754587756963],[83.96059923317507,28.14110216117342],[83.96095781098892,28.13881355673002],[83.96853269749492,28.143497693168865],[83.980143087,28.143400603456065],[83.9800287252299,28.140095467594218],[83.99050253976431,28.13726347187356],[83.99011354144868,28.134736459172995],[84.00196046253271,28.131969328310003],[83.99886354034034,28.12170677274489],[84.00481378382254,28.1160025027409],[83.9930509638458,28.1089724770562],[83.99508023829762,28.10242326885263],[83.99228830889646,28.099509063045808],[83.98211205818353,28.09935633469555],[83.97322517192589,28.09044015675815],[83.96106561267977,28.086690466517812],[83.95887640113735,28.079809345850776],[83.96881627220034,28.074770739780394],[83.94979125339025,28.06689572614764],[83.93966073895082,28.068505228822392],[83.94741149623341,28.05146855091546],[83.95445249670561,28.050993770692195],[83.96190563278385,28.039936081931078],[83.9674057378825,28.037559824829888],[83.98050366056881,28.03755430139845],[83.995645806865,28.046977883142436],[83.99740057740036,28.034302823497267],[84.01046045759966,28.029149833952765],[84.01723442428484,28.030809179080702],[84.03194978112849,28.019505574615234],[84.02464190938545,28.013614199384495],[84.00615071737927,28.013934324639276],[84.00247398338502,28.006458141958966],[83.99206888202077,28.00620623738179],[83.99128328317701,27.999748530054493],[83.97937542763847,27.99761422093013],[83.97975732130982,27.972841926770784],[83.9670182123484,27.95815839162819],[83.9703672542096,27.948525299357392],[83.96931475119085,27.937377843332623],[83.97434961723613,27.93021456835244],[83.97339621175335,27.922795641543296],[83.9781716913933,27.916763317540052],[83.97812604596513,27.910225519338148],[83.97416706136626,27.902707373943468],[83.95401298789291,27.897424194583753],[83.95192296408136,27.88945789111739],[83.94653723431915,27.89444888845325],[83.94097614863065,27.894359167654702],[83.93665102861918,27.885412542472377],[83.94225806478545,27.87602932312013],[83.93702496301817,27.877844875661935],[83.9257351446921,27.868318364544212],[83.91073766989376,27.87273897262059],[83.91378892503208,27.877796847774057],[83.91013488477353,27.880289471384366],[83.89238353874977,27.886149955739757],[83.88099444258116,27.882373577909526],[83.87755393019832,27.888396386509335],[83.86112251921398,27.882367559338526],[83.85838409777001,27.873586882684386],[83.85160245067199,27.874616656189357],[83.85103019584554,27.881308926262044],[83.8452021089616,27.881654038028202],[83.84366121658613,27.87954467901503],[83.84745265078924,27.87263313179693],[83.84550749212768,27.868525046854018],[83.83594148162653,27.86985420549298],[83.8209210566662,27.877793552954984],[83.80722057643827,27.87326190018778],[83.79769256286262,27.882303676957807],[83.78781374023374,27.886243754340146],[83.77506639988019,27.903360463428704],[83.76227348704627,27.909993428979508],[83.75622419785685,27.9092724268747],[83.7571092049338,27.903140871486425],[83.74474351515599,27.90798300597168],[83.74253134808562,27.90467593123471],[83.74751273900965,27.901435714341428],[83.74301202159951,27.900112067925036],[83.72313984216215,27.91385869254747],[83.71911193951122,27.92024004114722],[83.71104118526459,27.916616288677734],[83.69833230277952,27.91700897863134],[83.68943748604089,27.923937614491003],[83.68305267559757,27.91644041443546],[83.67956643838353,27.920136468405236],[83.68199981457437,27.92418353009331],[83.67626321418878,27.927463786564957],[83.66586588069629,27.919813953385315],[83.65498051136345,27.902511899503747],[83.64904563720013,27.90237258820041],[83.64477381753127,27.898567710722805],[83.64095955753322,27.902416334049462],[83.63431529848974,27.899380013279103],[83.63147733984233,27.910241334075078],[83.63350641436405,27.914179680654946],[83.62101869731852,27.91768488463549],[83.62615243734975,27.926095602521976],[83.62072102869045,27.926362527034982],[83.6164414303073,27.930621186010224],[83.61078890488967,27.9252028183525],[83.60070422540647,27.92340992540017],[83.59296127841644,27.93121778633137],[83.57463030929492,27.93026583663311],[83.57640759059926,27.937259473631684],[83.57102947772879,27.943062928251987],[83.56562874379708,27.934684629061124],[83.55986931622417,27.934900055321105],[83.54846502037246,27.928142766937423],[83.53793023423223,27.92811591212421],[83.53680869585246,27.93711776176296],[83.53101109178616,27.939204126284423],[83.53062980378621,27.932160923422064],[83.52408480611835,27.92415832125279],[83.51637227277222,27.937409260328327],[83.50872094905785,27.94082108443501],[83.50291582346746,27.93715350208727],[83.50981195203046,27.932984518403995],[83.50592919051923,27.928584608932788],[83.49048934750627,27.92919658653703],[83.48387566564215,27.92273688832144],[83.4682602786178,27.92829988995505],[83.46050210773436,27.93443325150022],[83.4526601695642,27.932731937188368],[83.44883843142803,27.928518932084888],[83.43988263036739,27.9333267897131],[83.44524527632697,27.938834788954416],[83.4434906389001,27.944855714582484],[83.46160023392076,27.953894080360044],[83.46665765491902,27.964244392241273],[83.48318801744216,27.981817342862914],[83.50040535037034,27.976918062495056],[83.51007066765534,27.96796783221891],[83.52185658196599,27.963940051399344],[83.54563409533593,27.971033183584233],[83.54997453288162,27.97682724471439],[83.55873196531566,27.973728214073038],[83.57733756074491,27.97435976245946],[83.57911487831038,27.97938900893069],[83.58521758698971,27.97893519109613],[83.58414182591721,27.987509833765518],[83.59340263690946,27.98946291726297],[83.60370843427943,27.99681522847351],[83.60492106035836,28.012066924036073],[83.61496000496152,28.011906869498734],[83.6271044980714,28.00551419855461],[83.62735611211592,28.012036740466673],[83.63509117904083,28.017657299219547],[83.65593200976349,28.011821652299723],[83.67853476334908,28.018333082379097],[83.6861783109484,28.022818871193174],[83.68909986219627,28.029000068480038],[83.69359301279395,28.02700904456016],[83.69787241803442,28.033016709113745],[83.69122810866928,28.032724812682492],[83.68851230170056,28.03831279482737],[83.6939054991378,28.041696203179598],[83.69167027490153,28.04754166099544],[83.69400446555746,28.05242215616787],[83.70240330050436,28.05274268638049],[83.71270902890996,28.063659508601592],[83.70842927561236,28.07607706027504],[83.71054982725033,28.08329384133815],[83.70363075823754,28.090321677437704],[83.7173847218572,28.090119721755517],[83.72287700222365,28.09800787853985],[83.73004760844768,28.10149239380319],[83.7053084661182,28.118538352824885],[83.70884017839323,28.130406753638912],[83.71855862773847,28.135657350525612],[83.73078667610226,28.14806370438237],[83.75946177098724,28.146206545076915],[83.76442768548802,28.15445896431059],[83.76043786633596,28.16386318283981],[83.76604459193864,28.17065280859189],[83.75753873829778,28.181988927101283],[83.75627226898752,28.190328982634206],[83.7641676029572,28.19206844421762],[83.77215438852572,28.19845759888535],[83.7832613314795,28.19687671788193],[83.78783061293862,28.202867221899183],[83.79941799460272,28.209059991937057],[83.80424651403784,28.221647416717097],[83.81103581933596,28.21891644493664],[83.81676489840044,28.210051983737934],[83.82418722393376,28.21435277422478],[83.83781917310834,28.212039576882663],[83.84681327422906,28.19914530483511],[83.85604370538947,28.194043751843232],[83.87061383031117,28.197707654311156],[83.87744132816053,28.19237720419313],[83.89087485283635,28.194616430312493],[83.89816003796935,28.190087000549784],[83.9053767304045,28.177120228664045],[83.92360108535289,28.168452395090547],[83.92717131554599,28.160638753958615],[83.9224952230206,28.155372973499265],[83.92371587856081,28.149376834290088],[83.93065018002225,28.143754587756963]]]}},{"type":"Feature","properties":{"name":"Tanahu","DISTRICT":"Tanahu","DISTRICT_NEP":"\u0924\u0928\u0939\u0941\u0901","COUNT":47.0,"ID":74,"VAR_VDC_CO":188.0,"Z_CODE":8,"ZONE":"Gandaki","AREA":"Hill Area","DIVISION":"Western Div"},"geometry":{"type":"Polygon","coordinates":[[[83.98211205818353,28.09935633469555],[83.99228830889646,28.099509063045808],[83.99508023829762,28.10242326885263],[83.99326455325546,28.10923757762391],[84.00640811768471,28.115832788389422],[84.00996304368995,28.11051563847692],[84.01499014488553,28.11044514940086],[84.01250338850977,28.10557037223619],[84.02716513116721,28.10537987762373],[84.02592951450607,28.096057587150458],[84.02894264851984,28.099915848125768],[84.03255850661543,28.09951539635953],[84.04213221177918,28.094715182355873],[84.03773069920612,28.091583533887157],[84.04719002360576,28.084469914678074],[84.05108814104734,28.08358885910242],[84.05516922441764,28.08865437835311],[84.05830449480182,28.08825964085329],[84.06969386475444,28.07774174348004],[84.07895444559166,28.091587976192315],[84.08777278216108,28.0950286546773],[84.09360069198078,28.10377695594347],[84.10574493592877,28.110541891637588],[84.1142659192081,28.106086860858746],[84.14474128249343,28.106167428771155],[84.15844202166154,28.09722298721693],[84.16583384578578,28.100970699838854],[84.17909195880061,28.101283680064256],[84.18289099300807,28.096037099399172],[84.19129749087148,28.094688855639408],[84.19698057813648,28.09743527530128],[84.20953694511954,28.094458367821492],[84.21945372909315,28.099893969864823],[84.22584636188492,28.09720304400913],[84.2325368102781,28.07873978311933],[84.24130934870321,28.083624194185905],[84.2457795933234,28.082836599664795],[84.24795358211752,28.087877297504107],[84.25324773282603,28.084982287010323],[84.26382812733397,28.093396907680823],[84.26925958552195,28.09067545235405],[84.27788723406296,28.09304048297463],[84.28130464362016,28.098311968333935],[84.30502869917237,28.10840319981653],[84.309552348011,28.107339066034644],[84.32948496745459,28.124128239138262],[84.34067583976912,28.12197711905978],[84.3591134862377,28.129169363536587],[84.38888709653811,28.12653220328272],[84.39511941623412,28.12980882758904],[84.41930924777013,28.117443079593393],[84.4220020286815,28.11928354584971],[84.42724288292143,28.11129637702419],[84.44359063444521,28.10439074993486],[84.44314828976728,28.099290955864763],[84.4576805171976,28.09089961069432],[84.46876485721245,28.07549362001154],[84.46713249487236,28.0699189203812],[84.47408198927303,28.067834486057052],[84.47763700511116,28.058199490566494],[84.47196162462171,28.051478515109903],[84.46608778628047,28.05080328324781],[84.46820095214798,28.04551281109134],[84.46160254064705,28.038637340022465],[84.46416588107483,28.02828523062361],[84.45954317297216,28.02375943071185],[84.45719402804501,28.003751213999806],[84.45317388088903,28.003310593803],[84.44312751428207,27.992737055285794],[84.4380241215788,27.993089803414744],[84.43980162723271,27.988363849617752],[84.42780223091702,27.98611701008547],[84.42085294270147,27.977729143283955],[84.4207770466385,27.958039459552023],[84.42560592492954,27.952245534424186],[84.43627047200278,27.948570572179875],[84.44538642936269,27.9463564826235],[84.44926919734236,27.950279603645384],[84.4538081024962,27.949305107341125],[84.45834712788165,27.94223336985219],[84.46354965300664,27.943751562728522],[84.4739701008264,27.939651296698383],[84.47341330666477,27.93571869135854],[84.48176644911067,27.932356470223375],[84.48375754119964,27.928053912350318],[84.50655124011982,27.92304220894524],[84.50805409608834,27.91974853948215],[84.50070037879688,27.917656252895064],[84.50145562849985,27.915627029430993],[84.50952649551947,27.913569312274994],[84.51314989335857,27.917763248711978],[84.51717778112516,27.912552906710783],[84.52306683612552,27.915320310886493],[84.53284646597399,27.91298798718929],[84.53871260531058,27.917298296503432],[84.53765242123944,27.909167988630042],[84.54540294025676,27.90490366400177],[84.54031496724424,27.896969732256878],[84.5405593004954,27.885580080607713],[84.54509064840786,27.881039165020038],[84.54074257415219,27.875832506463556],[84.54459502430142,27.869866919649176],[84.5523073114681,27.870170280930633],[84.54743291618226,27.863071695339887],[84.55873826154861,27.858786446837833],[84.5565874683671,27.83799819286034],[84.54611382315751,27.8317939854529],[84.52196235754262,27.832331433291316],[84.51671435175292,27.81603453100971],[84.46615327715563,27.824408157201827],[84.4649252150531,27.81893644976693],[84.44580078103407,27.82317199194208],[84.44021693486236,27.81659786939612],[84.43342772444768,27.81411271390989],[84.43127705285501,27.786889647857834],[84.43933278765134,27.778477217909007],[84.45191963155689,27.777722170576258],[84.4614857137949,27.773015407428662],[84.47056372399932,27.760929771610595],[84.47067832035962,27.752196812979427],[84.45767941823672,27.75935805916032],[84.4505621383512,27.75935413485816],[84.43705259653083,27.742847315346324],[84.42203997107477,27.74133469308975],[84.42417582410707,27.746152253370017],[84.41782132245059,27.749228430817293],[84.41999531036711,27.7544045407674],[84.4175159950816,27.75909424901772],[84.40624882257032,27.761832780520717],[84.39212842208747,27.775547067320474],[84.37719961043025,27.77914567903204],[84.36693955185811,27.773290490369504],[84.36095927984427,27.753785707423706],[84.35175191798268,27.74893180258461],[84.34389464166088,27.75119168586839],[84.33963051545943,27.744026359405858],[84.33411510054641,27.74895251104183],[84.32497630014274,27.74895046382891],[84.3219934028385,27.759300663317596],[84.31566176832214,27.763351408503578],[84.31833911649659,27.77437492766148],[84.31447896222295,27.784370378555863],[84.30010693790925,27.792391740988936],[84.29806988710591,27.806495276717172],[84.3018001123621,27.809214966909252],[84.3009227302602,27.81531982392255],[84.30574379750674,27.818880595465476],[84.30008346369515,27.822782590780747],[84.29160804089722,27.837860594111913],[84.27256000290019,27.836481414043703],[84.26757874748392,27.83252394770396],[84.26586986921534,27.838779458617587],[84.25268803504638,27.83846075854369],[84.24585287165138,27.845442824998127],[84.2401773334043,27.846670959496436],[84.22772020772821,27.845726717086826],[84.22873488441643,27.840440041041948],[84.22546238306779,27.8366351751683],[84.21845934902107,27.84603172381498],[84.21356191900232,27.846567565481948],[84.21011393274685,27.844429568731698],[84.21186853296028,27.840653387286125],[84.20951139975543,27.838784318973705],[84.20600990613136,27.842276304581763],[84.20742101854746,27.84941297815134],[84.20220314830452,27.85245293684255],[84.19083697534508,27.846630155730402],[84.17334498946147,27.852441054018662],[84.16946227455645,27.845685778191633],[84.16256619686362,27.846870029448795],[84.16269597973348,27.841653905567647],[84.15621189511837,27.83968941587629],[84.15578453958541,27.848330822972613],[84.14321293134607,27.85037512432507],[84.12472183034401,27.84569272700296],[84.12070924979928,27.848459978160896],[84.12895544130339,27.85294959506415],[84.12670494837275,27.85925086958374],[84.12016741553998,27.859878231159588],[84.12124312947157,27.854023217949894],[84.11679584516988,27.850864867424463],[84.10917488397692,27.861832919496035],[84.10265275073002,27.855024203256658],[84.09570323181838,27.858451292709024],[84.1008674914648,27.866413829574686],[84.08046914029552,27.86987695152626],[84.07750171441943,27.869176973119608],[84.07866896099856,27.863718653993928],[84.07150588782706,27.865053568550184],[84.06833263437866,27.85711394815937],[84.05265647296721,27.84891667004634],[84.04877349020943,27.856133364193255],[84.04303696899271,27.85511293856372],[84.04054258479191,27.850110379094115],[84.04019155238439,27.85675497385223],[84.0274521615791,27.856682308907136],[84.0208992845146,27.861915500035614],[84.01535352507341,27.85816018757666],[84.02164700354365,27.854691129962305],[84.0213495623098,27.851258209289266],[84.00036382657056,27.854746117328503],[83.99464995497452,27.866086097512632],[83.97845490716942,27.866127811615005],[83.97155110059123,27.872655969764033],[83.94749887842079,27.869825359781302],[83.93673494657803,27.885107395652064],[83.94067864770514,27.894054015108594],[83.9457667616644,27.894790261287827],[83.95192296408136,27.88945789111739],[83.95401298789291,27.897424194583753],[83.97416706136626,27.902707373943468],[83.97812604596513,27.910225519338148],[83.9781716913933,27.916763317540052],[83.97339621175335,27.922795641543296],[83.97434961723613,27.93021456835244],[83.96931475119085,27.937377843332623],[83.9703672542096,27.948525299357392],[83.9670182123484,27.95815839162819],[83.97975732130982,27.972841926770784],[83.97937542763847,27.99761422093013],[83.99128328317701,27.999748530054493],[83.99206888202077,28.00620623738179],[84.00247398338502,28.006458141958966],[84.00615071737927,28.013934324639276],[84.02464190938545,28.013614199384495],[84.03194978112849,28.019505574615234],[84.01723442428484,28.030809179080702],[84.01046045759966,28.029149833952765],[83.99740057740036,28.034302823497267],[83.99540932572239,28.04705416656622],[83.98050366056881,28.03755430139845],[83.9636754385791,28.038767010314245],[83.95520008901416,28.050398743354528],[83.94774715031859,28.051180572544787],[83.94218590171037,28.05963690290259],[83.93966073895082,28.068505228822392],[83.94979125339025,28.06689572614764],[83.96935024976291,28.07522656270464],[83.9590671156758,28.07954234422991],[83.95892972422837,28.083736220066545],[83.96188183537282,28.087394226458628],[83.97365998421844,28.090707167850052],[83.98211205818353,28.09935633469555]]]}},{"type":"Feature","properties":{"name":"Taplejung","DISTRICT":"Taplejung","DISTRICT_NEP":"\u0924\u093e\u092a\u094d\u0932\u0947\u091c\u0941\u0919","COUNT":50.0,"ID":75,"VAR_VDC_CO":212.5,"Z_CODE":2,"ZONE":"Mechi","AREA":"Himalayan","DIVISION":"Eastern Div"},"geometry":{"type":"Polygon","coordinates":[[[87.96846638250548,27.300705002613142],[87.9593888610302,27.288601862506784],[87.95094434783603,27.282935470895325],[87.9402722593183,27.28076871583736],[87.93288790011903,27.283499663024593],[87.92446620500941,27.280734094785878],[87.9167613901822,27.286180862192037],[87.89440252926302,27.286464619910323],[87.89065708693221,27.28194262430297],[87.88799472462043,27.28406908227935],[87.88423399517359,27.280859227078967],[87.88041971572123,27.28420244544486],[87.87482056445678,27.279964585790577],[87.87379068379153,27.281961385522365],[87.86526218843278,27.279315968297695],[87.85259888476223,27.285920303699776],[87.83969924606119,27.28621758680922],[87.80814840039517,27.27601740293113],[87.79712533486402,27.276949812351663],[87.78097609977135,27.272744182132865],[87.75528344472508,27.281043763771095],[87.74519113965982,27.27784523658488],[87.73180327220739,27.278663172522087],[87.7241670686467,27.286152532769798],[87.70933744396662,27.286503183219956],[87.69624699157211,27.291398677786486],[87.68826776159493,27.287896948017192],[87.68732194239558,27.28339598374482],[87.68197451257197,27.27984852968958],[87.67985401665102,27.271075458631845],[87.6513696240194,27.268183653706288],[87.60672785676901,27.28363291473893],[87.55249748623532,27.286046422143606],[87.54312202250682,27.29296359701225],[87.53637855659198,27.291115416784177],[87.51665900592384,27.296867117108913],[87.51437027433963,27.306172210358064],[87.49747318672092,27.31397418093212],[87.49252956184228,27.332521423117658],[87.47972123008594,27.343332998220585],[87.47438865682422,27.357467016757163],[87.46654644694553,27.366863553278257],[87.45850600296392,27.3716656883502],[87.4567053583007,27.386738102827113],[87.44444607519735,27.406234986270473],[87.45621624988561,27.42594590808852],[87.46109032472633,27.44674189038894],[87.45864862075797,27.473766590166377],[87.47125807151163,27.486701315114498],[87.46649773885093,27.49593579509053],[87.46977023104184,27.499942840038884],[87.46822149323793,27.507495245282858],[87.47636088352903,27.51242545384511],[87.47497980578432,27.527171745374453],[87.48070836479393,27.54330468587544],[87.48722294417313,27.54654128903624],[87.48205832247264,27.555047218003857],[87.48183682077092,27.56717497170737],[87.48770300463198,27.569595290013257],[87.48975487731752,27.576863590377567],[87.49880968682247,27.58125789818748],[87.5127921359844,27.598975855365907],[87.52499771532635,27.59289980294556],[87.52939925468796,27.59495391623328],[87.52772844802865,27.60307847239948],[87.53608106129904,27.624086212288052],[87.53463911732928,27.631733977352507],[87.54504410385157,27.638245280075076],[87.54428871783276,27.645797698601108],[87.53971155761278,27.65101756604496],[87.53228909713671,27.652228489284955],[87.54571490139304,27.659948999328392],[87.55285443666145,27.687874057172003],[87.56294654333017,27.69931732117539],[87.57461813696925,27.693149716238942],[87.57485485642138,27.68284141371103],[87.57979058551612,27.67616637497951],[87.5906151616237,27.68144946212358],[87.60049399351801,27.6790923695155],[87.60141714339254,27.674200470131247],[87.60783260114347,27.675329638645923],[87.61639898444726,27.6886438190093],[87.61278287406645,27.69935828876083],[87.61517807057834,27.70455539790116],[87.62266898281685,27.712111782381534],[87.63937522388053,27.710111458885475],[87.63792562630522,27.718768121336332],[87.64412731806122,27.72721132080465],[87.64121318180236,27.730974132713],[87.65574507951926,27.739661605090625],[87.66370887980472,27.750296186744645],[87.6571481902642,27.76168955715266],[87.67163424460327,27.77345903132892],[87.67087886292279,27.780727279181075],[87.67737040186701,27.79048071637596],[87.66546971445047,27.80692038435519],[87.68713423787986,27.812411556315976],[87.70972957807606,27.81143359274006],[87.72405585424181,27.805351862999107],[87.73343105713417,27.809582161894333],[87.73642129605996,27.813554872819093],[87.73395718532723,27.8194117757623],[87.74378219030125,27.835237735459927],[87.75342446925639,27.835968364913423],[87.76617096642728,27.85957567208247],[87.7786508762311,27.86594588497657],[87.77540852159292,27.878001106592894],[87.78460023461196,27.899422719140627],[87.80410582293531,27.908981868024565],[87.81356473943777,27.92151602905857],[87.82469460352031,27.920226984395093],[87.82722700125677,27.92992313255486],[87.82474761064518,27.93669548041442],[87.83180349278098,27.952923802977253],[87.84701467482998,27.946390091893576],[87.85697732432483,27.948022824813386],[87.85926611332933,27.936720922070734],[87.85402559231736,27.928794585450134],[87.8603191357218,27.92398861124388],[87.86590343691789,27.910834898626987],[87.87672041112805,27.914842086267885],[87.88785798422369,27.910202127715046],[87.89920138957666,27.911211239161645],[87.90785185681632,27.916967270150543],[87.93217879838139,27.91794611172269],[87.93914369611903,27.91086679212204],[87.95570499307017,27.90911631359443],[87.96649955803049,27.893243060396347],[87.98484603263594,27.886001845143237],[88.00241394649238,27.898156633968917],[88.02159177951718,27.896669396538616],[88.02839608941396,27.905959398213973],[88.05387516179684,27.896954177860678],[88.0582006673547,27.888516896129403],[88.06444075000819,27.886384787321813],[88.07200794532494,27.893784788814532],[88.0833970963508,27.895892438744774],[88.08950001887924,27.887485705586865],[88.0909879424926,27.871450164889662],[88.09580919254459,27.867254460454223],[88.11237042042936,27.86850779215482],[88.12644450071026,27.881766774911032],[88.13509510797549,27.881734517394165],[88.13933659489282,27.877748591900637],[88.1487653207941,27.876819974671047],[88.1539070081996,27.87079910519868],[88.16420540592055,27.868464912903452],[88.17834111543725,27.856768446724317],[88.19572629446475,27.854600314255443],[88.20155469264081,27.84219231133082],[88.20125729765563,27.83752162142131],[88.19454434628182,27.83577833081852],[88.18756460755905,27.825456538736354],[88.17316230139026,27.820634913129624],[88.17352091084774,27.817535752142295],[88.18525355807313,27.810662497874],[88.18683285813786,27.801483269437682],[88.19729165212856,27.790887174840897],[88.18126473853593,27.775949834003306],[88.1834009217913,27.766345314499006],[88.17674151704098,27.75841513216818],[88.17854971989507,27.747096051056815],[88.16973141687376,27.741671862729937],[88.15842614423174,27.74085728231291],[88.15626740815044,27.73660804352411],[88.15540585626698,27.7174866365257],[88.1474574062882,27.703037687062007],[88.15478096666173,27.690734604458157],[88.14880045779879,27.6840822457552],[88.14462053185326,27.66568931781787],[88.12006518077678,27.645631036364065],[88.11725067529032,27.629850971202224],[88.11949348609764,27.627312556104314],[88.11366578118525,27.610679924099372],[88.08447238989535,27.58927127206324],[88.07519665733093,27.572123636396576],[88.08104781346735,27.564899345763305],[88.06923162957976,27.55588960229163],[88.06853766737217,27.546466209276225],[88.05901005815029,27.535162170362813],[88.0671879138362,27.526379756125007],[88.06141323605841,27.52537265647257],[88.05742375544017,27.517968905908802],[88.06155085835066,27.51217306070334],[88.05484566685683,27.504725394059005],[88.04655366715046,27.5015326182117],[88.04374654368016,27.496043699272644],[88.04396054579382,27.478736036955507],[88.06045356753351,27.461188373612483],[88.0670522130976,27.457955825251247],[88.06474090863351,27.453613130983708],[88.07241528798014,27.444901271691954],[88.06454299337359,27.43558454536152],[88.05006448221334,27.42704010408383],[88.03433512981216,27.409211482473733],[88.02500605573991,27.38933848203684],[88.01753103716926,27.354286261159448],[88.00497508569585,27.336987894682775],[88.0038462646205,27.329130287194307],[87.99094674737158,27.324161840873167],[87.974035098402,27.30155761569987],[87.96846638250548,27.300705002613142]]]}},{"type":"Feature","properties":{"name":"Terhathum","DISTRICT":"Terhathum","DISTRICT_NEP":"\u0924\u0947\u0939\u094d\u0930\u0925\u0941\u092e","COUNT":32.0,"ID":76,"VAR_VDC_CO":88.0,"Z_CODE":2,"ZONE":"Koshi","AREA":"Hill Area","DIVISION":"Eastern Div"},"geometry":{"type":"Polygon","coordinates":[[[87.71996602233041,27.189595691359262],[87.71354310974439,27.18063182268933],[87.71142293127832,27.15784859679187],[87.70604507224276,27.15052683006292],[87.69507550366633,27.14711468346683],[87.69211576985674,27.143269752234232],[87.67578337338351,27.14247606845878],[87.66317383819937,27.132863646170044],[87.64491906898739,27.132729812857633],[87.64478189333585,27.12673172525194],[87.63758836758994,27.124086334640968],[87.63423961887297,27.11873472337172],[87.62199615603002,27.113129296221057],[87.6123767515962,27.11252073161283],[87.60812021225274,27.1076249203871],[87.60342873627866,27.107943334973314],[87.58904938162065,27.09960297179792],[87.5711994497624,27.075820099313162],[87.57034520474542,27.069751432934517],[87.53694096637983,27.04541329134045],[87.53292102857188,27.035070574618807],[87.53944334320538,27.033794787296806],[87.5418923228599,27.022098087651386],[87.53598049930845,27.01358813806949],[87.52005263486251,27.002613930628357],[87.5114938305486,26.9906862645787],[87.50070741364893,26.984054801679804],[87.48564130870659,26.98428530137167],[87.4825747650132,26.98091144259767],[87.4838640829932,26.975628572962943],[87.4688132173221,26.9766505535414],[87.4636413502838,26.968033815432737],[87.44974226420304,26.973995416825904],[87.43852093619614,26.97149871636234],[87.4364075985227,26.983643609958126],[87.44128958419229,26.992346165662326],[87.4412282498082,27.006165600742033],[87.43052541746822,27.01430525977762],[87.42983834581582,27.037469871426293],[87.42664947575393,27.046326764212342],[87.40110132120822,27.074626969847017],[87.39203815584968,27.10254793928784],[87.39472288833402,27.123418269221876],[87.4066686842313,27.13611077227909],[87.40940705965029,27.146010997708835],[87.40601219823527,27.15594162816647],[87.41994121088455,27.176089336848307],[87.43136085195424,27.17957014672753],[87.45169054352638,27.1796715921032],[87.47011272730141,27.197893129587925],[87.46745795866855,27.201646413863585],[87.46741182241567,27.217905129981478],[87.47777076261089,27.237022897154688],[87.47966230884165,27.250218715208803],[87.49182918800649,27.268943635429125],[87.51665900592384,27.296867117108913],[87.53637855659198,27.291115416784177],[87.54312202250682,27.29296359701225],[87.5574407077412,27.28531606144077],[87.56689988770256,27.28705176736762],[87.60672785676901,27.28363291473893],[87.6513696240194,27.268183653706288],[87.67985401665102,27.271075458631845],[87.68601034576322,27.2619859462334],[87.70415088248096,27.25354700085606],[87.71572339714325,27.243650849353717],[87.72319164222324,27.242006995477013],[87.75121131695083,27.218102898402318],[87.7515319312983,27.20840870223098],[87.7446055533068,27.199059573555473],[87.71996602233041,27.189595691359262]]]}},{"type":"Feature","properties":{"name":"Udayapur","DISTRICT":"Udayapur","DISTRICT_NEP":"\u0909\u0926\u092f\u092a\u0941\u0930","COUNT":46.0,"ID":77,"VAR_VDC_CO":180.1667,"Z_CODE":2,"ZONE":"Sagarmatha","AREA":"Bhitri Madhes","DIVISION":"Eastern Div"},"geometry":{"type":"Polygon","coordinates":[[[86.56423356074261,26.79105657452092],[86.5481683385835,26.781947607218598],[86.53855652865907,26.78310701096122],[86.53631375168418,26.784396227387088],[86.53820552450365,26.78777006226489],[86.53012697557094,26.79121048020874],[86.53570323833189,26.795909867909856],[86.53564974749234,26.800300197290728],[86.54060825056384,26.798280576503046],[86.54585648289856,26.803412888774456],[86.54481895964638,26.806306064565877],[86.55346938651478,26.81487898854534],[86.5515849711993,26.824412953507768],[86.55463620008274,26.83067046526246],[86.55150853461976,26.8316735894422],[86.55201956255515,26.835238118938896],[86.5435291252713,26.836529136705995],[86.53720528483407,26.831585617286752],[86.51963707831692,26.83156243433163],[86.51775261728157,26.84328774957282],[86.51252722241726,26.840449776442036],[86.5116955978409,26.846592791426502],[86.5054326465445,26.848234768250034],[86.50476881099958,26.85608280549254],[86.49609530808813,26.856637648636763],[86.48815387556037,26.869400367357702],[86.47994568221436,26.871055661606583],[86.47738991209292,26.88325966699617],[86.4795562664766,26.888557851145436],[86.45712879506411,26.8873921854692],[86.41844478291615,26.906345093383855],[86.40346253369329,26.909815909619418],[86.38444494320433,26.90938075271648],[86.38279735511804,26.902389001678753],[86.37680918311962,26.896573908022933],[86.37404034144689,26.883770959306332],[86.36604601254605,26.87256423285073],[86.34080348016616,26.880179181341738],[86.31426430279491,26.87904396484381],[86.31040425543938,26.882764809225872],[86.28753423315437,26.886706568818763],[86.27121717438251,26.882537200193138],[86.24686771236055,26.86384833409918],[86.22744546039286,26.880686505839993],[86.18705280045421,26.894695980280968],[86.18630512462109,26.899185470069764],[86.17799777371091,26.900404020204768],[86.16851540178357,26.913614899746868],[86.16077256167843,26.914392900675374],[86.15592080591418,26.918973866804055],[86.15781258902886,26.921857554549927],[86.15624868244329,26.92597131608138],[86.15749202828214,26.929987858018883],[86.1585295728669,26.925998054477265],[86.17107841224687,26.919965852193815],[86.18685421834735,26.906486164979007],[86.19996745464424,26.905536607276954],[86.2036902259558,26.900080226614282],[86.21589574284482,26.89624509024167],[86.22143411838906,26.888603111133634],[86.22404297992688,26.891055788379692],[86.22211282727277,26.899159365141287],[86.22420291141997,26.90384343460836],[86.24179396339476,26.90553158223902],[86.24624874923042,26.915117144406363],[86.25240494040219,26.91157370623003],[86.25800415805965,26.912868775055255],[86.26111629247846,26.925006122023643],[86.27814268138337,26.93445457735514],[86.28347462493892,26.949193355141254],[86.29658014658698,26.95239954445137],[86.31503301168871,26.96345387010613],[86.35370895772655,26.96510804474311],[86.36515124401579,26.97998233565317],[86.36663835355569,27.000393002915732],[86.37309954001776,27.00358382414709],[86.37409115257704,27.007356243183757],[86.37198553540902,27.015887024414898],[86.37538007335868,27.02061116678254],[86.37403741825199,27.023323154253927],[86.37936949778268,27.03144592420878],[86.3826191944968,27.031489844181685],[86.36698847874867,27.037571577771608],[86.36329598673919,27.054083880247983],[86.3511590469333,27.061632293981916],[86.35086905922792,27.066793118105313],[86.3460326668714,27.066232325641277],[86.3469937541701,27.07054829009695],[86.35086899440518,27.06987321374793],[86.35148681111431,27.073840158479445],[86.35524758028807,27.075306843313495],[86.35360744105336,27.076908846796353],[86.3582758703961,27.08403033548642],[86.35702459894803,27.094195583340294],[86.3626237297928,27.099551039084275],[86.35611669442991,27.100134526217186],[86.3549036915993,27.104290250702995],[86.34118778651957,27.106500440587617],[86.33236186998998,27.099893820622846],[86.32308575507813,27.099123163542888],[86.31119300267271,27.102977373583812],[86.30643275826671,27.108899086742895],[86.3262131486577,27.110962988761628],[86.33664846637453,27.126600132213834],[86.33513025646894,27.13413155958814],[86.33795276913457,27.13385888055114],[86.33659482615424,27.138043210057575],[86.34303299670741,27.147350356125923],[86.34497068237806,27.143902207861615],[86.35556653877015,27.14329208949156],[86.35915196811591,27.139378617201253],[86.36352298150204,27.14213075159435],[86.36790934143772,27.140637504034054],[86.37049523322635,27.14701324987088],[86.37421787597748,27.1477246909625],[86.37045700549643,27.151066006271822],[86.37375993366285,27.158992301350235],[86.38986303579662,27.17993912952754],[86.39984104744003,27.176716165089786],[86.40221361207136,27.170441583947934],[86.4168220866128,27.16601336051151],[86.42030097407812,27.150073210666655],[86.42735730999202,27.14685401089906],[86.43283445078417,27.149142719756252],[86.43755646724871,27.1473328862967],[86.43628262827279,27.14246192726519],[86.42764738141594,27.137789189918983],[86.42647270369082,27.13328631827533],[86.43006573346838,27.130715500769266],[86.44565050917579,27.132632481250923],[86.4489232509561,27.12513350540475],[86.45966419339604,27.11767470714505],[86.45924487942538,27.105991315481702],[86.46534004509998,27.102424992440728],[86.47502048161058,27.102455671852663],[86.48382350044348,27.10964016867511],[86.49235215272807,27.104784633465727],[86.50240617345062,27.114570545346396],[86.51452007670461,27.114244623968805],[86.5208286776482,27.11820785162336],[86.53318632216771,27.1351228420344],[86.54628423142832,27.137484154600415],[86.5812677456587,27.152454208996886],[86.60549581145783,27.13972610458491],[86.64033485083601,27.13306301509432],[86.66881194310204,27.120054628532372],[86.67843163196586,27.107126019271487],[86.69027863899973,27.102329664687602],[86.69799874434828,27.09463813946115],[86.69854816561481,27.086418201844438],[86.71002153301059,27.074567180654032],[86.71027341863963,27.06765174901831],[86.71999974629057,27.062157329665606],[86.72672848150094,27.039486791753188],[86.73891117483576,27.033038824155607],[86.7471958033277,27.02437846006904],[86.7482182684554,27.01228123157274],[86.75352015032395,27.005587119030302],[86.75233810449429,26.988964112717834],[86.75649565064691,26.985800171562833],[86.75493207253518,26.974404740413778],[86.7608441693369,26.970380690849087],[86.76449081973468,26.957545427553914],[86.76134824885895,26.942101024145785],[86.76411751654729,26.934706931961568],[86.76088329928804,26.924183052986166],[86.76847406258373,26.90058182072318],[86.77357754080514,26.896946821579885],[86.7716554319373,26.885307263759646],[86.77975674138744,26.88779818095882],[86.78464669463881,26.88087519820175],[86.79907206573756,26.87791359382731],[86.80528169022004,26.872981730537045],[86.83404835242716,26.874942806961414],[86.83851076190048,26.884558890186558],[86.85322586840608,26.888346804942383],[86.86231114941384,26.89515369036015],[86.86779600506013,26.89354412418428],[86.88496743107413,26.898543141752288],[86.91449703561777,26.895785868114423],[86.93139368976937,26.907734649436243],[86.93520796014334,26.90452302263343],[86.95594195597616,26.904622555166153],[86.96743041287851,26.90079313474981],[86.97756080792882,26.906524389555603],[86.98038354588735,26.895916697372517],[86.99167363897588,26.893279261809468],[87.00211707080686,26.886413591040032],[87.00540479425916,26.891887257990142],[87.01409353897384,26.892177300462834],[87.03236331517293,26.903687456291607],[87.03911450098495,26.901418028220956],[87.04163174631205,26.907313168942828],[87.05061048174882,26.902465270819242],[87.06170962316456,26.911003914220807],[87.06578326865791,26.907397505668907],[87.08277924444494,26.91230497924835],[87.0925283960694,26.909898286774165],[87.09334449101028,26.91653529152265],[87.10871569959275,26.91763981797256],[87.11564979955965,26.92309257020139],[87.13596414361996,26.927410783876844],[87.14968006146651,26.925187250826962],[87.16812608062558,26.900459061889112],[87.16573122192962,26.879338894004626],[87.15261058628545,26.86926493252141],[87.1495902204648,26.84707673154031],[87.14211463693302,26.83544088714619],[87.1441822081338,26.822824917992452],[87.14204641049378,26.815648156857943],[87.13576074043172,26.809409656597616],[87.1269199228817,26.786155238407954],[87.1051338753677,26.75484275259153],[87.09865743702687,26.751259045876534],[87.06893718852986,26.75052045079705],[87.0642382215,26.744468882244462],[87.04331325342129,26.75631402418071],[87.03884304500102,26.754614648035695],[87.02560812454908,26.737794985156846],[87.0245250628421,26.72978861830574],[87.01837660634811,26.72803962654372],[87.01390648561744,26.722239810197074],[87.01090874842416,26.71169685869857],[87.00743788493581,26.708866541309575],[87.00083165487273,26.710350214568415],[86.99587334783969,26.703060881030108],[86.9913268200119,26.703001679998376],[86.99077004842566,26.69823180924838],[86.98414084098246,26.70403143416767],[86.98278275113687,26.71497291134858],[86.97323947425798,26.721666953995847],[86.96708305203018,26.73570179648791],[86.94882835594477,26.732201803960674],[86.9325110178094,26.740730438449866],[86.92472221634509,26.750153687729707],[86.92781917149198,26.758429001053116],[86.92131959757782,26.766574460737417],[86.90869474516616,26.759294532283636],[86.91115913234128,26.739946219615483],[86.90342401557865,26.735977242183186],[86.90408776945397,26.732094232244147],[86.88919738833759,26.71974116253984],[86.88494852977836,26.71210854956091],[86.87129366471915,26.71315726524037],[86.86655649452013,26.70993214028128],[86.86566416831636,26.700653687317043],[86.8616134620145,26.70177885500112],[86.85851641179964,26.697928202648225],[86.85075072802887,26.69645381849221],[86.84821057799334,26.691340621585745],[86.84620425705664,26.69373409998202],[86.84046011006305,26.691798212589873],[86.83756093385364,26.70985535664651],[86.82391362485558,26.714340813865913],[86.8142790901437,26.707787574037],[86.80842808023222,26.708943226003473],[86.8062844169364,26.712812860360728],[86.79995284510198,26.712673528004547],[86.78140080041094,26.701695475660344],[86.77579390362745,26.70265850665629],[86.76413786404171,26.69505246887396],[86.75992697802862,26.69540331853764],[86.75313789102418,26.6863059479594],[86.75314533112946,26.69523346395406],[86.74671455094702,26.696953632074727],[86.73694987058768,26.71233297590122],[86.71796289172258,26.706826620709286],[86.70626854278139,26.707173529019226],[86.70275201285415,26.699392169775777],[86.69114941587529,26.689699677682324],[86.6848255033698,26.688105166904464],[86.6704534752829,26.693681521322812],[86.6690039137569,26.70153717625879],[86.66490739950152,26.704489423364105],[86.65660034106381,26.691529986263994],[86.64892620303678,26.68985725843643],[86.64193841110995,26.698206779556536],[86.63378364162683,26.698548027042435],[86.62739884687637,26.690045705314915],[86.61629941488981,26.69512243408759],[86.61053246915206,26.68907847951134],[86.60189689146583,26.699884422208328],[86.5863960493558,26.696472213542133],[86.58120086320159,26.708151703117704],[86.58332147413513,26.712208313106306],[86.5720769971583,26.72235814110547],[86.57392270990152,26.739581924251524],[86.55318095168022,26.74597635215823],[86.56884922602748,26.768059865035266],[86.57270919354195,26.768235390898386],[86.57794193958084,26.784314921805755],[86.57151118955292,26.784677177444276],[86.56692659945152,26.78090469611166],[86.56423356074261,26.79105657452092]]]}},{"type":"Feature","properties":{"name":"Nawalparasi_W","DISTRICT":"Nawalparasi_W","DISTRICT_NEP":"\u0928\u0935\u0932\u092a\u0930\u093e\u0938\u0940 - \u092a\u0936\u094d\u091a\u093f\u092e","COUNT":77.0,"ID":48,"VAR_VDC_CO":488.256,"Z_CODE":3,"ZONE":"Lumbini","AREA":"Tarai + Bhitri Madhes","DIVISION":"Western Div"},"geometry":{"type":"Polygon","coordinates":[[[83.69528569947926,27.662172141953135],[83.71014651600024,27.658937332000107],[83.72733395400019,27.672267270000248],[83.74683207900028,27.66663383200023],[83.76033501700016,27.667230957000186],[83.76480026600024,27.661003957000105],[83.77031507900011,27.666412957000205],[83.78525345400021,27.666818269000146],[83.81390382900031,27.66217520700019],[83.81191732900027,27.655279082000106],[83.81468357900013,27.65309852000013],[83.80858907900023,27.647363332000282],[83.81191101600018,27.635261895000212],[83.80306982900026,27.629385019000154],[83.80726870400031,27.620674207000093],[83.79935095400009,27.62007620700018],[83.80201232900015,27.61232452000013],[83.79261064200017,27.604866644000197],[83.8031156420002,27.595957519000137],[83.8114614540001,27.595204144000093],[83.81016570400016,27.588523207000208],[83.82316970400018,27.592520832000105],[83.83798014100017,27.585823582000216],[83.84356651700023,27.57241283200011],[83.83368132900011,27.565473895000196],[83.83943283000025,27.5510999560002],[83.8381659540002,27.544847957000115],[83.8439230790002,27.54904939400018],[83.84538407900015,27.557968770000116],[83.85274595400023,27.558804894000218],[83.8573073290001,27.54830108200008],[83.8725357050003,27.54108601900009],[83.88448876700022,27.52768151900011],[83.87796264200017,27.50998933200009],[83.88920132900023,27.508177707000186],[83.89975982900023,27.498584207000306],[83.88571220500017,27.495942270000114],[83.8767799540002,27.48911995700024],[83.88715382900011,27.480924019000156],[83.8887253290003,27.472178957000267],[83.88574489200016,27.46394695700019],[83.89185814200022,27.46145839400009],[83.88980226600012,27.446313144000158],[83.89725905345676,27.438058649190907],[83.88017133568962,27.43455910424251],[83.86735578897549,27.427284944114888],[83.87556432172943,27.405974273761387],[83.87284886804957,27.39242183666454],[83.90574252148798,27.388657554224494],[83.90430095797211,27.3778018832092],[83.89213387307393,27.367789026300272],[83.88783163795944,27.358438075482525],[83.86262004961071,27.346737175756232],[83.83000828077223,27.370366616825322],[83.61468777845761,27.46963391854416],[83.61129303734339,27.475776883886795],[83.6108427061007,27.48986137345736],[83.60335920044554,27.493423869979836],[83.60387787528657,27.496439122987113],[83.59771412933225,27.49726484087978],[83.59856083090864,27.499929178210948],[83.59422029168388,27.499442785372594],[83.59309887643451,27.501824832093916],[83.59639429248978,27.50423745765704],[83.59434976373154,27.51098120272411],[83.59902594592432,27.511778470152933],[83.59679843484167,27.51310583240678],[83.59830873890644,27.519412885637223],[83.59118380617036,27.520848885870635],[83.59035983847701,27.526476950482504],[83.59380784132986,27.527829188324347],[83.58668285601999,27.53215074589184],[83.59129037181839,27.533541144061928],[83.59002390968362,27.541818269650207],[83.59627909011624,27.546778925263823],[83.59019919892683,27.550766742020244],[83.59586668151883,27.572811871396482],[83.59024451023248,27.57586708556329],[83.58871125129787,27.573393456098984],[83.5805869991982,27.574947686504174],[83.58275321984837,27.58801187297064],[83.57340057116937,27.602014222405103],[83.57384274504733,27.616874942956485],[83.58108208246199,27.6165412924164],[83.58186012080796,27.61961185680559],[83.58817638616438,27.621364643254026],[83.5867726812254,27.625905608449386],[83.59260838443691,27.62625470654416],[83.59215822856044,27.63069841962539],[83.59800918640968,27.631161948533077],[83.59521714180761,27.634324005355325],[83.60089262591532,27.635931837212695],[83.59774968338388,27.638685753275865],[83.599656657342,27.645254094448205],[83.62994095997794,27.664803087882888],[83.62948313602851,27.671380930341854],[83.63377016102396,27.67808471569697],[83.63303755522657,27.693338296283855],[83.65319939979702,27.691122453196897],[83.66201039111326,27.679526953805464],[83.68329385325745,27.664058162964864],[83.68948811576729,27.663030286029993],[83.69258519065733,27.66556306093588],[83.69528569947926,27.662172141953135]]]}},{"type":"Feature","properties":{"name":"Rukum_W","DISTRICT":"Rukum_W","DISTRICT_NEP":" \u092a\u0936\u094d\u091a\u093f\u092e \u0930\u0941\u0915\u0941\u092e","COUNT":43.0,"ID":61,"VAR_VDC_CO":157.6667,"Z_CODE":4,"ZONE":"Rapti","AREA":"Hill Area","DIVISION":"Mid Western Div"},"geometry":{"type":"Polygon","coordinates":[[[82.69627157879205,28.863932530885393],[82.6737323280002,28.85205333300013],[82.66038451600019,28.860006021000174],[82.65799576500018,28.866573583000218],[82.65050976500015,28.869115520000094],[82.64497157800014,28.866384583000183],[82.63867832800025,28.85512827000008],[82.63183826500017,28.853304020000166],[82.62664439100013,28.84672314500017],[82.6279672660001,28.839098646000195],[82.61559357800019,28.826470958000243],[82.6216457020002,28.80896970800029],[82.6151837030003,28.807279395000137],[82.5981415780002,28.791902083000195],[82.59160670300014,28.790234708000185],[82.5888899530002,28.782045083000128],[82.56896039000014,28.77056808300017],[82.56866320300014,28.767463271000167],[82.5638277650001,28.767874333000236],[82.56661076500018,28.764754895000237],[82.5656148280001,28.758581708000236],[82.5690458900001,28.756815708000147],[82.56793182700022,28.74379958300011],[82.58995607800023,28.73983545800013],[82.59750614000018,28.74373295800018],[82.60332426500031,28.742787145000193],[82.60718807800015,28.715541271000234],[82.61714845300014,28.710193520000132],[82.61434820300025,28.69574595800026],[82.61781007800028,28.689668208000228],[82.60256489000022,28.684745208000265],[82.60110257800022,28.669221583000194],[82.58860939000022,28.663777333000212],[82.58084926500021,28.664571458000125],[82.55656051600022,28.643922645000202],[82.54110857700022,28.64684752000022],[82.52114014100022,28.66056014600025],[82.50750407800024,28.66192864600015],[82.50329151600022,28.667634270000235],[82.50171582800021,28.6623407080001],[82.49182320300014,28.659190833000196],[82.4929357650002,28.6517030830002],[82.48770351600024,28.640518083000245],[82.51024889000013,28.6276468330002],[82.54178476500022,28.620629333000295],[82.5457139520002,28.62280545800013],[82.54545570300019,28.626123208000195],[82.54986870300013,28.626978083000097],[82.55338939000018,28.625111833000233],[82.54768376500016,28.618330833000186],[82.56313839000018,28.609957458000224],[82.58130845300019,28.61363402000012],[82.58248089100016,28.586046645000238],[82.57702126500016,28.579506396000284],[82.57013926600018,28.577762458000223],[82.55531614000029,28.581514645000084],[82.54609357700025,28.572907333000217],[82.53688707800029,28.57036302100022],[82.53058881582552,28.55750116923366],[82.52634345501349,28.55821069214977],[82.52131643822543,28.553978606065698],[82.50902719112332,28.55124927086183],[82.49234393127131,28.552700397016167],[82.49296968273444,28.540055851407203],[82.46334144503243,28.52141854914504],[82.4335754779679,28.526329106279093],[82.4292044550092,28.52463356936164],[82.40150566884017,28.53557654269588],[82.39285526258749,28.52658219751754],[82.38391476810466,28.52947525494534],[82.37814752150382,28.540956354034165],[82.38206840427995,28.546412828661857],[82.37599612845679,28.55193973077985],[82.37754455085354,28.559598956802517],[82.3749965556579,28.566464742490098],[82.36526262989946,28.57398649628783],[82.35312585430216,28.576725028544786],[82.33998195602055,28.5895791893156],[82.31227565336593,28.594428747315078],[82.30738589958094,28.59288196334444],[82.30531854188081,28.59691560439228],[82.29953622962603,28.597634528905473],[82.29246481207741,28.593354737129573],[82.28264704567437,28.596905757220327],[82.27260056123549,28.592915814995536],[82.2497153363334,28.600578519717146],[82.23741062606683,28.60970607768985],[82.2211317429539,28.60721127385773],[82.20207582403123,28.62250081308639],[82.18473654425446,28.623131850522384],[82.19129679525486,28.631178299272847],[82.18651369052742,28.638099361664842],[82.19207474868222,28.639138846350022],[82.19401968480105,28.65602878900927],[82.19817700353263,28.663934074037456],[82.19455344541734,28.66882782801906],[82.19882515009198,28.6789702273],[82.19713157728091,28.683314742009088],[82.20315036581161,28.68270643644371],[82.20914637625941,28.676018066150164],[82.2165990924392,28.687030179473425],[82.2288120751781,28.688468354496763],[82.23256498367283,28.702402204683665],[82.23848447329254,28.709168932130694],[82.24740959943097,28.712430318770203],[82.26002699115406,28.707872351068772],[82.26129338877547,28.702812641122307],[82.27310989691011,28.692931745256487],[82.27999828354206,28.694327889959823],[82.28060084055403,28.699051963423642],[82.27596267113853,28.70611606481367],[82.28452916786438,28.714820515841552],[82.28906782995887,28.72685864803009],[82.28310235336494,28.73234740676469],[82.29013559921822,28.73821015032871],[82.28393354916903,28.74900847235301],[82.28899863931048,28.7570148499301],[82.28264411868275,28.762372008148816],[82.29283534633134,28.777206131677133],[82.29307931941418,28.78476425711608],[82.30628395938868,28.787802564359367],[82.3350658315095,28.784263251737173],[82.34444867593965,28.78654054501152],[82.3485526188336,28.793019264803775],[82.35685992214906,28.79205435110339],[82.36342787340305,28.79587260039898],[82.37478603387905,28.82211353578947],[82.39958548051908,28.841986611465188],[82.41115765303908,28.844876138183906],[82.41629908695768,28.849417186012317],[82.43007587264896,28.85137795110802],[82.4426395307122,28.86541872556529],[82.45486002019868,28.87347669746299],[82.46141275571517,28.87497010481104],[82.46518889664452,28.869336372327666],[82.47052876910004,28.868268431016645],[82.49612173375283,28.87867431970085],[82.50748769711299,28.89493884048028],[82.50440535913845,28.92133023942688],[82.51609946725216,28.93064693791831],[82.51326899295083,28.949976082724447],[82.54202734260303,28.981231217277298],[82.5520127470441,28.987776771474273],[82.56721607255588,28.987647299237096],[82.5748367240135,28.992064416700885],[82.58864415254521,28.98687519876711],[82.59351115605989,28.98093061395781],[82.59943836277859,28.982553701202164],[82.6149163856727,28.978300928468002],[82.64051745007964,28.962876088267194],[82.66624790365239,28.96340474157995],[82.67080999438053,28.94548502087906],[82.68473975522289,28.92530352754443],[82.68650205502962,28.917264823352127],[82.69975268218832,28.90847295011133],[82.7002715466457,28.901105552469858],[82.69094992269544,28.888355975208015],[82.6974950703966,28.88766376513439],[82.69978366880105,28.88279478780072],[82.69627157879205,28.863932530885393]]]}}]}