{"type":"FeatureCollection","features":[{"type":"Feature","properties":{"name":"Province 1","shapeName":"Province 1","shapeISO":"NP-P1","shapeID":"38925275B86793894515453","shapeGroup":"NPL","shapeType":"ADM1"},"geometry":{"type":"Polygon","coordinates":[[[86.9040949814481,26.48835242339644],[86.92985855205634,26.48967849671752],[86.92842396009947,26.496932901608517],[86.93270660956073,26.516876982354944],[86.94457944001066,26.517155160858543],[86.94676276232437,26.521026109970514],[86.95933589608899,26.520405192180515],[86.96126751107587,26.523844861716928],[86.97509586019572,26.52010873772436],[86.97933989065659,26.525195803004834],[86.99081650887634,26.523199861927182],[87.01528514858248,26.53217174782624],[87.04232575048074,26.568394235101692],[87.0446421718591,26.58734243116001],[87.07178212379847,26.58584646756497],[87.07267031732864,26.542033621972333],[87.08017246441327,26.52179208135817],[87.0915108244539,26.4504163783079],[87.13903892672023,26.415009343291178],[87.16248106422911,26.40412550774486],[87.18904691018083,26.405595837417113],[87.1859240661296,26.414333209699986],[87.21133624156786,26.413210245985525],[87.21092680922526,26.40960692865674],[87.21891578640981,26.40327174214016],[87.22877891262517,26.413779122770276],[87.24662502969358,26.414397190538637],[87.24997407557548,26.40953504671464],[87.25625797855206,26.411216384093642],[87.26614325538468,26.405719158650204],[87.26588002885687,26.37395929247833],[87.28945198699851,26.37380752553616],[87.30132404960564,26.36635406730791],[87.31233426743292,26.371559180450586],[87.32188621284341,26.360277264942084],[87.34097407597449,26.347837177231423],[87.3583076776004,26.361140820823305],[87.35335045792898,26.37210703149649],[87.35638253294519,26.38828199089682],[87.36867789388138,26.40815228882472],[87.37608489758802,26.407113008153726],[87.3885154706649,26.419146053214632],[87.42776264318395,26.42250250915229],[87.4430279424899,26.433150162092755],[87.46616436050947,26.44040387425186],[87.51637983241822,26.43101075923862],[87.53422373167659,26.4216818202083],[87.5475307680857,26.418614382490876],[87.55282486244434,26.405814837339637],[87.58775864105336,26.392684279738166],[87.587073081024,26.382236736620474],[87.60460203810595,26.380879787806002],[87.61211436596743,26.390253356515867],[87.62745762001649,26.393914810102196],[87.65183079658415,26.393593767935087],[87.65025760519012,26.405960291921698],[87.67831983345843,26.415901112108966],[87.67766986515619,26.43546640228619],[87.69204763167772,26.4357225096519],[87.69845590381942,26.428294266947866],[87.7111329761619,26.427442003565407],[87.72231946309813,26.419307408776024],[87.72284503988905,26.412652432496817],[87.73363950338725,26.407865477171683],[87.73909289902274,26.417671472247385],[87.74743937944316,26.417941784942535],[87.75379839809288,26.40825486309194],[87.76709136476579,26.411426824067142],[87.7675483909917,26.418949929681485],[87.77100250461174,26.421973228837725],[87.77270277577678,26.41959015376706],[87.77621189562524,26.422006005614445],[87.77302746299594,26.420545200701696],[87.77601497171656,26.42534671234219],[87.7704985723089,26.42759248244178],[87.77537975997694,26.427333716686906],[87.77254593858663,26.430185543902418],[87.77591325678819,26.430088299226046],[87.77776907613422,26.435943012337574],[87.77292550834773,26.43617009447126],[87.77772780652363,26.442771481174628],[87.77383863816887,26.450539300951746],[87.7789505356756,26.450795869678593],[87.77780080433594,26.453823586480123],[87.78236527288409,26.45410333147576],[87.7885818693295,26.461576604693597],[87.78559795686787,26.46371649182368],[87.78976945306407,26.465040576242625],[87.7861390565894,26.467423241764674],[87.78892309277255,26.469330438852225],[87.79055975697621,26.466505213218223],[87.79278479122924,26.468957102085795],[87.81145572636689,26.46193817011303],[87.82966582369039,26.450320814884616],[87.82818729845269,26.440226975985706],[87.84865061772781,26.436573220067473],[87.85095925128876,26.44537793579122],[87.8613738927267,26.4490026835577],[87.86254683841983,26.45309116196833],[87.85817301600258,26.456393984328866],[87.85810417630529,26.463669352066102],[87.8855608546448,26.47658041157949],[87.88809155237011,26.486804633019673],[87.90003078097698,26.477555023364214],[87.90961973126562,26.457880839328315],[87.89868908839127,26.44886542510625],[87.92481042099244,26.44563442327114],[87.9253503497599,26.440107037016706],[87.91596386402776,26.431935826963457],[87.92601703623166,26.427793553043227],[87.92677958299979,26.418385819836015],[87.93248904101979,26.418159191769963],[87.9657690936556,26.397266659941682],[87.99161943253333,26.392658148862846],[87.99245539455357,26.369764894255944],[87.99775987548529,26.365187948481733],[88.0023741870725,26.36667658949632],[88.00686291695656,26.36124314016731],[88.02998854635531,26.365065849869353],[88.02716564911509,26.37117183390573],[88.0313746307188,26.378576643938903],[88.02715778495329,26.381964586966813],[88.03077024751103,26.382453047669173],[88.03427014512683,26.392157645882282],[88.03649514745422,26.390422148103653],[88.0377709662541,26.39398711357199],[88.04505117092693,26.396057502478374],[88.04732207711223,26.401223971284185],[88.05542085530844,26.400871085731655],[88.05557609884343,26.405888278352528],[88.06005999867864,26.409776835656746],[88.07137014297648,26.408160429507156],[88.06971354782709,26.413563432057398],[88.09581617088375,26.439666706227257],[88.09689756154407,26.45235750317394],[88.09189577576053,26.463161164263376],[88.10305809237065,26.465862007408603],[88.09787579435499,26.472696009799098],[88.10426517272256,26.472096177430227],[88.10722484828253,26.47516677712677],[88.10029232222209,26.47990692905142],[88.1057473410607,26.48957406456607],[88.10027574644654,26.49456459612356],[88.0987073825568,26.50585415261865],[88.09033480831589,26.507051084182798],[88.09656084761241,26.511356011984898],[88.09513279133867,26.51653853599959],[88.10310377265468,26.518981781807398],[88.10368349324136,26.53645527790766],[88.09932540429811,26.534803405009896],[88.09834577416181,26.53789093159736],[88.11151678682425,26.545280030158995],[88.10540901189556,26.550812751592147],[88.10541159531905,26.561020616567607],[88.10940873011303,26.557128902623276],[88.11340256288617,26.558377115964074],[88.11058277977263,26.562122178004014],[88.11513198415574,26.565899870117583],[88.11162526549579,26.56510600121768],[88.11317596085489,26.572578193436886],[88.11892075625782,26.568216738098187],[88.11761509251006,26.574657655819077],[88.12076884714406,26.575826549809694],[88.12296083097307,26.57235695255684],[88.12539964526059,26.57772140672903],[88.13006901368156,26.573562040375357],[88.1273139291315,26.58197082304164],[88.13191345709046,26.59328373859563],[88.12989553419666,26.601393311399114],[88.13913653200716,26.60689962709694],[88.1420152959191,26.625879407872645],[88.1546428141655,26.63054510843868],[88.16048142395894,26.636659621471036],[88.15799047728531,26.640174957922554],[88.16306937745385,26.64608341394556],[88.16714801211857,26.699646462232753],[88.1820418283211,26.719565880899104],[88.18638214941996,26.738577183803162],[88.18796143915793,26.771742517313964],[88.1775514286811,26.803681173663644],[88.17890958337269,26.8166028245844],[88.17182817575208,26.827895587768285],[88.17424617246391,26.83355451381335],[88.16754793905962,26.83777727407458],[88.17067124118333,26.845251243036827],[88.16741592981293,26.84985834410006],[88.17471671886155,26.85343947876891],[88.17450572957542,26.859621124753712],[88.17181468498205,26.86035644917827],[88.1735240957465,26.865538404508403],[88.17183410197151,26.869374601366488],[88.16662156081141,26.87050290711036],[88.15740904541804,26.88488554787891],[88.14649305157276,26.888855313078437],[88.13638350419714,26.898747203169126],[88.14604049609503,26.921053437195788],[88.12046487430936,26.950477213663852],[88.12256219305024,26.968395439485196],[88.13554557259778,26.984926673869566],[88.1150811260062,26.988839954796187],[88.09916709055035,27.003774982816594],[88.09226283912722,27.004552975611894],[88.08830338922036,27.008371818237276],[88.08860037621807,27.015404522689018],[88.08301890971137,27.029025605315827],[88.07762827348073,27.035386700326768],[88.0596977346262,27.029144415135598],[88.04577504902352,27.03673030804864],[88.03763416665036,27.03665741556603],[88.02757344951117,27.051058533952872],[88.02121216520078,27.06931957061775],[88.01626526426105,27.07384989546332],[88.02110638117487,27.0877562065929],[88.01597359124487,27.08846123839925],[88.01187679007484,27.097439064729283],[88.00340909929112,27.104478418009165],[87.99162147716979,27.105482675146195],[87.98743101327949,27.119379070041152],[87.99121407178721,27.130841261539818],[87.99865198014845,27.13368783742883],[88.00067269279579,27.140275235088843],[88.00740581259997,27.143327154096248],[88.01098157957387,27.16583218786119],[88.01936293734259,27.17106238467104],[88.01247205381156,27.17760343461883],[88.01600166561228,27.19621430681008],[88.01167361348598,27.20381968556677],[88.01563706132298,27.210895889887688],[88.01217432707305,27.216078620746725],[88.01888593671947,27.225095455777108],[88.0192402027185,27.235936199270153],[88.02482088485306,27.23730330777319],[88.02421916385615,27.242090877015134],[88.02769404393162,27.249404800289447],[88.03085893113902,27.250078737856946],[88.03171822901034,27.286284203305968],[88.04480648315112,27.293772352519998],[88.04152422410989,27.304409858515566],[88.04853030895183,27.312732383609216],[88.05251726607969,27.32457210699423],[88.06661079757373,27.335976118619335],[88.05762056476429,27.355704594818416],[88.04944497593605,27.359439301754644],[88.04168206253541,27.372086797808105],[88.05055476673049,27.412984994946118],[88.06713888820092,27.425333282535163],[88.08007092639266,27.42676783607506],[88.08022964563949,27.42988456421154],[88.06795991336855,27.43838765077628],[88.07251103441531,27.445342124652257],[88.06452193373592,27.45384354011549],[88.06705069690373,27.45795516395901],[88.0439630224108,27.478557045014814],[88.04374332797957,27.496043566834317],[88.04655045833358,27.501531948503192],[88.05484680571591,27.504724885810955],[88.06155050970693,27.512173043027857],[88.05742453408466,27.51796889283373],[88.06141284160344,27.52537237806985],[88.06719056738744,27.526379460693324],[88.05900698635489,27.535161847492255],[88.06853885640095,27.54646634318383],[88.06923060606731,27.55588921470502],[88.08105104544353,27.564898768385188],[88.07520075978614,27.57212302251268],[88.08197026116721,27.585058635601182],[88.08964483732143,27.595175701875675],[88.10562158574476,27.602575600710015],[88.11366665999978,27.61068041236716],[88.11949294583997,27.627312433126196],[88.11724792731312,27.629850541213507],[88.12006449804983,27.64563132991793],[88.14462239113529,27.665689837953494],[88.14879990934517,27.68408235884416],[88.1547810348963,27.690735197534195],[88.1474560074965,27.703037162332407],[88.1554093768898,27.717486100771747],[88.15626649488928,27.73660743049744],[88.15842411348096,27.74085778344987],[88.16972812270994,27.741671801995775],[88.1785520330086,27.74709699085541],[88.17674405970872,27.758414833069263],[88.18340500290599,27.76634632175885],[88.18126736336082,27.775950246680946],[88.19729091872742,27.790886670144484],[88.18683108774465,27.80148284885712],[88.1852518843668,27.810662445394552],[88.17352343334169,27.817534928450673],[88.17313066223919,27.820536405920226],[88.18747367735314,27.825401686199175],[88.19454838250545,27.8357789044778],[88.20126021593629,27.83752087852023],[88.19602811555401,27.854366290852106],[88.178343172921,27.856767616693045],[88.16420516868703,27.86846525173184],[88.15391001610243,27.870798661491843],[88.14876747870399,27.87681984436764],[88.13933880935403,27.877748582846092],[88.13490047847732,27.88177370454352],[88.12644664185574,27.881766357409166],[88.11236773190926,27.868507262176713],[88.0958081061636,27.86725468353688],[88.09099075792015,27.871450658091288],[88.08950362920854,27.887486586638307],[88.08414981996337,27.895548771834104],[88.07200900753826,27.893784822486392],[88.06444223441723,27.88638514561729],[88.05820305831207,27.888517776668888],[88.05398490702065,27.896890455904074],[88.03007343148002,27.905950826004457],[88.02159263473561,27.896669611918576],[88.00241778598205,27.898157180526557],[87.98484493112821,27.886002236393082],[87.9664967754534,27.893243062032283],[87.95570561527214,27.909117202751183],[87.93914548355734,27.91086667242332],[87.93217641153888,27.917946038915947],[87.90785160759636,27.91696691833514],[87.89919924984424,27.911212140344077],[87.88785969053465,27.910202765450435],[87.87672078353818,27.914842582856448],[87.86590004114694,27.910834358711153],[87.86031589473978,27.92398827695153],[87.85402216380176,27.92879448165289],[87.85926347876378,27.936721190402064],[87.85697944555686,27.948022395425713],[87.84701797104442,27.94638972797098],[87.83180599066283,27.952923487743988],[87.82475054722987,27.936695356543133],[87.82722713495734,27.929923628490418],[87.8246915715551,27.92022650371382],[87.81356824412494,27.9215154308888],[87.80410571410886,27.908982176823475],[87.78460023731245,27.899422785281022],[87.77541169305067,27.878001386424284],[87.77865086937625,27.86594689025291],[87.76617052292406,27.859575659852677],[87.75342843115853,27.83596801396952],[87.74378495692773,27.83523746204076],[87.73386644193282,27.81916382536663],[87.73632351486597,27.813063723411624],[87.72535306495932,27.805344954061034],[87.71079489061572,27.81118047861799],[87.69865638817897,27.81223066113051],[87.68537793177354,27.812297157769873],[87.66546628201534,27.80692113986796],[87.66303910491553,27.822655825481323],[87.66974442929694,27.830120600213128],[87.66951253462206,27.834931794451496],[87.66508182683405,27.83647838815359],[87.63581819530044,27.834427777506022],[87.63252441707516,27.832651623982905],[87.63201279224525,27.824825120383107],[87.6168515354793,27.818957797999875],[87.61147018316873,27.810622687406262],[87.60151242449312,27.821148507182862],[87.58949594762306,27.820435474396003],[87.59100194559745,27.833539528148982],[87.58635435010031,27.8528900378154],[87.57879412372672,27.862043522921685],[87.57132661353975,27.86140237880591],[87.56243401770321,27.86708602313373],[87.55213190798843,27.865209937390528],[87.5476982677261,27.853256478393877],[87.53595816077976,27.843197217520874],[87.50886554783501,27.847135243963958],[87.49301875474558,27.843977731622633],[87.49009789043923,27.846517328477905],[87.44980028272977,27.82235779588127],[87.42266048952182,27.831648722660876],[87.40361986021442,27.83411534199939],[87.40888431193795,27.838855892390413],[87.43175730067945,27.842443492880424],[87.43317858849475,27.846249743951674],[87.42595051958638,27.852201457870095],[87.4256477811858,27.858835550099712],[87.4185781826919,27.86254602888891],[87.40260514161065,27.85195342814596],[87.37384511939908,27.84535155039844],[87.35761014614455,27.82787074461824],[87.33786386887355,27.82996232253726],[87.31786626940762,27.825783954258497],[87.3044601109425,27.83552709439078],[87.30360791501298,27.843486621514543],[87.2847808530647,27.84456455797562],[87.26044482864418,27.850984169706443],[87.24998244136148,27.843106804978216],[87.23865181912834,27.83951466863532],[87.2256737213964,27.81975631476046],[87.2178171619564,27.823631514896032],[87.19318228265648,27.82001995292383],[87.1719365374048,27.821151281114933],[87.15673376409708,27.824519894851775],[87.14049916330042,27.837165413855974],[87.12634052275847,27.834234731070886],[87.12194173267233,27.839328698497816],[87.11590556148802,27.84037624642229],[87.10815700797087,27.85433723924693],[87.10717685300747,27.874975509367413],[87.0888233949761,27.88265512047985],[87.08855295936912,27.889617932507516],[87.07781125136432,27.902886368902024],[87.0782767102617,27.915707984961358],[87.06577691067015,27.92396096204964],[87.05338334996327,27.926633125439057],[87.03913230030842,27.950436121498303],[87.02417895818998,27.950040199379973],[87.01571939231782,27.957739548353498],[87.00881152038548,27.953507551462472],[86.99220754392515,27.95483650821035],[86.9823718306179,27.949576426617885],[86.97312299606416,27.95437608226737],[86.94944823486253,27.956864810162653],[86.93441127864806,27.96201608073705],[86.93307715103805,27.97809062201744],[86.92535125448357,27.987889733575106],[86.88992388890344,27.996974162302227],[86.87304642344463,28.01051227569755],[86.8725071045417,28.022158038440782],[86.86742732642247,28.02526448187048],[86.8520444174313,28.027710237952153],[86.84731652940611,28.019846918188346],[86.83581976738807,28.015350677523326],[86.82809234772189,28.015273546364938],[86.81876796116751,28.020173191890485],[86.81182452506002,28.01906060439429],[86.80267937391359,28.023618721706054],[86.79009725899643,28.01893666590907],[86.77930023802313,28.027350971094442],[86.7801086597639,28.03163441545293],[86.77333809129797,28.038071468081373],[86.75866727750453,28.035023229371532],[86.7529182177073,28.03793474258006],[86.74686666589889,28.050567128718853],[86.75095130737762,28.053672236631257],[86.75521666752245,28.068193638218897],[86.76493124474275,28.074629297483217],[86.75084681936056,28.081348008012295],[86.74738123089334,28.08608864688226],[86.74831065745714,28.09496136913494],[86.73827877754329,28.103784275291805],[86.68909801436796,28.108667649265513],[86.66361786013967,28.097988029249535],[86.65794886239884,28.08110281511082],[86.64997499105262,28.074846797023994],[86.63555254589701,28.07070309961081],[86.60835744364417,28.076018080233283],[86.60260756603671,28.087568631669857],[86.60801618847644,28.092161814782905],[86.60248413533805,28.101923843072143],[86.59006778097329,28.10417723345833],[86.58837391609835,28.10808872789323],[86.57642400746055,28.112880400054948],[86.56329152859237,28.108293204267614],[86.56159950122174,28.102740046228828],[86.5668574281743,28.09184855335935],[86.55860832819707,28.077875035132884],[86.56534095367083,28.06899394972103],[86.54889652758936,28.050761168387947],[86.53651240552583,28.050844005897012],[86.53366623782357,28.04719978129831],[86.53145647653865,28.027162537333954],[86.5211586317144,28.019352493825657],[86.51283718513226,27.984759508256854],[86.52015026685916,27.97437094046153],[86.51216653791359,27.967254125415955],[86.52173256238297,27.940435192837597],[86.5337245733163,27.942116502671293],[86.54780304261695,27.930458604341446],[86.5544358990402,27.90892495913419],[86.55166344276452,27.89807063082758],[86.55462276893269,27.885538176825104],[86.55102688671958,27.876163452587047],[86.55410296703607,27.85714714348618],[86.54035289762996,27.814877678057073],[86.54242664406492,27.81117091923699],[86.56708331302788,27.804007989666967],[86.5656310388631,27.79961966894407],[86.56883224331375,27.791119295534006],[86.56398735475311,27.769613817714273],[86.57276297181393,27.754599122328656],[86.56288757136015,27.749347356292933],[86.55096273415649,27.710879078424995],[86.54025609320566,27.701616029712348],[86.53660501543656,27.678615204145277],[86.53803419702017,27.67031253080846],[86.5330153948352,27.66282298586755],[86.52711710162232,27.660185806351226],[86.52882904004359,27.655618305001433],[86.52621812158507,27.65041553514138],[86.51370656071575,27.648203953001463],[86.5071777716677,27.64060226693662],[86.49986398527503,27.62037137911293],[86.49249840911338,27.613749716266906],[86.48409912284768,27.617245259598203],[86.4696950772611,27.617132270514173],[86.43479143140114,27.61028902823384],[86.42018391251096,27.598683684135427],[86.41345455429226,27.58680787697776],[86.39850090087289,27.583472415674496],[86.38826197597675,27.572782754665113],[86.37664047039087,27.56841944359064],[86.36923859960088,27.558199163690734],[86.369655354304,27.549663493905886],[86.35853640241375,27.539784495821344],[86.35494582027756,27.5248608868695],[86.33827717198662,27.52008283983838],[86.32464583577007,27.49974054243975],[86.31939335756522,27.498774100725264],[86.30539372266435,27.48285715431121],[86.29504085205969,27.4789695107346],[86.29206686268844,27.470403284327134],[86.26374919391583,27.456157257942973],[86.25422920565734,27.440983071230196],[86.25654566935637,27.437209508281686],[86.25126052542942,27.432526585107045],[86.24826598389222,27.420624592947448],[86.24191460112286,27.41901531632586],[86.23455591672456,27.408420445849494],[86.23628864596911,27.40459206667934],[86.22790781697675,27.398244238172886],[86.2257953284699,27.38424607206744],[86.2220010606457,27.38209507408961],[86.22472313508742,27.370587581151856],[86.21905286787417,27.362225915490246],[86.22183411394813,27.359978412278565],[86.21712619039278,27.353079570825948],[86.21804903355162,27.337029200682334],[86.21566185643816,27.33358184165642],[86.21723332226979,27.328444073656396],[86.2222913084999,27.327353256989998],[86.21932367298062,27.32260306684758],[86.22891215996422,27.319935214774137],[86.23381909190162,27.3075189003981],[86.23722586296665,27.30612958132094],[86.23545661573853,27.29625549120092],[86.24060528630294,27.288785928307796],[86.2237332979862,27.277499957472255],[86.21623516646014,27.268060731954815],[86.21381559110975,27.26892711427798],[86.20358082507508,27.250270723789356],[86.23012293187247,27.237429746129393],[86.23966734969399,27.24133787327587],[86.24319382784782,27.247169227396302],[86.25280531541367,27.25033679652607],[86.25745360390657,27.258136682965265],[86.26630319576007,27.26108494584936],[86.26666380580386,27.253650111562557],[86.28131511299617,27.245878674484906],[86.28788675761938,27.24569336400526],[86.29492830236015,27.238441125237063],[86.30611498913281,27.237213174337015],[86.31588252004651,27.231439913507298],[86.34098466136257,27.22902411578855],[86.34314963818335,27.21968179252601],[86.33991019739418,27.210368250043878],[86.34357531476158,27.202869664573473],[86.35807888432187,27.201463409866353],[86.36873961580021,27.192554129803067],[86.37902344312567,27.19329498856098],[86.384207994644,27.18247384786618],[86.3898629959331,27.17993985517996],[86.37376060820252,27.15899306187652],[86.37046083139438,27.151065269828095],[86.37422097349075,27.14772462920217],[86.37049235199768,27.147012942076543],[86.36791294800614,27.140638462657254],[86.36352680286808,27.14213038139071],[86.35915586946096,27.13937805107909],[86.35556569411975,27.143292143894413],[86.34496937864122,27.143901973763416],[86.34303206013219,27.1473496977873],[86.33659409736708,27.13804353788541],[86.33795138419016,27.133859869159938],[86.33512899747916,27.13413085950683],[86.33665001948441,27.126599551833884],[86.32621252551613,27.110962947605415],[86.30643090599399,27.10889910882783],[86.31119471979176,27.102977088180463],[86.32308343482103,27.09912231662511],[86.33235858024862,27.099893217795398],[86.34119003772685,27.106500970129858],[86.35490641558562,27.104290147302986],[86.35611359543198,27.100134909297672],[86.36262406991507,27.099550946917528],[86.35702803913034,27.09419582611903],[86.35827965181004,27.084029808437997],[86.35360691334168,27.07690985927354],[86.355245669982,27.075306278735404],[86.35148644203021,27.073840344956885],[86.35086685648403,27.06987312333568],[86.34699047277242,27.07054787329904],[86.34608131159284,27.066078315213552],[86.35087104574848,27.066793145760993],[86.3511619293293,27.06163191903211],[86.36329387723264,27.0540833539925],[86.36698786804106,27.037571874740962],[86.3826230160116,27.031490425870892],[86.37937069165669,27.031446750861395],[86.37404099649447,27.02332269081899],[86.37538312721126,27.020611952950414],[86.37198773286428,27.015887750098088],[86.37409195031721,27.007356602211246],[86.37310303366374,27.003583981796346],[86.36666400448097,27.000339846898118],[86.36571964575295,26.98160511062634],[86.35298078869364,26.96461058400299],[86.31503508059316,26.963454362054083],[86.29658340737684,26.95239965307359],[86.28347143517479,26.94919277977831],[86.27814356370743,26.934453867166305],[86.26111791997515,26.9250061668644],[86.25800195392064,26.912868436445134],[86.25240202485638,26.911573083360125],[86.24624719181585,26.915116729840268],[86.24179697164239,26.905532563766403],[86.2242019287117,26.903843982689672],[86.22211392434646,26.89915948649384],[86.22404358922923,26.89105610895343],[86.22143635637323,26.88860259413273],[86.21589967096682,26.89624595227676],[86.20369087258946,26.900081223565415],[86.19996680797536,26.905536428943375],[86.1868572502048,26.90648594114664],[86.17107590853747,26.919966300272772],[86.1585296726791,26.92599774604881],[86.15748910015029,26.92998762624008],[86.15592472007238,26.91897394835222],[86.1607696818483,26.91439312144844],[86.16851474932243,26.91361531874672],[86.17799778285527,26.90040339311256],[86.18550762252809,26.9000001154707],[86.18704990577936,26.89469517252197],[86.22744529784222,26.880686267843533],[86.24686592475626,26.863847701941793],[86.27121917140713,26.882536645956634],[86.2875323940411,26.886706239375865],[86.31040155394813,26.882764906233977],[86.3142670639808,26.879044799007623],[86.34080057892946,26.88017964292809],[86.36604338210957,26.872564611371157],[86.37404316799787,26.88377194639098],[86.37680579040338,26.896573675866495],[86.38279713737602,26.902390013526272],[86.38444708901676,26.909380861664832],[86.40345997482466,26.909816768873245],[86.41844353122961,26.906345639110043],[86.45712994588746,26.887391961679707],[86.47955581093788,26.888557174289097],[86.47739370296429,26.883260042571447],[86.47994893897744,26.871055161011846],[86.48815390434937,26.869399507307392],[86.49609520020434,26.856638328335258],[86.50476614401734,26.8560823356653],[86.50543609640846,26.84823428806472],[86.51169444046387,26.846593038233063],[86.51252983654078,26.840449219260737],[86.51775497026672,26.843287744585204],[86.51963572129631,26.831562621527137],[86.53720618318981,26.831585103338032],[86.54352706705136,26.836529337019225],[86.55202023897748,26.835238656250006],[86.55151013033245,26.831673962341736],[86.55463393158408,26.830670728465595],[86.55158527310678,26.82441285259439],[86.5534718526799,26.81487828542859],[86.54481622171345,26.806305330406634],[86.54585933455078,26.803413602423774],[86.54061124953161,26.798281153301016],[86.53565385270817,26.80030032898302],[86.53570350127706,26.795909342100764],[86.53012813867166,26.791210973325413],[86.53820372130963,26.787769288312003],[86.53631128835443,26.784396365044852],[86.53856014759128,26.7831062044589],[86.54816767107472,26.781948030459077],[86.55137277913597,26.786703666338315],[86.563891807327,26.791091053973368],[86.56659454284207,26.780969801691437],[86.57151244991229,26.784676433875177],[86.57787112721881,26.78443831331712],[86.57722601832297,26.77576006443159],[86.57271295156579,26.76823452576602],[86.56885101985344,26.768060349836674],[86.55318083377065,26.74597683956464],[86.57392464426461,26.739582501511023],[86.57208055769559,26.722357296842922],[86.58332549414742,26.71220925197188],[86.58120366700128,26.708152510480375],[86.58639904848786,26.69647206187736],[86.60189371093747,26.69988539861937],[86.61052900315332,26.68907786726583],[86.61630081308334,26.69512312303721],[86.62740203793639,26.690046068291867],[86.63378496786801,26.698547366941227],[86.64193578920803,26.69820709767635],[86.64892649343086,26.68985719884025],[86.6566027104081,26.69153005693205],[86.66491029633526,26.7044889982341],[86.66900226433589,26.701538013579004],[86.67045130295948,26.693681789614175],[86.68482567664134,26.688104647598323],[86.69115157089863,26.68970036584208],[86.70275429601598,26.699392148311166],[86.70627142608092,26.70717346321753],[86.7179622258251,26.70682706720957],[86.73695095378181,26.71233340692279],[86.74671338448043,26.696954610188076],[86.75314770972976,26.695232869692102],[86.75314052492564,26.68630590350896],[86.75993019988599,26.695402470262426],[86.76413709766604,26.695053010539176],[86.7757967981551,26.702658480126644],[86.78140302813756,26.701694659218653],[86.79995607151871,26.71267313786465],[86.80628649612673,26.712812796702075],[86.80842780087009,26.708943423609178],[86.81427800337964,26.7077868119521],[86.82391504862944,26.71434090188333],[86.83755756060903,26.709855340480715],[86.84045994040187,26.691799223042974],[86.84620184070302,26.69373490155339],[86.84825568912116,26.691322586122972],[86.85074925549644,26.696454428959232],[86.85851334195385,26.69792918155128],[86.86161741814485,26.70177971117564],[86.86566816702863,26.700653065289377],[86.86655935425313,26.709932955104744],[86.87129323397359,26.713157503537747],[86.88495173254493,26.712108579628623],[86.8891957680731,26.719741483336993],[86.90409063378512,26.73209353119248],[86.90342232483572,26.73597661627371],[86.91116142314063,26.739946464208483],[86.90869458078465,26.75929497515065],[86.92210981173727,26.766390833655862],[86.92782286481518,26.758428193300055],[86.92471950756598,26.75015399040992],[86.93251007106011,26.740730012692264],[86.9488298851341,26.732202479088397],[86.96708568927187,26.735701048992038],[86.97323812863526,26.72166644682939],[86.98277928332467,26.71497263672253],[86.98413865274841,26.704030617597272],[86.99052138651743,26.69822498606375],[86.99132692989737,26.703002268570543],[86.99587046404444,26.703061154755478],[87.00083228929682,26.71034997698452],[87.00999815140231,26.71088665116522],[87.01459212198569,26.690243037088656],[87.01076418792222,26.684053575920448],[87.01351497341444,26.671542781484774],[87.00626408745342,26.666368921340272],[87.00189175727067,26.655699842751737],[86.99490938415694,26.654095299946174],[86.99111441032024,26.649595503417196],[86.9856727330202,26.629409739059092],[86.97884020792056,26.625236361744502],[86.98940724661185,26.606006725337043],[86.98253911751422,26.58635995040066],[86.99234039921106,26.57212373817489],[86.97387783989085,26.55809214797206],[86.9636362642656,26.544638085379233],[86.95090519460818,26.537297946969012],[86.93328986854763,26.533619279306738],[86.91677076779393,26.51247265819676],[86.91624512991382,26.501462173220634],[86.91086637571804,26.499195466545615],[86.9040949814481,26.48835242339644]]]}},{"type":"Feature","properties":{"name":"Province 2","shapeName":"Province 2","shapeISO":"NP-P2","shapeID":"38925275B32852473043531","shapeGroup":"NPL","shapeType":"ADM1"},"geometry":{"type":"Polygon","coordinates":[[[86.25968479189879,26.919143286570666],[86.255417447491,26.932451664241043],[86.24140962195422,26.93989314821018],[86.23418603254426,26.950470406339925],[86.22664097468927,26.94956954703991],[86.2188016503522,26.954300873279056],[86.21020441344491,26.965566422434517],[86.1986106385748,26.970553038434694],[86.19152139813315,26.978583585425945],[86.18726303897472,26.977455739176467],[86.1875781451124,26.98245086482494],[86.14037946436022,26.999307838421363],[86.10640232676464,27.015242676911804],[86.08917518606205,27.019139421064835],[86.05526545304818,27.018236938842954],[86.04753246129047,27.021402343550527],[86.01229444037814,27.018691187844745],[85.99166807459578,27.024848988869167],[85.97090219191824,27.05097064484309],[85.96201338595837,27.079850751149767],[85.95560382275482,27.084245817647634],[85.94994569332317,27.084023181016736],[85.95097647991044,27.087830423409873],[85.9441299140319,27.09208174641071],[85.93589855592553,27.110202627218577],[85.9381293450869,27.121437480243195],[85.91411457057825,27.129737222442284],[85.88302217720732,27.146410229849028],[85.8624682669174,27.127171349741754],[85.85352234121827,27.1380456121415],[85.83565505990529,27.147092453059916],[85.83464894994314,27.14971695341619],[85.84355038585156,27.159936628919745],[85.83068873668108,27.16717608732776],[85.8245707666653,27.168264327103287],[85.81586242655175,27.161307552202636],[85.80899669414374,27.16168940557535],[85.7694436496062,27.182174374282106],[85.74318848554205,27.18755246616506],[85.72365426585617,27.19524302468081],[85.71685574729538,27.187848634229947],[85.69489214359645,27.184099358066486],[85.68171804834986,27.169354454655263],[85.67107756665888,27.166470038838508],[85.64678326138817,27.14462464831883],[85.63345876454188,27.14135509762435],[85.62976964134927,27.137429698797746],[85.62280486453581,27.14068242151973],[85.60497947471752,27.13962653934482],[85.60004916586466,27.14362935341704],[85.59468605541386,27.14064072034583],[85.58070788650295,27.143951699467692],[85.5710854758539,27.137074717504746],[85.56891975523283,27.14350492344946],[85.5535545810386,27.146805880297855],[85.54976722629361,27.145719978704566],[85.551730384512,27.140569468684262],[85.54678684511349,27.140644694118357],[85.54594907439873,27.14395013648509],[85.53665513377608,27.148859613505888],[85.52809505341568,27.14040710146142],[85.50103673068146,27.14355207326154],[85.4895203337028,27.154613527129545],[85.49314682978877,27.162186662363546],[85.50395800887354,27.163460785227844],[85.49956275067841,27.167706961317755],[85.50338733778895,27.17258915031892],[85.50094303151982,27.17578232657028],[85.486202572162,27.164417101884805],[85.47226889146121,27.16189972664003],[85.4668520795628,27.166154884558136],[85.45292461388087,27.168429520928548],[85.45335412030389,27.177735574995694],[85.44810369021573,27.18678905806377],[85.43656800917078,27.18734769777482],[85.42663163649021,27.193107212893185],[85.41828035601449,27.190135092551998],[85.40928008927304,27.197002899008034],[85.3972853397591,27.19767570951385],[85.3972718572101,27.20621038558188],[85.39348645835939,27.210423949223113],[85.38516417577434,27.20743158345278],[85.37659333415964,27.212102528581166],[85.3596514632508,27.210806060665167],[85.34874948217438,27.22218487036409],[85.33760861892436,27.219825779422802],[85.30739547941599,27.23184034854431],[85.30403920920352,27.22993146522732],[85.29302772230052,27.232925835189395],[85.26191263004796,27.2266602109813],[85.2577936210184,27.22922410355019],[85.25809460585495,27.234216350807714],[85.25152094437288,27.244982659080513],[85.24245106219465,27.24879961184059],[85.23179782225182,27.243400111268542],[85.20840280057308,27.24539531104156],[85.20245436207219,27.250256594416438],[85.1929021604824,27.24509509159326],[85.17914346830307,27.248462697448232],[85.17730499788334,27.249646875515467],[85.18096004431575,27.254590802957097],[85.17095154439153,27.254792252142114],[85.16770286492431,27.26019571793097],[85.1559950553724,27.26214067050502],[85.14527868990088,27.272977032405784],[85.14478355733335,27.282989192808277],[85.13674928389777,27.29024060431584],[85.1266376308545,27.29263041845304],[85.12553410819388,27.301147201562483],[85.1208804500336,27.302177285731293],[85.11679573783782,27.31791718852582],[85.1039190768953,27.32024858802818],[85.09448118496232,27.333403886791935],[85.09134032647405,27.35659444994587],[85.08656674059215,27.361143967138286],[85.0708170658224,27.364415237933585],[85.06731616794865,27.360417103425398],[85.06549405220636,27.36263750083473],[85.06147750038687,27.360450320084887],[85.05617572103962,27.365675143496595],[85.03648841898261,27.35740276096642],[85.03195358067855,27.360558843795943],[85.02456303035311,27.358704580152388],[85.02096066840045,27.356743260915017],[85.0214960656388,27.352100686013646],[85.01320440505151,27.355407696155954],[85.00397829837881,27.35287071587038],[84.99888040749687,27.36559149641825],[84.98153463716876,27.36220615038277],[84.97745841987077,27.356136317833773],[84.97191348402316,27.35514844406827],[84.96558256388114,27.358572224859124],[84.96419370784481,27.36370780602877],[84.95676777810324,27.359181095741754],[84.95378481338794,27.361482529712877],[84.95629649013473,27.36426075732734],[84.95179096749303,27.367012502005117],[84.94495456617894,27.360243001010158],[84.94088499409182,27.365784628655856],[84.92623595715999,27.36423328767087],[84.92173236390083,27.370670703221332],[84.90845786151522,27.377264591108464],[84.90081947577707,27.374985738591025],[84.89670156323635,27.38552160473425],[84.88989132446251,27.38933534313583],[84.88185109789443,27.388077767914158],[84.87672808586662,27.397669640718735],[84.85189416101605,27.398574794888955],[84.85109896444013,27.404412009966794],[84.84039898573411,27.41481028396598],[84.82527613927563,27.419622865844488],[84.81012639930472,27.415986705488983],[84.8092436615661,27.424524863608568],[84.79094413353681,27.437758827316305],[84.78004600016375,27.435094771475782],[84.77028452873026,27.43891021483122],[84.75531513178747,27.435727392416766],[84.74332215614172,27.44207544882893],[84.73945382355683,27.440489655038203],[84.73469487889355,27.444269179646888],[84.72607332366877,27.444686633113356],[84.71893315367403,27.431265165356642],[84.69060631141504,27.432529736255393],[84.67070501110963,27.42908461231137],[84.6627596739742,27.429745367976214],[84.66173555741155,27.43303761842403],[84.64766405710076,27.429141688688386],[84.64297934618213,27.442915315930804],[84.63494125410186,27.44447736431335],[84.6282808239144,27.450877061329468],[84.6068275333232,27.454324920132045],[84.60127326679064,27.45114961979872],[84.58477165873582,27.45649276005227],[84.57585757494778,27.453982598318397],[84.57308547235259,27.458860804083645],[84.56165334151973,27.463036315612428],[84.55778643367441,27.458882254570508],[84.5560348077687,27.441849946765664],[84.54781774842156,27.426763051430633],[84.54835690855907,27.418031281395734],[84.54172132007149,27.419505796979088],[84.53248601497268,27.414424110875114],[84.54623600331144,27.408222568171674],[84.54587382366003,27.403842205165503],[84.53472914836259,27.401800592566513],[84.53966823874816,27.385919782961786],[84.53045386318148,27.381054390714315],[84.51987320440654,27.384090581878105],[84.50408197532991,27.38117922666935],[84.50172200055523,27.37659391347588],[84.49496258354523,27.376500694480452],[84.483946483934,27.3664309926958],[84.48589106492621,27.358590289651605],[84.49011121664792,27.357445143956745],[84.5650376842919,27.347597550106187],[84.60776676984376,27.335450733413307],[84.62237494645962,27.336367938828975],[84.64801786196134,27.297923593388592],[84.68524138643198,27.226503253473524],[84.68956887217023,27.223548834623255],[84.6909733506003,27.215044617628116],[84.68471133874104,27.213085258681286],[84.68728913726433,27.209151151529024],[84.68054275265365,27.200725115033055],[84.6835699936508,27.19664446382647],[84.67924189968471,27.185722311824804],[84.68539268102178,27.180888651896957],[84.68150377209462,27.18010884891929],[84.68370408470197,27.177979448270673],[84.67527570629055,27.17096925807706],[84.68091769041446,27.168861596292587],[84.67693646038929,27.16262178042423],[84.68676236677005,27.15858035583731],[84.68037620841156,27.152052278736573],[84.6835784475804,27.14368145259471],[84.67737577437357,27.13341808730603],[84.67699211097853,27.115245018370953],[84.66991157321516,27.11045933873658],[84.67101280173968,27.10728395147935],[84.67482220826206,27.108809123489173],[84.67465965178161,27.09651721975425],[84.66993830388182,27.09821168400267],[84.66758857714143,27.093635681048813],[84.66479523709076,27.09470041812822],[84.67035301167626,27.09101870826362],[84.66605870355416,27.087735872944414],[84.66323673343527,27.08926319326133],[84.66480201881517,27.08644884374244],[84.65781263823553,27.082627828329183],[84.65516657852741,27.08438663067972],[84.65413432221297,27.081997453428194],[84.65835621930866,27.081174466528754],[84.6582779458166,27.079644977020017],[84.65301680582391,27.08077742038217],[84.65309129181877,27.07774675537038],[84.64632816077551,27.07563221499878],[84.64297834216886,27.059742333750386],[84.64576968265644,27.058669035261715],[84.64633805776761,27.051421191476855],[84.64323890982878,27.05107661195959],[84.64278324460751,27.046520825000986],[84.70143688713266,27.027070521285886],[84.71405939074049,27.021544456821157],[84.72139612511292,27.01437908473437],[84.7296740215899,27.01501790353146],[84.75676224879277,27.00289815134244],[84.76471138337054,27.013020120249664],[84.77307681369453,27.01787975213258],[84.7826429374471,27.014203227184744],[84.78422728303549,27.00808648423812],[84.78581845497223,27.011037933395514],[84.78879691399479,27.0089928486312],[84.78630737830568,26.998577927399854],[84.78950123492041,26.997215223031436],[84.79092275050967,26.999682461818434],[84.79357597442015,26.99586103144776],[84.79712290916034,27.004225652918027],[84.80026299876165,27.00078269531101],[84.80137147056487,27.00444751048344],[84.80831411643605,27.007842002546585],[84.8067580177045,27.01058335906739],[84.81090128445172,27.013905688497392],[84.80693066627911,27.014736303266947],[84.8090533816857,27.01828464441023],[84.81243098245376,27.01591634569563],[84.81205762420606,27.020832776358816],[84.81346942574565,27.018259214691454],[84.82558752724151,27.020968471745675],[84.85469944012742,27.00827211620862],[84.85010498308371,26.99843298464154],[84.85780942005537,26.99775903961444],[84.85768053524423,26.992651492986383],[84.8548869040442,26.99259170421137],[84.85737380071272,26.99072190927597],[84.8560851745209,26.986600631792943],[84.85901930194636,26.9891730737413],[84.8647707637445,26.984250725282966],[84.88856913706188,26.97756600157838],[84.89144934228499,26.96986954391201],[84.89562467188193,26.972992893129035],[84.90994632050497,26.96802980677084],[84.92941786975683,26.96873535726165],[84.95334033543736,26.959780525535475],[84.96232195169003,26.960540848105964],[84.97827618122628,26.94034314297151],[84.9748210243227,26.939624778316738],[84.97821289982153,26.93592797301672],[84.97017627731191,26.92903627383034],[84.97186769001966,26.92203686103265],[84.9676228584134,26.916310116917206],[84.99952011893339,26.91223185045162],[85.0022124975069,26.90346054658834],[84.99583777289921,26.906687036633272],[84.99273412769747,26.902958944162958],[85.00388481428443,26.895145437202686],[85.06024237919725,26.88699685063249],[85.05519021214027,26.881500010721137],[85.05384682505218,26.8847838848663],[85.04837728412564,26.885266819853076],[85.05223772938544,26.881321230689924],[85.04314532874602,26.879712169369782],[85.0416961171357,26.874639410838753],[85.03745460667021,26.878136346033457],[85.03611152765103,26.87515659008825],[85.0292846090474,26.87532828078757],[85.0301775762101,26.86774284403125],[85.0266110041477,26.866577455267077],[85.0287627357288,26.859364192882545],[85.02202551908032,26.85492973152142],[85.0574193563679,26.84922278825299],[85.05792203160802,26.856145868845342],[85.06078838424371,26.853971856604524],[85.06271073685114,26.85826463100704],[85.06466081911158,26.85690303133663],[85.06157334529061,26.853914061944327],[85.06395848712891,26.849721971542134],[85.06645845138257,26.854042063532106],[85.07822893277883,26.855859336174618],[85.07828049312906,26.85885075815873],[85.08721862198128,26.852940797444553],[85.08435663495933,26.85551239939061],[85.08936108628512,26.859625548847053],[85.08670315894764,26.86743918810107],[85.09609911855048,26.867113926416806],[85.09950284378678,26.87113074752401],[85.11115360031553,26.87251068162218],[85.13416604470137,26.867846955299772],[85.14001996113745,26.871197811068253],[85.1672415644637,26.86855016006248],[85.18987268716383,26.87014612180898],[85.19284218628877,26.863022925976697],[85.19118158514706,26.83128259406331],[85.17700956990186,26.81520129971429],[85.17676008382837,26.80973190622058],[85.18244182285562,26.80090771508056],[85.18035563237049,26.79581244757365],[85.18689266375748,26.79510348764507],[85.18661203087335,26.79096560036875],[85.19337515044741,26.79062898495763],[85.19482358122328,26.784409810295283],[85.19165472790897,26.78218701992925],[85.19713530778017,26.769995311907795],[85.21178374589246,26.75795323368656],[85.24023475065702,26.76195344928836],[85.26030543777807,26.755280668299566],[85.30667023308389,26.752252663523887],[85.33452073062902,26.74158535959817],[85.35529732959222,26.76032902661769],[85.36160613584558,26.763154187855818],[85.36938464981849,26.758307427922336],[85.37524452197205,26.76072118161754],[85.38422914242662,26.77422037775152],[85.39777590773576,26.778559020590293],[85.40771248087519,26.791293611670188],[85.41781179957849,26.790446097717517],[85.4254856333474,26.7859763642697],[85.43258087135678,26.790175604771537],[85.4547395056943,26.781929249703627],[85.464223438128,26.78895858977172],[85.47760130286674,26.792524111611428],[85.47980613185234,26.80241214692733],[85.49585726063196,26.797061250251712],[85.49775527741514,26.81211251044967],[85.5074903453917,26.816867056442355],[85.51980278046376,26.814471839920763],[85.54298876859401,26.838442211983324],[85.55340304859884,26.83437530174051],[85.55763811317959,26.844074697336026],[85.5657043678523,26.841009472951622],[85.57532795739928,26.86110947153867],[85.57817448972594,26.856436368161013],[85.5837601618699,26.858211613440524],[85.58518063130259,26.847249795207762],[85.60692195877085,26.85731593940121],[85.62346671625652,26.87364100916794],[85.63440224841861,26.872287367963377],[85.64236033641447,26.85329280320167],[85.67940242985627,26.843752494209674],[85.70427634119623,26.832259412405833],[85.72069967718899,26.820604396585644],[85.73443356243727,26.795929737551024],[85.73500898119431,26.777508249505726],[85.72872510186458,26.75005913726476],[85.73408365231926,26.737501458146774],[85.72986576155014,26.73460283331063],[85.73142294949294,26.730672831573894],[85.72824538242024,26.729791545274452],[85.7294994342673,26.725245154080252],[85.72599796922024,26.721371377917254],[85.72787960536584,26.717859468396504],[85.72335487690461,26.686892443271415],[85.72544549363192,26.67047217640221],[85.73646499472717,26.66400936082738],[85.73223533980133,26.655587474099562],[85.73417218619075,26.650591259068147],[85.74833862853939,26.639002133047445],[85.76929382244302,26.629997452060984],[85.80139668109095,26.62433977953788],[85.80332949021795,26.61498788510965],[85.81751319370683,26.602813998539926],[85.8306221303158,26.601697121194924],[85.83120461139133,26.611365778531628],[85.85099558543583,26.608580156309767],[85.85776801013597,26.589988277612907],[85.84833362646307,26.57692927671901],[85.84913280674056,26.56892793129661],[85.85685392327265,26.572103901082006],[85.8585302674438,26.568953892517893],[85.87950236019873,26.583868042595842],[85.88778366745592,26.583247044091554],[85.8916998688824,26.594484930685375],[85.90069268369842,26.59509395950919],[85.90039380375059,26.600434671289563],[85.91306869173411,26.60461382139952],[85.91391530614514,26.608961640159816],[85.92716031346843,26.609711850730392],[85.92854130869118,26.616570394025715],[85.93273907126212,26.61357610084568],[85.93804001276935,26.616269324628743],[85.94031752537441,26.613298810212832],[85.94799433086324,26.6135610997068],[85.94614848017329,26.621246267874593],[85.95555556406673,26.630650280340294],[85.95333083686455,26.643937510633958],[85.9601901665233,26.651411338669256],[85.96762774743947,26.65199803298268],[85.97589847877235,26.65828323883662],[86.00981951614484,26.653974733276705],[86.01186426039321,26.659618707465278],[86.02700257998038,26.666736014648052],[86.06798753862226,26.657930961356602],[86.0739504263623,26.649783651344414],[86.11938759031636,26.630091629085967],[86.13845731454741,26.62899666233196],[86.14092768015863,26.61671847102101],[86.13603589795271,26.60660015575269],[86.14246915338498,26.605095705603173],[86.14577639821407,26.608755251019485],[86.17155518058779,26.61718443313169],[86.17381507568011,26.614015935935907],[86.19225390997944,26.614749112768774],[86.19392081318962,26.611886079947272],[86.19020167229097,26.611901079425728],[86.19545694011204,26.60810612457764],[86.19564856763738,26.594428392173462],[86.20537469303213,26.596689979413867],[86.21728556007295,26.588492582986856],[86.23133032393505,26.593129531847953],[86.23442053024749,26.59084228378238],[86.23452380784309,26.597998156617166],[86.24019558298691,26.603505078160072],[86.24320489270622,26.60284199908044],[86.24386875486643,26.608346776215804],[86.24839740876541,26.608711506898114],[86.24778278876236,26.61238411095148],[86.25215980879993,26.617132327857217],[86.2532748351736,26.61485454748489],[86.27563137241712,26.61739363075699],[86.29287546092,26.613319337065715],[86.30786062228552,26.62004974277366],[86.33329002165736,26.61900913177825],[86.34482187905385,26.616806141675454],[86.33896849637428,26.608599077481767],[86.34091148240677,26.606071831700564],[86.39690639145718,26.59360004499289],[86.3949768154616,26.58519075108943],[86.43044339092691,26.5729981602286],[86.45549129692216,26.568158752133805],[86.4973012694779,26.542370836040273],[86.51572212791415,26.539268540645534],[86.52386173205181,26.543540677253063],[86.54184018669841,26.538538042402276],[86.55055509854563,26.530369840974217],[86.55094666540882,26.524677659231514],[86.5552570315095,26.522213384248634],[86.55458943037902,26.516208774074848],[86.57026929965632,26.496545445526284],[86.62060607847766,26.48443916163407],[86.62701133651213,26.47708360075485],[86.62935719899563,26.478100675113307],[86.62613598196073,26.46955774356888],[86.6298589346908,26.46961255221281],[86.62744348788505,26.467065296562282],[86.63021190751024,26.468713135823524],[86.63337351953795,26.464593862232878],[86.63716567773119,26.466415641474892],[86.64002386968346,26.46343057556373],[86.6933665762579,26.451242787554932],[86.6998111522189,26.437425478843604],[86.72013994280155,26.434934726594754],[86.72506948545079,26.4262291323286],[86.73040279554017,26.426106107872247],[86.73092343036312,26.422383628883374],[86.74703383809714,26.428575985258295],[86.74709759990266,26.433669353313412],[86.74398453731331,26.43502455742088],[86.75306290062328,26.442074531471125],[86.75354255872402,26.446527775413017],[86.76412877501087,26.4512891010032],[86.76254338325745,26.455910357373696],[86.76628601298502,26.459364681684594],[86.833429420989,26.43908565111789],[86.83793407648551,26.44261348134575],[86.8425560890824,26.4402446425495],[86.84684599726737,26.44196206529087],[86.84591411050611,26.448295496380496],[86.85604766702893,26.448549834047416],[86.86095440402653,26.457628686418577],[86.87294823649472,26.454114946944486],[86.88453983138588,26.461416069310502],[86.89374262721252,26.461976113886074],[86.891623331004,26.48615002843418],[86.9040949814481,26.48835242339644],[86.91086637571804,26.499195466545615],[86.91624512991382,26.501462173220634],[86.91677076779393,26.51247265819676],[86.92647896135688,26.526609025608188],[86.93362719600779,26.533799956280326],[86.95090519460818,26.537297946969012],[86.96431766620216,26.5450986187992],[86.97387783989085,26.55809214797206],[86.99234039921106,26.57212373817489],[86.98253911751422,26.58635995040066],[86.98940724661185,26.606006725337043],[86.97884020792056,26.625236361744502],[86.9856727330202,26.629409739059092],[86.99111441032024,26.649595503417196],[86.99490938415694,26.654095299946174],[87.00189175727067,26.655699842751737],[87.00626408745342,26.666368921340272],[87.01339150297564,26.67090870985332],[87.01076418792222,26.684053575920448],[87.01459212198569,26.690243037088656],[87.00999815140231,26.71088665116522],[87.00083228929682,26.71034997698452],[86.99587046404444,26.703061154755478],[86.99132692989737,26.703002268570543],[86.99052138651743,26.69822498606375],[86.98413865274841,26.704030617597272],[86.98277928332467,26.71497263672253],[86.97323812863526,26.72166644682939],[86.96708568927187,26.735701048992038],[86.9488298851341,26.732202479088397],[86.93251007106011,26.740730012692264],[86.92471950756598,26.75015399040992],[86.92782286481518,26.758428193300055],[86.92210981173727,26.766390833655862],[86.90869458078465,26.75929497515065],[86.91116142314063,26.739946464208483],[86.90342232483572,26.73597661627371],[86.90409063378512,26.73209353119248],[86.8891957680731,26.719741483336993],[86.88495173254493,26.712108579628623],[86.87129323397359,26.713157503537747],[86.86655935425313,26.709932955104744],[86.86566816702863,26.700653065289377],[86.86161741814485,26.70177971117564],[86.85851334195385,26.69792918155128],[86.85074925549644,26.696454428959232],[86.84825568912116,26.691322586122972],[86.84620184070302,26.69373490155339],[86.84045994040187,26.691799223042974],[86.83755756060903,26.709855340480715],[86.82391504862944,26.71434090188333],[86.81427800337964,26.7077868119521],[86.80842780087009,26.708943423609178],[86.80628649612673,26.712812796702075],[86.79995607151871,26.71267313786465],[86.78140302813756,26.701694659218653],[86.7757967981551,26.702658480126644],[86.76413709766604,26.695053010539176],[86.75993019988599,26.695402470262426],[86.75314052492564,26.68630590350896],[86.75314770972976,26.695232869692102],[86.74671338448043,26.696954610188076],[86.73695095378181,26.71233340692279],[86.7179622258251,26.70682706720957],[86.70627142608092,26.70717346321753],[86.70275429601598,26.699392148311166],[86.69115157089863,26.68970036584208],[86.68482567664134,26.688104647598323],[86.67045130295948,26.693681789614175],[86.66900226433589,26.701538013579004],[86.66491029633526,26.7044889982341],[86.6566027104081,26.69153005693205],[86.64892649343086,26.68985719884025],[86.64193578920803,26.69820709767635],[86.63378496786801,26.698547366941227],[86.62740203793639,26.690046068291867],[86.61630081308334,26.69512312303721],[86.61052900315332,26.68907786726583],[86.60189371093747,26.69988539861937],[86.58639904848786,26.69647206187736],[86.58120366700128,26.708152510480375],[86.58332549414742,26.71220925197188],[86.57208055769559,26.722357296842922],[86.57392464426461,26.739582501511023],[86.55318083377065,26.74597683956464],[86.56885101985344,26.768060349836674],[86.57271295156579,26.76823452576602],[86.57722601832297,26.77576006443159],[86.57787112721881,26.78443831331712],[86.57151244991229,26.784676433875177],[86.56659454284207,26.780969801691437],[86.563891807327,26.791091053973368],[86.55137277913597,26.786703666338315],[86.54816767107472,26.781948030459077],[86.53856014759128,26.7831062044589],[86.53631128835443,26.784396365044852],[86.53820372130963,26.787769288312003],[86.53012813867166,26.791210973325413],[86.53570350127706,26.795909342100764],[86.53565385270817,26.80030032898302],[86.54061124953161,26.798281153301016],[86.54585933455078,26.803413602423774],[86.54481622171345,26.806305330406634],[86.5534718526799,26.81487828542859],[86.55158527310678,26.82441285259439],[86.55463393158408,26.830670728465595],[86.55151013033245,26.831673962341736],[86.55202023897748,26.835238656250006],[86.54352706705136,26.836529337019225],[86.53720618318981,26.831585103338032],[86.51963572129631,26.831562621527137],[86.51775497026672,26.843287744585204],[86.51252983654078,26.840449219260737],[86.51169444046387,26.846593038233063],[86.50543609640846,26.84823428806472],[86.50476614401734,26.8560823356653],[86.49609520020434,26.856638328335258],[86.48815390434937,26.869399507307392],[86.47994893897744,26.871055161011846],[86.47739370296429,26.883260042571447],[86.47955581093788,26.888557174289097],[86.45712994588746,26.887391961679707],[86.41844353122961,26.906345639110043],[86.40345997482466,26.909816768873245],[86.38444708901676,26.909380861664832],[86.38279713737602,26.902390013526272],[86.37680579040338,26.896573675866495],[86.37404316799787,26.88377194639098],[86.36604338210957,26.872564611371157],[86.34080057892946,26.88017964292809],[86.3142670639808,26.879044799007623],[86.31040155394813,26.882764906233977],[86.2875323940411,26.886706239375865],[86.27121917140713,26.882536645956634],[86.24686592475626,26.863847701941793],[86.22744529784222,26.880686267843533],[86.18704990577936,26.89469517252197],[86.18550762252809,26.9000001154707],[86.17799778285527,26.90040339311256],[86.16851474932243,26.91361531874672],[86.1607696818483,26.91439312144844],[86.15592472007238,26.91897394835222],[86.15781316382449,26.921857599937706],[86.1562467834541,26.925970647539934],[86.15748910015029,26.92998762624008],[86.1585296726791,26.92599774604881],[86.17107590853747,26.919966300272772],[86.1868572502048,26.90648594114664],[86.19996680797536,26.905536428943375],[86.20369087258946,26.900081223565415],[86.21589967096682,26.89624595227676],[86.2209982275323,26.888507658221826],[86.22404358922923,26.89105610895343],[86.22211392434646,26.89915948649384],[86.2242019287117,26.903843982689672],[86.24179697164239,26.905532563766403],[86.24624719181585,26.915116729840268],[86.25646036629134,26.911754697039683],[86.25968479189879,26.919143286570666]]]}},{"type":"Feature","properties":{"name":"Bagmati","shapeName":"Bagmati","shapeISO":"NP-P3","shapeID":"38925275B1624743257395","shapeGroup":"NPL","shapeType":"ADM1"},"geometry":{"type":"Polygon","coordinates":[[[86.5155698264802,27.956621698590506],[86.49771353793417,27.957223269907264],[86.49348351407117,27.952429248876665],[86.46938426081059,27.946201822651545],[86.46644206797242,27.941330770166783],[86.46988230322789,27.930045340136864],[86.45944622246114,27.922322661870933],[86.4556082624586,27.91509017896815],[86.44573987933393,27.91199828346042],[86.44245726287741,27.905724224529674],[86.42921935724785,27.909555089133587],[86.41075610254785,27.906585033443204],[86.40540976997886,27.91670784655461],[86.39087116936743,27.92588539819785],[86.38131728794274,27.937870158102452],[86.35828817914424,27.9414173782281],[86.3479453137857,27.937574042826625],[86.33762722404953,27.94946179901193],[86.339469827578,27.953585774574083],[86.3353344938801,27.96509448372985],[86.31877142945133,27.94788073859065],[86.3074228020949,27.956266415588477],[86.30405138605467,27.95559285452281],[86.29656730194701,27.973025912552707],[86.28878058499065,27.978395984287157],[86.26640961293305,27.98046009891058],[86.24899446296622,27.97509821647005],[86.2331951899084,27.974212459937014],[86.2264516052743,27.981588057092836],[86.22007444715132,28.010050393850133],[86.22482525230114,28.033070973218937],[86.21757786277736,28.040285200381188],[86.21695001911047,28.051139902107042],[86.20417729457365,28.084015666863646],[86.20774509641711,28.0943440507956],[86.22251955210186,28.09577086650276],[86.21984405504061,28.1116583297749],[86.20555228222608,28.133085031426305],[86.19719045884474,28.138274732998426],[86.19730829550602,28.156350483814713],[86.19211657852614,28.16041227954652],[86.19258143958407,28.16673396905933],[86.18672667462704,28.17417569719854],[86.1738536924364,28.16826919343151],[86.1781051123755,28.143571363249603],[86.16027540242672,28.138015179388415],[86.14201595133919,28.126080750012658],[86.14049327178735,28.11777821921126],[86.13235905809653,28.11663505662539],[86.13019833029321,28.100139190316646],[86.11785202706209,28.09139957513625],[86.09213365866052,28.097826055731392],[86.0827809815909,28.090932763643487],[86.08763783757762,28.073891879938092],[86.09485489731445,28.061867896541216],[86.08962293106627,28.05760787644398],[86.08751126494401,28.049354956714588],[86.09047360130614,28.033196960132024],[86.07938971876827,28.02036773428635],[86.10358612493354,27.984217207938773],[86.10946978110758,27.961496721690615],[86.10714164741866,27.955873187316662],[86.1153880991951,27.945508133451867],[86.12366527857155,27.941606186314633],[86.12627048169794,27.933710815044453],[86.12398304012261,27.92764331992089],[86.10403491850984,27.924864164476624],[86.07501586174051,27.910836176239304],[86.06650322854935,27.91109682049224],[86.06942039825442,27.90567279369834],[86.06482175760704,27.899753433982042],[86.04738147312298,27.906559963093013],[86.0396495447218,27.90415317213089],[86.02319495150012,27.907638204215186],[86.01376153423288,27.915121809257364],[86.00141987290813,27.911145831930874],[85.98838976258048,27.9176969595397],[85.94827846833606,27.94207459095184],[85.95783551510843,27.956781806691804],[85.95977190176862,27.96757543327821],[85.97830282871462,27.98789617340965],[85.97714072948031,27.996715111372755],[85.97435125329642,28.00108448429182],[85.96442672746252,28.002160592579948],[85.95385554381747,28.014542424911788],[85.9358375906107,28.024167816096824],[85.91490299868948,28.04937869305788],[85.90090306416889,28.053894235894592],[85.89635597411623,28.07430988478916],[85.90070775124236,28.07827229022295],[85.90331216888066,28.08923428500846],[85.89805093596875,28.109077784251504],[85.88886736183193,28.11662869809088],[85.87867881718076,28.117414266020383],[85.87012912237027,28.12377104815382],[85.8719526835934,28.14444765468873],[85.86179862833559,28.15130723890833],[85.85933486213968,28.16133435643834],[85.85130698443038,28.167195628631127],[85.84851942245497,28.18417461268449],[85.82893955866221,28.185066512290287],[85.81806243006297,28.19395565086613],[85.8156906652451,28.203369136558834],[85.80001339226887,28.196419934078616],[85.78213468551907,28.208495291367274],[85.77637738254984,28.208606308696037],[85.77405217206946,28.21810953776243],[85.76395693513273,28.22736446831357],[85.75702131953335,28.2289528323589],[85.74885926363127,28.23816998697385],[85.74839352692729,28.249106304684023],[85.74303094372456,28.256911695944172],[85.74294207190941,28.27173129299493],[85.73305839645597,28.291296732793725],[85.73635103425636,28.299409681568843],[85.73724523520168,28.31927090174556],[85.73589738218604,28.323639046005738],[85.72753487693303,28.32885787021562],[85.73226714666663,28.339352750708702],[85.71993559651827,28.359476097371672],[85.71890462345944,28.36734343020378],[85.72432421252903,28.373369665147663],[85.71775622306768,28.37557279119871],[85.7114820728278,28.38628471534208],[85.68392031303378,28.382477591897917],[85.68619403117916,28.346956157329625],[85.67620077587159,28.350703274048715],[85.66574940824931,28.348036713296413],[85.66439625197829,28.33174622596883],[85.65376078302752,28.317475774747535],[85.66072479726812,28.302972390857512],[85.6451120268248,28.289802817810326],[85.63543340194522,28.27393446396996],[85.60868881588678,28.256882242806796],[85.5989732480102,28.279263305178304],[85.59663600839136,28.29903304212429],[85.60060030586818,28.30436331378907],[85.59195229762327,28.308672965364952],[85.5807760814134,28.306306054385374],[85.57592245132237,28.310363042735148],[85.56175409291282,28.309831040649204],[85.52605243339032,28.328352514980683],[85.50652828021522,28.33401380000063],[85.48737782030327,28.331197046147715],[85.45800372148993,28.337029213520577],[85.43737044768075,28.33479407218606],[85.41538753083375,28.327135836015486],[85.41203831323277,28.30836273035274],[85.37764194944607,28.278584792326985],[85.37017891417237,28.285774392437546],[85.3482645160236,28.288503093630624],[85.34819724520207,28.301713209083204],[85.34037304985176,28.303969311911462],[85.30357161136487,28.289916037282875],[85.27291079209193,28.287791598952378],[85.27357488991896,28.293812814374935],[85.27047397634209,28.29740125000731],[85.25477781103848,28.294471818352246],[85.24711027035167,28.303244834788998],[85.24145640271024,28.31782798262769],[85.20245410670006,28.3406695813469],[85.1812859543567,28.324283531184644],[85.16682890992647,28.331626439497356],[85.14038176500897,28.330471797977562],[85.12865310399016,28.33807441577588],[85.12077345056409,28.33577074562777],[85.10795567921255,28.346604114416692],[85.08054959133399,28.345883356192434],[85.04612385635626,28.325104741994362],[85.04120716131006,28.31186667632222],[85.03271897748228,28.30284454477658],[85.03799325346482,28.29189068661375],[85.02734973573163,28.261679378965763],[85.00106547868057,28.252767448255188],[85.00269098450656,28.248079086849486],[84.99866778602492,28.241246142239724],[84.9916047159397,28.244706212889163],[84.9620813025767,28.21274794577179],[84.97385413696277,28.190281484740378],[84.96407038004968,28.17793188381254],[84.96566836300943,28.17450965674715],[84.95724481064336,28.155549051694788],[84.95789064579768,28.147175007727373],[84.95419996288315,28.14349653140628],[84.95832000552264,28.136079581655277],[84.95691257077661,28.126761090891648],[84.94277772199098,28.122579491817984],[84.93919719581632,28.125753396711744],[84.92881725079522,28.126320428250356],[84.92017687451298,28.11531097436706],[84.92156799278403,28.106600347550895],[84.91813551391398,28.103422142166252],[84.900430675102,28.106691124729945],[84.89244974800879,28.099970855225806],[84.86936839788281,28.120470316222526],[84.854692679392,28.12266063157124],[84.84373807804334,28.116321468521868],[84.83714995080307,28.104143403433863],[84.8372675599615,28.09495848734844],[84.83180989503492,28.089568326344082],[84.82092544106496,28.063150669990197],[84.81837771681198,28.047700903161733],[84.80950096906898,28.037989515807478],[84.81356974574919,28.028435945370955],[84.80954620238546,28.01686374058999],[84.81328379610449,28.009331357695313],[84.81132943379411,28.00294484143448],[84.80385241588432,28.000428137165308],[84.79741629469372,28.002369734125583],[84.79690675965989,27.998144859289944],[84.7901529099656,27.997992077753292],[84.784066514724,27.98329943534845],[84.7768940191693,27.97760527360093],[84.77163053637302,27.97735515071286],[84.77472130882936,27.97139305107133],[84.74588149168856,27.960096178893195],[84.73937813909775,27.936589139011556],[84.73389656063851,27.93316886164231],[84.73643337831984,27.928548445527223],[84.73201058296281,27.925837682740777],[84.73509944392855,27.915443234305325],[84.73322373589892,27.907053837065614],[84.7376268505146,27.897047186048276],[84.73576524403025,27.89287884637436],[84.74924152743881,27.88611241962537],[84.74595508195986,27.880248647545784],[84.75340460075712,27.873570681506727],[84.75603355072143,27.861774976541355],[84.76509470957265,27.859311029184976],[84.76756063066799,27.843791157645093],[84.77595831039112,27.83534480285744],[84.77371820521061,27.824200960461763],[84.78195295190517,27.81348993220955],[84.77308459966697,27.808653165737116],[84.76851551978996,27.811704069311883],[84.76899100343184,27.815627097742595],[84.76264273136864,27.81823876186726],[84.7569525603732,27.81451813297104],[84.7538482566029,27.806469559483514],[84.7387873031391,27.80406916491356],[84.73702507344923,27.79906777557492],[84.7308418364828,27.79560586572707],[84.71874884162064,27.803750753389384],[84.71116997455128,27.800504989245663],[84.70741260009243,27.806690371832985],[84.68505980629418,27.81034287903378],[84.66803346497264,27.818541621547066],[84.66745351381745,27.823083764223618],[84.66116160868503,27.828889704132962],[84.66398637641169,27.840594503069003],[84.660000032084,27.849985593033363],[84.64730533771267,27.85339608472866],[84.64898098916605,27.859745975154496],[84.63549620411263,27.86037726867285],[84.63380813408938,27.86890190967674],[84.62762751656939,27.872090961520172],[84.62683681273876,27.878179399692165],[84.62090336694446,27.880539092359612],[84.60856405757033,27.871625954994858],[84.59073270032094,27.879836871562407],[84.58053747434325,27.87439551624515],[84.57694752075092,27.87093158639315],[84.57632612317043,27.863606238064754],[84.55878756323071,27.857965849333496],[84.55517604299058,27.835815984522252],[84.54611551357677,27.831793331004217],[84.52196164797134,27.832331219537974],[84.51709842489166,27.81615929383893],[84.47020224614347,27.824198651432628],[84.46551080541711,27.824248449247072],[84.46492792393072,27.818937107475385],[84.44509804344641,27.82291694065957],[84.43233356331184,27.81274378825781],[84.43127483398328,27.786888859447895],[84.43933686538877,27.77847724422022],[84.4490862595705,27.77837590397324],[84.46059657177179,27.77373093862591],[84.46736861314946,27.76720132132044],[84.47198225564235,27.754097451463476],[84.46791733645719,27.75199045395254],[84.45768211452071,27.759357380281017],[84.45056031021505,27.75935364561266],[84.43705292550194,27.742847741326898],[84.4220423859523,27.741335333581585],[84.43074883951572,27.713196072212053],[84.42998428607092,27.7050647946457],[84.37888615433901,27.681345338078543],[84.3651970179831,27.688606597588862],[84.36007094841757,27.698330827852114],[84.35030209498711,27.702852582767644],[84.34371579287792,27.70231628034371],[84.3253610771595,27.6940260603523],[84.32297297604927,27.686572510079543],[84.3139693539813,27.680323124956836],[84.29237195170762,27.668367124209375],[84.27097345919175,27.662993346563542],[84.25791873192988,27.651143593134698],[84.25033505560798,27.654183141355418],[84.20667927080433,27.638804179939285],[84.17641872796645,27.61914868526528],[84.13526834860026,27.584590184144222],[84.11940048891424,27.556407802521523],[84.11471385592073,27.55334769631449],[84.10730343147326,27.55176966448377],[84.07466243084416,27.5595685330204],[84.06442744285367,27.551399055279457],[84.05060243167902,27.55654463386128],[84.04403400910473,27.552284732260812],[84.03885454298121,27.540582774324562],[84.03117537497359,27.537265709091493],[84.01830074902716,27.5385179659049],[84.00556150943396,27.54482320762484],[83.98536145859909,27.543951609374922],[83.97040969498565,27.55060309912106],[83.95775754095156,27.548451793279604],[83.94847574068011,27.54023114687437],[83.93176286143753,27.54550142372243],[83.92445159881768,27.54464257984569],[83.91975879586019,27.54070042837722],[83.91877313186824,27.533084851677568],[83.92174000830572,27.518573894192258],[83.92564556016968,27.514785419162855],[83.93122135130838,27.51308478035409],[83.9419288777747,27.515788257019768],[83.9530424322059,27.527597480639578],[83.96488394057688,27.52325979821056],[83.9694992230987,27.51542694996466],[83.9681103536609,27.50830344638798],[83.96353316899082,27.50388446529724],[83.93875456359108,27.491587832682914],[83.94460320448479,27.465847804203467],[83.93935616155309,27.45517762617964],[83.93122446900972,27.44963456892098],[83.94220573350722,27.447800646825886],[83.94595204655145,27.44122492139316],[83.96611364358621,27.44666229160682],[83.97265285992047,27.442144296005484],[83.97782329179537,27.442519713821664],[83.97758082044813,27.43938111825582],[83.98401344506054,27.443930803400562],[83.99618597394944,27.446228650882222],[83.99813881771067,27.44071417812739],[84.00525134342813,27.442298014965775],[84.00529607399726,27.439752870110045],[84.01193827027218,27.438919856911713],[84.0158066463481,27.434833220834115],[84.02722184006635,27.43370330442396],[84.02591461163809,27.43851185150424],[84.03172540521227,27.441696588854953],[84.05209337027414,27.442814166434278],[84.061774276556,27.4559691238755],[84.0585398560187,27.461284222421163],[84.06669886643057,27.46971245923798],[84.07076416188853,27.481811115934654],[84.08404537129763,27.483319991366407],[84.09547761030844,27.489652904290423],[84.0997640233772,27.510475777389562],[84.09786708471016,27.51728894734907],[84.10865863026943,27.52180932529862],[84.11666580238406,27.519332231861075],[84.11754116570957,27.513742562207742],[84.12419189556974,27.511126209974826],[84.14582206599377,27.518880523411262],[84.15111165910447,27.51650344131256],[84.14996029321122,27.500985761363353],[84.144434164078,27.496975351963073],[84.1489247765809,27.486002659671907],[84.16364717497343,27.48387644650704],[84.1711165243595,27.479165296420113],[84.1715820901021,27.47575311095067],[84.19114118037352,27.4693016735024],[84.19449303485477,27.47332229965585],[84.20583272413718,27.469736480506374],[84.20885571700589,27.465422414723154],[84.20389610982025,27.4596490481629],[84.20780190353318,27.456344529657407],[84.20856181262727,27.442661023612278],[84.21955164642367,27.440466761687677],[84.22094157516328,27.447707379533977],[84.23169923632565,27.45635876347567],[84.23918131513038,27.452582528434217],[84.24413674226857,27.454746783286325],[84.25426488742525,27.45213385948585],[84.25949518796564,27.445876501926293],[84.25867130613014,27.43881343743189],[84.27262102120254,27.428874792801558],[84.27359759669059,27.42139541776228],[84.27817640987286,27.415711623452278],[84.2764193348804,27.39570364728006],[84.28249363761161,27.396585035674416],[84.29186530388161,27.385004218967055],[84.29488641370376,27.384481186638265],[84.30057279685498,27.39048216977057],[84.33260092806277,27.377455887672483],[84.35615026048897,27.373505600519984],[84.37285267685915,27.376693066264483],[84.38762461536655,27.372399614434105],[84.39184776083971,27.368231616185792],[84.42425377455322,27.372040391586008],[84.44119581662328,27.37026399619833],[84.44645774402494,27.363796533454817],[84.46476046214745,27.359792671158164],[84.47084581001751,27.355043003612113],[84.47598098843386,27.362527909667342],[84.48589106492621,27.358590289651605],[84.48389024690363,27.366142392760633],[84.48780531574576,27.371424353101464],[84.49534384236802,27.376695619798912],[84.50172200055523,27.37659391347588],[84.50408197532991,27.38117922666935],[84.51987320440654,27.384090581878105],[84.53045386318148,27.381054390714315],[84.53966823874816,27.385919782961786],[84.53472914836259,27.401800592566513],[84.54587382366003,27.403842205165503],[84.54623600331144,27.408222568171674],[84.53248601497268,27.414424110875114],[84.54172132007149,27.419505796979088],[84.54835690855907,27.418031281395734],[84.54781774842156,27.426763051430633],[84.5560348077687,27.441849946765664],[84.55778643367441,27.458882254570508],[84.56165334151973,27.463036315612428],[84.57308547235259,27.458860804083645],[84.57585757494778,27.453982598318397],[84.58477165873582,27.45649276005227],[84.60127326679064,27.45114961979872],[84.6068275333232,27.454324920132045],[84.6282808239144,27.450877061329468],[84.63494125410186,27.44447736431335],[84.64297934618213,27.442915315930804],[84.64766405710076,27.429141688688386],[84.66173555741155,27.43303761842403],[84.6627596739742,27.429745367976214],[84.67070501110963,27.42908461231137],[84.69060631141504,27.432529736255393],[84.71893315367403,27.431265165356642],[84.72607332366877,27.444686633113356],[84.73469487889355,27.444269179646888],[84.73945382355683,27.440489655038203],[84.74332215614172,27.44207544882893],[84.75531513178747,27.435727392416766],[84.77028452873026,27.43891021483122],[84.78004600016375,27.435094771475782],[84.79094413353681,27.437758827316305],[84.8092436615661,27.424524863608568],[84.81012639930472,27.415986705488983],[84.82527613927563,27.419622865844488],[84.84039898573411,27.41481028396598],[84.85109896444013,27.404412009966794],[84.85189416101605,27.398574794888955],[84.87672808586662,27.397669640718735],[84.88185109789443,27.388077767914158],[84.88989132446251,27.38933534313583],[84.89670156323635,27.38552160473425],[84.90081947577707,27.374985738591025],[84.90845786151522,27.377264591108464],[84.92173236390083,27.370670703221332],[84.92623595715999,27.36423328767087],[84.94088499409182,27.365784628655856],[84.94495456617894,27.360243001010158],[84.95179096749303,27.367012502005117],[84.95629649013473,27.36426075732734],[84.95378481338794,27.361482529712877],[84.95676777810324,27.359181095741754],[84.96419370784481,27.36370780602877],[84.96558256388114,27.358572224859124],[84.97191348402316,27.35514844406827],[84.97745841987077,27.356136317833773],[84.98153463716876,27.36220615038277],[84.99888040749687,27.36559149641825],[85.00397829837881,27.35287071587038],[85.01320440505151,27.355407696155954],[85.0214960656388,27.352100686013646],[85.02096066840045,27.356743260915017],[85.02456303035311,27.358704580152388],[85.03195358067855,27.360558843795943],[85.03648841898261,27.35740276096642],[85.05617572103962,27.365675143496595],[85.06147750038687,27.360450320084887],[85.06549405220636,27.36263750083473],[85.06731616794865,27.360417103425398],[85.0708170658224,27.364415237933585],[85.08656674059215,27.361143967138286],[85.09134032647405,27.35659444994587],[85.09448118496232,27.333403886791935],[85.1039190768953,27.32024858802818],[85.11679573783782,27.31791718852582],[85.1208804500336,27.302177285731293],[85.12553410819388,27.301147201562483],[85.1266376308545,27.29263041845304],[85.13674928389777,27.29024060431584],[85.14478355733335,27.282989192808277],[85.14527868990088,27.272977032405784],[85.1559950553724,27.26214067050502],[85.16770286492431,27.26019571793097],[85.17095154439153,27.254792252142114],[85.18096004431575,27.254590802957097],[85.17730499788334,27.249646875515467],[85.17914346830307,27.248462697448232],[85.1929021604824,27.24509509159326],[85.20245436207219,27.250256594416438],[85.20840280057308,27.24539531104156],[85.23179782225182,27.243400111268542],[85.24245106219465,27.24879961184059],[85.25152094437288,27.244982659080513],[85.25809460585495,27.234216350807714],[85.2577936210184,27.22922410355019],[85.26191263004796,27.2266602109813],[85.29302772230052,27.232925835189395],[85.30403920920352,27.22993146522732],[85.30739547941599,27.23184034854431],[85.33760861892436,27.219825779422802],[85.34874948217438,27.22218487036409],[85.3596514632508,27.210806060665167],[85.37659333415964,27.212102528581166],[85.38516417577434,27.20743158345278],[85.39348645835939,27.210423949223113],[85.3972718572101,27.20621038558188],[85.3972853397591,27.19767570951385],[85.40928008927304,27.197002899008034],[85.41828035601449,27.190135092551998],[85.42663163649021,27.193107212893185],[85.43656800917078,27.18734769777482],[85.44810369021573,27.18678905806377],[85.45335412030389,27.177735574995694],[85.45292461388087,27.168429520928548],[85.4668520795628,27.166154884558136],[85.47226889146121,27.16189972664003],[85.486202572162,27.164417101884805],[85.50094303151982,27.17578232657028],[85.50338733778895,27.17258915031892],[85.49956275067841,27.167706961317755],[85.50395800887354,27.163460785227844],[85.49314682978877,27.162186662363546],[85.4895203337028,27.154613527129545],[85.50103673068146,27.14355207326154],[85.52809505341568,27.14040710146142],[85.53665513377608,27.148859613505888],[85.54594907439873,27.14395013648509],[85.54678684511349,27.140644694118357],[85.551730384512,27.140569468684262],[85.54976722629361,27.145719978704566],[85.5535545810386,27.146805880297855],[85.56891975523283,27.14350492344946],[85.5710854758539,27.137074717504746],[85.58070788650295,27.143951699467692],[85.59468605541386,27.14064072034583],[85.60004916586466,27.14362935341704],[85.60497947471752,27.13962653934482],[85.62280486453581,27.14068242151973],[85.62976964134927,27.137429698797746],[85.63345876454188,27.14135509762435],[85.64678326138817,27.14462464831883],[85.67107756665888,27.166470038838508],[85.68171804834986,27.169354454655263],[85.69489214359645,27.184099358066486],[85.71685574729538,27.187848634229947],[85.72365426585617,27.19524302468081],[85.74318848554205,27.18755246616506],[85.7694436496062,27.182174374282106],[85.80899669414374,27.16168940557535],[85.81586242655175,27.161307552202636],[85.8245707666653,27.168264327103287],[85.83068873668108,27.16717608732776],[85.84355038585156,27.159936628919745],[85.83464894994314,27.14971695341619],[85.83565505990529,27.147092453059916],[85.85352234121827,27.1380456121415],[85.8624682669174,27.127171349741754],[85.88302217720732,27.146410229849028],[85.91411457057825,27.129737222442284],[85.9381293450869,27.121437480243195],[85.93589855592553,27.110202627218577],[85.9441299140319,27.09208174641071],[85.95097647991044,27.087830423409873],[85.94994569332317,27.084023181016736],[85.95560382275482,27.084245817647634],[85.96201338595837,27.079850751149767],[85.97090219191824,27.05097064484309],[85.99166807459578,27.024848988869167],[86.01229444037814,27.018691187844745],[86.04753246129047,27.021402343550527],[86.05526545304818,27.018236938842954],[86.08917518606205,27.019139421064835],[86.10640232676464,27.015242676911804],[86.14037946436022,26.999307838421363],[86.1875781451124,26.98245086482494],[86.18726303897472,26.977455739176467],[86.19152139813315,26.978583585425945],[86.1986106385748,26.970553038434694],[86.21020441344491,26.965566422434517],[86.2188016503522,26.954300873279056],[86.22664097468927,26.94956954703991],[86.23418603254426,26.950470406339925],[86.24140962195422,26.93989314821018],[86.255417447491,26.932451664241043],[86.25968479189879,26.919143286570666],[86.26307337099094,26.92710807593407],[86.27836902756593,26.934728034728113],[86.28347143517479,26.94919277977831],[86.29658340737684,26.95239965307359],[86.31503508059316,26.963454362054083],[86.35298078869364,26.96461058400299],[86.36515137895488,26.97998243135609],[86.36666400448097,27.000339846898118],[86.37310303366374,27.003583981796346],[86.37409195031721,27.007356602211246],[86.37198773286428,27.015887750098088],[86.37538312721126,27.020611952950414],[86.37404099649447,27.02332269081899],[86.37937069165669,27.031446750861395],[86.3826230160116,27.031490425870892],[86.36698786804106,27.037571874740962],[86.36329387723264,27.0540833539925],[86.3511619293293,27.06163191903211],[86.35087104574848,27.066793145760993],[86.34608131159284,27.066078315213552],[86.34699047277242,27.07054787329904],[86.35086685648403,27.06987312333568],[86.35148644203021,27.073840344956885],[86.355245669982,27.075306278735404],[86.35360691334168,27.07690985927354],[86.35827965181004,27.084029808437997],[86.35702803913034,27.09419582611903],[86.36262406991507,27.099550946917528],[86.35611359543198,27.100134909297672],[86.35490641558562,27.104290147302986],[86.34119003772685,27.106500970129858],[86.33235858024862,27.099893217795398],[86.32308343482103,27.09912231662511],[86.31119471979176,27.102977088180463],[86.30643090599399,27.10889910882783],[86.32621252551613,27.110962947605415],[86.33665001948441,27.126599551833884],[86.33512899747916,27.13413085950683],[86.33795138419016,27.133859869159938],[86.33659409736708,27.13804353788541],[86.34303206013219,27.1473496977873],[86.34496937864122,27.143901973763416],[86.35556569411975,27.143292143894413],[86.35915586946096,27.13937805107909],[86.36352680286808,27.14213038139071],[86.36791294800614,27.140638462657254],[86.37049235199768,27.147012942076543],[86.37422097349075,27.14772462920217],[86.37046083139438,27.151065269828095],[86.37376060820252,27.15899306187652],[86.3898629959331,27.17993985517996],[86.384207994644,27.18247384786618],[86.37902344312567,27.19329498856098],[86.36873961580021,27.192554129803067],[86.35807888432187,27.201463409866353],[86.34357531476158,27.202869664573473],[86.33991019739418,27.210368250043878],[86.34314963818335,27.21968179252601],[86.34098466136257,27.22902411578855],[86.31588252004651,27.231439913507298],[86.30611498913281,27.237213174337015],[86.29492830236015,27.238441125237063],[86.28788675761938,27.24569336400526],[86.28131511299617,27.245878674484906],[86.26666380580386,27.253650111562557],[86.26630319576007,27.26108494584936],[86.25745360390657,27.258136682965265],[86.25280531541367,27.25033679652607],[86.24319382784782,27.247169227396302],[86.23966734969399,27.24133787327587],[86.23012293187247,27.237429746129393],[86.20358082507508,27.250270723789356],[86.21381559110975,27.26892711427798],[86.21623516646014,27.268060731954815],[86.2237332979862,27.277499957472255],[86.24060528630294,27.288785928307796],[86.23545661573853,27.29625549120092],[86.23722586296665,27.30612958132094],[86.23381909190162,27.3075189003981],[86.22891215996422,27.319935214774137],[86.21932367298062,27.32260306684758],[86.2222913084999,27.327353256989998],[86.21723332226979,27.328444073656396],[86.21566185643816,27.33358184165642],[86.21804903355162,27.337029200682334],[86.21712619039278,27.353079570825948],[86.22183411394813,27.359978412278565],[86.21905286787417,27.362225915490246],[86.22472313508742,27.370587581151856],[86.2220010606457,27.38209507408961],[86.2257953284699,27.38424607206744],[86.22790781697675,27.398244238172886],[86.23628864596911,27.40459206667934],[86.23455591672456,27.408420445849494],[86.24191460112286,27.41901531632586],[86.24826598389222,27.420624592947448],[86.25126052542942,27.432526585107045],[86.25654566935637,27.437209508281686],[86.25422920565734,27.440983071230196],[86.26374919391583,27.456157257942973],[86.29206686268844,27.470403284327134],[86.29504085205969,27.4789695107346],[86.30539372266435,27.48285715431121],[86.31939335756522,27.498774100725264],[86.32464583577007,27.49974054243975],[86.33827717198662,27.52008283983838],[86.35494582027756,27.5248608868695],[86.35853640241375,27.539784495821344],[86.369655354304,27.549663493905886],[86.36923859960088,27.558199163690734],[86.37664047039087,27.56841944359064],[86.38826197597675,27.572782754665113],[86.39850090087289,27.583472415674496],[86.41345455429226,27.58680787697776],[86.42018391251096,27.598683684135427],[86.43479143140114,27.61028902823384],[86.4696950772611,27.617132270514173],[86.48409912284768,27.617245259598203],[86.49249840911338,27.613749716266906],[86.49986398527503,27.62037137911293],[86.5071777716677,27.64060226693662],[86.51370656071575,27.648203953001463],[86.52621812158507,27.65041553514138],[86.52882904004359,27.655618305001433],[86.52711710162232,27.660185806351226],[86.5330153948352,27.66282298586755],[86.53803419702017,27.67031253080846],[86.53660501543656,27.678615204145277],[86.54025609320566,27.701616029712348],[86.55096273415649,27.710879078424995],[86.56288757136015,27.749347356292933],[86.57276297181393,27.754599122328656],[86.56398735475311,27.769613817714273],[86.56883224331375,27.791119295534006],[86.5656310388631,27.79961966894407],[86.56708331302788,27.804007989666967],[86.54242664406492,27.81117091923699],[86.54035289762996,27.814877678057073],[86.55410296703607,27.85714714348618],[86.55102688671958,27.876163452587047],[86.55462276893269,27.885538176825104],[86.55166344276452,27.89807063082758],[86.5544358990402,27.90892495913419],[86.54780304261695,27.930458604341446],[86.5337245733163,27.942116502671293],[86.52215832891021,27.94000573871785],[86.5155698264802,27.956621698590506]]]}},{"type":"Feature","properties":{"name":"Gandaki","shapeName":"Gandaki","shapeISO":"NP-P4","shapeID":"38925275B44970447822435","shapeGroup":"NPL","shapeType":"ADM1"},"geometry":{"type":"Polygon","coordinates":[[[85.10795567921255,28.346604114416692],[85.11519166019389,28.367181240149655],[85.12187890417046,28.372714034552995],[85.12199217312282,28.385959147778053],[85.12663610692786,28.392437759721098],[85.11583076244082,28.40885640399608],[85.11747483424843,28.415817797604813],[85.11267654223256,28.433364249483045],[85.11430074356488,28.44322006849602],[85.1028124879661,28.447863520620132],[85.09950955176056,28.456902019711674],[85.11262424941611,28.4713993553298],[85.11330317176872,28.479663427074474],[85.11850166714073,28.48559178556597],[85.12658379110876,28.487877898804495],[85.14450876343575,28.485637023057425],[85.15289216714625,28.490580711868404],[85.15702589751065,28.497953421713476],[85.15700059319433,28.509561678637528],[85.16610275582012,28.52134456936667],[85.16612439938773,28.532124526124726],[85.18687546286102,28.53431098364828],[85.18894653510343,28.547292524002135],[85.18472798498716,28.561420856563227],[85.19155785023176,28.56905758782198],[85.1815320371226,28.578998141841318],[85.18134463223294,28.587497052079065],[85.17366419259059,28.597486578237408],[85.18896480462186,28.605038456456175],[85.19733197612192,28.620876466177776],[85.19765379796227,28.627212082515765],[85.1848125268539,28.632303280426473],[85.18842654023751,28.641278584854373],[85.17869369460986,28.64511257384679],[85.15718473369618,28.643010783309464],[85.14514155075392,28.656554786270487],[85.14566394864121,28.661030137022678],[85.1350456216227,28.666609952308292],[85.13240902409126,28.675963868808804],[85.11490669299063,28.686765093763857],[85.0839370996315,28.670998769032945],[85.05859323950189,28.682468929134178],[85.05370974637198,28.68045209449215],[85.05203943928798,28.670088700237486],[85.04118604749775,28.66847854309297],[85.04033931977082,28.65803879331456],[85.03087249990456,28.656137373750273],[85.0171253742499,28.639492352432875],[85.00891926967529,28.637128746026733],[85.00021254395772,28.622916523878683],[84.98883383603456,28.61294605813059],[84.98608586600469,28.605152036596817],[84.99284682627547,28.59985125568743],[84.98340470037539,28.591445116060743],[84.94888435634329,28.580222512843058],[84.9448976432048,28.594861175210685],[84.91967675088061,28.595300722973537],[84.90697434522575,28.58821278693786],[84.90097228963019,28.593319348390512],[84.89916022706075,28.589952125889514],[84.89028781205543,28.588738404927454],[84.88606487711719,28.582702386525128],[84.86705868615884,28.58167923239455],[84.85708487308592,28.570648451064596],[84.78069439106785,28.6095423501885],[84.75531569777108,28.613611192925024],[84.74688566281434,28.618356936303705],[84.73679785361199,28.616934528093953],[84.72518957763728,28.62067193628525],[84.71379403173444,28.633024562133233],[84.69478712615985,28.636486939131537],[84.70176771568461,28.647439176201082],[84.69723500825499,28.653539858632683],[84.70495661012576,28.67114512352218],[84.69644110956013,28.67184336015493],[84.68821437703788,28.67887177289833],[84.67604918687735,28.679088743734084],[84.66834837659773,28.68345147067363],[84.6665093977362,28.694293137720834],[84.65063385269805,28.702457572082743],[84.65074721226117,28.714473974802726],[84.64447150061686,28.719996993365726],[84.64355001414695,28.725289057342938],[84.62634202257868,28.73652725163225],[84.60577602721601,28.733480761291144],[84.59237444309632,28.736646505970306],[84.57168124352998,28.73522417865292],[84.56735288056397,28.74154303067664],[84.55725299526867,28.74701030496346],[84.55671552169855,28.75221457079226],[84.5404088697918,28.744281472641315],[84.53370386938127,28.745422510681497],[84.52490323876572,28.742246847500937],[84.51472740754686,28.748620475859642],[84.49989576256739,28.74289207621171],[84.49188219103459,28.73478219086073],[84.48030661166948,28.74719205727086],[84.46041356677564,28.75135423337799],[84.4519114914165,28.76482567533706],[84.43654632969485,28.769512000802735],[84.44600052954785,28.78327357819371],[84.44529704059549,28.79340013862153],[84.43205939896474,28.801498808815925],[84.42962254386315,28.81335662050069],[84.43532549809365,28.82093382956281],[84.42749430628409,28.823611708924517],[84.41888992055533,28.831622148773334],[84.40842719595169,28.828757744691597],[84.40062552300947,28.830290292725035],[84.39934536253222,28.83735487410666],[84.4076776904932,28.84300342563703],[84.40895092625279,28.853615597068742],[84.3752584745463,28.864453690077134],[84.35701077709285,28.859416299086156],[84.34313979800585,28.87300770648331],[84.33331116122903,28.864728559558003],[84.32362081604295,28.862728715306883],[84.31562143207893,28.869849059408786],[84.30867318547527,28.869432049453454],[84.28781851792829,28.876992461300276],[84.28396916860522,28.882723686759764],[84.27402479671073,28.886752909002148],[84.27209643161818,28.892820570893434],[84.26556370586272,28.897819008070744],[84.2582587334245,28.895602221156476],[84.25382531131658,28.890298076473286],[84.22576743702861,28.894286766347562],[84.22048121061349,28.915689965124685],[84.23147620772257,28.95972808756315],[84.24180704393783,28.976177488716946],[84.23828053080024,28.987749367899042],[84.242740504772,29.006963668043223],[84.24786665024632,29.01271578386628],[84.24786614457474,29.03731450086941],[84.242289662627,29.044319459127436],[84.23596573980261,29.044639764186215],[84.2215708258666,29.053525054182817],[84.20902215640209,29.05371938621893],[84.1964431238189,29.04661878305162],[84.1896843815586,29.046996296229565],[84.18613649635365,29.080798970868244],[84.19581664349568,29.093048896085744],[84.19601485609864,29.099161387691442],[84.20171314978566,29.103834051304965],[84.20096515463993,29.124029092145246],[84.17480734054837,29.13091738559676],[84.1733957038618,29.1498555879197],[84.16594249494644,29.164180242686257],[84.16926066792928,29.172184698530938],[84.16228807103396,29.18530593554358],[84.16681921604808,29.190365735330428],[84.164339903637,29.19490095320125],[84.17752910254359,29.206840062319902],[84.18832326280577,29.205819897217957],[84.19973512992642,29.21398277710998],[84.19782780086251,29.22543913171187],[84.20294620221952,29.23667245870386],[84.20102378199822,29.240116781891004],[84.19264012301393,29.244230419248286],[84.17935927056567,29.23780685117799],[84.15741237951019,29.24178104885953],[84.14118695967898,29.236248084316447],[84.12801262810318,29.243186168044698],[84.11634120783384,29.244221578203867],[84.11233623453477,29.24817317546158],[84.11487626367135,29.258658848478248],[84.11238169720436,29.263068192276805],[84.11866742658319,29.265185252288077],[84.12166526783089,29.270384252212825],[84.11753818839631,29.276834243325883],[84.12014702795378,29.279761794045662],[84.08779482525395,29.294639131798288],[84.08057088834305,29.28852080925883],[84.06878513136,29.285343273532302],[84.06330787234201,29.289821227606247],[84.05644233218963,29.290393270051126],[84.0530704499514,29.29745356850246],[84.04387057189541,29.30085009572233],[84.03015492705318,29.293282220228672],[84.02640955743384,29.2856515651148],[84.02326659799894,29.289238906581538],[84.0157526625171,29.28903472088999],[84.01061103413619,29.294416678748334],[83.99852769436609,29.294910446504144],[83.98778361863734,29.300536602464298],[83.99951922148783,29.306605037754412],[84.0012699000383,29.31079617741914],[83.99895968723496,29.31502112487784],[83.97585771462438,29.328693119816393],[83.96293409264642,29.331358669407077],[83.9467555806784,29.316587282772637],[83.92749114337605,29.31852261285698],[83.91981002087856,29.323325173461885],[83.90478312581406,29.32578758359262],[83.89803942817656,29.318871056533496],[83.88740902483161,29.320177643941424],[83.87052340156873,29.3124160986009],[83.85671356849883,29.30991398946223],[83.85416895469983,29.301684586997396],[83.84809535735342,29.297649178925017],[83.83503624303455,29.300940545236482],[83.82916271378154,29.29837519126204],[83.82314006200775,29.302840433706166],[83.81276404223006,29.302099964599922],[83.80797215150852,29.29471470015685],[83.81092020603337,29.290870602163515],[83.8078657820747,29.28591945023528],[83.7973629701373,29.281875224417586],[83.79452000573922,29.277454151710078],[83.80229938041829,29.2564041590607],[83.79719731529478,29.25355203184209],[83.79730474551765,29.250100915047796],[83.78139169644581,29.244438755176194],[83.77808964053854,29.247659030766005],[83.771139595425,29.246866809296737],[83.76760106923297,29.24087624610495],[83.7620987046115,29.24002967619659],[83.74064561771316,29.245505086897634],[83.72185754757082,29.24161228178647],[83.71128147806077,29.24462834001055],[83.68424332444485,29.213158399230107],[83.67503467735638,29.207772193134637],[83.65590746062402,29.204018184476244],[83.6581341143121,29.18751412172507],[83.6635833209662,29.18411951971736],[83.65740412725138,29.176170410556374],[83.66610899041771,29.16975854474215],[83.66208130830069,29.16500008823049],[83.66288245044312,29.15675730230131],[83.67581268254624,29.14902582529044],[83.67495091472475,29.13709644961707],[83.6793373324836,29.13172973440183],[83.68043546902189,29.123510255460598],[83.66025130718093,29.12449744533464],[83.65145591018381,29.119138155147173],[83.65256221889258,29.109274277339793],[83.64992289829021,29.104536821988212],[83.62888354538774,29.106908000594963],[83.62063010996935,29.09786127001518],[83.61563352125123,29.098378036853013],[83.61612184974926,29.092652713769464],[83.63074565419193,29.081076400652186],[83.63153169528185,29.064962714212395],[83.63103269628527,29.062504581786445],[83.61963917704642,29.0597616732753],[83.61901133626097,29.045827814451062],[83.612575779302,29.036021083474687],[83.61656575182303,29.01895957961253],[83.6119659293726,29.014799966748388],[83.61698556319025,29.00623683920026],[83.61504069380098,28.98775440141505],[83.60928905297554,28.98031252599277],[83.6045512048926,28.980210030358528],[83.59918944495784,28.98569838000186],[83.59208702098685,28.98370703087461],[83.58166704064415,28.965007046199663],[83.58007288518435,28.956214956679858],[83.57490089685794,28.95395678565129],[83.5669904883459,28.943402372947617],[83.55867553905713,28.94490319138969],[83.55651692996864,28.933774806878407],[83.54622649768216,28.921892966709304],[83.52862811372306,28.908700787080903],[83.5229223034451,28.898005276827092],[83.49950372068619,28.877269416808637],[83.50603373845948,28.865239794798676],[83.50630089120227,28.857019883925346],[83.50183850662998,28.846200425484394],[83.49797101044766,28.842660484710606],[83.49199790764862,28.84650733314534],[83.4816538770249,28.844727784746343],[83.48033430353561,28.83782952203709],[83.48358409541804,28.83226825464055],[83.48010585074573,28.817205351091385],[83.48513304113231,28.812265848891688],[83.48804727499864,28.80211782596969],[83.48346212141793,28.78288908907802],[83.46118761176389,28.78011975939168],[83.45630201666553,28.773799706585883],[83.44610692107966,28.76895556237568],[83.4364363511074,28.768820805203898],[83.41044519645648,28.760672355939043],[83.38851810324186,28.763105929828587],[83.37766467632251,28.754026292966763],[83.37434949139191,28.74454999184943],[83.36202097522421,28.734185450548118],[83.32557118885232,28.73795850001421],[83.29794127790099,28.731774472824178],[83.27694441782413,28.72198412779355],[83.24800684468701,28.730411924087292],[83.22929769230667,28.742889497062247],[83.20995313115387,28.731979281361046],[83.18647720048952,28.743606301214808],[83.14543247896613,28.747158559602575],[83.14266253960966,28.73388605534393],[83.14612394437812,28.730785954943038],[83.144219049995,28.725540535829325],[83.15102626249829,28.71199682236986],[83.14995779975675,28.704388070252772],[83.15255975936962,28.70118540358186],[83.14948209309289,28.695501757510755],[83.14357636161783,28.693659903940006],[83.14240534247557,28.68977474396075],[83.14646575681935,28.681821661369874],[83.13906856128737,28.67544957856436],[83.12832603446371,28.674029615583],[83.12282903822368,28.67674615898533],[83.11894225043696,28.673310168979352],[83.11918323524624,28.66908212517606],[83.1250114819006,28.66401730195179],[83.12319141462099,28.654068755148],[83.11525268077862,28.643570543722344],[83.11587675853643,28.631503789457277],[83.09636038221956,28.635160293560354],[83.084312273592,28.63086332628145],[83.080879520944,28.625617947654618],[83.05752539454672,28.62012711457784],[83.04282113018152,28.629983368298028],[83.0355368787636,28.625733716379145],[83.02475900446271,28.626464118058994],[83.01912753811393,28.621738285080944],[82.9980425322687,28.623578122802275],[82.98293549735253,28.63079911415794],[82.97697052334793,28.628963135335574],[82.96707235772239,28.615443738744126],[82.95649181282346,28.610515103612467],[82.95263737351566,28.59810806553284],[82.96229218395817,28.581897885984446],[82.98547226494722,28.570871047400498],[82.9855879379691,28.564075236926616],[82.97736362507904,28.546235700226095],[82.97381517470262,28.54234706921247],[82.93303623934456,28.56558740512188],[82.92081098107634,28.56723895260384],[82.91624283486514,28.564450518991638],[82.91367278220673,28.555580675231532],[82.91136394074206,28.529853385568767],[82.91406674294907,28.527605631227445],[82.89461402287637,28.51545034718362],[82.8773535347847,28.515446414039776],[82.88839408389813,28.50664050741763],[82.89602394009455,28.49255903658788],[82.91176191438329,28.480631047142193],[82.90395930804624,28.475483847299284],[82.8866105051563,28.479678526672213],[82.87868143313992,28.473635593706454],[82.88634753734799,28.45247402502715],[82.90066457726162,28.447377384997836],[82.91431273145184,28.434236351303547],[82.91226494360386,28.42741432339018],[82.91854371907387,28.41742826911032],[82.91920796722708,28.40918178667305],[82.91617130616592,28.402746710870847],[82.93648608466081,28.402126306779124],[82.93809493096062,28.398637837354954],[82.94362469152539,28.398452996319403],[82.94226302048205,28.393865399449357],[82.95040998007055,28.384047855896167],[82.94798940199428,28.37871449731889],[82.95511450993055,28.371699493511457],[82.95474764469077,28.36017167211691],[82.96712321461136,28.357662767304742],[82.98008437782109,28.359429603346083],[82.99400366023214,28.35097657768203],[83.00420549824466,28.33270233928416],[83.0128992017425,28.332876010827103],[83.0185841979338,28.325544827088766],[83.03327379296837,28.32178538259874],[83.04476525889582,28.32462978644019],[83.0512701758752,28.319015145956392],[83.06163730668577,28.317676916594728],[83.06691055368947,28.313350140270803],[83.06942711205093,28.301934472518585],[83.07879404508982,28.291517062446356],[83.0851979154335,28.28915530904208],[83.09233528801848,28.277982061049883],[83.09706147914595,28.277180951443654],[83.09357119341205,28.257021500089113],[83.10955776819885,28.251800395345818],[83.12438560573824,28.257804433533042],[83.13082006856884,28.25015728887859],[83.15552206157913,28.27085018694963],[83.16781696063512,28.257974294220585],[83.18484581503101,28.27073730899156],[83.205908085592,28.251947397015645],[83.21541399972702,28.248455916418415],[83.21579959599485,28.24385371945811],[83.22587158754813,28.235426448995728],[83.23378108908513,28.221869742675597],[83.25180568959529,28.214202204748624],[83.25923726600108,28.200088542046043],[83.26884246835677,28.19727056421811],[83.27369612069441,28.187643015400237],[83.27806347201381,28.19106364088506],[83.29821136077241,28.192984507880045],[83.306303934829,28.197907738237348],[83.31652257928124,28.19040601008306],[83.33023470328354,28.18907508146673],[83.35553609306969,28.19750092987175],[83.36990019223389,28.182775111056067],[83.37049172982141,28.176546689090262],[83.38422393838815,28.16384898726078],[83.39012958135075,28.167394812491604],[83.3947849839808,28.155938990427988],[83.41124999911759,28.144110123901804],[83.41361511148044,28.13782135796728],[83.41822057034595,28.137148486793343],[83.42331585870946,28.12524671035526],[83.4387573095345,28.131041157202965],[83.44602088504554,28.12509218285456],[83.45751039886335,28.1323913097453],[83.46261238595484,28.12997716702213],[83.473708668391,28.13234617554464],[83.47825378795461,28.13015488035907],[83.47412636083733,28.119048271782155],[83.48246546609289,28.117263806090815],[83.48577740757264,28.113371086056944],[83.49967596979305,28.117535347139473],[83.5054842891479,28.12573230931245],[83.51035111372722,28.12702007535675],[83.51703382299604,28.12148936654199],[83.52534341031276,28.120888918679704],[83.53198841365966,28.116593595562836],[83.54429912368599,28.120903508663183],[83.55429173186444,28.11716649806249],[83.55519305895992,28.106631221640598],[83.56504459977764,28.100787963053623],[83.56264488317576,28.092823092212992],[83.57516118197557,28.087610189341305],[83.58067725792183,28.07755824944391],[83.57254391835887,28.07367517153044],[83.56744545107536,28.06498001420001],[83.56096239171869,28.06435253787317],[83.56402659899462,28.058103840748164],[83.55916633247243,28.043640275705968],[83.56404748469,28.0407116145256],[83.5615609095338,28.035769590361884],[83.5704495280576,28.032736122705604],[83.57843293722352,28.034001686979007],[83.58429530195183,28.02607805842467],[83.58977281849329,28.026150882530303],[83.59115240610684,28.02161119149977],[83.59639259701241,28.02074453472512],[83.59882025293032,28.01517226617699],[83.60492011994846,28.012067451978282],[83.60332061111494,27.99730096036798],[83.59340458155172,27.989463528013378],[83.58414373038786,27.987509131642167],[83.58521862192136,27.97893455330517],[83.57911180529084,27.979389796999634],[83.5776063490527,27.97442616484446],[83.5587310708385,27.973728450966647],[83.5499750570149,27.97682710219875],[83.54624584552363,27.971391104523356],[83.5341528277287,27.968467382404512],[83.53103393779215,27.964792795324488],[83.52676710117727,27.96649964035319],[83.52185543003588,27.96393998850545],[83.5112004124787,27.967510132332702],[83.50040730416218,27.97691774244164],[83.48288886982276,27.981701363419575],[83.46665505009302,27.96424477868359],[83.4616040416796,27.95389433583499],[83.44349287913279,27.944856457114508],[83.44541834806728,27.93937286059551],[83.4402941569636,27.932755200687726],[83.44892401939008,27.928496652110407],[83.4526640664391,27.93273275782752],[83.46050248665487,27.93443321718017],[83.46826200122231,27.928299639782097],[83.48387845572685,27.92273674900228],[83.49048807722635,27.929195881444077],[83.50593077656994,27.928584350695836],[83.50981398929277,27.932984131927633],[83.5029179562713,27.937153588527888],[83.50871817640935,27.94082027648813],[83.51637034339393,27.93740907497751],[83.52408705936466,27.9241585180522],[83.53063003594546,27.932160948415408],[83.53101304103818,27.939203749918267],[83.53681093029022,27.93711833767613],[83.5379298240184,27.92811554852395],[83.54846735309316,27.92814376333941],[83.55986882974867,27.934899440663585],[83.56562581384571,27.93468535662017],[83.57102649958838,27.94306354835517],[83.57640995267488,27.93725934368729],[83.57462794484712,27.930266578901797],[83.59296360260608,27.931217699728915],[83.60070452751724,27.92340921001346],[83.61078952355643,27.925202446212673],[83.61644116684612,27.930621786347213],[83.62039009238195,27.926508468714875],[83.62615195482931,27.926095529139616],[83.62101554756073,27.917684092669834],[83.63350807028016,27.914180221345696],[83.63147616602052,27.91024229857365],[83.63431661358756,27.89937964126603],[83.6410257873263,27.90242283835762],[83.64477098444078,27.898567743086566],[83.6490453429045,27.902373586021316],[83.65497711064094,27.902512597838435],[83.6658654598401,27.919814935104824],[83.67626717823731,27.927463330168187],[83.68200172329438,27.92418271329136],[83.67956337355169,27.920136233237077],[83.68305653958828,27.916439684011525],[83.68943604863858,27.923937971479678],[83.69833442800106,27.91700873320244],[83.71104355236623,27.916616330999265],[83.719114969251,27.920240621042876],[83.72313717738366,27.913859261799],[83.7430152215434,27.90011255599472],[83.7475125957069,27.90143618841226],[83.7425314503233,27.90467588408258],[83.74474490485899,27.907983053331524],[83.75711284497638,27.90314111494527],[83.75618241769193,27.909222110472925],[83.76227108192806,27.90999307082741],[83.77506687890605,27.903361104656284],[83.7885965455991,27.885511245541917],[83.79739542869594,27.882514702589535],[83.80722435045068,27.873262574136294],[83.82091793928157,27.877793428529365],[83.8359419611274,27.869854551297365],[83.84550995977135,27.868525386639533],[83.84745654868206,27.872633855654495],[83.84366108508134,27.879544848508775],[83.84520532835691,27.881653876033283],[83.85102836059498,27.881308316312076],[83.85159890901689,27.874616986402767],[83.85838596077788,27.873586369283032],[83.86112381773161,27.882367989829106],[83.87755356342652,27.888396311008236],[83.88099803038335,27.882373034412534],[83.89238112950596,27.886150236791426],[83.91013431146487,27.880290096656296],[83.91378749691177,27.8777970656929],[83.91074099888051,27.872738978156363],[83.9247716509807,27.868271031913572],[83.93920885324341,27.878112918281644],[83.94846497186612,27.8694890268506],[83.95828353290412,27.873052538968242],[83.96810465160374,27.87031168427597],[83.97154927304213,27.87265664930238],[83.97845360258101,27.86612840744202],[83.99428186633877,27.86627438240733],[84.00036702661558,27.854745270793607],[84.02134704907677,27.851257778171856],[84.02164856838364,27.854691720312832],[84.01535640215083,27.858160311886177],[84.0200855128517,27.861956913851703],[84.02854074184054,27.856457040168525],[84.02026851543937,27.84089295075529],[84.02502473913455,27.835283219039358],[84.02675403818367,27.820635510914105],[84.02013165713022,27.817994586541182],[84.01237732103087,27.801256611821056],[84.0003524731438,27.7886583866637],[83.99954194973228,27.775824912256574],[83.99287460826717,27.761529232202253],[83.99433953972255,27.75153865807001],[83.98995004360737,27.74927992280484],[83.95050944890396,27.747549925849356],[83.92837770586154,27.734329917632284],[83.92417834245107,27.726864031176763],[83.9066391521436,27.731564405855586],[83.90821095436894,27.73425031098022],[83.90451923012294,27.735716623112303],[83.90312426097613,27.73071355654332],[83.89647009431057,27.730092825632756],[83.88876261716304,27.73025375827374],[83.88363933536384,27.73508018274419],[83.87679073039888,27.735911317514617],[83.87558419131894,27.733234355107275],[83.84496923258807,27.735067109012146],[83.84183342194525,27.730487851421152],[83.84452701765532,27.716332986914317],[83.8488501468844,27.712080249336026],[83.84628334815105,27.709539128441318],[83.83360938794019,27.714039220780865],[83.82495216593036,27.714064653148913],[83.82044820393408,27.710674518570855],[83.8014404716614,27.72136570537798],[83.78233200939698,27.725095896659827],[83.75114361264947,27.721029491678326],[83.73232355880502,27.71422339521797],[83.72859621103137,27.709177921678332],[83.71430093195957,27.71568999694101],[83.6951551622588,27.71606430647995],[83.68224091805244,27.720947110018702],[83.67707389800997,27.71864955650142],[83.68279451860984,27.71823411416165],[83.68961586534505,27.707803223096413],[83.68977445974933,27.69822584466141],[83.70461958003104,27.68288651594208],[83.6993748974309,27.676462957025432],[83.69538351714121,27.661540438547217],[83.70333282038712,27.662209743548736],[83.70811180330887,27.659176151518217],[83.7251893456875,27.6725049449006],[83.7447923405363,27.666872493522288],[83.75829347025788,27.667469763233893],[83.76275824069427,27.661243392939923],[83.76827221922893,27.666651984357046],[83.78320859868073,27.667057479923933],[83.81185524781476,27.662415261360618],[83.80986914063796,27.65551973132526],[83.81263506323646,27.653339407588202],[83.80654148087626,27.647604648729043],[83.80986320124875,27.63550435607963],[83.80102329964696,27.62962788146788],[83.80522177811778,27.620917919664937],[83.79730509236407,27.62031985701143],[83.79968111963497,27.61196158639089],[83.78993758075225,27.606412506882695],[83.80106972765535,27.596203406567128],[83.80941444384882,27.595450222720153],[83.80811899020867,27.588769870888658],[83.82154919375157,27.592724961231607],[83.83618375150121,27.585802678319318],[83.84151566200885,27.572661445324826],[83.8316319169302,27.56572298976596],[83.83738292038508,27.551350434866862],[83.83611632879851,27.54509898222067],[83.84187261070316,27.54930012442116],[83.84161988941119,27.55629211370044],[83.84720813371139,27.560375452081697],[83.85069413189348,27.559054872928435],[83.85525509593297,27.548552077562928],[83.87048158252621,27.541337891421485],[83.8824333057365,27.527934779009556],[83.87575158009611,27.510469508862403],[83.88714560433526,27.50843279812282],[83.89770288035128,27.498840320361708],[83.88365717102297,27.496198414374447],[83.87472623289878,27.48937658549423],[83.8850988823401,27.481181540456],[83.88667033590974,27.4724372909843],[83.88369044727732,27.464205989956003],[83.88980293178426,27.46171774170979],[83.88774760940667,27.446573827949432],[83.89555804768055,27.437823045655612],[83.91587189278863,27.44231787703144],[83.93637886909039,27.451825697507495],[83.94460320448479,27.465847804203467],[83.93875456359108,27.491587832682914],[83.96184229064127,27.502699421160298],[83.96901937538286,27.510688619583135],[83.96614085834005,27.522046239457605],[83.9542920779688,27.527611435937313],[83.9419288777747,27.515788257019768],[83.93122135130838,27.51308478035409],[83.92564556016968,27.514785419162855],[83.92174000830572,27.518573894192258],[83.91877313186824,27.533084851677568],[83.91975879586019,27.54070042837722],[83.92445159881768,27.54464257984569],[83.93176286143753,27.54550142372243],[83.94847574068011,27.54023114687437],[83.95775754095156,27.548451793279604],[83.97040969498565,27.55060309912106],[83.98536145859909,27.543951609374922],[84.00556150943396,27.54482320762484],[84.01830074902716,27.5385179659049],[84.03117537497359,27.537265709091493],[84.03885454298121,27.540582774324562],[84.04403400910473,27.552284732260812],[84.05060243167902,27.55654463386128],[84.06442744285367,27.551399055279457],[84.07466243084416,27.5595685330204],[84.10730343147326,27.55176966448377],[84.11471385592073,27.55334769631449],[84.11940048891424,27.556407802521523],[84.13526834860026,27.584590184144222],[84.17641872796645,27.61914868526528],[84.20667927080433,27.638804179939285],[84.25033505560798,27.654183141355418],[84.25791873192988,27.651143593134698],[84.27097345919175,27.662993346563542],[84.29237195170762,27.668367124209375],[84.3139693539813,27.680323124956836],[84.32297297604927,27.686572510079543],[84.3253610771595,27.6940260603523],[84.34371579287792,27.70231628034371],[84.35030209498711,27.702852582767644],[84.36007094841757,27.698330827852114],[84.3651970179831,27.688606597588862],[84.37811625596902,27.681322641322012],[84.42947204913314,27.704700818622783],[84.43111901257807,27.71143729872626],[84.4220423859523,27.741335333581585],[84.43705292550194,27.742847741326898],[84.45056031021505,27.75935364561266],[84.45768211452071,27.759357380281017],[84.46791733645719,27.75199045395254],[84.47198225564235,27.754097451463476],[84.46736861314946,27.76720132132044],[84.46059657177179,27.77373093862591],[84.4490862595705,27.77837590397324],[84.43933686538877,27.77847724422022],[84.43127483398328,27.786888859447895],[84.43233356331184,27.81274378825781],[84.44509804344641,27.82291694065957],[84.46492792393072,27.818937107475385],[84.46551080541711,27.824248449247072],[84.47020224614347,27.824198651432628],[84.51709842489166,27.81615929383893],[84.52196164797134,27.832331219537974],[84.54611551357677,27.831793331004217],[84.55517604299058,27.835815984522252],[84.55878756323071,27.857965849333496],[84.57632612317043,27.863606238064754],[84.57694752075092,27.87093158639315],[84.58053747434325,27.87439551624515],[84.59073270032094,27.879836871562407],[84.60856405757033,27.871625954994858],[84.62090336694446,27.880539092359612],[84.62683681273876,27.878179399692165],[84.62762751656939,27.872090961520172],[84.63380813408938,27.86890190967674],[84.63549620411263,27.86037726867285],[84.64898098916605,27.859745975154496],[84.64730533771267,27.85339608472866],[84.660000032084,27.849985593033363],[84.66398637641169,27.840594503069003],[84.66116160868503,27.828889704132962],[84.66745351381745,27.823083764223618],[84.66803346497264,27.818541621547066],[84.68505980629418,27.81034287903378],[84.70741260009243,27.806690371832985],[84.71116997455128,27.800504989245663],[84.71874884162064,27.803750753389384],[84.7308418364828,27.79560586572707],[84.73702507344923,27.79906777557492],[84.7387873031391,27.80406916491356],[84.7538482566029,27.806469559483514],[84.7569525603732,27.81451813297104],[84.76264273136864,27.81823876186726],[84.76899100343184,27.815627097742595],[84.76851551978996,27.811704069311883],[84.77308459966697,27.808653165737116],[84.78195295190517,27.81348993220955],[84.77371820521061,27.824200960461763],[84.77595831039112,27.83534480285744],[84.76756063066799,27.843791157645093],[84.76509470957265,27.859311029184976],[84.75603355072143,27.861774976541355],[84.75340460075712,27.873570681506727],[84.74595508195986,27.880248647545784],[84.74924152743881,27.88611241962537],[84.73576524403025,27.89287884637436],[84.7376268505146,27.897047186048276],[84.73322373589892,27.907053837065614],[84.73509944392855,27.915443234305325],[84.73201058296281,27.925837682740777],[84.73643337831984,27.928548445527223],[84.73389656063851,27.93316886164231],[84.73937813909775,27.936589139011556],[84.74588149168856,27.960096178893195],[84.77472130882936,27.97139305107133],[84.77163053637302,27.97735515071286],[84.7768940191693,27.97760527360093],[84.784066514724,27.98329943534845],[84.7901529099656,27.997992077753292],[84.79690675965989,27.998144859289944],[84.79741629469372,28.002369734125583],[84.80385241588432,28.000428137165308],[84.81132943379411,28.00294484143448],[84.81328379610449,28.009331357695313],[84.80954620238546,28.01686374058999],[84.81356974574919,28.028435945370955],[84.80950096906898,28.037989515807478],[84.81837771681198,28.047700903161733],[84.82092544106496,28.063150669990197],[84.83180989503492,28.089568326344082],[84.8372675599615,28.09495848734844],[84.83714995080307,28.104143403433863],[84.84373807804334,28.116321468521868],[84.854692679392,28.12266063157124],[84.86936839788281,28.120470316222526],[84.89244974800879,28.099970855225806],[84.900430675102,28.106691124729945],[84.91813551391398,28.103422142166252],[84.92156799278403,28.106600347550895],[84.92017687451298,28.11531097436706],[84.92881725079522,28.126320428250356],[84.93919719581632,28.125753396711744],[84.94277772199098,28.122579491817984],[84.95691257077661,28.126761090891648],[84.95832000552264,28.136079581655277],[84.95419996288315,28.14349653140628],[84.95789064579768,28.147175007727373],[84.95724481064336,28.155549051694788],[84.96566836300943,28.17450965674715],[84.96407038004968,28.17793188381254],[84.97385413696277,28.190281484740378],[84.9622620403295,28.212175875562636],[84.9647331676986,28.217365132023183],[84.9770622718202,28.22672310803451],[84.9916047159397,28.244706212889163],[84.99866778602492,28.241246142239724],[85.00269098450656,28.248079086849486],[85.0017476898535,28.253254290172006],[85.02794395262273,28.262405822742306],[85.03799325346482,28.29189068661375],[85.03271897748228,28.30284454477658],[85.04120716131006,28.31186667632222],[85.04665776840831,28.32586762045848],[85.05299340236252,28.32701449373491],[85.06737104500324,28.339285051710387],[85.08054959133399,28.345883356192434],[85.10795567921255,28.346604114416692]]]}},{"type":"Feature","properties":{"name":"Lumbini","shapeName":"Lumbini","shapeISO":"NP-P5","shapeID":"38925275B41812398098692","shapeGroup":"NPL","shapeType":"ADM1"},"geometry":{"type":"Polygon","coordinates":[[[83.14543247896613,28.747158559602575],[83.13237197311766,28.748054347757805],[83.11365470573762,28.743608547219832],[83.10261682045848,28.75348597456949],[83.09821098012276,28.766646070688214],[83.08176658032762,28.779517142426258],[83.07926929290251,28.786181615662066],[83.06838056544483,28.7799894035089],[83.06517692435777,28.78389224643083],[83.04572243807706,28.786521720093297],[83.03609118215535,28.79279193877022],[83.02235307413544,28.790771237505947],[83.01233395952893,28.79898358324054],[82.99738294826972,28.803919409991515],[82.9809280419148,28.800751025878274],[82.97585473838922,28.803448828019185],[82.96586902120038,28.82037605689116],[82.95665787872548,28.82098186737093],[82.94721506544612,28.829037985851233],[82.93021258516126,28.827090732731648],[82.90487847189257,28.83236200410115],[82.896106673815,28.82473626958138],[82.86758372394857,28.834264602107698],[82.85459439162634,28.832237665516573],[82.84377920893272,28.826524351346464],[82.83569401895434,28.831672070951733],[82.81712272160519,28.83134358354363],[82.79935475757074,28.820700251233824],[82.78176050589234,28.824293666752066],[82.7658352604524,28.80860557821972],[82.74178751227088,28.84586472386006],[82.7264173932384,28.84636102043349],[82.72373525590544,28.84978216645133],[82.71211810614324,28.85155514858163],[82.70468605405797,28.85465981817012],[82.695677962009,28.864736569695896],[82.67181467038871,28.852167892908543],[82.65846851770766,28.860119654779176],[82.65607996938084,28.866686574593402],[82.64859493535664,28.869228169818356],[82.64305754752885,28.866497407139022],[82.63676535486049,28.85524204738592],[82.6299262503958,28.853417869346526],[82.62473319921101,28.84683753019807],[82.62605603463118,28.839213755983288],[82.61368425055726,28.826587062034864],[82.61973587541745,28.80908751780913],[82.61327478093597,28.80739726988153],[82.5962352400507,28.792021140399637],[82.58970127887282,28.790353827503292],[82.5869850449993,28.782164922104617],[82.56705838455056,28.77068870339708],[82.56676129401725,28.767584174514425],[82.56186526549897,28.767775712878105],[82.56470918256164,28.7648760202394],[82.56371349204817,28.758703390405884],[82.5671441222648,28.756937602065907],[82.56603044559962,28.743922665518394],[82.58805179198288,28.73995921712483],[82.59560076301402,28.743856463016066],[82.60141811895633,28.74291081949815],[82.60528190416058,28.715667519289713],[82.61532577402329,28.710052866951987],[82.61244142078499,28.695874136930076],[82.61590293835988,28.689796997378647],[82.60065989845148,28.68487423766881],[82.59891817002051,28.669103295552517],[82.58670666214717,28.663908103913485],[82.57894757074261,28.664702046558038],[82.55466247381098,28.644054800629256],[82.5392125687795,28.6469791890887],[82.51924658318698,28.66069026871703],[82.50561233753406,28.662058451708482],[82.50140024216489,28.66776348951405],[82.49982486203972,28.6624703948002],[82.48993362990895,28.65932067288544],[82.4910461758591,28.651833630442635],[82.48581483398588,28.640649591121164],[82.50835739380477,28.62777984473031],[82.53988913663386,28.620763433407735],[82.54381775406549,28.622939412374585],[82.54355948032087,28.626256852336137],[82.5479718691405,28.627111710118317],[82.55149211435783,28.625245681752148],[82.54578738151508,28.618465228176152],[82.56124007071351,28.610092842641116],[82.5794076149615,28.613769319709498],[82.58058039106018,28.586184507784267],[82.5751216193259,28.579644785941387],[82.56824058029046,28.577900912574655],[82.55341938725658,28.58165254597369],[82.54419822316824,28.573045899550436],[82.5349930121391,28.57050169385431],[82.52905703240873,28.5582597399205],[82.52131634062239,28.553978027156017],[82.50902873464798,28.55124973377829],[82.49233558711066,28.552733550537383],[82.492971843731,28.54009031123875],[82.46295067463222,28.52129485683384],[82.433586609637,28.526355921072263],[82.4294747585644,28.524610650257785],[82.41818154901317,28.528775823667484],[82.41705475261703,28.517741010546846],[82.40751777953396,28.50374095978343],[82.41168864116061,28.492688316129524],[82.40575769479803,28.486615796526312],[82.40564341752999,28.4782204204034],[82.40041813540623,28.46984404699856],[82.39607369693513,28.468461432668928],[82.3956246485866,28.46046303816823],[82.38356647785037,28.4560636529317],[82.37382642692982,28.448332981933575],[82.37661824108017,28.430381363543873],[82.35038374138453,28.421910159507856],[82.35322012277096,28.41045250463235],[82.36559376825893,28.403201092661984],[82.36359036095507,28.388342747464808],[82.38359074923537,28.37284763533329],[82.38282724480513,28.36471243721256],[82.37609876000039,28.35853453797335],[82.37931738057412,28.35177557957208],[82.36319124692466,28.340864550492487],[82.36419329744726,28.330191860930707],[82.36736624877244,28.329968361925697],[82.36350695071035,28.319558643488335],[82.37609045698423,28.315164532144788],[82.3762976753023,28.304677999165186],[82.38360941720399,28.29169023239825],[82.39525956352217,28.28296169494111],[82.40361204889254,28.262229779271067],[82.41330670225248,28.25388980297175],[82.4277766587583,28.2521964689601],[82.43732603290549,28.24666929707631],[82.42687919667812,28.23903260488746],[82.42764393812968,28.230080876222985],[82.41889880881457,28.22981771763881],[82.4068491514544,28.22071639031385],[82.40058511224282,28.19242184287108],[82.4035431537504,28.18503337307867],[82.3992406309103,28.18018932134149],[82.4014149042087,28.176402260907246],[82.39682346391521,28.16892407515763],[82.39372234793358,28.174461898170705],[82.39687802887394,28.182773678676075],[82.39283152282604,28.189304647420766],[82.37808890199884,28.18456794454021],[82.36714746943193,28.189868121430152],[82.35493659026119,28.20558119801945],[82.34716645735968,28.20868518191142],[82.34608671796158,28.21639464648863],[82.3375728029572,28.223556684119195],[82.31244387684654,28.223421167917362],[82.31018703770911,28.231680814670057],[82.30225240112502,28.232670178910222],[82.30040054488427,28.245989990562137],[82.27549073153966,28.248512045500384],[82.25832356453309,28.243683632148507],[82.25601350576989,28.23974152557205],[82.24400346861866,28.23794515436037],[82.23318301505493,28.23998994394688],[82.21781285690342,28.249683282315644],[82.19869842311962,28.242958518334994],[82.19002143590923,28.248394088111645],[82.1694505281734,28.25159220473993],[82.16083498319651,28.241800928177476],[82.14381966787411,28.237152939446432],[82.13282146548977,28.251566777882356],[82.12598352587247,28.254391238076476],[82.11771500271894,28.251569387036295],[82.10834664938079,28.258311640625905],[82.10081983958496,28.25904472229548],[82.09397957920493,28.255095556424276],[82.09170973318618,28.24935449275142],[82.08128346441455,28.248613983519007],[82.0686614863767,28.237086564426807],[82.05431339668756,28.242142782351344],[82.04221404356188,28.230218531173048],[82.03687708243602,28.215110914160167],[82.03094327395603,28.214129300581188],[82.0231218963985,28.201253705943696],[82.02922064176691,28.193909347047494],[82.02924007564778,28.187737651347348],[82.01822481363602,28.181857690191126],[82.0128241301672,28.170040773990372],[82.01499831470942,28.164090423360356],[82.0110850203365,28.160695602818297],[82.01204630398641,28.154228391579068],[82.00761284392355,28.15111158855588],[81.977924136765,28.182896565318146],[81.96526864927795,28.184521310304635],[81.9626900949471,28.194429040034148],[81.95195698921343,28.194116120936947],[81.93853093623194,28.20179040787484],[81.936113542533,28.20765301502137],[81.92670683901626,28.209495231155714],[81.9269508402733,28.21584612038593],[81.92091672663425,28.2203889272597],[81.92157265639348,28.226913373833067],[81.90931024408765,28.232281267437667],[81.89650589071034,28.233329064067167],[81.8829005545143,28.243549005959835],[81.87676751804617,28.239196201406415],[81.86092166264002,28.238739660057405],[81.86467378310556,28.249846748554532],[81.84355463604335,28.27203948661227],[81.81453075254822,28.278807481304163],[81.80848218657232,28.283023701042936],[81.79810905550225,28.27366611531511],[81.79365184175956,28.2738747876935],[81.78716249467725,28.294714405032796],[81.7734439251017,28.297536028073143],[81.7612291294859,28.30923185083236],[81.75380159966298,28.307497600813747],[81.7450898038365,28.313286828575848],[81.74352198137142,28.319057087379544],[81.75172096662902,28.332241039247936],[81.75165709642054,28.343721853209882],[81.7667112444302,28.370176794791185],[81.75768796467919,28.370069311483537],[81.75225312808696,28.37437665535578],[81.73225933888543,28.377641591038042],[81.72443405475668,28.383140480578408],[81.71664596580145,28.384144973971985],[81.69548756764624,28.399585958442913],[81.68822455270198,28.41061596787842],[81.67430769370935,28.417638386999812],[81.66979293766235,28.41336084873546],[81.65845699902613,28.415453320575445],[81.64301034087599,28.43032380707379],[81.63160428336784,28.436371223248397],[81.62629192997963,28.444494590548604],[81.61217036373546,28.454365368569103],[81.60789314260971,28.453642380932703],[81.60007448218752,28.463003099985162],[81.57452180794805,28.478546329470106],[81.57260048684834,28.483377544183934],[81.55734798397583,28.49500945724752],[81.5387586945488,28.49469412085842],[81.53940433000189,28.50013062558595],[81.5361378314375,28.504109464716294],[81.53019904843642,28.509380086577902],[81.5162193723746,28.5135848282713],[81.51221067563895,28.52425928722614],[81.50611755906657,28.528308958170708],[81.49736084525351,28.533579606541743],[81.49119520071807,28.532428946641502],[81.48614008626105,28.53916531991791],[81.47611462117057,28.539809943877483],[81.47233773872594,28.54859870426798],[81.46910892874858,28.548451989260343],[81.4654598966256,28.5538178826321],[81.45318339884489,28.552289303292646],[81.43799721220194,28.559569432673843],[81.43336583544978,28.56360662262559],[81.43074202728087,28.577358127098528],[81.42446668502102,28.577668891583556],[81.42177055157958,28.581368014689435],[81.42464986790456,28.587806516235975],[81.41682380091855,28.595579881210284],[81.409899800821,28.59564834788259],[81.40152995642852,28.602050897089846],[81.40098844924681,28.606880191830832],[81.37935079459609,28.612329595235806],[81.36460292279507,28.623545927659677],[81.34553867882977,28.624746384083327],[81.31636037692599,28.6367830810125],[81.31024197300037,28.651129169895572],[81.31631194041427,28.652385192707488],[81.32112291187244,28.667628400575932],[81.30740443584294,28.673018036273128],[81.30209682122441,28.670598131426125],[81.30027163934884,28.673929673429218],[81.28533836514183,28.673314477055953],[81.287556915268,28.648032168296943],[81.27108912982236,28.63023973695033],[81.26879476842373,28.61786373260959],[81.25963054267928,28.61213796106671],[81.24894559387228,28.594462341297703],[81.22433225479456,28.570908029976867],[81.197980679633,28.553117847930412],[81.168115323107,28.52422752976757],[81.16017389199328,28.501465167539926],[81.15322257717052,28.502003405315126],[81.14730875184704,28.49823792954006],[81.11483794240998,28.472580216635418],[81.1090082856968,28.46147648690612],[81.0914373516627,28.457836918216728],[81.08586772973919,28.438423086573472],[81.06560579211957,28.42252949537263],[81.05920926515351,28.408010387193226],[81.06633953290354,28.401130738604856],[81.06738618422014,28.394511115266123],[81.07988114080914,28.385004214744225],[81.21345534690283,28.358336353956922],[81.23462352030974,28.324711482372226],[81.2327831540278,28.28904650899426],[81.2861473407784,28.228597892603315],[81.29966252760809,28.219914676854568],[81.3206484900674,28.197326714365442],[81.31841184403955,28.182446248212113],[81.32480540960455,28.175112568751686],[81.32130266957148,28.168896347495533],[81.30450863209188,28.168575978873715],[81.30186621602921,28.166147544849792],[81.30979548083776,28.160755830192922],[81.3107022521562,28.155641500641615],[81.32022632835061,28.160323501258606],[81.32796872410657,28.14834789088429],[81.3184126259093,28.145299926965095],[81.31549509017586,28.13704034045324],[81.31808354519264,28.133620875486738],[81.33450428272624,28.14026209423145],[81.37135077050011,28.142454856335153],[81.37842485410141,28.155572673399625],[81.3771837202033,28.15877748600708],[81.36847404818556,28.161052729042723],[81.36695899564158,28.16542005688256],[81.37475956716345,28.177017710067716],[81.3899898737053,28.17383925803066],[81.41492624634641,28.174316467841223],[81.44592839292163,28.161386491252216],[81.45018467862353,28.150721717047634],[81.45000192430092,28.1409489910328],[81.4841016238708,28.118319448915624],[81.47983551962518,28.110165208254966],[81.47846777358039,28.082609668163293],[81.54736133250496,28.04927130262872],[81.58671511051432,28.024853739619616],[81.617145179544,28.01047557684894],[81.62441172207053,28.001450000093826],[81.64353170575444,27.993889753476523],[81.69839409545715,27.988270662289423],[81.80496607498134,27.903447205262893],[81.82121251298669,27.90352740739303],[81.83279573134466,27.898138115114307],[81.87365376987547,27.8694815242262],[81.88555256155446,27.85706506737706],[81.90126869170724,27.853734889184402],[81.92622517425202,27.859843592529103],[81.92547732199424,27.875866488909754],[81.93811785987789,27.887997416769654],[81.93818069208366,27.89381525911455],[81.9682918718811,27.9290195496517],[82.07102947661629,27.92269791916142],[82.09146994826149,27.894721504634465],[82.11428698134019,27.877621560220664],[82.12341909078391,27.865090078937115],[82.15007531807609,27.85798070725569],[82.15406620513455,27.866253752668868],[82.20833468187807,27.84317789958956],[82.23055145140866,27.8208442390603],[82.25283426599232,27.810194448335423],[82.30395760537046,27.772670373890456],[82.33665121009044,27.75486593838176],[82.3672280673469,27.742716896142714],[82.38241584772332,27.72038845072654],[82.40169156235837,27.70293273988189],[82.4487992876933,27.678763579783983],[82.4732786107174,27.67654961084079],[82.48196890264518,27.68286121563397],[82.49012221202668,27.681278158169842],[82.51630805025032,27.690471986142736],[82.54120492172113,27.685773627062744],[82.58498209213171,27.698646361502828],[82.59373651106745,27.696978194814843],[82.60509408560847,27.706003776828183],[82.6188977398708,27.70230267757448],[82.62787656563508,27.711555394721515],[82.63857048883129,27.709154696734878],[82.65528624131605,27.71334935607277],[82.66426157627367,27.72213049054453],[82.66655794317394,27.715703045913866],[82.68073789058988,27.713799600803398],[82.6893065333635,27.71516459395808],[82.6992998263314,27.72201760657273],[82.70200718649687,27.71640096866874],[82.70520569287649,27.71661143043225],[82.70805821896654,27.72192592328262],[82.7059459564166,27.702913563838457],[82.71834481515577,27.687494513917013],[82.71490719110692,27.681486700940255],[82.71603719411455,27.672590714704768],[82.713270093225,27.67097232410723],[82.71591647565204,27.668122807945295],[82.71180270252896,27.665136147466473],[82.72038542696515,27.66171663966903],[82.72043568248196,27.657372097953164],[82.72564065466709,27.658457883559898],[82.73144447909182,27.649078942172206],[82.72816322728204,27.645644647754484],[82.73311205131527,27.64647051553502],[82.73344700818363,27.642737734932464],[82.73633192764328,27.64319042035195],[82.73763703651022,27.637627819606653],[82.73507528860765,27.63562821642473],[82.73825686343643,27.632038649823123],[82.7336817222195,27.628619773157435],[82.73673879279428,27.626179599202114],[82.7308377419486,27.62407958431398],[82.73674099378516,27.621771500380632],[82.73312015049302,27.619013263679168],[82.73495287956439,27.609701511117866],[82.74545794906543,27.600364692718003],[82.74497603671874,27.595376827826485],[82.7558804615379,27.587806916034904],[82.74779306485617,27.572025739179715],[82.75135082923104,27.56532814796336],[82.74362981193194,27.560969875351038],[82.74715000466942,27.555118080614832],[82.73823106087012,27.552115856335394],[82.74105359372652,27.550034396221065],[82.73785532981718,27.54667772055224],[82.74196409821738,27.54637436740361],[82.74321251431532,27.541569070294674],[82.74058894232955,27.537067193549124],[82.74462194896769,27.534439300619763],[82.74209651344974,27.53216503473051],[82.74512410556571,27.532311938838152],[82.74457803360619,27.529868278440365],[82.74728239215253,27.53162527980199],[82.74521265029244,27.52903023828999],[82.74953005548434,27.52289222919003],[82.74714711672792,27.519640180060957],[82.74211976120345,27.521201031411334],[82.74316932225254,27.516775260927105],[82.73683420827031,27.518109802978376],[82.73547977765044,27.502734118454498],[82.78537190927247,27.500257089762588],[82.80199262900896,27.49658621327622],[82.83250814827063,27.502122505109522],[82.87041483629298,27.49867009101068],[82.92949478485721,27.50123761296432],[82.93961835584463,27.49139952107253],[82.94481116225839,27.477110451496593],[82.9542734959853,27.46800634652364],[83.03419467393867,27.448939186287408],[83.16454502523638,27.457710154150377],[83.18791846868054,27.45448665008221],[83.21769278557866,27.417368492466743],[83.24015548672413,27.40661084584586],[83.27232829816957,27.38368968478844],[83.2656736917735,27.36562285070192],[83.27267885970424,27.352922910870234],[83.29166646233423,27.335067292978213],[83.30481577736958,27.331469178953963],[83.30815354528997,27.333624718361506],[83.3176010992439,27.330225784123076],[83.31554869943353,27.332916573950143],[83.31826413239557,27.33747851314283],[83.33761432808532,27.33287401520198],[83.34409462117111,27.338290305673432],[83.35248497302753,27.340062264560927],[83.351202409909,27.34268494639581],[83.35925932722708,27.34332456593196],[83.35800417342477,27.350834493530108],[83.36974941688294,27.358227680269984],[83.37381857803084,27.357372816355277],[83.37240719258291,27.36500629345783],[83.37483977945215,27.370030685956394],[83.38289612816187,27.37103445984454],[83.38816165211185,27.375951528390424],[83.38487233074402,27.39043598428526],[83.40249286156289,27.40097497064708],[83.40646488526488,27.411970970141933],[83.4096509490774,27.412717824089295],[83.40562237453601,27.41887839652518],[83.399820952752,27.41918747277936],[83.40114455714112,27.4210027025128],[83.39328484737487,27.42476375123031],[83.38429196298479,27.43625614446118],[83.3864333090513,27.43938145528451],[83.38398064345526,27.442448205860167],[83.39607745676157,27.446742864973604],[83.40199159805384,27.45770233290842],[83.39984952590804,27.463672199123547],[83.40260192331156,27.46641636614459],[83.39803954455414,27.46563412072553],[83.39561891786836,27.469745840048336],[83.38867057361631,27.470751148803267],[83.3924176594174,27.476511993948794],[83.38891100613208,27.479743401366886],[83.61484838200087,27.46960419441985],[83.83000524352717,27.37036585259457],[83.86262341229867,27.346736960760037],[83.88765669078904,27.35833228356993],[83.89213535912891,27.367789997106573],[83.9042988115061,27.37780133585174],[83.9057422932661,27.388657629539768],[83.87284715172308,27.392422242873057],[83.87556366593095,27.40597406080179],[83.86735611153935,27.427284455839196],[83.87837696397949,27.433907895587556],[83.89555804768055,27.437823045655612],[83.88774760940667,27.446573827949432],[83.88980293178426,27.46171774170979],[83.88369044727732,27.464205989956003],[83.88667033590974,27.4724372909843],[83.8850988823401,27.481181540456],[83.87472623289878,27.48937658549423],[83.88365717102297,27.496198414374447],[83.89770288035128,27.498840320361708],[83.88714560433526,27.50843279812282],[83.87590837645357,27.510244093536674],[83.8824333057365,27.527934779009556],[83.87048158252621,27.541337891421485],[83.85525509593297,27.548552077562928],[83.85069413189348,27.559054872928435],[83.8433332508656,27.558218715835764],[83.84187261070316,27.54930012442116],[83.83611632879851,27.54509898222067],[83.83738292038508,27.551350434866862],[83.8316319169302,27.56572298976596],[83.84151566200885,27.572661445324826],[83.83592977928086,27.586070900312755],[83.82112118688035,27.592767326084054],[83.80811899020867,27.588769870888658],[83.80941444384882,27.595450222720153],[83.80106972765535,27.596203406567128],[83.79056595931998,27.605111570850546],[83.79996625742109,27.61256891064166],[83.79730509236407,27.62031985701143],[83.80522177811778,27.620917919664937],[83.80102329964696,27.62962788146788],[83.80986320124875,27.63550435607963],[83.80654148087626,27.647604648729043],[83.81263506323646,27.653339407588202],[83.80986914063796,27.65551973132526],[83.81185524781476,27.662415261360618],[83.78320859868073,27.667057479923933],[83.76827221922893,27.666651984357046],[83.76275824069427,27.661243392939923],[83.75829347025788,27.667469763233893],[83.7447923405363,27.666872493522288],[83.7251893456875,27.6725049449006],[83.70811180330887,27.659176151518217],[83.70333282038712,27.662209743548736],[83.69538351714121,27.661540438547217],[83.6993748974309,27.676462957025432],[83.70461958003104,27.68288651594208],[83.68977445974933,27.69822584466141],[83.68961586534505,27.707803223096413],[83.68279451860984,27.71823411416165],[83.67707389800997,27.71864955650142],[83.68224091805244,27.720947110018702],[83.6951551622588,27.71606430647995],[83.71430093195957,27.71568999694101],[83.72859621103137,27.709177921678332],[83.73232355880502,27.71422339521797],[83.75114361264947,27.721029491678326],[83.78233200939698,27.725095896659827],[83.8014404716614,27.72136570537798],[83.82044820393408,27.710674518570855],[83.82495216593036,27.714064653148913],[83.83360938794019,27.714039220780865],[83.84628334815105,27.709539128441318],[83.8488501468844,27.712080249336026],[83.84452701765532,27.716332986914317],[83.84183342194525,27.730487851421152],[83.84496923258807,27.735067109012146],[83.87558419131894,27.733234355107275],[83.87679073039888,27.735911317514617],[83.88363933536384,27.73508018274419],[83.88876261716304,27.73025375827374],[83.89647009431057,27.730092825632756],[83.90312426097613,27.73071355654332],[83.90451923012294,27.735716623112303],[83.90821095436894,27.73425031098022],[83.9066391521436,27.731564405855586],[83.92417834245107,27.726864031176763],[83.92837770586154,27.734329917632284],[83.95050944890396,27.747549925849356],[83.98995004360737,27.74927992280484],[83.99433953972255,27.75153865807001],[83.99287460826717,27.761529232202253],[83.99954194973228,27.775824912256574],[84.0003524731438,27.7886583866637],[84.01237732103087,27.801256611821056],[84.02013165713022,27.817994586541182],[84.02675403818367,27.820635510914105],[84.02502473913455,27.835283219039358],[84.02026851543937,27.84089295075529],[84.02854074184054,27.856457040168525],[84.0200855128517,27.861956913851703],[84.01535640215083,27.858160311886177],[84.02164856838364,27.854691720312832],[84.02134704907677,27.851257778171856],[84.00036702661558,27.854745270793607],[83.99428186633877,27.86627438240733],[83.97845360258101,27.86612840744202],[83.97154927304213,27.87265664930238],[83.96810465160374,27.87031168427597],[83.95828353290412,27.873052538968242],[83.94846497186612,27.8694890268506],[83.93920885324341,27.878112918281644],[83.9247716509807,27.868271031913572],[83.91074099888051,27.872738978156363],[83.91378749691177,27.8777970656929],[83.91013431146487,27.880290096656296],[83.89238112950596,27.886150236791426],[83.88099803038335,27.882373034412534],[83.87755356342652,27.888396311008236],[83.86112381773161,27.882367989829106],[83.85838596077788,27.873586369283032],[83.85159890901689,27.874616986402767],[83.85102836059498,27.881308316312076],[83.84520532835691,27.881653876033283],[83.84366108508134,27.879544848508775],[83.84745654868206,27.872633855654495],[83.84550995977135,27.868525386639533],[83.8359419611274,27.869854551297365],[83.82091793928157,27.877793428529365],[83.80722435045068,27.873262574136294],[83.79739542869594,27.882514702589535],[83.7885965455991,27.885511245541917],[83.77506687890605,27.903361104656284],[83.76227108192806,27.90999307082741],[83.75618241769193,27.909222110472925],[83.75711284497638,27.90314111494527],[83.74474490485899,27.907983053331524],[83.7425314503233,27.90467588408258],[83.7475125957069,27.90143618841226],[83.7430152215434,27.90011255599472],[83.72313717738366,27.913859261799],[83.719114969251,27.920240621042876],[83.71104355236623,27.916616330999265],[83.69833442800106,27.91700873320244],[83.68943604863858,27.923937971479678],[83.68305653958828,27.916439684011525],[83.67956337355169,27.920136233237077],[83.68200172329438,27.92418271329136],[83.67626717823731,27.927463330168187],[83.6658654598401,27.919814935104824],[83.65497711064094,27.902512597838435],[83.6490453429045,27.902373586021316],[83.64477098444078,27.898567743086566],[83.6410257873263,27.90242283835762],[83.63431661358756,27.89937964126603],[83.63147616602052,27.91024229857365],[83.63350807028016,27.914180221345696],[83.62101554756073,27.917684092669834],[83.62615195482931,27.926095529139616],[83.62039009238195,27.926508468714875],[83.61644116684612,27.930621786347213],[83.61078952355643,27.925202446212673],[83.60070452751724,27.92340921001346],[83.59296360260608,27.931217699728915],[83.57462794484712,27.930266578901797],[83.57640995267488,27.93725934368729],[83.57102649958838,27.94306354835517],[83.56562581384571,27.93468535662017],[83.55986882974867,27.934899440663585],[83.54846735309316,27.92814376333941],[83.5379298240184,27.92811554852395],[83.53681093029022,27.93711833767613],[83.53101304103818,27.939203749918267],[83.53063003594546,27.932160948415408],[83.52408705936466,27.9241585180522],[83.51637034339393,27.93740907497751],[83.50871817640935,27.94082027648813],[83.5029179562713,27.937153588527888],[83.50981398929277,27.932984131927633],[83.50593077656994,27.928584350695836],[83.49048807722635,27.929195881444077],[83.48387845572685,27.92273674900228],[83.46826200122231,27.928299639782097],[83.46050248665487,27.93443321718017],[83.4526640664391,27.93273275782752],[83.44892401939008,27.928496652110407],[83.4402941569636,27.932755200687726],[83.44541834806728,27.93937286059551],[83.44349287913279,27.944856457114508],[83.4616040416796,27.95389433583499],[83.46665505009302,27.96424477868359],[83.48288886982276,27.981701363419575],[83.50040730416218,27.97691774244164],[83.5112004124787,27.967510132332702],[83.52185543003588,27.96393998850545],[83.52676710117727,27.96649964035319],[83.53103393779215,27.964792795324488],[83.5341528277287,27.968467382404512],[83.54624584552363,27.971391104523356],[83.5499750570149,27.97682710219875],[83.5587310708385,27.973728450966647],[83.5776063490527,27.97442616484446],[83.57911180529084,27.979389796999634],[83.58521862192136,27.97893455330517],[83.58414373038786,27.987509131642167],[83.59340458155172,27.989463528013378],[83.60332061111494,27.99730096036798],[83.60492011994846,28.012067451978282],[83.59882025293032,28.01517226617699],[83.59639259701241,28.02074453472512],[83.59115240610684,28.02161119149977],[83.58977281849329,28.026150882530303],[83.58429530195183,28.02607805842467],[83.57843293722352,28.034001686979007],[83.5704495280576,28.032736122705604],[83.5615609095338,28.035769590361884],[83.56404748469,28.0407116145256],[83.55916633247243,28.043640275705968],[83.56402659899462,28.058103840748164],[83.56096239171869,28.06435253787317],[83.56744545107536,28.06498001420001],[83.57254391835887,28.07367517153044],[83.58067725792183,28.07755824944391],[83.57516118197557,28.087610189341305],[83.56264488317576,28.092823092212992],[83.56504459977764,28.100787963053623],[83.55519305895992,28.106631221640598],[83.55429173186444,28.11716649806249],[83.54429912368599,28.120903508663183],[83.53198841365966,28.116593595562836],[83.52534341031276,28.120888918679704],[83.51703382299604,28.12148936654199],[83.51035111372722,28.12702007535675],[83.5054842891479,28.12573230931245],[83.49967596979305,28.117535347139473],[83.48577740757264,28.113371086056944],[83.48246546609289,28.117263806090815],[83.47412636083733,28.119048271782155],[83.47825378795461,28.13015488035907],[83.473708668391,28.13234617554464],[83.46261238595484,28.12997716702213],[83.45751039886335,28.1323913097453],[83.44602088504554,28.12509218285456],[83.4387573095345,28.131041157202965],[83.42331585870946,28.12524671035526],[83.41822057034595,28.137148486793343],[83.41361511148044,28.13782135796728],[83.41124999911759,28.144110123901804],[83.3947849839808,28.155938990427988],[83.39012958135075,28.167394812491604],[83.38422393838815,28.16384898726078],[83.37049172982141,28.176546689090262],[83.36990019223389,28.182775111056067],[83.35553609306969,28.19750092987175],[83.33023470328354,28.18907508146673],[83.31652257928124,28.19040601008306],[83.306303934829,28.197907738237348],[83.29821136077241,28.192984507880045],[83.27806347201381,28.19106364088506],[83.27369612069441,28.187643015400237],[83.26884246835677,28.19727056421811],[83.25923726600108,28.200088542046043],[83.25180568959529,28.214202204748624],[83.23378108908513,28.221869742675597],[83.22587158754813,28.235426448995728],[83.21579959599485,28.24385371945811],[83.21541399972702,28.248455916418415],[83.205908085592,28.251947397015645],[83.18484581503101,28.27073730899156],[83.16781696063512,28.257974294220585],[83.15552206157913,28.27085018694963],[83.13082006856884,28.25015728887859],[83.12438560573824,28.257804433533042],[83.10955776819885,28.251800395345818],[83.09357119341205,28.257021500089113],[83.09706147914595,28.277180951443654],[83.09233528801848,28.277982061049883],[83.0851979154335,28.28915530904208],[83.07879404508982,28.291517062446356],[83.06942711205093,28.301934472518585],[83.06691055368947,28.313350140270803],[83.06163730668577,28.317676916594728],[83.0512701758752,28.319015145956392],[83.04476525889582,28.32462978644019],[83.03327379296837,28.32178538259874],[83.0185841979338,28.325544827088766],[83.0128992017425,28.332876010827103],[83.00420549824466,28.33270233928416],[82.99400366023214,28.35097657768203],[82.98008437782109,28.359429603346083],[82.96712321461136,28.357662767304742],[82.95474764469077,28.36017167211691],[82.95511450993055,28.371699493511457],[82.94798940199428,28.37871449731889],[82.95040998007055,28.384047855896167],[82.94226302048205,28.393865399449357],[82.94362469152539,28.398452996319403],[82.93809493096062,28.398637837354954],[82.93648608466081,28.402126306779124],[82.91617130616592,28.402746710870847],[82.91920796722708,28.40918178667305],[82.91854371907387,28.41742826911032],[82.91226494360386,28.42741432339018],[82.9142457373749,28.43435090181364],[82.90066457726162,28.447377384997836],[82.89403683895428,28.44772738328119],[82.88605919354903,28.45289123253692],[82.87930904786495,28.476361226826036],[82.88678248197527,28.479679902998967],[82.90395930804624,28.475483847299284],[82.91211238948809,28.479413477187816],[82.89433044877138,28.494273167632393],[82.88839408389813,28.50664050741763],[82.8773535347847,28.515446414039776],[82.89461402287637,28.51545034718362],[82.91406674294907,28.527605631227445],[82.91136394074206,28.529853385568767],[82.91184913573188,28.542852633426534],[82.91641805766227,28.564645940500476],[82.92379638434231,28.567646145906213],[82.93251874282058,28.565817939459222],[82.97381517470262,28.54234706921247],[82.98043331355115,28.550847069808963],[82.98547226494722,28.570871047400498],[82.96229218395817,28.581897885984446],[82.95263737351566,28.59810806553284],[82.95649181282346,28.610515103612467],[82.96707235772239,28.615443738744126],[82.97697052334793,28.628963135335574],[82.98293549735253,28.63079911415794],[82.9980425322687,28.623578122802275],[83.01912753811393,28.621738285080944],[83.02475900446271,28.626464118058994],[83.0355368787636,28.625733716379145],[83.04282113018152,28.629983368298028],[83.05752539454672,28.62012711457784],[83.080879520944,28.625617947654618],[83.084312273592,28.63086332628145],[83.09636038221956,28.635160293560354],[83.11587675853643,28.631503789457277],[83.11525268077862,28.643570543722344],[83.12319141462099,28.654068755148],[83.1250114819006,28.66401730195179],[83.11918323524624,28.66908212517606],[83.11894225043696,28.673310168979352],[83.12282903822368,28.67674615898533],[83.12832603446371,28.674029615583],[83.13906856128737,28.67544957856436],[83.14646575681935,28.681821661369874],[83.14240534247557,28.68977474396075],[83.14357636161783,28.693659903940006],[83.14948209309289,28.695501757510755],[83.15255975936962,28.70118540358186],[83.14995779975675,28.704388070252772],[83.15102626249829,28.71199682236986],[83.144219049995,28.725540535829325],[83.14612394437812,28.730785954943038],[83.14266253960966,28.73388605534393],[83.14543247896613,28.747158559602575]]]}},{"type":"Feature","properties":{"name":"Karnali","shapeName":"Karnali","shapeISO":"NP-P6","shapeID":"38925275B76883637113030","shapeGroup":"NPL","shapeType":"ADM1"},"geometry":{"type":"Polygon","coordinates":[[[83.65740412725138,29.176170410556374],[83.64397562115917,29.167085295279616],[83.64168054803736,29.161266048647065],[83.63340059513929,29.1585143013512],[83.6228255155973,29.168365039520456],[83.61474011043053,29.17140307142359],[83.61022465822319,29.180818943534426],[83.59019111967875,29.174242308846736],[83.57608396973319,29.180243849465842],[83.57608026497167,29.187462118939756],[83.56931137151753,29.19351976744199],[83.57208163023907,29.202578657670962],[83.56322244419286,29.206129881282475],[83.5524089617583,29.200188640520924],[83.53913808000472,29.202744452208897],[83.53095045110322,29.208334996335914],[83.53048110053088,29.21343357972219],[83.51968666180191,29.21773526549054],[83.5180353253146,29.227113059141164],[83.51516925592266,29.228070426710094],[83.52281983111398,29.238320780184452],[83.51780121386105,29.240639676658372],[83.51954588897641,29.245123537568062],[83.51484143583531,29.255884280049177],[83.50421681610246,29.25562876771542],[83.50276481086037,29.259546069301372],[83.49158002925266,29.264881528995332],[83.49349665504558,29.27385516283519],[83.48731513147125,29.2762249117982],[83.48725012507315,29.28021947722799],[83.47881306058314,29.28108683121824],[83.47157686329606,29.274246292678598],[83.4652547747127,29.27460460123066],[83.4600048174843,29.28620925661349],[83.45491843517476,29.28659914305991],[83.45590772056217,29.290676905694266],[83.45074723684343,29.293617491300346],[83.45143531510676,29.297588070255426],[83.44371306579363,29.29984336848978],[83.44426548349516,29.30653825544832],[83.43835355237033,29.308735336598158],[83.43941012137907,29.31696621452484],[83.44657253520315,29.329149629277033],[83.44246177281576,29.335759639899848],[83.44498809208692,29.34027919663393],[83.43903540208296,29.34956568150375],[83.42870860709942,29.349851184832517],[83.42352430524274,29.356363501005337],[83.41516025921334,29.359090245486968],[83.41739886533867,29.36366322964616],[83.41321311749549,29.366938111706332],[83.41550118889938,29.37609929520337],[83.41183760016057,29.38034184520193],[83.42270010462086,29.384713355213044],[83.42048346400561,29.397506756364255],[83.42623958421507,29.402478256898885],[83.41599937667682,29.410448109996988],[83.41433839341074,29.42088655212506],[83.38116678173277,29.42322451799181],[83.37145074267171,29.42858799548717],[83.37075003414517,29.434415443762084],[83.36444665722298,29.43979447159058],[83.36313714443624,29.44626859934606],[83.3662412736143,29.4500931036538],[83.35382699239052,29.451447727029485],[83.35158877256595,29.458882563151988],[83.34238600824919,29.465874896638855],[83.342084928661,29.47507622356126],[83.3476999098255,29.478608979963678],[83.34730956588479,29.492307573668395],[83.34449689737417,29.494833545727133],[83.31578688784002,29.508980292307715],[83.30235726855055,29.499746074784017],[83.29349700227628,29.504436003695346],[83.28211297270586,29.49876323375966],[83.27160471873533,29.507886224895916],[83.26746928807013,29.507484575770544],[83.26880231792953,29.522159790551],[83.26386739755212,29.532999830662664],[83.25590691682632,29.539304872561924],[83.25423853617222,29.544674971741337],[83.25885009588808,29.551090756407653],[83.25539357696681,29.556818544089314],[83.27397509991125,29.554512477439175],[83.28215580152998,29.557606438988813],[83.28402787901122,29.56291259769422],[83.27779297926482,29.569040993767963],[83.26907398611736,29.568560219445764],[83.26149847633734,29.573697000677726],[83.26120656282095,29.577640253518652],[83.23203833254772,29.577896600195114],[83.21555423816162,29.588475614221796],[83.21814311107947,29.605520063008388],[83.19887184146019,29.606278014137164],[83.19603706847725,29.61109895840509],[83.18644977301781,29.6065813603597],[83.18733935198318,29.596511501545674],[83.17771549309323,29.592254690697192],[83.16776658703785,29.595873766075105],[83.1640195011604,29.594363788569154],[83.15885139512169,29.597335432424142],[83.16447374398193,29.616946436534118],[83.14205263629174,29.62487573360368],[83.13140622060428,29.617945283590245],[83.12036713676657,29.628615371284152],[83.11685868884189,29.624809611984123],[83.11651877426544,29.616464323174682],[83.10543124353757,29.618426723470822],[83.10114271991088,29.614349164895728],[83.09018106823488,29.612030279065788],[83.09232078140946,29.60544992559742],[83.08570973168435,29.602788200070002],[83.0693697522784,29.6099620355024],[83.06541097312726,29.616574296704233],[83.06547465256831,29.626106344307573],[83.04338350250583,29.630874756361568],[83.0384601492768,29.64798058437963],[83.03349013984209,29.65424617450578],[83.02106552500011,29.650710944259163],[83.02107013601376,29.657777221855586],[83.01409353390025,29.660468178112893],[83.00861422827198,29.67259758733185],[83.00055067026429,29.66461146362258],[82.99167484019327,29.663400694426308],[82.9850395812196,29.668478932695077],[82.955718374388,29.66268022630075],[82.94733595517397,29.668965138912547],[82.94684462516167,29.673269104085424],[82.94096103505672,29.67415593367077],[82.94845542291064,29.691613787127643],[82.93548441871485,29.705495857350634],[82.92677520041948,29.700659931374176],[82.91505299645074,29.706448715523926],[82.9083160945709,29.70042561614513],[82.89095325225868,29.701440638599923],[82.88620725422311,29.692780753679674],[82.87685779302292,29.69200493780308],[82.86069901321181,29.684597891869334],[82.83865344095304,29.69181757742476],[82.82646432575474,29.68991263881343],[82.81809757944012,29.696913235083873],[82.81500416190305,29.70477482845687],[82.82139911461833,29.71384876121104],[82.81790651203755,29.72116096194841],[82.79764293985264,29.719065984296062],[82.76294318618368,29.731206898243105],[82.766269244222,29.733818015546166],[82.76674926145378,29.742478336220657],[82.76147169669674,29.747523785807104],[82.7585715976465,29.760128561901517],[82.7522185465519,29.76559651793466],[82.74475642586246,29.769511041250382],[82.72382576234929,29.77054888739208],[82.71902237632263,29.76616097823823],[82.71107490756575,29.76896603564444],[82.69773474186482,29.761688397355343],[82.69009531800731,29.76315327310463],[82.68651092211938,29.773494250998205],[82.69609114447614,29.781662875375787],[82.69412604198965,29.791194515651544],[82.70077806363327,29.79485045731978],[82.7102701196358,29.79280541342113],[82.72812723633793,29.802967097725016],[82.72913105240137,29.808653267159603],[82.73714855024332,29.81355867399093],[82.73054486171587,29.821406841610184],[82.72661931507074,29.83533141441085],[82.72216935649793,29.83879764867827],[82.71060012214447,29.838845286063332],[82.69721175679848,29.85536660164328],[82.68646659814577,29.852111811350234],[82.6844230985407,29.84717730754824],[82.67606806388959,29.84332529653272],[82.66065543816418,29.84231741520996],[82.63972183423826,29.833896649240604],[82.6209861395186,29.837308430112987],[82.62033189293696,29.845057318038283],[82.63173787170092,29.84964361614213],[82.63146714621872,29.85678525460321],[82.64052916462659,29.862945433742837],[82.64230308887763,29.870541183398526],[82.63461440166556,29.876334464721015],[82.6196829475487,29.87930934181786],[82.60239799664444,29.889074983710067],[82.584781909162,29.92131432249735],[82.57967147716496,29.921611156958566],[82.5666791065284,29.932482507210917],[82.5630984714608,29.955229503770614],[82.54936469595754,29.96323811300553],[82.52973779044088,29.9711772669017],[82.5141538501616,29.95219020138186],[82.49925962966101,29.946040814347416],[82.47387692226981,29.965279572583125],[82.47712959348328,29.969022704521155],[82.47616732338716,29.97365881722032],[82.46322180908577,29.98207277436883],[82.45630022994926,29.97692659641601],[82.43859174179806,29.988703543076547],[82.43215611571871,29.989024107696533],[82.4236982698069,29.995822595094563],[82.42095255072012,30.00404296819477],[82.40894687934461,30.010766037256495],[82.40647338149775,30.015300574332777],[82.40253737135146,30.01457802248198],[82.39550640533484,30.02400715751005],[82.38722035712871,30.0204526846704],[82.38216323427476,30.027140544477348],[82.37596465986329,30.026434271525606],[82.37786543997254,30.01119429686808],[82.37270606279681,30.015648115809963],[82.36301586314048,30.01044696609443],[82.35951512936316,30.021652983762127],[82.34479513335017,30.02888546605755],[82.34362726713033,30.036833324133315],[82.33413087647007,30.046920362486222],[82.31997757978016,30.04951453918183],[82.31569584074532,30.040349591654582],[82.29851967806928,30.03790426237378],[82.28525025743306,30.047253815347073],[82.28132790621822,30.061168321843592],[82.26554455029824,30.062209684221497],[82.25266326707582,30.068088258097422],[82.2516938786704,30.072488392105036],[82.2467295708198,30.07521250198865],[82.23388987133428,30.0697790798233],[82.23123632790457,30.064876317412157],[82.22009060491165,30.068284148551292],[82.21082585475226,30.066096597590604],[82.18848266176282,30.06976899522906],[82.17191658142136,30.065229124581077],[82.16589241473008,30.081432321557912],[82.16907338418214,30.086485077921335],[82.1771073605948,30.088948210903858],[82.18176220861875,30.096285521646575],[82.1794471613147,30.10237728852125],[82.18656233525354,30.110948455801537],[82.1792732801007,30.1172159479643],[82.171600512957,30.117643173161255],[82.17083072353653,30.121991313557203],[82.17661286757017,30.121962210794234],[82.179187815852,30.12918056683246],[82.18697084786174,30.133774181121986],[82.19884973316888,30.13627998822581],[82.19757741118887,30.1426512442652],[82.20556529470404,30.15363757077484],[82.19347602527736,30.159807751894775],[82.18206669528263,30.16087855060309],[82.18145156615357,30.165610969656413],[82.18651841896568,30.17292622584683],[82.18391870260199,30.18012113372629],[82.18719884619749,30.185028091886963],[82.18448479697622,30.190825880065955],[82.15875517145854,30.18929447007184],[82.13912724838283,30.198915717361736],[82.13960280025726,30.202607812044644],[82.13220734845892,30.20756567575339],[82.1333163489839,30.219312392655166],[82.12762863731055,30.225506850626495],[82.1093912588186,30.226009856116885],[82.09841839246512,30.239211762842764],[82.1050850049345,30.244306563708694],[82.1073896724189,30.255082701806376],[82.11814787155194,30.258838624768973],[82.11622375726084,30.272293698856227],[82.10943122340544,30.277188763583883],[82.11639490928104,30.286091645144225],[82.11640769147633,30.29421693904913],[82.12829453104716,30.302168168021147],[82.11790162919011,30.319608617852783],[82.12110395765058,30.32187701077682],[82.11870994333255,30.326804697807482],[82.11082893554651,30.3349589377167],[82.11118290035739,30.344143447617267],[82.10493915554537,30.349556845442972],[82.09444971716367,30.349960782320828],[82.08534710696419,30.359167841809125],[82.07357342198549,30.358759962481784],[82.06593135126911,30.355354052347376],[82.06534196046518,30.347274058739092],[82.05659461188354,30.340105864477668],[82.05600945964322,30.332587380608082],[82.04122383608255,30.340950877700994],[82.03098418473203,30.33753649374717],[82.02157991246501,30.344396147010364],[82.01630689183514,30.344150845395255],[82.01115958290252,30.34183855352092],[82.01216030900858,30.329172393201567],[82.00537661952742,30.329014999919018],[81.99814670946044,30.320678749480134],[81.98843216912617,30.32079535186116],[81.98239458876317,30.329370077717805],[81.97482287206948,30.3298394890892],[81.96908613484686,30.33791739221545],[81.95667559272387,30.34124502629254],[81.96214681005237,30.34616632403472],[81.96221146437712,30.35078226228375],[81.94933870830391,30.358945494221036],[81.9460478207878,30.357063689184447],[81.9450435943504,30.349912915103943],[81.9394999019108,30.34755331058051],[81.91450086052554,30.349981289768248],[81.88871952063612,30.36079027755486],[81.88216854883729,30.360794059060932],[81.8780767619022,30.369486114899264],[81.86770160666268,30.377320225722087],[81.85388740985329,30.37935302578705],[81.84989357623773,30.3731320610854],[81.84056173520243,30.37660010106847],[81.8263931531649,30.375055423081037],[81.8090025101894,30.3872613340288],[81.79074380646358,30.388985664974214],[81.77406094192713,30.38434955912325],[81.76220273846629,30.389085382039795],[81.75113327010308,30.38877288240158],[81.73170339741202,30.398283021689146],[81.72684638761312,30.411318464925987],[81.7143757864417,30.4117932473386],[81.69483694588455,30.42380195984369],[81.6723345425441,30.42760034859106],[81.63411980466786,30.445066971997683],[81.62016194107406,30.447276505923647],[81.61736341825687,30.44227856746135],[81.62195973835568,30.424379207566613],[81.60707707743624,30.4122527177593],[81.58929057313334,30.416788416480735],[81.5742849618014,30.426654458940583],[81.56476715514927,30.429826338407242],[81.56083360589618,30.42803001811342],[81.55787867114361,30.419481602260802],[81.55947273357764,30.407433832488802],[81.5533998978677,30.406647760793337],[81.55079239360195,30.402655667465773],[81.54982498445213,30.38100433695717],[81.55565262003577,30.37402208038236],[81.55183991050625,30.369825301830282],[81.5351031918497,30.371317993576934],[81.50686622968256,30.38068640381253],[81.48947268080761,30.38127592211221],[81.47621912591069,30.388638917282492],[81.46772946962956,30.403286221823837],[81.45597821993937,30.406519065168037],[81.44502893606075,30.41590958587725],[81.43863608121877,30.418689484394772],[81.43396564455765,30.41280973008539],[81.42768934607187,30.421917090370684],[81.40805757201629,30.421071091946708],[81.40070009895248,30.39621766915405],[81.41193490926372,30.39360488212525],[81.42021678684638,30.38897087327592],[81.42069178612881,30.38538334585853],[81.42934962601348,30.383402088885916],[81.42011144568256,30.370578995517384],[81.39908477375518,30.371174903605095],[81.39529129355343,30.36794328343809],[81.39979629406098,30.364657094909212],[81.39938028973039,30.35765106828653],[81.40605001318633,30.353167208892977],[81.40255797186138,30.344073151916923],[81.40583296499616,30.336633965270835],[81.3964075660742,30.32341946832233],[81.40538764672033,30.316116221766244],[81.41473241427644,30.316422943202276],[81.42328312674029,30.30510526016676],[81.41032609388115,30.29502679189612],[81.40192210055181,30.293092985837774],[81.40357045381029,30.28515582493061],[81.39959937782557,30.28156617411679],[81.41524942388692,30.28412920545601],[81.41660859378878,30.28166426991992],[81.40842265429058,30.261064739971367],[81.3920081678121,30.250534955791064],[81.39643426544667,30.24245415757323],[81.39028876937064,30.23369015642113],[81.39699492841027,30.218586055190528],[81.39645136271332,30.20900226914276],[81.37455134866431,30.19671388984584],[81.37025080948773,30.186601604223128],[81.35064291315088,30.178048901953918],[81.3341076294634,30.160411915876168],[81.33213759033728,30.153226632862683],[81.31677216608759,30.151974545864217],[81.30487240065617,30.164267657784688],[81.304433043491,30.159620343700503],[81.25810057396912,30.151300076563047],[81.25626447283092,30.146542566365753],[81.29050410748026,30.112529246800737],[81.28521534118582,30.105136252049807],[81.28921309831192,30.094779536914036],[81.2859744569408,30.078448229313185],[81.2895639091197,30.07434222815646],[81.27461198726762,30.059053040586075],[81.27196915523197,30.04526643634044],[81.281368330097,30.04347841765578],[81.28466904311227,30.03754621135747],[81.29104889820402,30.03498585069328],[81.30685766624457,30.031047934053447],[81.31462038201322,30.032705443569295],[81.31866151414589,30.02560004515009],[81.34646180895527,30.018785936184237],[81.3570508107573,30.01055454472287],[81.38195069537248,30.00721650472685],[81.38392662391429,30.01359142896495],[81.39955220714951,30.018105461268604],[81.40133944070713,30.022827350410637],[81.43025529676294,30.007588493608566],[81.45451386627283,30.002432182724597],[81.46315448773788,29.995556761373056],[81.46068874976666,29.985817337201794],[81.47005302900287,29.975113724379337],[81.4686905430187,29.963699161139267],[81.4528761011011,29.949037584272357],[81.45860555237864,29.942637078229556],[81.4547854668024,29.934758396449325],[81.45903318500633,29.931838604448373],[81.46269231196038,29.92096799375855],[81.45643271067381,29.901193464728134],[81.47069164062671,29.889834354068523],[81.47985490511472,29.89205683035452],[81.49273766090126,29.887171338993443],[81.50399263936062,29.892884827044917],[81.51694053214722,29.904344419453732],[81.51200068854766,29.916152986561368],[81.51688621270937,29.92278530102276],[81.53491952582812,29.92758521722412],[81.54937374476468,29.923168203915868],[81.57021907354476,29.933470576211043],[81.58490205977121,29.936861581118357],[81.59103389073931,29.930665623538353],[81.60263224433683,29.93016426543792],[81.612895913787,29.943239108216854],[81.61865089549462,29.938509634191906],[81.62661899196688,29.93837500438551],[81.6456280192935,29.948164339012518],[81.65306709338621,29.942863504097847],[81.66514666840023,29.940295036554343],[81.6877897767137,29.949085516138297],[81.69793577020762,29.941487809382856],[81.69748282563407,29.931500932968756],[81.70965142710762,29.926880036785086],[81.71078306064524,29.91431567507638],[81.71599924511595,29.90943152041917],[81.72655580808943,29.91234870183682],[81.73338420090977,29.907942148267555],[81.74221250133333,29.907304142599752],[81.75498722538367,29.908548762608262],[81.76179472192477,29.912393368453483],[81.76936604817155,29.909532492473094],[81.7799722534305,29.911071556232457],[81.78263474564686,29.908568017057668],[81.78867764747986,29.90963268684761],[81.79953207202956,29.900640435584638],[81.79873893936579,29.8966982954472],[81.7936381598429,29.895542709155805],[81.79721297426399,29.878804024839617],[81.79526382491585,29.860407044414544],[81.79154451624477,29.853809740118827],[81.79421036560349,29.84884980628646],[81.78078106736656,29.839285649080296],[81.78338774344577,29.830523635608053],[81.77919610925535,29.81439047316707],[81.78036064385029,29.807066991086128],[81.77365784797455,29.798156738475488],[81.76452172061224,29.801829829222648],[81.73962292995785,29.792241517595045],[81.73614599464621,29.77691922531467],[81.73018307473761,29.769222806706637],[81.73284007762129,29.75919609920063],[81.7267954829803,29.747963324338603],[81.72702013576796,29.734142753500755],[81.71403150212622,29.722318001522062],[81.70869431378878,29.700272129621336],[81.69706704794523,29.6783290980887],[81.7021532567951,29.65552837378721],[81.7003345867019,29.647492542774856],[81.70361048706606,29.64543171803255],[81.6993934367031,29.64208422554928],[81.7026285579062,29.641976905551463],[81.70285429989256,29.637205294257328],[81.70951247517728,29.632352090922662],[81.70969610459187,29.62714983246832],[81.71579981916001,29.62087375528984],[81.71994324709512,29.62116709599365],[81.72068660455155,29.616437738600407],[81.72794913674365,29.614995097856898],[81.73692130893858,29.606600195717004],[81.77377322062354,29.605828832911403],[81.77792413618069,29.59976877082359],[81.78969283112203,29.596679159581864],[81.78987974324717,29.58969950571625],[81.7985411060982,29.576599541159588],[81.7975699250172,29.552162259273626],[81.79038861239523,29.540553126106815],[81.79289038574493,29.53060490686509],[81.7857284664972,29.528407640545165],[81.777293002716,29.51735543792628],[81.78062594252141,29.509188874528775],[81.76919850027798,29.509386325655715],[81.7624923617897,29.505371736242687],[81.78804984080432,29.500048520032802],[81.80391399132604,29.475167381518165],[81.80822236233283,29.456354767996874],[81.80316664981781,29.447387975789837],[81.80543491951023,29.43936700944573],[81.7990360358404,29.429172064954074],[81.79778460517797,29.406678030678595],[81.79045741922221,29.396048302071353],[81.78934656869572,29.389042318275365],[81.76883899851123,29.39225223973147],[81.76652761560014,29.38575594199876],[81.760358833079,29.385775481699383],[81.74968181537365,29.366575385765525],[81.75231577867552,29.351822490896893],[81.73965944283034,29.33398367730432],[81.7299340605262,29.335234929059414],[81.70319291352781,29.33061687647476],[81.69092082610106,29.320593837980628],[81.67830384473545,29.321486334058676],[81.67004655010491,29.316913027499503],[81.64837218335751,29.321204147346133],[81.64194970355842,29.33446463152672],[81.643691660296,29.355532869323515],[81.63914334053399,29.355737414242412],[81.6347332279226,29.36442460324328],[81.61367399167068,29.37080059996121],[81.60844682940322,29.367294483667145],[81.57628898391188,29.36286971913762],[81.5731751333464,29.360780810414994],[81.57100160923554,29.350461498541605],[81.56702800901884,29.34785062828808],[81.56105557333927,29.351487145000103],[81.55845481691183,29.357917695715415],[81.55038737636103,29.349555684082855],[81.54737460833704,29.33825820272409],[81.52891240183271,29.32610922093976],[81.52388577750793,29.315134932462225],[81.51520776388232,29.312073916233626],[81.50796702136421,29.314621206694525],[81.50000253144269,29.297325409586755],[81.49076834389375,29.290635476161064],[81.48386728807512,29.27961904182963],[81.46806682683498,29.271904493894063],[81.4776365312608,29.264011797184118],[81.49121209354384,29.261697879972775],[81.494758937284,29.257173412406804],[81.49521864788913,29.24486238396593],[81.49962814917527,29.23887062800876],[81.48656734826928,29.225486020404492],[81.48210944521261,29.200603664930128],[81.49076740582575,29.185039235898884],[81.48732264299187,29.173017626873015],[81.49525700709725,29.168876306594964],[81.499096839249,29.151756894784413],[81.52467352423781,29.152757700264694],[81.53333301180709,29.146585704423437],[81.53529734700115,29.136898572697937],[81.55241909357864,29.128584388650037],[81.56555903293955,29.12616560028652],[81.55137426412935,29.119698893020843],[81.5367222304508,29.106760783365473],[81.52351950932056,29.10427977815806],[81.50990778240761,29.09074361344577],[81.50059448061504,29.091177950446543],[81.46939032794992,29.078137447044885],[81.46681567804606,29.067097693413338],[81.44414142959792,29.05380470118457],[81.43966908020147,29.040298341941053],[81.4327280722397,29.037530446766294],[81.42553842050306,29.023010396589058],[81.41780543909675,29.02137438453478],[81.41491689721921,29.01385348698428],[81.41903712080641,29.00432580594148],[81.41014689290537,28.996978999889116],[81.41513306907466,28.99442599002861],[81.42514981890469,28.98027112920224],[81.42402989279351,28.966401533521505],[81.43279535726852,28.957111264141492],[81.44395356375358,28.958545713674834],[81.44464189987545,28.940445160548684],[81.45130389290557,28.938997257324523],[81.45591033700096,28.931113427349572],[81.46653505376128,28.928916020685342],[81.49166253320269,28.894222456552235],[81.50046747727411,28.889524946103805],[81.50898450231679,28.88982471643274],[81.51515654753337,28.87445716638726],[81.52214148681531,28.869970550481785],[81.53192532778976,28.856122217782243],[81.53787891294408,28.836432316423604],[81.55184098801126,28.81586816156668],[81.55689404804201,28.797579679934053],[81.57988147186774,28.780072420831697],[81.5813080674478,28.75924037619273],[81.57826304315891,28.755538055489776],[81.55360385782143,28.75004680567386],[81.52046587257101,28.74908208832693],[81.53506849636653,28.76133982699756],[81.5278318816679,28.77457400205937],[81.51547552386391,28.780455356043067],[81.52237120274957,28.803346004637294],[81.51009876917125,28.809332537621245],[81.49824205318285,28.82128314603257],[81.49053970676428,28.840984461877138],[81.46327133922085,28.852811317758214],[81.46739906193666,28.86193771055391],[81.46223254216967,28.875163348479216],[81.46695494417465,28.88741651849354],[81.46494517518032,28.893676659075204],[81.4406419299889,28.900410715327162],[81.43178589927919,28.910667331293503],[81.42456815394381,28.90936154721958],[81.41417092459028,28.914169527038023],[81.4035452047154,28.90905623982387],[81.39439908376339,28.908526170670626],[81.38745935834548,28.89994481869568],[81.37484394003097,28.893023487584028],[81.35524022382916,28.889778599718827],[81.3423406799286,28.892701722758286],[81.33716776107616,28.900003351327875],[81.33660259767878,28.90698431715397],[81.32419732901909,28.90810205298113],[81.31630657577134,28.920239194422816],[81.30988851353082,28.92010068666796],[81.30205073614701,28.92575812106185],[81.28351495252028,28.921636392127432],[81.27578496867027,28.91627229418208],[81.2724077006739,28.907447510937118],[81.26612925915497,28.90267993703304],[81.26130740866964,28.903025467969282],[81.25172366085265,28.91372965867067],[81.2456920841221,28.915164261553215],[81.24124014640768,28.913999249212335],[81.23663653048786,28.905990126405356],[81.20421140939811,28.90810732642475],[81.19452778185152,28.916229194032333],[81.18440855559902,28.914894377520767],[81.16878688668973,28.921454566262373],[81.146837412804,28.93824353275834],[81.14221804906938,28.945417553212692],[81.13255468457186,28.94881567605632],[81.11924750714928,28.96350907277046],[81.10767366714511,28.966067935804343],[81.09894976573992,28.963881967312822],[81.08947324303206,28.967788982198805],[81.06496766776885,28.97028668855596],[81.04991646185863,28.97831937267715],[81.04183194998075,28.970045481691066],[81.02854312215958,28.963247636181684],[81.02083815300989,28.952894757347693],[81.00184961639955,28.956683913253954],[80.98105142992615,28.93878244944486],[81.02117801832408,28.919857784457992],[81.0392417285371,28.89015990851605],[81.05152195958763,28.87691161264347],[81.05879977443666,28.873477462817867],[81.07230131980012,28.87680732140588],[81.07288980774179,28.864891503597182],[81.08916862520839,28.862885271266062],[81.10244154893257,28.844824311532808],[81.10799823159327,28.848567031741148],[81.12601266720978,28.851662221066057],[81.12907446646979,28.865241931358096],[81.13695390309353,28.87225893874866],[81.14339063916866,28.873098193131685],[81.14919586976755,28.852719167391058],[81.15772546992802,28.844419111548863],[81.15299871724069,28.830417794861074],[81.15674754859434,28.828681003312695],[81.16537577209179,28.834885660446503],[81.17413195478586,28.8350054475037],[81.18179819959148,28.82507403261525],[81.20341758309638,28.816761833222795],[81.20705446507138,28.820437910980655],[81.20669574769201,28.825259270124644],[81.19521061795294,28.833061396765167],[81.19937158077845,28.846583751291625],[81.19900032933869,28.861181948579453],[81.2061555220542,28.862436797780884],[81.2084431646677,28.857580904683225],[81.20616865574388,28.85043104224414],[81.23201056872966,28.83192253493732],[81.23381773566173,28.829690640987156],[81.22963436480435,28.82603655209951],[81.22991535263074,28.816793729892577],[81.24211854178935,28.810853002072847],[81.23908351960348,28.80306662566424],[81.22793885233824,28.79897336481854],[81.2259147531751,28.79516206902941],[81.23267010822981,28.786054878338607],[81.24776709834929,28.77968897667048],[81.25075416311526,28.770086907818186],[81.24724535244574,28.760932215341395],[81.26110346625751,28.745879606185415],[81.25612446577499,28.729985021810144],[81.2724570451902,28.727090374454978],[81.27326833744948,28.71774481724963],[81.26662540355481,28.703990260968318],[81.28119019547967,28.695137895004482],[81.28533836514183,28.673314477055953],[81.30027163934884,28.673929673429218],[81.30209682122441,28.670598131426125],[81.30740443584294,28.673018036273128],[81.32112291187244,28.667628400575932],[81.31631194041427,28.652385192707488],[81.31024197300037,28.651129169895572],[81.31605497703495,28.63704767752999],[81.34553867882977,28.624746384083327],[81.36460292279507,28.623545927659677],[81.37935079459609,28.612329595235806],[81.40098844924681,28.606880191830832],[81.40152995642852,28.602050897089846],[81.409899800821,28.59564834788259],[81.41682380091855,28.595579881210284],[81.42464986790456,28.587806516235975],[81.42177055157958,28.581368014689435],[81.42446668502102,28.577668891583556],[81.43074202728087,28.577358127098528],[81.43336583544978,28.56360662262559],[81.43799721220194,28.559569432673843],[81.45318339884489,28.552289303292646],[81.4654598966256,28.5538178826321],[81.46910892874858,28.548451989260343],[81.47233773872594,28.54859870426798],[81.47611462117057,28.539809943877483],[81.48614008626105,28.53916531991791],[81.49119520071807,28.532428946641502],[81.49736084525351,28.533579606541743],[81.50611755906657,28.528308958170708],[81.51221067563895,28.52425928722614],[81.5162193723746,28.5135848282713],[81.53019904843642,28.509380086577902],[81.5361378314375,28.504109464716294],[81.53940433000189,28.50013062558595],[81.5387586945488,28.49469412085842],[81.55734798397583,28.49500945724752],[81.57260048684834,28.483377544183934],[81.57452180794805,28.478546329470106],[81.60007448218752,28.463003099985162],[81.60789314260971,28.453642380932703],[81.61217036373546,28.454365368569103],[81.62629192997963,28.444494590548604],[81.63160428336784,28.436371223248397],[81.64301034087599,28.43032380707379],[81.65845699902613,28.415453320575445],[81.66979293766235,28.41336084873546],[81.67430769370935,28.417638386999812],[81.68822455270198,28.41061596787842],[81.69548756764624,28.399585958442913],[81.71664596580145,28.384144973971985],[81.72443405475668,28.383140480578408],[81.73225933888543,28.377641591038042],[81.75225312808696,28.37437665535578],[81.75768796467919,28.370069311483537],[81.7667112444302,28.370176794791185],[81.75165709642054,28.343721853209882],[81.75172096662902,28.332241039247936],[81.74352198137142,28.319057087379544],[81.7450898038365,28.313286828575848],[81.75380159966298,28.307497600813747],[81.7612291294859,28.30923185083236],[81.7734439251017,28.297536028073143],[81.78716249467725,28.294714405032796],[81.79365184175956,28.2738747876935],[81.79810905550225,28.27366611531511],[81.80848218657232,28.283023701042936],[81.81453075254822,28.278807481304163],[81.84355463604335,28.27203948661227],[81.86467378310556,28.249846748554532],[81.86092166264002,28.238739660057405],[81.87676751804617,28.239196201406415],[81.8829005545143,28.243549005959835],[81.89650589071034,28.233329064067167],[81.90931024408765,28.232281267437667],[81.92157265639348,28.226913373833067],[81.92091672663425,28.2203889272597],[81.9269508402733,28.21584612038593],[81.92670683901626,28.209495231155714],[81.936113542533,28.20765301502137],[81.93853093623194,28.20179040787484],[81.95195698921343,28.194116120936947],[81.9626900949471,28.194429040034148],[81.96526864927795,28.184521310304635],[81.977924136765,28.182896565318146],[82.00761284392355,28.15111158855588],[82.01204630398641,28.154228391579068],[82.0110850203365,28.160695602818297],[82.01499831470942,28.164090423360356],[82.0128241301672,28.170040773990372],[82.01822481363602,28.181857690191126],[82.02924007564778,28.187737651347348],[82.02922064176691,28.193909347047494],[82.0231218963985,28.201253705943696],[82.03094327395603,28.214129300581188],[82.03687708243602,28.215110914160167],[82.04221404356188,28.230218531173048],[82.05431339668756,28.242142782351344],[82.0686614863767,28.237086564426807],[82.08128346441455,28.248613983519007],[82.09170973318618,28.24935449275142],[82.09397957920493,28.255095556424276],[82.10081983958496,28.25904472229548],[82.10834664938079,28.258311640625905],[82.11771500271894,28.251569387036295],[82.12598352587247,28.254391238076476],[82.13282146548977,28.251566777882356],[82.14381966787411,28.237152939446432],[82.16083498319651,28.241800928177476],[82.1694505281734,28.25159220473993],[82.19002143590923,28.248394088111645],[82.19869842311962,28.242958518334994],[82.21781285690342,28.249683282315644],[82.23318301505493,28.23998994394688],[82.24400346861866,28.23794515436037],[82.25601350576989,28.23974152557205],[82.25832356453309,28.243683632148507],[82.27549073153966,28.248512045500384],[82.30040054488427,28.245989990562137],[82.30225240112502,28.232670178910222],[82.31018703770911,28.231680814670057],[82.31244387684654,28.223421167917362],[82.3375728029572,28.223556684119195],[82.34608671796158,28.21639464648863],[82.34716645735968,28.20868518191142],[82.35493659026119,28.20558119801945],[82.36714746943193,28.189868121430152],[82.37808890199884,28.18456794454021],[82.39283152282604,28.189304647420766],[82.39687802887394,28.182773678676075],[82.39372234793358,28.174461898170705],[82.39682346391521,28.16892407515763],[82.4014149042087,28.176402260907246],[82.3992406309103,28.18018932134149],[82.4035431537504,28.18503337307867],[82.40058511224282,28.19242184287108],[82.4068491514544,28.22071639031385],[82.41889880881457,28.22981771763881],[82.42764393812968,28.230080876222985],[82.42687919667812,28.23903260488746],[82.43732603290549,28.24666929707631],[82.4277766587583,28.2521964689601],[82.41330670225248,28.25388980297175],[82.40361204889254,28.262229779271067],[82.39525956352217,28.28296169494111],[82.38360941720399,28.29169023239825],[82.3762976753023,28.304677999165186],[82.37609045698423,28.315164532144788],[82.36350695071035,28.319558643488335],[82.36736624877244,28.329968361925697],[82.36419329744726,28.330191860930707],[82.36319124692466,28.340864550492487],[82.37931738057412,28.35177557957208],[82.37609876000039,28.35853453797335],[82.38282724480513,28.36471243721256],[82.38359074923537,28.37284763533329],[82.36359036095507,28.388342747464808],[82.36559376825893,28.403201092661984],[82.35322012277096,28.41045250463235],[82.35038374138453,28.421910159507856],[82.37661824108017,28.430381363543873],[82.37382642692982,28.448332981933575],[82.38356647785037,28.4560636529317],[82.3956246485866,28.46046303816823],[82.39607369693513,28.468461432668928],[82.40041813540623,28.46984404699856],[82.40564341752999,28.4782204204034],[82.40575769479803,28.486615796526312],[82.41168864116061,28.492688316129524],[82.40751777953396,28.50374095978343],[82.41705475261703,28.517741010546846],[82.41818154901317,28.528775823667484],[82.4294747585644,28.524610650257785],[82.433586609637,28.526355921072263],[82.46295067463222,28.52129485683384],[82.492971843731,28.54009031123875],[82.49233558711066,28.552733550537383],[82.50902873464798,28.55124973377829],[82.52131634062239,28.553978027156017],[82.52905703240873,28.5582597399205],[82.5349930121391,28.57050169385431],[82.54419822316824,28.573045899550436],[82.55341938725658,28.58165254597369],[82.56824058029046,28.577900912574655],[82.5751216193259,28.579644785941387],[82.58058039106018,28.586184507784267],[82.5794076149615,28.613769319709498],[82.56124007071351,28.610092842641116],[82.54578738151508,28.618465228176152],[82.55149211435783,28.625245681752148],[82.5479718691405,28.627111710118317],[82.54355948032087,28.626256852336137],[82.54381775406549,28.622939412374585],[82.53988913663386,28.620763433407735],[82.50835739380477,28.62777984473031],[82.48581483398588,28.640649591121164],[82.4910461758591,28.651833630442635],[82.48993362990895,28.65932067288544],[82.49982486203972,28.6624703948002],[82.50140024216489,28.66776348951405],[82.50561233753406,28.662058451708482],[82.51924658318698,28.66069026871703],[82.5392125687795,28.6469791890887],[82.55466247381098,28.644054800629256],[82.57894757074261,28.664702046558038],[82.58670666214717,28.663908103913485],[82.59891817002051,28.669103295552517],[82.60065989845148,28.68487423766881],[82.61590293835988,28.689796997378647],[82.61244142078499,28.695874136930076],[82.61532577402329,28.710052866951987],[82.60528190416058,28.715667519289713],[82.60141811895633,28.74291081949815],[82.59560076301402,28.743856463016066],[82.58805179198288,28.73995921712483],[82.56603044559962,28.743922665518394],[82.5671441222648,28.756937602065907],[82.56371349204817,28.758703390405884],[82.56470918256164,28.7648760202394],[82.56186526549897,28.767775712878105],[82.56676129401725,28.767584174514425],[82.56705838455056,28.77068870339708],[82.5869850449993,28.782164922104617],[82.58970127887282,28.790353827503292],[82.5962352400507,28.792021140399637],[82.61327478093597,28.80739726988153],[82.61973587541745,28.80908751780913],[82.61368425055726,28.826587062034864],[82.62605603463118,28.839213755983288],[82.62473319921101,28.84683753019807],[82.6299262503958,28.853417869346526],[82.63676535486049,28.85524204738592],[82.64305754752885,28.866497407139022],[82.64859493535664,28.869228169818356],[82.65607996938084,28.866686574593402],[82.65846851770766,28.860119654779176],[82.67181467038871,28.852167892908543],[82.695677962009,28.864736569695896],[82.70468605405797,28.85465981817012],[82.71211810614324,28.85155514858163],[82.72373525590544,28.84978216645133],[82.7264173932384,28.84636102043349],[82.74178751227088,28.84586472386006],[82.7658352604524,28.80860557821972],[82.78176050589234,28.824293666752066],[82.79935475757074,28.820700251233824],[82.81712272160519,28.83134358354363],[82.83569401895434,28.831672070951733],[82.84377920893272,28.826524351346464],[82.85459439162634,28.832237665516573],[82.86758372394857,28.834264602107698],[82.896106673815,28.82473626958138],[82.90487847189257,28.83236200410115],[82.93021258516126,28.827090732731648],[82.94721506544612,28.829037985851233],[82.95665787872548,28.82098186737093],[82.96586902120038,28.82037605689116],[82.97585473838922,28.803448828019185],[82.9809280419148,28.800751025878274],[82.99738294826972,28.803919409991515],[83.01233395952893,28.79898358324054],[83.02235307413544,28.790771237505947],[83.03609118215535,28.79279193877022],[83.04572243807706,28.786521720093297],[83.06517692435777,28.78389224643083],[83.06838056544483,28.7799894035089],[83.07926929290251,28.786181615662066],[83.08176658032762,28.779517142426258],[83.09821098012276,28.766646070688214],[83.10261682045848,28.75348597456949],[83.11483549036896,28.743244160093635],[83.13237197311766,28.748054347757805],[83.15565509101604,28.74766953724093],[83.18659568405872,28.74357768159432],[83.20995313115387,28.731979281361046],[83.22929769230667,28.742889497062247],[83.24800684468701,28.730411924087292],[83.27694441782413,28.72198412779355],[83.29794127790099,28.731774472824178],[83.32557118885232,28.73795850001421],[83.36202097522421,28.734185450548118],[83.37434949139191,28.74454999184943],[83.37766467632251,28.754026292966763],[83.38851810324186,28.763105929828587],[83.41044519645648,28.760672355939043],[83.4364363511074,28.768820805203898],[83.44610692107966,28.76895556237568],[83.45630201666553,28.773799706585883],[83.46118761176389,28.78011975939168],[83.48346212141793,28.78288908907802],[83.48804727499864,28.80211782596969],[83.48513304113231,28.812265848891688],[83.48010585074573,28.817205351091385],[83.48358409541804,28.83226825464055],[83.48033430353561,28.83782952203709],[83.4816538770249,28.844727784746343],[83.49199790764862,28.84650733314534],[83.49797101044766,28.842660484710606],[83.50183850662998,28.846200425484394],[83.50630089120227,28.857019883925346],[83.50603373845948,28.865239794798676],[83.49950372068619,28.877269416808637],[83.5229223034451,28.898005276827092],[83.52862811372306,28.908700787080903],[83.54622649768216,28.921892966709304],[83.55651692996864,28.933774806878407],[83.55867553905713,28.94490319138969],[83.5669904883459,28.943402372947617],[83.57490089685794,28.95395678565129],[83.58007288518435,28.956214956679858],[83.58166704064415,28.965007046199663],[83.59208702098685,28.98370703087461],[83.59918944495784,28.98569838000186],[83.6045512048926,28.980210030358528],[83.60928905297554,28.98031252599277],[83.61504069380098,28.98775440141505],[83.61698556319025,29.00623683920026],[83.6119659293726,29.014799966748388],[83.61656575182303,29.01895957961253],[83.612575779302,29.036021083474687],[83.61901133626097,29.045827814451062],[83.61963917704642,29.0597616732753],[83.63103269628527,29.062504581786445],[83.63153169528185,29.064962714212395],[83.63074565419193,29.081076400652186],[83.61612184974926,29.092652713769464],[83.61563352125123,29.098378036853013],[83.62063010996935,29.09786127001518],[83.62888354538774,29.106908000594963],[83.64992289829021,29.104536821988212],[83.65256221889258,29.109274277339793],[83.65145591018381,29.119138155147173],[83.66025130718093,29.12449744533464],[83.68043546902189,29.123510255460598],[83.6793373324836,29.13172973440183],[83.67495091472475,29.13709644961707],[83.67601102962593,29.148581456449538],[83.66332491549697,29.15576367203849],[83.66208130830069,29.16500008823049],[83.66610899041771,29.16975854474215],[83.65740412725138,29.176170410556374]]]}},{"type":"Feature","properties":{"name":"Sudurpaschim","shapeName":"Sudurpaschim","shapeISO":"NP-P7","shapeID":"38925275B37881943378158","shapeGroup":"NPL","shapeType":"ADM1"},"geometry":{"type":"Polygon","coordinates":[[[81.28774331791801,28.648645425681217],[81.28119019547967,28.695137895004482],[81.26651466485752,28.704218301346273],[81.27316554504151,28.71734116548832],[81.2724570451902,28.727090374454978],[81.25612446577499,28.729985021810144],[81.26110346625751,28.745879606185415],[81.24724535244574,28.760932215341395],[81.25075416311526,28.770086907818186],[81.24776709834929,28.77968897667048],[81.23267010822981,28.786054878338607],[81.2259147531751,28.79516206902941],[81.22793885233824,28.79897336481854],[81.23908351960348,28.80306662566424],[81.24211854178935,28.810853002072847],[81.22991535263074,28.816793729892577],[81.22963436480435,28.82603655209951],[81.23381773566173,28.829690640987156],[81.23201056872966,28.83192253493732],[81.20616865574388,28.85043104224414],[81.2084431646677,28.857580904683225],[81.2061555220542,28.862436797780884],[81.19900032933869,28.861181948579453],[81.19937158077845,28.846583751291625],[81.19521061795294,28.833061396765167],[81.20669574769201,28.825259270124644],[81.20705446507138,28.820437910980655],[81.20341758309638,28.816761833222795],[81.18179819959148,28.82507403261525],[81.17413195478586,28.8350054475037],[81.16537577209179,28.834885660446503],[81.15674754859434,28.828681003312695],[81.15299871724069,28.830417794861074],[81.15772546992802,28.844419111548863],[81.14919586976755,28.852719167391058],[81.14339063916866,28.873098193131685],[81.13695390309353,28.87225893874866],[81.12907446646979,28.865241931358096],[81.12601266720978,28.851662221066057],[81.10799823159327,28.848567031741148],[81.10244154893257,28.844824311532808],[81.08916862520839,28.862885271266062],[81.07288980774179,28.864891503597182],[81.07230131980012,28.87680732140588],[81.05879977443666,28.873477462817867],[81.05152195958763,28.87691161264347],[81.0392417285371,28.89015990851605],[81.02117801832408,28.919857784457992],[81.00720598292108,28.927680316120814],[80.99721713225772,28.929207609905507],[80.98123183620174,28.93922234861218],[81.00184961639955,28.956683913253954],[81.02083815300989,28.952894757347693],[81.02854312215958,28.963247636181684],[81.04183194998075,28.970045481691066],[81.04991646185863,28.97831937267715],[81.06496766776885,28.97028668855596],[81.08947324303206,28.967788982198805],[81.09894976573992,28.963881967312822],[81.10767366714511,28.966067935804343],[81.11924750714928,28.96350907277046],[81.13255468457186,28.94881567605632],[81.14221804906938,28.945417553212692],[81.146837412804,28.93824353275834],[81.16878688668973,28.921454566262373],[81.18440855559902,28.914894377520767],[81.19452778185152,28.916229194032333],[81.20421140939811,28.90810732642475],[81.23663653048786,28.905990126405356],[81.24124014640768,28.913999249212335],[81.2456920841221,28.915164261553215],[81.25172366085265,28.91372965867067],[81.26130740866964,28.903025467969282],[81.26612925915497,28.90267993703304],[81.2724077006739,28.907447510937118],[81.27578496867027,28.91627229418208],[81.28351495252028,28.921636392127432],[81.30205073614701,28.92575812106185],[81.30988851353082,28.92010068666796],[81.31630657577134,28.920239194422816],[81.32419732901909,28.90810205298113],[81.33660259767878,28.90698431715397],[81.33716776107616,28.900003351327875],[81.3423406799286,28.892701722758286],[81.35524022382916,28.889778599718827],[81.37484394003097,28.893023487584028],[81.38745935834548,28.89994481869568],[81.39439908376339,28.908526170670626],[81.4035452047154,28.90905623982387],[81.41417092459028,28.914169527038023],[81.42456815394381,28.90936154721958],[81.43178589927919,28.910667331293503],[81.4406419299889,28.900410715327162],[81.46494517518032,28.893676659075204],[81.46695494417465,28.88741651849354],[81.46223254216967,28.875163348479216],[81.46739906193666,28.86193771055391],[81.46327133922085,28.852811317758214],[81.49053970676428,28.840984461877138],[81.49824205318285,28.82128314603257],[81.51009876917125,28.809332537621245],[81.52237120274957,28.803346004637294],[81.51547552386391,28.780455356043067],[81.5278318816679,28.77457400205937],[81.53506849636653,28.76133982699756],[81.52046587257101,28.74908208832693],[81.54820622883787,28.749254434882253],[81.57987598805173,28.756972630246416],[81.5820376232557,28.764885860955182],[81.57988147186774,28.780072420831697],[81.55689404804201,28.797579679934053],[81.55184098801126,28.81586816156668],[81.53787891294408,28.836432316423604],[81.53192532778976,28.856122217782243],[81.52214148681531,28.869970550481785],[81.51515654753337,28.87445716638726],[81.50898450231679,28.88982471643274],[81.50046747727411,28.889524946103805],[81.49166253320269,28.894222456552235],[81.46653505376128,28.928916020685342],[81.45591033700096,28.931113427349572],[81.45130389290557,28.938997257324523],[81.44464189987545,28.940445160548684],[81.44395356375358,28.958545713674834],[81.43279535726852,28.957111264141492],[81.42402989279351,28.966401533521505],[81.42514981890469,28.98027112920224],[81.41513306907466,28.99442599002861],[81.41014689290537,28.996978999889116],[81.41903712080641,29.00432580594148],[81.41491689721921,29.01385348698428],[81.41780543909675,29.02137438453478],[81.42553842050306,29.023010396589058],[81.4327280722397,29.037530446766294],[81.43966908020147,29.040298341941053],[81.44414142959792,29.05380470118457],[81.46681567804606,29.067097693413338],[81.46939032794992,29.078137447044885],[81.50059448061504,29.091177950446543],[81.50990778240761,29.09074361344577],[81.52351950932056,29.10427977815806],[81.5367222304508,29.106760783365473],[81.55137426412935,29.119698893020843],[81.56555903293955,29.12616560028652],[81.55241909357864,29.128584388650037],[81.53529734700115,29.136898572697937],[81.53333301180709,29.146585704423437],[81.52467352423781,29.152757700264694],[81.499096839249,29.151756894784413],[81.49525700709725,29.168876306594964],[81.48732264299187,29.173017626873015],[81.49076740582575,29.185039235898884],[81.48210944521261,29.200603664930128],[81.48656734826928,29.225486020404492],[81.49962814917527,29.23887062800876],[81.49521864788913,29.24486238396593],[81.494758937284,29.257173412406804],[81.49121209354384,29.261697879972775],[81.4776365312608,29.264011797184118],[81.46806682683498,29.271904493894063],[81.48386728807512,29.27961904182963],[81.49076834389375,29.290635476161064],[81.50000253144269,29.297325409586755],[81.50796702136421,29.314621206694525],[81.51520776388232,29.312073916233626],[81.52388577750793,29.315134932462225],[81.52891240183271,29.32610922093976],[81.54737460833704,29.33825820272409],[81.55038737636103,29.349555684082855],[81.55845481691183,29.357917695715415],[81.56105557333927,29.351487145000103],[81.56702800901884,29.34785062828808],[81.57100160923554,29.350461498541605],[81.5731751333464,29.360780810414994],[81.57628898391188,29.36286971913762],[81.60844682940322,29.367294483667145],[81.61367399167068,29.37080059996121],[81.6347332279226,29.36442460324328],[81.63914334053399,29.355737414242412],[81.643691660296,29.355532869323515],[81.64194970355842,29.33446463152672],[81.64837218335751,29.321204147346133],[81.67004655010491,29.316913027499503],[81.67830384473545,29.321486334058676],[81.69092082610106,29.320593837980628],[81.70319291352781,29.33061687647476],[81.7299340605262,29.335234929059414],[81.73965944283034,29.33398367730432],[81.75231577867552,29.351822490896893],[81.74968181537365,29.366575385765525],[81.760358833079,29.385775481699383],[81.76652761560014,29.38575594199876],[81.76883899851123,29.39225223973147],[81.78934656869572,29.389042318275365],[81.79045741922221,29.396048302071353],[81.79778460517797,29.406678030678595],[81.7990360358404,29.429172064954074],[81.80543491951023,29.43936700944573],[81.80316664981781,29.447387975789837],[81.80822236233283,29.456354767996874],[81.80391399132604,29.475167381518165],[81.78804984080432,29.500048520032802],[81.7624923617897,29.505371736242687],[81.76919850027798,29.509386325655715],[81.78062594252141,29.509188874528775],[81.777293002716,29.51735543792628],[81.7857284664972,29.528407640545165],[81.79289038574493,29.53060490686509],[81.79038861239523,29.540553126106815],[81.7975699250172,29.552162259273626],[81.7985411060982,29.576599541159588],[81.78987974324717,29.58969950571625],[81.78969283112203,29.596679159581864],[81.77792413618069,29.59976877082359],[81.77377322062354,29.605828832911403],[81.73692130893858,29.606600195717004],[81.72794913674365,29.614995097856898],[81.72068660455155,29.616437738600407],[81.71994324709512,29.62116709599365],[81.71579981916001,29.62087375528984],[81.70969610459187,29.62714983246832],[81.70951247517728,29.632352090922662],[81.70285429989256,29.637205294257328],[81.7026285579062,29.641976905551463],[81.6993934367031,29.64208422554928],[81.70360150137968,29.64469641205117],[81.70361048706606,29.64543171803255],[81.7003345867019,29.647492542774856],[81.7021532567951,29.65552837378721],[81.69706704794523,29.6783290980887],[81.70869431378878,29.700272129621336],[81.71403150212622,29.722318001522062],[81.72702013576796,29.734142753500755],[81.7267954829803,29.747963324338603],[81.73284007762129,29.75919609920063],[81.73018307473761,29.769222806706637],[81.73614599464621,29.77691922531467],[81.73962292995785,29.792241517595045],[81.76452172061224,29.801829829222648],[81.77365784797455,29.798156738475488],[81.78036064385029,29.807066991086128],[81.77919610925535,29.81439047316707],[81.78338774344577,29.830523635608053],[81.78078106736656,29.839285649080296],[81.79421036560349,29.84884980628646],[81.79154451624477,29.853809740118827],[81.79526382491585,29.860407044414544],[81.79721297426399,29.878804024839617],[81.7936381598429,29.895542709155805],[81.79873893936579,29.8966982954472],[81.79953207202956,29.900640435584638],[81.78867764747986,29.90963268684761],[81.78263474564686,29.908568017057668],[81.7799722534305,29.911071556232457],[81.76936604817155,29.909532492473094],[81.76179472192477,29.912393368453483],[81.75498722538367,29.908548762608262],[81.74221250133333,29.907304142599752],[81.73338420090977,29.907942148267555],[81.72655580808943,29.91234870183682],[81.71599924511595,29.90943152041917],[81.71078306064524,29.91431567507638],[81.70965142710762,29.926880036785086],[81.69748282563407,29.931500932968756],[81.69793577020762,29.941487809382856],[81.6877897767137,29.949085516138297],[81.66514666840023,29.940295036554343],[81.65306709338621,29.942863504097847],[81.6456280192935,29.948164339012518],[81.62661899196688,29.93837500438551],[81.61865089549462,29.938509634191906],[81.612895913787,29.943239108216854],[81.60263224433683,29.93016426543792],[81.59103389073931,29.930665623538353],[81.58490205977121,29.936861581118357],[81.57021907354476,29.933470576211043],[81.54937374476468,29.923168203915868],[81.53491952582812,29.92758521722412],[81.51688621270937,29.92278530102276],[81.51200068854766,29.916152986561368],[81.51694053214722,29.904344419453732],[81.50399263936062,29.892884827044917],[81.49273766090126,29.887171338993443],[81.47985490511472,29.89205683035452],[81.47069164062671,29.889834354068523],[81.45643271067381,29.901193464728134],[81.46269231196038,29.92096799375855],[81.45903318500633,29.931838604448373],[81.4547854668024,29.934758396449325],[81.45860555237864,29.942637078229556],[81.4528761011011,29.949037584272357],[81.4686905430187,29.963699161139267],[81.47005302900287,29.975113724379337],[81.46068874976666,29.985817337201794],[81.46315448773788,29.995556761373056],[81.45451386627283,30.002432182724597],[81.44453528975448,30.003012055564664],[81.44027168103992,30.006946377041523],[81.42135969804758,30.011636491102987],[81.41264139887363,30.01862889940622],[81.40133944070713,30.022827350410637],[81.39955220714951,30.018105461268604],[81.39023457216616,30.016883888926454],[81.38367216304187,30.013301203019928],[81.38195069537248,30.00721650472685],[81.37661656714614,30.006467255207767],[81.374816878289,30.009939027602446],[81.3570508107573,30.01055454472287],[81.34646180895527,30.018785936184237],[81.31866151414589,30.02560004515009],[81.31462038201322,30.032705443569295],[81.30685766624457,30.031047934053447],[81.29104889820402,30.03498585069328],[81.28466904311227,30.03754621135747],[81.281368330097,30.04347841765578],[81.27196915523197,30.04526643634044],[81.23742352011897,30.031834375074386],[81.25326842110468,30.023637798355203],[81.25365687367797,30.01969673969001],[81.24540471967694,30.01121155771629],[81.23995463390105,30.01256585828736],[81.23172141483187,30.007699773020434],[81.2174724442731,30.007311308333602],[81.20729254850527,30.02075908731582],[81.19496277021022,30.022895785093592],[81.18402592431909,30.01079297405643],[81.17804504704692,30.015068490279265],[81.16313136751035,30.010479853432],[81.14920170312232,30.01161287484868],[81.14255721737848,30.016645436787506],[81.13335993185636,30.016046122710943],[81.1238902237465,30.02030015735653],[81.11817070671358,30.034230699352445],[81.11077220079375,30.035653593428105],[81.10666024089832,30.044374400000137],[81.09091217717113,30.054222323057594],[81.09892014298158,30.064677373898146],[81.10083564034035,30.074811939144162],[81.10722964541654,30.07781342448417],[81.10811565800545,30.0880254067549],[81.0983291741784,30.100014015192386],[81.08123601971207,30.100526430285097],[81.08453259472302,30.11687179786359],[81.07828307097121,30.12465472737829],[81.08285124848125,30.135753172122914],[81.08316367621423,30.14818949488121],[81.07739591806292,30.154882596798636],[81.0641177442987,30.1587758659222],[81.0615986220342,30.16779203882514],[81.05697690997694,30.169889404047062],[81.05172716471,30.1789448502648],[81.0439032773841,30.18058521690796],[81.04249955806277,30.193594962793295],[81.03358579132636,30.197018957709613],[81.03411208098711,30.201322180786992],[81.04339367855837,30.204709293664255],[81.04513946971608,30.210056308547678],[81.02905258240612,30.21984029292869],[81.02942792857263,30.225711114917598],[81.02581202976728,30.227024442707883],[81.0288830656641,30.232964543388338],[80.98872374517185,30.246722959697298],[80.97619231416765,30.237895885229673],[80.92749469992985,30.235785014374397],[80.8972654035488,30.212261170556793],[80.88400191750108,30.194324078918317],[80.88546913155253,30.188226739464174],[80.88014723589082,30.181239209727817],[80.86821122878712,30.175663648333064],[80.86315409341519,30.16954622638561],[80.8713963544666,30.160920840448462],[80.87757411841568,30.12849812424485],[80.84499919990753,30.11602270314071],[80.84189653643661,30.110411945054484],[80.84617376112656,30.106612110930588],[80.84530170452771,30.102316695583855],[80.83715466108751,30.097446365248413],[80.82258025387084,30.099888196119483],[80.81548635548279,30.096348629162975],[80.78989402939594,30.073094884078227],[80.77951098925831,30.056651374262575],[80.76127499971663,30.04949682151466],[80.75576605114765,30.039598752717172],[80.75759587628825,30.02389282850083],[80.74702882199715,30.005935210712636],[80.73814759207852,29.999512269060403],[80.71964069188375,30.000306458583147],[80.71239417356634,29.99017051519443],[80.69010326361823,29.97416693882062],[80.68269384712504,29.962941846741803],[80.67417199268613,29.957176348832174],[80.64867902722621,29.955910897174743],[80.63032702816395,29.96516003869772],[80.60301696808051,29.95839533803974],[80.59051704225297,29.948421689271537],[80.57433456092588,29.923463228676148],[80.56978030189946,29.909004354722647],[80.57272274791974,29.8952554449684],[80.5660066872167,29.879212756672004],[80.5569780093264,29.870614146890155],[80.56165855875084,29.8664029163766],[80.5516116050659,29.85651041646198],[80.55278741836077,29.850399759102228],[80.53898368481332,29.84715170789598],[80.5359126227286,29.83866703653017],[80.53126926962041,29.838215333560917],[80.52184212560022,29.827043837689416],[80.50735055970624,29.82309984338344],[80.49747817008773,29.811579937170105],[80.50036144485145,29.808708306889365],[80.49279609513324,29.80204378236002],[80.49378356008191,29.795844944636276],[80.47964769678688,29.79569984544676],[80.46403086441383,29.802273091852996],[80.44424520415238,29.799128458500725],[80.43483007619197,29.80601512706928],[80.42901206763644,29.798102680935617],[80.41605314112556,29.79570712335427],[80.41321684412068,29.791848953938874],[80.40697541165821,29.794451004721815],[80.40721379753433,29.784006871950545],[80.39644539736894,29.765102156125835],[80.39762320493999,29.759286096313474],[80.3852522952652,29.75853901536326],[80.38587302748401,29.75041979175455],[80.36883017676755,29.75099146594856],[80.36587663514486,29.74777223463716],[80.36426836098519,29.739775535105597],[80.36976606500524,29.734427045685454],[80.36614940357316,29.724850844968937],[80.37545282142383,29.72027576676206],[80.37210929933114,29.71530913394305],[80.37996288452027,29.701034892767737],[80.38046957689566,29.688559705282696],[80.38533008983524,29.685086280302514],[80.38459142472145,29.67440515662679],[80.39016852387346,29.67107472781168],[80.39096108754798,29.664169639552075],[80.3990470036827,29.662399843809084],[80.3981981142965,29.65885485565047],[80.40575730608053,29.660007652134382],[80.41014361693301,29.653704988775925],[80.41460587375099,29.653984142020363],[80.41662551940622,29.65096838988482],[80.4141200332087,29.644348548048143],[80.42032007615788,29.639142928067706],[80.42102837884015,29.629790008797254],[80.41074774396454,29.62501258351701],[80.40579724444429,29.61284661075403],[80.40902105582282,29.60475229002489],[80.40807652243723,29.595391974871742],[80.39153014270714,29.581625948385618],[80.38802178214534,29.571771024509474],[80.37919356283838,29.57149550497072],[80.3789167616692,29.561341898620903],[80.36372743047667,29.564082704929547],[80.36411274608882,29.55662991252524],[80.3427769869293,29.55293294153378],[80.34574371074154,29.548616884164122],[80.34191986661386,29.540335869800977],[80.34864275335744,29.540490812736746],[80.35807852100656,29.532545239528343],[80.34859333231417,29.524155729486075],[80.34973444543813,29.51892836082013],[80.3413623623659,29.509979917036727],[80.33240598296604,29.512935154578656],[80.32879516292394,29.505356264288896],[80.31394498924496,29.499070926974884],[80.31314795312966,29.4845386639165],[80.30458885533649,29.486023482439208],[80.29916540206808,29.490605360543498],[80.29311710524996,29.47890308003851],[80.28672389098875,29.476895316462357],[80.30258408604578,29.453119875929406],[80.28056964435442,29.450936566747707],[80.2805727258555,29.457624435812267],[80.27629704727855,29.45856429668506],[80.26926125653496,29.455061354575875],[80.27436670500914,29.44954506140807],[80.26699491979835,29.448559627754342],[80.25821819907355,29.451813153350216],[80.25572053871292,29.448073038234583],[80.24304353365686,29.44379491475403],[80.24755661892179,29.43472151285836],[80.2440739598826,29.423487029818066],[80.24604655427558,29.41611793647699],[80.24173096812473,29.41161612132912],[80.27474010154427,29.39304233145642],[80.27301688290939,29.386214267429498],[80.27900661742395,29.37857774611376],[80.27138630251224,29.373693553003285],[80.2712091579122,29.364539288589405],[80.27942448403007,29.359465990188664],[80.28022276761583,29.346279491165674],[80.29060549355313,29.33673514081821],[80.2909780988956,29.330692089480333],[80.29628990907888,29.32424882205352],[80.30848738324406,29.322846413588124],[80.31700402831449,29.31479702288049],[80.31803877880857,29.301669959191038],[80.30437809515466,29.28531608458597],[80.30408782932655,29.27285887851624],[80.29925937045456,29.26058772536235],[80.30043755825804,29.242144974599455],[80.29078004548909,29.23161203678965],[80.29613890753596,29.221431246425556],[80.29410521999223,29.211211370168073],[80.29736974249242,29.20511573336925],[80.29335116325352,29.19730573162031],[80.2873255219065,29.195225667181937],[80.27508476359104,29.207096904824965],[80.26090240002696,29.206746393598742],[80.25610173566945,29.219471014633754],[80.24840620381566,29.22104302505346],[80.24089058263137,29.2024907434405],[80.25801322058612,29.187381368019366],[80.26072766990376,29.174701467357586],[80.25844143242736,29.165812775616796],[80.27193319293409,29.146724855041928],[80.27175078903956,29.142122285310908],[80.25417388434471,29.137992464169276],[80.24890474428528,29.12900805763045],[80.23337853163584,29.118503360145674],[80.20980683189984,29.121880826529885],[80.2035293263679,29.129375360062685],[80.18355525567617,29.137127458373513],[80.17819711958214,29.128570574215434],[80.16787501366137,29.125791088576715],[80.16401748927828,29.1170061185757],[80.14447419055796,29.103042138412125],[80.12859769069512,29.061099703425295],[80.13658194390602,29.058927188136927],[80.1265439794872,29.0317513717275],[80.13145564042098,29.030432053143745],[80.12467270639259,29.01310047530062],[80.13637953251964,29.009623564742423],[80.13569109863379,29.007320584771737],[80.12690956895503,29.006068286395216],[80.1180413386933,28.981718967091698],[80.10034931041672,28.986498873936853],[80.09616530228753,28.97533449846472],[80.05858451523449,28.916451519912687],[80.06484996641596,28.837401124203957],[80.07508651224813,28.82441108414387],[80.11821786778683,28.828848106718098],[80.13856700024607,28.8139066802035],[80.17104329011916,28.782409755863856],[80.2161556033059,28.755433742814564],[80.23359010372141,28.759341519814758],[80.24156843665021,28.75620584353584],[80.25155855622164,28.75743453397396],[80.26517084598495,28.74358411341189],[80.26310357975733,28.734342077744746],[80.25629976985762,28.729434643378855],[80.27767189892553,28.710026270576144],[80.29374974841564,28.71137670856465],[80.29901066742383,28.706475040294507],[80.3173787012793,28.699891684497928],[80.32200376150732,28.691475836821088],[80.32133206885638,28.68133246386053],[80.32599759728025,28.666406224080912],[80.36045653268252,28.645429151090276],[80.35728316122457,28.64073323868353],[80.3608243821729,28.635572824878334],[80.36765826753181,28.635297994247257],[80.37139216501325,28.629170421897],[80.37643567703863,28.628385991675692],[80.41849403742243,28.639083242271003],[80.43774809590151,28.63538587877995],[80.44266971822556,28.628546012066664],[80.45169104976817,28.628686607262225],[80.46439834211029,28.614994471952556],[80.4603665325543,28.613843781215778],[80.47181145975222,28.59028980058626],[80.46831329138618,28.583445270692785],[80.4811765106523,28.585423864488607],[80.49985358386049,28.569761233156836],[80.50649601718705,28.56812521576655],[80.51769174299139,28.551873112850974],[80.52300881481027,28.55304469124288],[80.53077840032337,28.572323864752427],[80.52158382444708,28.577263794748703],[80.50358592351554,28.66527200193927],[80.50621116411588,28.671049931477704],[80.53990139805003,28.690695566011495],[80.56794155691173,28.688146327968767],[80.59046024424998,28.679786066931747],[80.58023710981122,28.66133978863376],[80.59764307286345,28.65601680756141],[80.5897703967761,28.64779522802915],[80.60629963729,28.65242368387407],[80.61162249042485,28.639357089855583],[80.63332275614594,28.63737597447611],[80.64156154255967,28.643328769407628],[80.65128311516382,28.63397400863963],[80.66765951283557,28.64194927694241],[80.67080779546897,28.628401077254235],[80.67960815797532,28.62052191783095],[80.67744076665983,28.604404892505542],[80.69576672637494,28.603432080297416],[80.69032390828856,28.587136343424987],[80.71467595809693,28.567944238134665],[80.72457294282448,28.57486108966129],[80.73880558521996,28.565939904847532],[80.73845500277156,28.574274938000872],[80.76802036733211,28.56567941084951],[80.7695818419757,28.549766221182786],[80.7895851599061,28.54343236823015],[80.78459712105008,28.529342742559706],[80.78905140477191,28.524427190917983],[80.81552205494256,28.520720795683435],[80.83004622197498,28.51180386510643],[80.84359250792153,28.49977989727901],[80.84441752555053,28.495530552218188],[80.85534282830734,28.497171409561815],[80.86560361662407,28.489626673272614],[80.86162149122872,28.50420764474271],[80.87589627656078,28.50982304811157],[80.89616290144617,28.505713804945877],[80.89981411195818,28.500559389710745],[80.90866970578018,28.49763733310261],[80.90703236555171,28.489740234499926],[80.90148018196774,28.485759034999546],[80.90577066311447,28.465848374775607],[80.91570056871107,28.45770618982424],[80.9145327540314,28.467875544282315],[80.91962206531458,28.463815546856626],[80.91764452181546,28.45980770662831],[80.93064185360282,28.457680814031555],[80.93244008684007,28.463118643349226],[80.94260280976161,28.46850389460935],[80.94530541754875,28.4661903307222],[80.93233698309788,28.45866293073134],[80.95165372251041,28.455654949005368],[80.95180282946455,28.44759882358848],[80.9641378735699,28.44965109728149],[80.96710585385448,28.45705607264055],[80.97989458423858,28.455321390642187],[80.96490622110993,28.444791808736703],[80.96814487290358,28.44294720689165],[80.96536983065319,28.43780052423822],[80.97915482727441,28.43441482157488],[80.97791180415621,28.44255661274699],[80.98924040682073,28.44171195713475],[80.99976609530299,28.45406856572656],[81.01751928766292,28.45170088036936],[81.01304991861285,28.43828938134874],[81.01926736710446,28.431748441179142],[81.02963997638963,28.43861843245868],[81.03382807616612,28.42798934437981],[81.01680495327976,28.415832573959385],[81.03238273580814,28.398817094780608],[81.03488591477101,28.413428770915868],[81.04600102310853,28.41006853238131],[81.06738618422014,28.394511115266123],[81.06711482765904,28.399630137352908],[81.05956724879519,28.409950461756296],[81.06859945827053,28.425857911934468],[81.08586772973919,28.438423086573472],[81.09063984860333,28.45697342537534],[81.1090082856968,28.46147648690612],[81.11483794240998,28.472580216635418],[81.14730875184704,28.49823792954006],[81.15322257717052,28.502003405315126],[81.16017389199328,28.501465167539926],[81.168115323107,28.52422752976757],[81.19969267523862,28.554545674962117],[81.23245966767813,28.577576513589687],[81.24894559387228,28.594462341297703],[81.25963054267928,28.61213796106671],[81.26879476842373,28.61786373260959],[81.27070787962496,28.62962466425029],[81.28774331791801,28.648645425681217]]]}}]}